cre_key,index,item,flags_hex,undroppable,charges1,charges2,charges3
BDFISTCC,0,HELM09,0x00000000,0,0,0,0
BDFISTCC,1,PLAT01,0x00000000,0,0,0,0
BDFISTCC,2,SHLD01A,0x00000000,0,0,0,0
BDFISTCC,3,SW1H04,0x00000000,0,0,0,0
BDFISTCC,4,UNIFLAM,0x0000000A,1,0,0,0
BDFISTCC,5,POTN08,0x00000000,0,0,0,0
BDFISTCC,6,RNDPTN01,0x00000000,0,0,0,0
BDFISTCL,0,HELM09,0x00000000,0,0,0,0
BDFISTCL,1,PLAT01,0x00000000,0,0,0,0
BDFISTCL,2,SHLD01A,0x00000000,0,0,0,0
BDFISTCL,3,SW1H04,0x00000000,0,0,0,0
BDFISTCL,4,UNIFLAM,0x0000000A,1,0,0,0
BDFISTCL,5,POTN08,0x00000000,0,0,0,0
BDFISTCL,6,RNDPTN01,0x00000000,0,0,0,0
BDSCHAEL,0,HELM13,0x00000001,0,0,0,0
BDSCHAEL,1,BDCHAN05,0x00000003,0,0,0,0
BDSCHAEL,2,MINHP1,0x0000000A,1,0,0,0
BDSCHAEL,3,SW1H04,0x00000002,0,0,0,0
BDSCHAEL,4,BDBOW06,0x00000003,0,0,0,0
BDSCHAEL,5,AROW11,0x00000003,0,80,0,0
BDSCHAEL,6,AROW11,0x00000003,0,80,0,0
BDSCHAEL,7,POTN52,0x00000003,0,1,0,0
BDSCHAEL,8,POTN17,0x00000003,0,1,0,0
BDSCHAEL,9,POTN09,0x00000003,0,1,0,0
BDSCHAEL,10,AROW11,0x00000003,0,80,0,0
BDSCHAEL,11,DW#HASPT,0x00000000,0,0,0,0
BDSCHAEL,12,DW#RND11,0x00000000,0,0,0,0
BDDOG,0,P1-3,0x00000000,0,0,0,0
BDNOREST,0,MAGE01,0x00000000,0,0,0,0
BDNOREST,1,IMOENHP1,0x00000000,0,0,0,0
BDFFVIDA,0,HELM09,0x00000000,0,0,0,0
BDFFVIDA,1,PLAT01,0x00000000,0,0,0,0
BDFFVIDA,2,HALB01,0x00000000,0,0,0,0
BDFFVIDA,3,UNIFLAM,0x00000000,0,0,0,0
BDBGUARD,0,SW2H02,0x00000000,0,0,0,0
BDBGUARD,1,POTN08,0x00000000,0,0,0,0
BDBGUARD,2,CHAN04,0x00000000,0,0,0,0
BDBGUARD,3,POTN09,0x00000000,0,1,0,0
BDBGUARD,4,HELM01,0x00000000,0,0,0,0
BDBGUARD,5,DW#HASPT,0x00000000,0,0,0,0
BDBGUARD,6,DW#RND12,0x00000000,0,0,0,0
CAT,0,B1-2,0x00000000,0,0,0,0
BDFISTXX,0,HELM09,0x00000000,0,0,0,0
BDFISTXX,1,PLAT01,0x00000000,0,0,0,0
BDFISTXX,2,SHLD05A,0x00000000,0,0,0,0
BDFISTXX,3,SW1H04,0x00000000,0,0,0,0
BDFISTXX,4,UNIFLAM,0x00000000,0,0,0,0
BDKIERAN,0,RING10,0x00000000,0,0,0,0
BDBELT,0,CHAN02,0x00000000,0,0,0,0
BDBELT,1,SHLD04A,0x00000000,0,0,0,0
BDBELT,2,SW1H02,0x00000000,0,0,999,0
BDBELT,3,RING19,0x00000000,0,0,0,0
BDBELT,4,MINHP1,0x00000000,0,0,0,0
BDBELT,5,DW#RND08,0x00000000,0,0,0,0
BDBELT,6,DW#RND16,0x00000000,0,0,0,0
BDBELT,7,DW#RND30,0x00000000,0,0,0,0
BDENTAR,0,PLAT04,0x00000000,0,0,0,0
BDENTAR,1,SHLD03A,0x00000000,0,0,0,0
BDENTAR,2,SW1H05,0x00000000,0,0,0,0
BDENTAR,3,POTN07,0x00000000,0,0,0,0
BDENTAR,4,MISC42,0x00000000,0,0,0,0
BDENTAR,5,MINHP1,0x00000000,0,0,0,0
BDENTAR,6,DW#RND08,0x00000000,0,0,0,0
BDENTAR,7,DW#RND16,0x00000000,0,0,0,0
BDENTAR,8,DW#RND30,0x00000000,0,0,0,0
BDBENCE,0,HELM09,0x00000000,0,0,0,0
BDBENCE,1,PLAT04,0x00000000,0,0,0,0
BDBENCE,2,SHLD06A,0x00000000,0,0,0,0
BDBENCE,3,BDRING06,0x00000000,0,0,0,0
BDBENCE,4,MINHP1,0x0000000A,1,0,0,0
BDBENCE,5,SW1H02,0x00000000,0,0,999,0
BDBENCE,6,UNIFLAM,0x00000000,0,0,0,0
BDBENCE,7,POTN52,0x00000000,0,2,0,0
BDBENCE,8,DW#HASPT,0x00000000,0,0,0,0
BDBENCE,9,DW#RND12,0x00000000,0,0,0,0
BDBENCE,10,DW#RND26,0x00000000,0,0,0,0
BDGU1697,0,HELM15_,0x00000000,0,0,0,0
BDGU1697,1,CHAN04,0x00000000,0,0,0,0
BDGU1697,2,HALB01,0x00000000,0,0,0,0
CUTSPY,0,MAGE01,0x00000000,0,0,0,0
CUTSPY,1,IMOENHP1,0x00000000,0,0,0,0
BDFF1697,0,HELM09,0x00000000,0,0,0,0
BDFF1697,1,PLAT01,0x00000000,0,0,0,0
BDFF1697,2,SHLD01A,0x00000000,0,0,0,0
BDFF1697,3,SW1H04,0x00000000,0,0,0,0
BDFF1697,4,UNIFLAM,0x00000000,0,0,0,0
BDDIRLA,0,LEAT04,0x00000000,0,0,0,0
BDDIRLA,1,BRAC05,0x00000000,0,0,0,0
BDDIRLA,2,BLUN01,0x00000000,0,0,0,0
BDDIRLA,3,SW1H07,0x00000000,0,0,0,0
BDDIRLA,4,HELM01,0x00000000,0,0,0,0
BDGOLT,0,LEAT01,0x00000000,0,0,0,0
BDGOLT,1,DART01,0x00000000,0,20,0,0
BDGOLT,2,SW1H07,0x00000000,0,0,0,0
BDGOLT,3,POTN08,0x00000000,0,0,0,0
BDGOLT,4,RNDTRE09,0x00000000,0,0,0,0
BDGOLT,5,DW#HASPT,0x00000000,0,0,0,0
BDGOLT,6,DW#RND18,0x00000000,0,0,0,0
BDGOLT,7,DW#RND37,0x00000000,0,0,0,0
BDLLUIS,0,CHAN01,0x00000000,0,0,0,0
BDLLUIS,1,SW1H04,0x00000000,0,0,0,0
BDLLUIS,2,POTN08,0x00000000,0,3,0,0
BDLLUIS,3,HELM01,0x00000000,0,0,0,0
BDLLUIS,4,DW#HASPT,0x00000000,0,0,0,0
BDLLUIS,5,DW#RND12,0x00000000,0,0,0,0
BDLLUIS,6,DW#RND26,0x00000000,0,0,0,0
BDASERY,0,HELM01,0x00000000,0,0,0,0
BDASERY,1,CHAN04,0x00000000,0,0,0,0
BDASERY,2,HAMM01,0x00000001,0,0,0,0
BDASERY,3,POTN08,0x00000000,0,2,0,0
BDASERY,4,POTN09,0x00000000,0,1,0,0
BDASERY,5,DW#HASPT,0x00000000,0,0,0,0
BDASERY,6,DW#RND12,0x00000000,0,0,0,0
BDRIGGS,0,HELM09,0x00000000,0,0,0,0
BDRIGGS,1,PLAT01,0x00000000,0,0,0,0
BDRIGGS,2,SHLD05A,0x00000000,0,0,0,0
BDRIGGS,3,SW1H04,0x00000000,0,0,0,0
BDRIGGS,4,UNIFLAM,0x00000000,0,0,0,0
BDURE1A,0,LEAT04,0x00000000,0,0,0,0
BDURE1A,1,HALB01,0x00000000,0,0,0,0
BDURE1A,2,RNDGEM02,0x00000000,0,0,0,0
BDURE1B,0,LEAT01,0x00000000,0,0,0,0
BDURE1B,1,BOW01,0x00000000,0,0,0,0
BDURE1B,2,SPER01,0x00000000,0,0,0,0
BDURE1B,3,AROW01,0x00000000,0,40,0,0
BDURE1B,4,AROW01,0x00000000,0,40,0,0
BDURE1B,5,AROW08,0x00000000,0,40,0,0
BDURE1B,6,RNDTRI02,0x00000000,0,0,0,0
BDURE1C,0,LEAT10,0x00000002,0,0,0,0
BDURE1C,1,STAF01,0x00000002,0,0,0,0
BDURE1C,2,SLNG01,0x00000002,0,0,0,0
BDURE1C,3,BULL01,0x00000000,0,40,0,0
BDURE1C,4,RNDGEM02,0x00000000,0,0,0,0
TROLL01,0,TROLL01,0x00000000,0,0,0,0
TROLL01,1,TROLLBOO,0x00000000,0,0,0,0
TROLL01,2,TROLLIMM,0x00000000,0,0,0,0
TROLL01,3,TROLLREG,0x00000000,0,0,0,0
BDORC1D,0,HELM01,0x00000000,0,0,0,0
BDORC1D,1,LEAT04,0x00000000,0,0,0,0
BDORC1D,2,SHLD01A,0x00000000,0,0,0,0
BDORC1D,3,DAGG01,0x00000000,0,0,0,0
BDORC2D,0,HELM01,0x00000000,0,0,0,0
BDORC2D,1,LEAT04,0x00000000,0,0,0,0
BDORC2D,2,SHLD01A,0x00000000,0,0,0,0
BDORC2D,3,DAGG01,0x00000000,0,0,0,0
BDTROL1D,0,HELM01,0x00000000,0,0,0,0
BDTROL1D,1,LEAT04,0x00000000,0,0,0,0
BDTROL1D,2,SHLD01A,0x00000000,0,0,0,0
BDTROL1D,3,DAGG01,0x00000000,0,0,0,0
BDTROL2D,0,HELM01,0x00000000,0,0,0,0
BDTROL2D,1,LEAT04,0x00000000,0,0,0,0
BDTROL2D,2,SHLD01A,0x00000000,0,0,0,0
BDTROL2D,3,DAGG01,0x00000000,0,0,0,0
BDBEETBM,0,S1-12,0x00000000,0,0,0,0
BDWOLF02,0,P1-4,0x00000000,0,0,0,0
ORC01_,0,LEAT04,0x00000000,0,0,0,0
ORC01_,1,HALB01,0x00000000,0,0,0,0
TROLLSM,0,TROLL01,0x00000000,0,0,0,0
TROLLSM,1,TROLLBOO,0x00000000,0,0,0,0
TROLLSM,2,TROLLIMM,0x00000000,0,0,0,0
TROLLSM,3,TROLLREG,0x00000000,0,0,0,0
TROLFR01,0,TROLL01,0x00000000,0,0,0,0
TROLFR01,1,TROLLBOO,0x00000000,0,0,0,0
TROLFR01,2,TROLLIMM,0x00000000,0,0,0,0
TROLFR01,3,TROLLREG,0x00000000,0,0,0,0
CORPSE1,0,LEAT04,0x00000000,0,0,0,0
CORPSE1,1,SHLD01A,0x00000000,0,0,0,0
CORPSE1,2,HELM01,0x00000000,0,0,0,0
CORPSE1,3,DAGG01,0x00000000,0,0,0,0
SKELDED,0,RNDMAG03,0x00000000,0,0,0,0
BDDEADOG,0,P1-4,0x00000000,0,0,0,0
TROLLGI,0,TROLL01,0x00000000,0,0,0,0
TROLLGI,1,TROLLBOO,0x00000000,0,0,0,0
TROLLGI,2,TROLLIMM,0x00000000,0,0,0,0
TROLLGI,3,TROLLREG,0x00000000,0,0,0,0
CORPSE2,0,STAF01,0x00000000,0,0,0,0
CORPSE2,1,CLCK09,0x00000000,0,0,0,0
CORPSE2,2,DART01,0x00000000,0,10,0,0
DEAD2,0,LEAT04,0x00000000,0,0,0,0
DEAD2,1,SW1H04,0x00000000,0,0,0,0
DEAD2,2,BOW03,0x00000000,0,0,0,0
DEAD2,3,AROW01,0x00000000,0,20,0,0
BDURE2A,0,BDSW1H21,0x00000002,0,1,0,0
BDURE2A,1,LEAT08,0x00000002,0,0,0,0
BDURE2A,2,POTN52,0x00000002,0,1,0,0
BDURE2A,3,BDURE2A,0x00000002,0,0,0,0
BDURE2A,4,DW#HASPT,0x00000000,0,0,0,0
BDURE2A,5,DW#RND20,0x00000000,0,0,0,0
BDURE2A,6,DW#RND42,0x00000000,0,0,0,0
BDURE2B,0,AX1H01,0x00000000,0,1,999,0
BDURE2B,1,AX1H02,0x00000002,0,1,999,0
BDURE2B,2,BDHELMJ3,0x00000002,0,0,0,0
BDURE2B,3,CHAN04,0x00000002,0,0,0,0
BDURE2B,4,POTN52,0x00000002,0,2,0,0
BDURE2B,5,POTN08,0x00000002,0,2,0,0
BDURE2B,6,DW#HASPT,0x00000000,0,0,0,0
BDURE2B,7,DW#RND11,0x00000000,0,0,0,0
BDURE2C,0,SW1H43,0x00000002,0,0,999,0
BDURE2C,1,POTN52,0x00000002,0,2,0,0
BDURE2C,2,POTN08,0x00000002,0,2,0,0
BDURE2C,3,DW#HASPT,0x00000000,0,0,0,0
BDURE2C,4,DW#RND11,0x00000000,0,0,0,0
BDURE2C,5,DW#RND26,0x00000000,0,0,0,0
BDURE2D,0,BDHELM08,0x00000002,0,0,0,0
BDURE2D,1,PLAT01,0x00000002,0,0,0,0
BDURE2D,2,XBOW01,0x00000002,0,0,0,0
BDURE2D,3,SPER01,0x00000002,0,0,0,0
BDURE2D,4,BOLT04,0x00000002,0,20,0,0
BDURE2D,5,BOLT03,0x00000002,0,20,0,0
BDURE2D,6,BOLT02,0x00000002,0,80,0,0
BDURE2D,7,POTN08,0x00000002,0,1,0,0
BDURE2E,0,LEAT04,0x00000002,0,0,0,0
BDURE2E,1,BOW03,0x00000002,0,0,0,0
BDURE2E,2,HALB01,0x00000002,0,0,0,0
BDURE2E,3,AROW05,0x00000002,0,20,0,0
BDURE2E,4,AROW10,0x00000002,0,20,0,0
BDURE2E,5,AROW02,0x00000002,0,80,0,0
BDURE2E,6,POTN08,0x00000002,0,1,0,0
BDURE4A,0,BDIMMGAS,0x0000000A,1,0,0,0
BDURE4A,1,BDDRGGRY,0x0000000A,1,0,0,0
BDURE4B,0,BDGIANHI,0x0000000A,1,0,0,0
BDURE4B,1,RNDGEM02,0x00000000,0,0,0,0
BDURE4B,2,DW#RND06,0x00000000,0,0,0,0
BDURE4B,3,DW#RND20,0x00000000,0,0,0,0
BDURE4C,0,BDGIANHI,0x0000000A,1,0,0,0
BDURE4C,1,RNDTRI02,0x00000000,0,0,0,0
BDURE4C,2,DW#RND06,0x00000000,0,0,0,0
BDURE4C,3,DW#RND20,0x00000000,0,0,0,0
BDGIANHI,0,BDGIANHI,0x0000000A,1,0,0,0
BDGIANHI,1,DW#RND06,0x00000000,0,0,0,0
BDGIANHI,2,DW#RND20,0x00000000,0,0,0,0
BDGOB03,0,HELMNOAN,0x0000000A,1,0,0,0
BDGOB03,1,BLUN06,0x00000002,0,0,0,0
BDGOB03,2,POTN08,0x00000002,0,2,0,0
BDGOB03,3,POTN44,0x00000002,0,1,0,0
BDGOB03,4,RNDTRI02,0x00000000,0,0,0,0
BDGOB04,0,STAF01,0x00000000,0,0,0,0
BDGOB04,1,RNDTRI03,0x00000000,0,0,0,0
BDGOB02,0,SHLD01A,0x00000002,0,0,0,0
BDGOB02,1,AX1H01,0x00000002,0,0,999,0
BDGOB02,2,0,0x00000002,0,0,0,0
BDGOB01,0,BOW05,0x00000002,0,0,0,0
BDGOB01,1,DAGG01,0x00000002,0,0,0,0
BDGOB01,2,AROW01,0x00000002,0,40,0,0
BDGOB01,3,AROW01,0x00000002,0,40,0,0
BDGOB01,4,AROW01,0x00000000,0,40,0,0
BDGOB01,5,0,0x00000002,0,0,0,0
ANKHEG,0,MISC12,0x00000000,0,0,0,0
ANKHEG,1,RNDTRE08,0x00000000,0,0,0,0
ANKHEG,2,ANKHEG1,0x00000000,0,0,0,0
ANKHEG,3,ANKHEG2,0x00000000,0,0,0,0
BDSNAKEH,0,BDSNAKEH,0x0000000A,1,0,0,0
BDGOB07,0,HELMNOAN,0x0000000A,1,0,0,0
BDGOB07,1,BOW05,0x00000002,0,0,0,0
BDGOB07,2,DAGG01,0x00000002,0,0,0,0
BDGOB07,3,RNDARO01,0x00000002,0,3,0,0
BDGOB07,4,AROW01,0x00000002,0,40,0,0
BDGOB07,5,AROW01,0x00000000,0,40,0,0
BDGOB07,6,0,0x00000002,0,0,0,0
BDGOB08,0,HELMNOAN,0x0000000A,1,0,0,0
BDGOB08,1,SHLD01A,0x00000002,0,0,0,0
BDGOB08,2,AX1H01,0x00000002,0,0,999,0
BDGOB08,3,0,0x00000002,0,0,0,0
BDGOB05,0,HELMNOAN,0x0000000A,1,0,0,0
BDGOB05,1,SPER01,0x00000002,0,0,0,0
BDGOB05,2,POTN08,0x00000002,0,2,0,0
BDMYCRD,0,BDPLANT,0x0000000A,1,0,0,0
BDMYCRD,1,IPSION,0x0000000A,1,0,0,0
BDMYCRD,2,B5-20M1,0x0000000A,1,0,0,0
BDMYCBL,0,BDPLANT,0x0000000A,1,0,0,0
BDMYCBL,1,IPSION,0x0000000A,1,0,0,0
BDMYCBL,2,B6-24M2,0x00000000,0,0,0,0
BDSHRIE2,0,BDPLANT,0x0000000A,1,0,0,0
BDSHRIE2,1,IPSION,0x0000000A,1,0,0,0
BDBEETBH,0,S5-20,0x00000000,0,0,0,0
BDGASS5,0,SHLD09A,0x0000000A,1,0,0,0
BDGASS5,1,SW1H20,0x0000000A,1,0,0,0
BDGASS5,2,DART01,0x0000000A,1,80,0,0
BDFFDEAD,0,HELM09,0x00000000,0,0,0,0
BDFFDEAD,1,PLAT01,0x00000000,0,0,0,0
BDFFDEAD,2,SHLD05A,0x00000000,0,0,0,0
BDFFDEAD,3,SW1H04,0x00000000,0,0,0,0
BDFFDEAD,4,UNIFLAM,0x00000000,0,0,0,0
BDPATRES,0,WAND08,0x00000000,0,4,0,0
BDPATRES,1,STAF02,0x00000000,0,0,0,0
BDPATRES,2,MINHP1,0x00000000,0,0,0,0
BDPATRES,3,CLCK13,0x00000000,0,0,0,0
BDPATRES,4,DW#RND06,0x00000000,0,0,0,0
BDPFAUG,0,HELM01,0x00000000,0,0,0,0
BDPFAUG,1,PLAT01,0x00000000,0,0,0,0
BDPFAUG,2,SHLD15A,0x00000000,0,0,0,0
BDPFAUG,3,MINHP1,0x00000000,0,0,0,0
BDPFAUG,4,AX1H02,0x00000000,0,1,999,0
BDPFAUG,5,DW#RND04,0x00000000,0,0,0,0
BDPFAUG,6,DW#RND11,0x00000000,0,0,0,0
BDPFAUG,7,DW#RND26,0x00000000,0,0,0,0
BDRAYPHU,0,PLAT14,0x00000000,0,0,0,0
BDRAYPHU,1,SHLD02A,0x00000000,0,0,0,0
BDRAYPHU,2,SW1H02,0x00000000,0,0,999,0
BDFISTX1,0,HELM09,0x00000000,0,0,0,0
BDFISTX1,1,PLAT01,0x00000000,0,0,0,0
BDFISTX1,2,SHLD05A,0x00000000,0,0,0,0
BDFISTX1,3,SW1H05,0x00000000,0,0,0,0
BDFISTX1,4,POTN52,0x00000000,0,1,0,0
BDFISTX1,5,UNIFLAM,0x00000000,0,0,0,0
BDFISTX1,6,DW#HASPT,0x00000000,0,0,0,0
BDFISTX1,7,DW#RND12,0x00000000,0,0,0,0
BDFISTX1,8,DW#RND26,0x00000000,0,0,0,0
BDFISTX2,0,HELM09,0x00000008,1,0,0,0
BDFISTX2,1,PLAT01,0x00000008,1,0,0,0
BDFISTX2,2,SHLD05A,0x00000008,1,0,0,0
BDFISTX2,3,SW1H05,0x00000008,1,0,0,0
BDFISTX2,4,UNIFLAM,0x00000000,0,0,0,0
BDFISTX2,5,POTN52,0x00000000,0,1,0,0
BDFISTX2,6,DW#HASPT,0x00000000,0,0,0,0
BDFISTX2,7,DW#RND12,0x00000000,0,0,0,0
BDFISTX2,8,DW#RND25,0x00000000,0,0,0,0
BDAUDAM,0,DW#RND04,0x00000000,0,0,0,0
BDAUDAM,1,DW#RND12,0x00000000,0,0,0,0
BDAUDAM,2,DW#RND26,0x00000000,0,0,0,0
BDROHMA,0,MINHP1,0x00000008,1,0,0,0
BDBELEGA,0,BLUN05,0x00000000,0,0,0,0
BDBELEGA,1,SLNG01,0x00000000,0,0,0,0
BDBELEGA,2,BULL01,0x00000000,0,80,0,0
BDBELEGA,3,POTN52,0x00000000,0,5,0,0
BDBELEGA,4,POTN08,0x00000000,0,10,0,0
BDBELEGA,5,WAND04,0x00000000,0,20,0,0
BDBELEGA,6,DW#HASPT,0x00000000,0,0,0,0
BDBELEGA,7,DW#RND18,0x00000000,0,0,0,0
BDIMOEN,0,MINHP1,0x0000000A,1,0,0,0
BDIMOEN,1,BOW05,0x00000001,0,0,0,0
BDIMOEN,2,DAGG02,0x00000001,0,0,0,0
BDIMOEN,3,AROW01,0x00000000,0,80,0,0
BDIMOEN,4,AROW01,0x00000000,0,80,0,0
BDIMOEN,5,AROW01,0x00000000,0,80,0,0
BDIMOEN,6,POTN08,0x00000001,0,3,0,0
BDIMOEN,7,POTN14,0x00000001,0,80,0,0
BDIMOEN,8,WAND12_,0x00000001,0,10,0,0
BDIMOEN,9,BRAC01,0x00000001,0,0,0,0
BDTIAX,0,LEAT04,0x00000001,0,0,0,0
BDFRITZ,0,PLAT01,0x00000000,0,0,0,0
BDFRITZ,1,SHLD01A,0x00000000,0,0,0,0
BDFRITZ,2,SW1H04,0x00000000,0,0,0,0
BDJENKS,0,PLAT01,0x00000000,0,0,0,0
BDJENKS,1,SHLD05A,0x00000000,0,0,0,0
BDJENKS,2,SW1H04,0x00000000,0,0,0,0
BDFFSIT1,0,HELM09,0x00000000,0,0,0,0
BDFFSIT1,1,PLAT01,0x00000000,0,0,0,0
BDFFSIT1,2,SHLD01A,0x00000000,0,0,0,0
BDFFSIT1,3,SW1H04,0x00000000,0,0,0,0
BDFFSIT1,4,UNIFLAM,0x00000000,0,0,0,0
BDFFGIRL,0,HELM09,0x00000000,0,0,0,0
BDFFGIRL,1,PLAT01,0x00000000,0,0,0,0
BDFFGIRL,2,SHLD05A,0x00000000,0,0,0,0
BDFFGIRL,3,SW1H04,0x00000000,0,0,0,0
BDFFGIRL,4,UNIFLAM,0x00000000,0,0,0,0
BDTHUG07,0,LEAT01,0x00000000,0,0,0,0
BDNANTRI,0,DAGG02,0x00000000,0,0,0,0
BDNANTRI,1,MISC31,0x00000000,0,0,0,0
BDNANTRI,2,LEAT04,0x00000000,0,0,0,0
BDNANTRI,3,DW#RND04,0x00000000,0,0,0,0
BDNANTRI,4,DW#RND11,0x00000000,0,0,0,0
BDNANTRI,5,DW#RND25,0x00000000,0,0,0,0
BDNATHBA,0,DAGG01,0x00000000,0,0,0,0
BDKATHEE,0,DAGG01,0x00000000,0,0,0,0
BDLUCILL,0,BDBLUN02,0x00000000,0,0,0,0
BDAUTINN,0,BDSW1H03,0x00000000,0,0,0,0
BDITHTYL,0,DAGG02,0x00000000,0,0,0,0
BDITHTYL,1,POTN08,0x00000000,0,3,0,0
BDITHTYL,2,POTN14,0x00000000,0,1,0,0
BDITHTYL,3,DART03,0x00000000,0,80,0,0
BDITHTYL,4,DW#HASPT,0x00000000,0,0,0,0
BDITHTYL,5,DW#RND20,0x00000000,0,0,0,0
BDOZIL,0,AX1H02,0x00000000,0,0,999,0
BDHASTUS,0,DAGG01,0x00000000,0,0,0,0
BDHASTUS,1,DART01,0x00000000,0,40,0,0
BDBERAHL,0,SW1H01,0x00000000,0,0,999,0
BDTHUG03,0,DAGG01,0x00000000,0,0,0,0
BDTHUG05,0,DAGG01,0x00000000,0,0,0,0
BDTHUG04,0,SW1H07,0x00000000,0,0,0,0
BDMAXWEL,0,DAGG02,0x00000000,0,50,0,0
BDMAXWEL,1,BDSCRL01,0x00000000,0,0,0,0
BDTHERTO,0,BDBOOT02,0x00000000,0,0,0,0
BDARAYA,0,CLCK01,0x00000000,0,0,0,0
BDDELEND,0,AMUL12,0x00000000,0,0,0,0
BDGARRIC,0,LEAT04,0x00000000,0,0,0,0
BDGARRIC,1,BOLT01,0x00000000,0,20,0,0
BDGARRIC,2,SW1H07,0x00000000,0,0,0,0
BDGARRIC,3,XBOW04,0x00000000,0,0,0,0
BDALYTH,0,SW1H07,0x00000000,0,0,0,0
BDALYTH,1,LEAT04,0x00000000,0,0,0,0
BDALYTH,2,DW#RND03,0x00000000,0,0,0,0
BDALYTH,3,DW#RND12,0x00000000,0,0,0,0
BDALYTH,4,DW#RND25,0x00000000,0,0,0,0
BDHGUARD,0,LEAT02,0x00000000,0,0,0,0
BDHGUARD,1,SW1H02,0x00000000,0,0,999,0
BDHGUARD,2,DW#RND05,0x00000000,0,0,0,0
BDHGUARD,3,DW#RND12,0x00000000,0,0,0,0
BDHGUARD,4,DW#RND28,0x00000000,0,0,0,0
BDZAVIAK,0,BDMISC01,0x00000000,0,3,3,0
BDZAVIAK,1,DW#RND04,0x00000000,0,0,0,0
BDZAVIAK,2,DW#RND38,0x00000000,0,0,0,0
BDALALAI,0,BDMISC1B,0x0000000A,1,0,0,0
BDALALAI,1,IMMUNE2,0x0000000A,1,0,0,0
BDALALAI,2,FIREELEM,0x0000000A,1,0,0,0
BDALALAI,3,BDSPECTQ,0x0000000A,1,0,0,0
BDIRINA,0,BDHELM05,0x00000000,0,0,0,0
BDCORAN,0,LEAT04,0x00000001,0,0,0,0
BDCORAN,1,BOW03,0x00000001,0,0,0,0
BDCORAN,2,SW1H04,0x00000001,0,0,0,0
BDCORAN,3,AROW02,0x00000001,0,20,0,0
BDCORAN,4,AROW01,0x00000000,0,20,0,0
BDCORAN,5,POTN08,0x00000002,0,1,0,0
BDTHUG01,0,LEAT01,0x00000000,0,0,0,0
BDTHUG02,0,LEAT01,0x00000000,0,0,0,0
BDLON,0,BDAMUL11,0x00000000,0,0,0,0
BDBLOCK,0,DW#RND04,0x00000000,0,0,0,0
BDBLOCK,1,DW#RND11,0x00000000,0,0,0,0
BDBLOCK,2,DW#RND26,0x00000000,0,0,0,0
BDWYRMLI,0,S1-8,0x00000000,0,0,0,0
BDWYRMLI,1,BDWYRMLI,0x00000000,0,0,0,0
BDWYRMLI,2,RNDTRE08,0x00000002,0,0,0,0
BDWYRMLI,3,BDSW1HDA,0x00000002,0,0,0,0
BDWYRMLI,4,BDDAGG05,0x00000002,0,0,0,0
BDWYRML1,0,S1-8,0x00000000,0,0,0,0
BDWYRML1,1,BDWYRMLI,0x00000000,0,0,0,0
BDWYRML1,2,RNDTRE08,0x00000002,0,0,0,0
SPIDWR,0,SPIDWR1,0x00000000,0,0,0,0
SPIDWR,1,ANTIWEB,0x00000000,0,0,0,0
SPIDWR,2,IMMUNE1,0x00000000,0,0,0,0
SPIDWR,3,RING95,0x00000000,0,0,0,0
SPIDSW,0,SPIDSW1,0x00000000,0,0,0,0
SPIDSW,1,ANTIWEB,0x00000000,0,0,0,0
SPIDSW,2,MAGE06,0x00000000,0,0,0,0
SPIDPH,0,SPIDPH1,0x00000000,0,0,0,0
SPIDPH,1,ANTIWEB,0x00000000,0,0,0,0
SPIDGI,0,SPIDGI1,0x00000000,0,0,0,0
SPIDGI,1,ANTIWEB,0x00000000,0,0,0,0
BDSPID7L,0,MAGE06,0x00000000,0,0,0,0
BDSPID7L,1,ANTIWEB,0x00000000,0,0,0,0
BDSPID7L,2,SPIDSW1,0x00000000,0,0,0,0
BDSPID7L,3,BDSPIDER,0x00000002,0,0,0,0
SPIDSM0_,0,ANTIWEB,0x00000000,0,0,0,0
SPIDSM0_,1,SPIDHU1,0x00000000,0,0,0,0
SPIDPHAS,0,SPIDPH1,0x00000000,0,0,0,0
SPIDPHAS,1,ANTIWEB,0x00000000,0,0,0,0
SPIDPHAS,2,MAGE06,0x00000000,0,0,0,0
BDSPIDGA,0,ANTIWEB,0x0000000A,1,0,0,0
BDSPIDGA,1,BDSPIDGA,0x0000000A,1,0,0,0
SPIDHU,0,SPIDHU1,0x00000000,0,0,0,0
SPIDHU,1,ANTIWEB,0x00000000,0,0,0,0
BDWOLF,0,P1-6,0x00000000,0,0,0,0
BDWOLFVA,0,IMMUNE1,0x0000000A,1,0,0,0
BDWOLFVA,1,RING95,0x0000000A,1,0,0,0
BDWOLFVA,2,BDWOLFVA,0x0000000A,1,0,0,0
BDBARRE3,0,NOCIRCLE,0x00000000,0,0,0,0
BDBARRE3,1,MINHP1,0x00000000,0,1,0,0
BDBARRE2,0,NOCIRCLE,0x00000000,0,0,0,0
BDBARRE2,1,MINHP1,0x00000000,0,1,0,0
BDBARRE1,0,NOCIRCLE,0x00000000,0,0,0,0
BDBARRE1,1,MINHP1,0x00000000,0,1,0,0
BDBARRE4,0,NOCIRCLE,0x00000000,0,0,0,0
BDBARRE4,1,MINHP1,0x00000000,0,1,0,0
BDBARRE5,0,NOCIRCLE,0x00000000,0,0,0,0
BDBARRE5,1,MINHP1,0x00000000,0,1,0,0
BDFFDOPP,0,HELM09,0x00000000,0,0,0,0
BDFFDOPP,1,PLAT01,0x00000000,0,0,0,0
BDFFDOPP,2,SHLD01A,0x00000000,0,0,0,0
BDFFDOPP,3,SW1H04,0x00000000,0,0,0,0
BDFFDOPP,4,UNIFLAM,0x00000000,0,0,0,0
BDPORIOS,0,BDKEY05,0x00000000,0,0,0,0
BDPORIOS,1,BDCLCK06,0x00000000,0,10,0,0
BDPORIOS,2,DAGG05,0x00000000,0,20,0,0
BDPORIOS,3,STAF01,0x0000000A,1,0,0,0
BDKORDEO,0,B1-8,0x0000000A,1,0,0,0
BDKORDE5,0,LEAT04,0x00000008,1,0,0,0
BDKORDE5,1,BOW05,0x00000000,0,0,0,0
BDKORDE5,2,SW1H07,0x00000008,1,0,0,0
BDKORDE5,3,AROW02,0x00000000,0,3,0,0
BDKORDE5,4,AROW01,0x00000008,1,80,0,0
BDKORDE5,5,AROW01,0x00000008,1,80,0,0
BDKORDE5,6,UNIBAND,0x0000000A,1,0,0,0
BDKORDE6,0,HELM09,0x00000008,1,0,0,0
BDKORDE6,1,CHAN01,0x00000008,1,0,0,0
BDKORDE6,2,SPER01,0x00000000,0,0,0,0
BDKORDE6,3,UNIBBEG,0x0000000A,1,0,0,0
BDKORDE7,0,LEAT04,0x00000008,1,0,0,0
BDKORDE7,1,BOW03,0x00000000,0,0,0,0
BDKORDE7,2,SW1H04,0x00000008,1,0,0,0
BDKORDE7,3,AROW02,0x00000000,0,5,0,0
BDKORDE7,4,AROW01,0x00000008,1,80,0,0
BDKORDE7,5,AROW01,0x00000008,1,80,0,0
BDKORDE7,6,UNIBAND,0x0000000A,1,0,0,0
BDAMMON,0,RNDSCR04,0x00000000,0,0,0,0
BDAMMON,1,DART02,0x00000000,0,40,0,0
BDAMMON,2,WAND10,0x00000002,0,3,0,0
BDAMMON,3,POTN10,0x00000002,0,0,0,0
BDAMMON,4,DART04,0x00000002,0,20,0,0
BDAMMON,5,STAF01,0x00000002,0,0,0,0
BDAMMON,6,DW#HASPT,0x00000000,0,0,0,0
BDFF1000,0,HELM08,0x00000002,0,0,0,0
BDFF1000,1,CHAN05,0x00000002,0,0,0,0
BDFF1000,2,SHLD04A,0x00000000,0,0,0,0
BDFF1000,3,HAMM02,0x00000002,0,0,0,0
BDFF1000,4,BDFF1000,0x0000000A,1,0,0,0
BDFF1000,5,POTN08,0x00000000,0,5,0,0
BDFF1000,6,POTN20,0x00000000,0,5,0,0
BDFF1000,7,WAND11,0x00000002,0,3,0,0
BDFF1000,8,DW#HASPT,0x00000000,0,0,0,0
BDFF1001,0,HELM09,0x00000002,0,0,0,0
BDFF1001,1,PLAT01,0x00000002,0,0,0,0
BDFF1001,2,SHLD01A,0x00000002,0,0,0,0
BDFF1001,3,BLUN07,0x00000002,0,0,0,0
BDFF1001,4,BDFF1002,0x0000000A,1,0,0,0
BDFF1001,5,POTN08,0x00000002,0,5,0,0
BDFF1001,6,POTN20,0x00000002,0,2,0,0
BDFF1001,7,POTN52,0x00000000,0,3,0,0
BDFF1002,0,HELM09,0x00000002,0,0,0,0
BDFF1002,1,PLAT01,0x00000002,0,0,0,0
BDFF1002,2,SHLD01A,0x00000002,0,0,0,0
BDFF1002,3,SW1H02,0x00000002,0,0,999,0
BDFF1002,4,BDFF1002,0x0000000A,1,0,0,0
BDFF1002,5,POTN08,0x00000002,0,5,0,0
BDFF1002,6,POTN20,0x00000002,0,2,0,0
BDFF1002,7,POTN52,0x00000000,0,3,0,0
BDSHIS04,0,HELM10,0x00000008,1,0,0,0
BDSHIS04,1,PLAT01,0x00000000,0,0,0,0
BDSHIS04,2,HALB01,0x00000000,0,0,0,0
BDSHIS04,3,UNIBBEG,0x0000000A,1,0,0,0
BDSHIS04,4,POTN08,0x00000000,0,1,0,0
BDSHIS03,0,HELM01,0x00000008,1,0,0,0
BDSHIS03,1,CHAN01,0x00000008,1,0,0,0
BDSHIS03,2,XBOW01,0x00000000,0,0,0,0
BDSHIS03,3,SW1H20,0x00000008,1,0,0,0
BDSHIS03,4,BOLT02,0x00000000,0,3,0,0
BDSHIS03,5,BOLT01,0x00000008,1,40,0,0
BDSHIS03,6,BOLT01,0x00000008,1,40,0,0
BDSHIS03,7,UNIBBEG,0x0000000A,1,0,0,0
BDSHIS02,0,LEAT01,0x00000008,1,0,0,0
BDSHIS02,1,BOW05,0x00000000,0,0,0,0
BDSHIS02,2,SW1H07,0x00000008,1,0,0,0
BDSHIS02,3,AROW01,0x00000000,0,40,0,0
BDSHIS02,4,AROW01,0x00000008,1,40,0,0
BDSHIS02,5,AROW01,0x00000008,1,40,0,0
BDSHIS02,6,UNIBAND,0x0000000A,1,0,0,0
BDSHIS01,0,HELM13,0x00000008,1,0,0,0
BDSHIS01,1,CHAN04,0x00000008,1,0,0,0
BDSHIS01,2,SHLD15,0x00000000,0,0,0,0
BDSHIS01,3,SW1H01,0x00000000,0,0,999,0
BDSHIS01,4,UNIBBEG,0x0000000A,1,0,0,0
BDOGRE01,0,OGRE1,0x0000000A,1,0,0,0
BDSHIS05,0,HELM12,0x00000008,1,0,0,0
BDSHIS05,1,CHAN04,0x00000008,1,0,0,0
BDSHIS05,2,SHLD14,0x00000000,0,0,0,0
BDSHIS05,3,BLUN02,0x00000000,0,0,0,0
BDSHIS05,4,UNIBBEG,0x0000000A,1,0,0,0
BDSHIS06,0,HELM09,0x00000000,0,0,0,0
BDSHIS06,1,PLAT01,0x00000000,0,0,0,0
BDSHIS06,2,SW2H01,0x00000000,0,0,0,0
BDSHIS06,3,UNIBBEG,0x0000000A,1,0,0,0
BDSHIS06,4,POTN08,0x00000000,0,0,0,0
BDSHIS06,5,RNDPTN01,0x00000000,0,0,0,0
BDSHME01,0,SW1H43,0x00000000,0,0,999,0
BDSHIS07,0,LEAT04,0x00000000,0,0,0,0
BDSHIS07,1,MAGE01,0x0000000A,1,0,0,0
BDSHIS07,2,SW1H07,0x00000000,0,0,0,0
BDSHIS07,3,UNIBBEG,0x0000000A,1,0,0,0
BDKORDE4,0,LEAT04,0x00000000,0,0,0,0
BDKORDE4,1,MAGE01,0x0000000A,1,0,0,0
BDKORDE4,2,SW1H48,0x00000000,0,0,0,0
BDKORDE4,3,UNIBBEG,0x0000000A,1,0,0,0
BDKORDE4,4,POTN10,0x00000000,0,2,0,0
BDKORDE9,0,HELM01,0x00000000,0,0,0,0
BDKORDE9,1,CHAN04,0x00000000,0,0,0,0
BDKORDE9,2,AX1H01,0x00000000,0,0,999,0
BDKORDE9,3,AX1H01,0x00000000,0,0,999,0
BDKORDE9,4,RNDPTN01,0x00000000,0,0,0,0
BDKORDE9,5,POTN08,0x00000000,0,0,0,0
BDKORDE9,6,RNDTRE06,0x00000000,0,0,0,0
BDKORDE8,0,HELM13,0x00000000,0,0,0,0
BDKORDE8,1,LEAT04,0x00000000,0,0,0,0
BDKORDE8,2,BOW01,0x00000001,0,0,0,0
BDKORDE8,3,HALB01,0x00000000,0,0,0,0
BDKORDE8,4,AROW05,0x00000000,0,10,0,0
BDKORDE8,5,RNDARO01,0x00000000,0,20,0,0
BDKORDE8,6,AROW01,0x00000000,0,80,0,0
BDKORDE8,7,UNIBAND,0x0000000A,1,0,0,0
BDKORDE8,8,POTN08,0x00000000,0,0,0,0
BDKORDE8,9,POTN14,0x00000000,0,0,0,0
BDKORDE8,10,RNDTRE06,0x00000000,0,0,0,0
BDSKGR02,0,RING95,0x0000000A,1,0,0,0
BDSKGR02,1,AX1H01,0x00000000,0,0,999,0
BDSKGR00,0,CDRDSHB,0x00000000,0,0,0,0
BDSKGR00,1,RING95,0x0000000A,1,0,0,0
BDSKGR00,2,CDRD1HMB,0x00000000,0,0,0,0
BDSKGR04,0,RING95,0x0000000A,1,0,0,0
BDSKGR04,1,BOW03,0x00000000,0,0,0,0
BDSKGR04,2,SPER01,0x00000000,0,0,0,0
BDSKGR04,3,AROW09,0x00000000,0,2,0,0
BDSKGR04,4,AROW01,0x00000000,0,40,0,0
BDSKGR04,5,AROW01,0x00000000,0,40,0,0
BDHALBAZ,0,DAGG05,0x00000000,0,80,0,0
BDHALBAZ,1,CLCK14,0x00000000,0,0,0,0
BDHALBAZ,2,DW#RND08,0x00000000,0,0,0,0
BDHALBAZ,3,DW#RND38,0x00000000,0,0,0,0
BDGOLEMF,0,GOLFLE,0x00000000,0,0,0,0
BDGOLEMF,1,IMMUNE1,0x00000000,0,0,0,0
BDGOLEMF,2,NOCIRCLE,0x00000000,0,0,0,0
BDGOLEMF,3,MINHP1,0x00000000,0,0,0,0
BDSWORD,0,IPSION,0x00000000,0,0,0,0
BDSWORD,1,MORSWORD,0x00000000,0,0,0,0
BDSWORD,2,NOCIRCLE,0x00000000,0,0,0,0
BDSWORD,3,MINHP1,0x00000000,0,0,0,0
BDKAZZRE,0,DW#RND06,0x00000000,0,0,0,0
BDKAZZRE,1,DW#RND18,0x00000000,0,0,0,0
BDKAZZRE,2,DW#RND34,0x00000000,0,0,0,0
BDSKGR05,0,SHLD01A,0x0000000A,1,0,0,0
BDSKGR05,1,RING95,0x0000000A,1,0,0,0
BDSKGR05,2,BDSKGR05,0x0000000A,1,0,0,0
BDSKGR06,0,RING95,0x0000000A,1,0,0,0
BDSKGR06,1,BOW03,0x00000000,0,0,0,0
BDSKGR06,2,BDSKGR05,0x0000000A,1,0,0,0
BDSKGR06,3,AROW08,0x00000000,0,3,0,0
BDSKGR06,4,AROW02,0x00000000,0,5,0,0
BDSKGR06,5,AROW01,0x00000000,0,40,0,0
BDUNSLGU,0,IMMUNE1,0x0000000A,1,0,0,0
BDUNSLGU,1,RING95,0x0000000A,1,0,0,0
BDUNSLGU,2,BDUNSLGU,0x0000000A,1,0,0,0
BDSHSOUL,0,IMMUNE1,0x0000000A,1,0,0,0
BDSHSOUL,1,RING95,0x0000000A,1,0,0,0
BDSHSOUL,2,S1-12M2,0x0000000A,1,0,0,0
BDKORME1,0,LEAT04,0x00000002,0,0,0,0
BDKORME1,1,SW1H20,0x00000002,0,0,0,0
BDKORME1,2,POTN08,0x00000000,0,1,0,0
BDKORME1,3,POTN10,0x00000000,0,1,0,0
BDKORME1,4,POTN24,0x00000000,0,0,0,0
BDKORME2,0,HELM09,0x00000002,0,0,0,0
BDKORME2,1,CHAN01,0x00000002,0,0,0,0
BDKORME2,2,SHLD01A,0x00000000,0,0,0,0
BDKORME2,3,DART04,0x00000002,0,10,0,0
BDKORME2,4,DART02,0x00000002,0,40,0,0
BDKORME2,5,DAGG01,0x00000002,0,0,0,0
BDKORME2,6,UNIBAND,0x0000000A,1,0,0,0
BDKORME2,7,POTN08,0x00000000,0,2,0,0
BDSKGR07,0,RNDSCR04,0x00000000,0,0,0,0
BDSKGR07,1,DART01,0x00000000,0,40,0,0
BDSKGR07,2,DAGG01,0x00000000,0,0,0,0
BDSKGR07,3,RING95,0x0000000A,1,0,0,0
BDSHKORL,0,POTN21,0x00000000,0,0,0,0
BDSHKORL,1,BDSHKEY,0x00000000,0,0,0,0
BDSHKORL,2,SCRL3G,0x00000000,0,0,0,0
BDSHKORL,3,SCRL1Z,0x00000000,0,0,0,0
BDSHKORL,4,SCRL6H,0x00000000,0,0,0,0
BDSHKORL,5,CLCK01,0x00000002,0,0,0,0
BDSHKORL,6,DART02,0x00000002,0,80,0,0
BDSHKORL,7,STAF02,0x00000002,0,0,0,0
BDSHKORL,8,BDBRAC13,0x00000002,0,0,0,0
BDSHKORL,9,CLCK12,0x00000002,0,0,0,0
BDSHKORL,10,DW#RND03,0x00000000,0,0,0,0
BDBEETBR,0,S5-20,0x00000000,0,0,0,0
BDSKGR01,0,HELMNOAN,0x0000000A,1,0,0,0
BDSKGR01,1,RING95,0x0000000A,1,0,0,0
BDSKGR01,2,SW2H01,0x00000000,0,0,0,0
BDWIGHT1,0,IMMUNE1,0x0000000A,1,0,0,0
BDWIGHT1,1,RING95,0x0000000A,1,0,0,0
BDWIGHT1,2,BDWIGHT,0x0000000A,1,0,0,0
BDSHAD04,0,IMMUNE1,0x0000000A,1,0,0,0
BDSHAD04,1,RING95,0x0000000A,1,0,0,0
BDSHAD04,2,SHADOWWP,0x0000000A,1,0,0,0
BDKORME3,0,HELM11,0x00000002,0,0,0,0
BDKORME3,1,LEAT10,0x00000002,0,0,0,0
BDKORME3,2,AX1H01,0x00000002,0,0,999,0
BDKORME3,3,AX1H01,0x00000002,0,0,999,0
BDKORME3,4,UNIBAND,0x0000000A,1,0,0,0
BDKORME3,5,POTN08,0x00000000,0,1,0,0
BDKORME4,0,LEAT04,0x00000002,0,0,0,0
BDKORME4,1,BOW03,0x00000002,0,1,0,0
BDKORME4,2,SPER01,0x00000002,0,1,0,0
BDKORME4,3,AROW02,0x00000002,0,5,0,0
BDKORME4,4,AROW01,0x00000002,0,40,0,0
BDKORME4,5,AROW01,0x00000002,0,40,0,0
BDKORME4,6,UNIBAND,0x0000000A,1,0,0,0
BDKORME4,7,POTN08,0x00000000,0,1,0,0
BDBEETFM,0,P2-8,0x0000000A,1,0,0,0
GHAST,0,RNDTRE08,0x00000000,0,0,0,0
GHAST,1,GHAST1,0x00000000,0,0,0,0
GHAST,2,RING95,0x00000000,0,0,0,0
BDSHZOM1,0,RING94,0x0000000A,1,0,0,0
BDSHZOM1,1,B1-8,0x0000000A,1,0,0,0
BDSHKFAM,0,REGHP1,0x00000000,0,0,0,0
BDSHKFAM,1,MOVRAT10,0x00000000,0,0,0,0
BDSHKFAM,2,IMMCLOUD,0x00000000,0,0,0,0
BDSHKFAM,3,S1-2,0x00000000,0,0,0,0
BDSHKFAM,4,S1-2,0x00000000,0,0,0,0
BDSHKFAM,5,S1-2,0x00000000,0,0,0,0
BDSHKFAM,6,S1-2,0x00000000,0,0,0,0
BDOGRE02,0,BDOGRE02,0x0000000A,1,0,0,0
BDOGRE02,1,POTN08,0x00000000,0,0,0,0
BDOGRE02,2,RNDPTN01,0x00000000,0,0,0,0
BDSHME02,0,BDHELMJ3,0x00000000,0,0,0,0
BDSHME02,1,CHAN04,0x00000000,0,0,0,0
BDSHME02,2,SHLD15,0x00000000,0,0,0,0
BDSHME02,3,AX1H01,0x00000000,0,0,999,0
BDSHME02,4,RNDPTN01,0x00000000,0,0,0,0
BDSHME03,0,HALB01,0x00000000,0,0,0,0
BDSHME03,1,POTN08,0x00000000,0,0,0,0
BDSHME03,2,RNDTRI01,0x00000000,0,0,0,0
BDKORME7,0,HELM01,0x00000000,0,0,0,0
BDKORME7,1,CHAN01,0x00000000,0,0,0,0
BDKORME7,2,SHLD03,0x00000000,0,0,0,0
BDKORME7,3,SW1H01,0x00000000,0,0,999,0
BDKORME5,0,LEAT01,0x00000000,0,0,0,0
BDKORME5,1,BOW05,0x00000000,0,0,0,0
BDKORME5,2,DAGG01,0x00000000,0,0,0,0
BDKORME5,3,AROW01,0x00000000,0,40,0,0
BDKORME5,4,AROW01,0x00000000,0,40,0,0
BDKORME5,5,AROW01,0x00000000,0,40,0,0
BDKORME6,0,LEAT01,0x00000000,0,0,0,0
BDKORME6,1,XBOW04,0x00000000,0,0,0,0
BDKORME6,2,SW1H07,0x00000000,0,0,0,0
BDKORME6,3,BOLT01,0x00000000,0,40,0,0
BDKORME6,4,BOLT01,0x00000000,0,40,0,0
BDKORME6,5,BOLT01,0x00000000,0,40,0,0
BDWIGHT2,0,RING95,0x0000000A,1,0,0,0
BDWIGHT2,1,IMMUNE1,0x0000000A,1,0,0,0
BDWIGHT2,2,BDWIGHT,0x0000000A,1,0,0,0
BDWIGHT3,0,RING95,0x0000000A,1,0,0,0
BDWIGHT3,1,IMMUNE1,0x0000000A,1,0,0,0
BDWIGHT3,2,BDWIGHT3,0x0000000A,1,0,0,0
BDMUMM01,0,IMMUNE1,0x0000000A,1,0,0,0
BDMUMM01,1,RING95,0x0000000A,1,0,0,0
BDMUMM01,2,BDMUMM01,0x0000000A,1,0,0,0
BDWRAI02,0,IMMUNE1,0x00000000,0,0,0,0
BDWRAI02,1,RING95,0x0000000A,1,0,0,0
BDWRAI02,2,MAGE01,0x0000000A,1,0,0,0
BDWRAI02,3,WRAITH1,0x00000000,0,0,0,0
BDSHADGR,0,IMMUNE1,0x0000000A,1,0,0,0
BDSHADGR,1,RING95,0x0000000A,1,0,0,0
BDSHADGR,2,BDSHADGA,0x0000000A,1,0,0,0
BDSHADGR,3,BDSHADGR,0x0000000A,1,0,0,0
BDBONBAT,0,RING95,0x0000000A,1,0,0,0
BDBONBAT,1,BDBONBAT,0x0000000A,1,0,0,0
BDSHIS08,0,RNDTRE06,0x00000000,0,0,0,0
BDSHIS08,1,DART02,0x00000000,0,40,0,0
BDSHIS08,2,DART04,0x00000000,0,20,0,0
BDSHIS08,3,SW1H07,0x00000000,0,20,0,0
BDSHIS08,4,DART03,0x00000000,0,10,0,0
BDSHIS08,5,SHLD11A,0x00000000,0,0,0,0
BDSHIS09,0,LEAT04,0x00000000,0,0,0,0
BDSHIS09,1,MAGE01,0x0000000A,1,0,0,0
BDSHIS09,2,SW1H48,0x00000000,0,0,0,0
BDSHIS09,3,UNIBBEG,0x0000000A,1,0,0,0
BDSHIS09,4,POTN10,0x00000000,0,2,0,0
BDSHIS10,0,HELM13,0x00000000,0,0,0,0
BDSHIS10,1,LEAT04,0x00000000,0,0,0,0
BDSHIS10,2,BOW01,0x00000001,0,0,0,0
BDSHIS10,3,HALB01,0x00000000,0,0,0,0
BDSHIS10,4,AROW05,0x00000000,0,10,0,0
BDSHIS10,5,RNDARO01,0x00000000,0,20,0,0
BDSHIS10,6,AROW01,0x00000000,0,80,0,0
BDSHIS10,7,UNIBAND,0x0000000A,1,0,0,0
BDSHIS10,8,POTN08,0x00000000,0,0,0,0
BDSHIS10,9,POTN14,0x00000000,0,0,0,0
BDSHIS10,10,RNDTRE06,0x00000000,0,0,0,0
BDKORME8,0,HELM01,0x00000000,0,0,0,0
BDKORME8,1,CHAN04,0x00000000,0,0,0,0
BDKORME8,2,DART03,0x00000000,0,20,0,0
BDKORME8,3,SW1H07,0x00000000,0,0,0,0
BDKORME8,4,POTN08,0x00000000,0,1,0,0
BDKORME8,5,DART04,0x00000000,0,20,0,0
BDKORME8,6,DART11,0x00000000,0,20,0,0
BDKORME8,7,DART02,0x00000000,0,40,0,0
BDKORME9,0,BLUN06,0x00000001,0,0,0,0
BDKORME9,1,HELM01,0x00000000,0,0,0,0
BDKORME9,2,PLAT01,0x00000000,0,0,0,0
BDKORME9,3,SHLD05,0x00000000,0,0,0,0
BDKORME9,4,POTN08,0x00000000,0,0,0,0
BDKORME9,5,RNDTRE06,0x00000000,0,0,0,0
BDSKGR03,0,RING95,0x0000000A,1,0,0,0
BDSKGR03,1,S1-12M2,0x0000000A,1,0,0,0
BDGHASTG,0,RING95,0x0000000A,1,0,0,0
BDGHASTG,1,BDGHASTG,0x0000000A,1,0,0,0
BDGHASTG,2,RNDTRE08,0x00000000,0,0,0,0
BDMKHI7,0,BDLEAT06,0x00000003,0,0,0,0
BDMKHI7,1,BDSHLD07,0x00000003,0,0,0,0
BDMKHI7,2,BDAX1H05,0x00000003,0,0,0,0
BDMKHI7,3,POTN08,0x00000001,0,5,0,0
BDMKHI7,4,POTN17,0x00000001,0,5,0,0
BDMKHI7,5,POTN21,0x00000001,0,0,0,0
BDBDOG,0,P1-4,0x00000000,0,0,0,0
BDGAUTH,0,BDRING12,0x00000000,0,0,0,0
BDGAUTH,1,BDSPECTQ,0x0000000A,1,0,0,0
BDGAUTH,2,P3-12M4,0x0000000A,1,0,0,0
BDGAUTH,3,REGHP1T,0x0000000A,1,0,0,0
BDGAUTH,4,BDMISC1B,0x0000000A,1,0,0,0
BDPRIN,0,BDMISC10,0x00000000,0,0,0,0
BDPRIN,1,POTN11,0x00000000,0,0,0,0
BDPRIN,2,STAF02,0x00000000,0,0,0,0
BDPRIN,3,DW#HASPT,0x00000000,0,0,0,0
BDPRIN,4,DW#RND06,0x00000000,0,0,0,0
BDPRIN,5,DW#RND38,0x00000000,0,0,0,0
BDMENHIR,0,MINHP1,0x0000000A,1,0,0,0
BDMENGO,0,IMMUNE1,0x00000000,0,0,0,0
BDMENGO,1,GOLSTONE,0x00000000,0,0,0,0
BDMENGO,2,GOLSTO,0x00000000,0,0,0,0
BDWRAI01,0,IMMUNE1,0x00000000,0,0,0,0
BDWRAI01,1,RING95,0x0000000A,1,0,0,0
BDWRAI01,2,WRAITH1,0x00000000,0,0,0,0
BDTAKOS,0,LEAT04,0x00000000,0,0,0,0
BDTAKOS,1,DAGG01,0x00000000,0,1,0,0
BDTELERI,0,RNDTRE09,0x00000000,0,0,0,0
BDTELERI,1,BDPETSG,0x00000000,0,3,0,0
BDTELERI,2,SCRLPET,0x00000001,0,6,0,0
BDTELERI,3,DAGG01,0x00000001,0,1,0,0
BDTELERI,4,DAGG05,0x00000001,0,20,0,0
BDTELERI,5,CLCK12,0x00000000,0,0,0,0
BDTELERI,6,DW#RND06,0x00000000,0,0,0,0
BDTELERI,7,DW#RND38,0x00000000,0,0,0,0
BDVESSAN,0,RING10,0x00000000,0,0,0,0
BDBRIELL,0,HELM09,0x00000008,1,0,0,0
BDBRIELL,1,PLAT01,0x00000008,1,0,0,0
BDBRIELL,2,SHLD01A,0x00000008,1,0,0,0
BDBRIELL,3,SW1H04,0x00000008,1,1,0,0
BDBRIELL,4,POTN52,0x00000000,0,1,0,0
BDBRIELL,5,UNIFLAM,0x00000000,0,0,0,0
BDBRIELL,6,DW#HASPT,0x00000000,0,0,0,0
BDBRIELL,7,DW#RND11,0x00000000,0,0,0,0
BDBRIELL,8,DW#RND26,0x00000000,0,0,0,0
BDPETR01,0,RNDMAG04,0x00000000,0,0,0,0
BDPETR02,0,RNDMAG04,0x00000000,0,0,0,0
BDPETR05,0,RNDMAG04,0x00000000,0,0,0,0
BDPETR05,1,RNDMAG05,0x00000000,0,0,0,0
BDDARAN,0,LEAT04,0x00000000,0,0,0,0
BDDARAN,1,SW1H08,0x00000000,0,0,0,0
BDDARAN,2,RNDTRE07,0x00000000,0,0,0,0
BDDARAN,3,POTN27,0x00000001,0,1,0,0
ZOMBIE,0,B1-8,0x00000000,0,0,0,0
ZOMBIE,1,RING94,0x00000000,0,0,0,0
BDBANNO,0,BDBFLYER,0x00000000,0,0,0,0
BDTHAIRD,0,HELM09,0x00000009,1,0,0,0
BDTHAIRD,1,CHAN02,0x00000001,0,0,0,0
BDTHAIRD,2,HAMM02,0x00000000,0,1,0,0
BDTHAIRD,3,POTN08,0x00000001,0,1,0,0
BDTHAIRD,4,UNIFLAM,0x00000000,0,0,0,0
BDTHAIRD,5,DW#HASPT,0x00000000,0,0,0,0
BDTHAIRD,6,DW#RND12,0x00000000,0,0,0,0
BDTHAIRD,7,DW#RND26,0x00000000,0,0,0,0
BDSORALI,0,POTN08,0x00000001,0,1,0,0
BDSORALI,1,POTN10,0x00000001,0,1,0,0
BDSORALI,2,UNIFLAM,0x00000000,0,0,0,0
BDSORALI,3,BULL02,0x00000001,0,40,0,0
BDSORALI,4,SLNG02,0x00000003,0,1,0,0
BDSORALI,5,STAF02,0x00000001,0,1,0,0
BDSORALI,6,BRAC01,0x00000000,0,0,0,0
BDSORALI,7,CLCK09,0x00000000,0,0,0,0
BDSORALI,8,DW#HASPT,0x00000000,0,0,0,0
BDMIZHEN,0,HELM09,0x00000000,0,0,0,0
BDMIZHEN,1,PLAT01,0x00000000,0,0,0,0
BDMIZHEN,2,SHLD04,0x00000000,0,0,0,0
BDMIZHEN,3,BLUN15,0x00000001,0,0,0,0
BDMIZHEN,4,SLNG02,0x00000000,0,0,0,0
BDMIZHEN,5,BULL03,0x00000000,0,40,0,0
BDMIZHEN,6,UNITEMPU,0x00000000,0,0,0,0
BDMIZHEN,7,POTN52,0x00000000,0,2,0,0
BDMIZHEN,8,WAND11,0x00000000,0,6,0,0
BDMIZHEN,9,POTN34,0x00000000,0,1,0,0
BDMIZHEN,10,DW#HASPT,0x00000000,0,0,0,0
BDMIZHEN,11,DW#RND26,0x00000000,0,0,0,0
BDFIST22,0,HELM09,0x00000008,1,0,0,0
BDFIST22,1,CHAN04,0x00000008,1,0,0,0
BDFIST22,2,SHLD01A,0x00000008,1,0,0,0
BDFIST22,3,SW1H04,0x00000008,1,0,0,0
BDFIST22,4,UNIFLAM,0x00000000,0,0,0,0
BDFIST22,5,POTN08,0x00000008,1,1,0,0
BDFIST22,6,DW#HASPT,0x00000000,0,0,0,0
BDFIST22,7,DW#RND12,0x00000000,0,0,0,0
BDFIST22,8,DW#RND25,0x00000000,0,0,0,0
BDFIST21,0,HELM09,0x00000008,1,0,0,0
BDFIST21,1,CHAN04,0x00000008,1,0,0,0
BDFIST21,2,SHLD01A,0x00000008,1,0,0,0
BDFIST21,3,SW1H04,0x00000008,1,0,0,0
BDFIST21,4,UNIFLAM,0x00000000,0,0,0,0
BDFIST21,5,POTN08,0x00000008,1,1,0,0
BDFIST21,6,DW#HASPT,0x00000000,0,0,0,0
BDFIST21,7,DW#RND12,0x00000000,0,0,0,0
BDFIST21,8,DW#RND26,0x00000000,0,0,0,0
CORWIN7,0,BDHELM08,0x00000001,0,0,0,0
CORWIN7,1,BDCHAN05,0x00000003,0,0,0,0
CORWIN7,2,BDBOW06,0x00000003,0,0,0,0
CORWIN7,3,HALB02,0x00000001,0,0,0,0
CORWIN7,4,AROW02,0x00000001,0,80,0,0
CORWIN7,5,AROW08,0x00000001,0,40,0,0
CORWIN7,6,AROW11,0x00000001,0,40,0,0
CORWIN7,7,POTN52,0x00000001,0,3,0,0
CORWIN7,8,POTN08,0x00000001,0,5,0,0
CORWIN7,9,POTN37,0x00000001,0,2,0,0
CORWIN7,10,POTN14,0x00000001,0,1,0,0
GLINT7,0,LEAT11,0x00000001,0,0,0,0
GLINT7,1,SHLD17A,0x00000001,0,0,0,0
GLINT7,2,BDBELT03,0x00000001,0,0,0,0
GLINT7,3,SLNG02,0x00000001,0,0,0,0
GLINT7,4,BLUN07,0x00000001,0,0,0,0
GLINT7,5,BULL02,0x00000001,0,80,0,0
GLINT7,6,BULL07,0x00000001,0,40,0,0
GLINT7,7,BULL03,0x00000001,0,40,0,0
GLINT7,8,POTN52,0x00000001,0,3,0,0
GLINT7,9,POTN17,0x00000001,0,3,0,0
GLINT7,10,POTN10,0x00000001,0,2,0,0
BDIVANN,0,HELM01,0x00000000,0,0,0,0
BDIVANN,1,PLAT01,0x00000000,0,0,0,0
BDIVANN,2,SHLD06A,0x00000000,0,0,0,0
BDIVANN,3,BDRING06,0x00000000,0,0,0,0
BDIVANN,4,MINHP1,0x00000000,0,0,0,0
BDIVANN,5,SW1H41,0x00000000,0,0,0,0
BDIVANN,6,POTN52,0x00000000,0,1,0,0
BDIVANN,7,POTN14,0x00000000,0,1,0,0
BDIVANN,8,POTN21,0x00000000,0,1,0,0
BDIVANN,9,DW#HASPT,0x00000000,0,0,0,0
BDIVANN,10,DW#RND12,0x00000000,0,0,0,0
BDWILHM,0,MINHP1,0x00000000,0,0,0,0
BDWILHM,1,MFIST3,0x00000000,0,0,0,0
BDWILHM,2,POTN18,0x00000000,0,1,0,0
BDWILHM,3,DW#RND03,0x00000000,0,0,0,0
BDWILHM,4,DW#RND18,0x00000000,0,0,0,0
BDWILHM,5,DW#RND32,0x00000000,0,0,0,0
BDCRUS10,0,BDHELM03,0x00000008,1,0,0,0
BDCRUS10,1,CHAN04,0x00000008,1,0,0,0
BDCRUS10,2,SW2H02,0x00000000,0,5,0,0
BDCRUS10,3,POTN52,0x00000000,0,1,0,0
BDCRUS10,4,POTN04,0x00000000,0,1,0,0
BDCRUS10,5,POTN11,0x00000000,0,1,0,0
BDCRUS11,0,HELM01,0x00000000,0,0,0,0
BDCRUS11,1,PLAT01,0x00000000,0,0,0,0
BDCRUS11,2,SHLD06A,0x00000000,0,0,0,0
BDCRUS11,3,HAMM02,0x00000000,0,0,0,0
BDCRUS11,4,BDHAMM03,0x0000000A,1,10,0,0
BDCRUS11,5,POTN52,0x00000000,0,0,0,0
BDCRUS11,6,WAND11,0x00000000,0,5,0,0
BDCRUS11,7,DW#HASPT,0x00000000,0,0,0,0
BDCRUS11,8,DW#RND26,0x00000000,0,0,0,0
BDCRUS12,0,LEAT05,0x00000000,0,0,0,0
BDCRUS12,1,BDHALB02,0x00000000,0,0,0,0
BDCRUS12,2,SLNG02,0x00000000,0,0,0,0
BDCRUS12,3,BULL02,0x00000000,0,20,0,0
BDCRUS12,4,POTN08,0x00000000,0,1,0,0
BDCRUS12,5,DW#HASPT,0x00000000,0,0,0,0
BDCRUS13,0,WAND06,0x00000000,0,5,0,0
BDCRUS13,1,POTN08,0x00000000,0,0,0,0
BDCRUS13,2,DART03,0x00000000,0,20,0,0
BDCRUS13,3,DAGG02,0x00000000,0,0,0,0
BDCRUS13,4,MINHP1,0x00000000,0,0,0,0
BDCRUS13,5,CLCK12,0x00000000,0,0,0,0
BDCRUS13,6,DW#HASPT,0x00000000,0,0,0,0
BDCRUS13,7,DW#RND38,0x00000000,0,0,0,0
BDCRUS14,0,BDHELM03,0x00000008,1,0,0,0
BDCRUS14,1,CHAN01,0x00000008,1,0,0,0
BDCRUS14,2,BOW02,0x00000000,0,1,0,0
BDCRUS14,3,DAGG01,0x00000008,1,0,0,0
BDCRUS14,4,AROW08,0x00000000,0,40,0,0
BDCRUS14,5,POTN08,0x00000000,0,1,0,0
BDCRUS14,6,POTN26,0x00000000,0,2,0,0
BDCRUS15,0,LEAT04,0x00000000,0,0,0,0
BDCRUS15,1,XBOW04,0x00000000,0,0,0,0
BDCRUS15,2,DAGG01,0x00000000,0,0,0,0
BDCRUS15,3,BOLT02,0x00000000,0,20,0,0
BDCRUS15,4,POTN08,0x00000000,0,1,0,0
BDCRUS15,5,BDBFLYE2,0x00000000,0,0,0,0
BDCRUS15,6,DW#HASPT,0x00000000,0,0,0,0
BDCRUS15,7,DW#RND17,0x00000000,0,0,0,0
BDCRUS15,8,DW#RND38,0x00000000,0,0,0,0
BDJAYVIS,0,UNICAEL,0x00000000,0,0,0,0
BDJAYVIS,1,STAF01,0x00000001,0,0,0,0
BDJAYVIS,2,MINHP1,0x00000001,0,0,0,0
BDJAYVIS,3,CLCK12,0x00000000,0,0,0,0
BDJAYVIS,4,DW#RND06,0x00000000,0,0,0,0
BDCCHOB1,0,HELM01,0x00000008,1,0,0,0
BDCCHOB1,1,LEAT04,0x00000008,1,0,0,0
BDCCHOB1,2,SW1H01,0x00000008,1,0,999,0
BDCCHOB1,3,UNICHILL,0x00000000,0,0,0,0
BDCCSAR1,0,HELM01,0x00000009,1,0,0,0
BDCCSAR1,1,CHAN05,0x00000008,1,0,0,0
BDCCSAR1,2,XBOW01,0x00000009,1,1,0,0
BDCCSAR1,3,BOLT01,0x00000009,1,40,0,0
BDCCSAR1,4,UNICAEL,0x00000000,0,0,0,0
BDCCSAR1,5,DW#RND04,0x00000000,0,0,0,0
BDCCSAR1,6,DW#RND12,0x00000000,0,0,0,0
BDCCSAR1,7,DW#RND26,0x00000000,0,0,0,0
BDFIST23,0,HELM09,0x00000008,1,0,0,0
BDFIST23,1,CHAN04,0x00000008,1,0,0,0
BDFIST23,2,XBOW01,0x00000008,1,0,0,0
BDFIST23,3,SW1H07,0x00000008,1,0,0,0
BDFIST23,4,BOLT01,0x00000008,1,40,0,0
BDFIST23,5,UNIFLAM,0x00000000,0,0,0,0
BDFIST23,6,POTN08,0x00000008,1,1,0,0
BDFIST23,7,DW#HASPT,0x00000000,0,0,0,0
BDFIST23,8,DW#RND12,0x00000000,0,0,0,0
BDFIST23,9,DW#RND25,0x00000000,0,0,0,0
BDFIST26,0,HELM09,0x00000008,1,0,0,0
BDFIST26,1,CHAN04,0x00000008,1,0,0,0
BDFIST26,2,SHLD05A,0x00000008,1,0,0,0
BDFIST26,3,BLUN06,0x00000008,1,0,0,0
BDFIST26,4,UNIFLAM,0x00000000,0,0,0,0
BDFIST26,5,POTN08,0x00000000,0,2,0,0
BDFIST26,6,POTN09,0x00000000,0,1,0,0
BDFIST26,7,DW#HASPT,0x00000000,0,0,0,0
BDFIST26,8,DW#RND11,0x00000000,0,0,0,0
BDFIST25,0,HELM09,0x00000008,1,0,0,0
BDFIST25,1,CHAN01,0x00000008,1,0,0,0
BDFIST25,2,BOW01,0x00000008,1,0,0,0
BDFIST25,3,SW1H07,0x00000008,1,0,0,0
BDFIST25,4,AROW01,0x00000008,1,40,0,0
BDFIST25,5,UNIFLAM,0x00000000,0,0,0,0
BDFIST25,6,POTN08,0x00000008,1,1,0,0
BDFIST25,7,DW#HASPT,0x00000000,0,0,0,0
BDFIST25,8,DW#RND12,0x00000000,0,0,0,0
BDFIST25,9,DW#RND26,0x00000000,0,0,0,0
BEARBR,0,B1-8,0x00000000,0,0,0,0
BDBEARBR,0,S1-8,0x00000000,0,0,0,0
MOOSE01,0,P1-10,0x0000000A,1,0,0,0
BDWOLFDI,0,P2-8,0x00000000,0,0,0,0
BDWORG,0,P2-8,0x00000000,0,0,0,0
BDSPIDHU,0,ANTIWEB,0x00000000,0,0,0,0
BDSPIDHU,1,BDSPIDHU,0x00000000,0,0,0,0
BDSPIDGI,0,ANTIWEB,0x00000000,0,0,0,0
BDSPIDGI,1,BDSPIDGI,0x00000000,0,0,0,0
BDBEARBL,0,B1-6,0x00000000,0,0,0,0
BDBEARBN,0,S1-8,0x00000000,0,0,0,0
BDBANDAM,0,LEAT01,0x00000000,0,0,0,0
BDBANDAM,1,SW1H04,0x00000000,0,0,0,0
BDBANDAM,2,BOW05,0x00000000,0,0,0,0
BDBANDAM,3,AROW08,0x00000000,0,3,0,0
BDBANDAM,4,AROW01,0x00000000,0,20,0,0
BDBANDAM,5,RNDTRE06,0x00000000,0,0,0,0
BDBANDAM,6,0,0x00000002,0,0,0,0
JELLOC,0,JELLOC1,0x00000000,0,0,0,0
JELLOC,1,RING95,0x00000000,0,0,0,0
JELLOC,2,DW#JELOC,0x00000000,0,0,0,0
JELLOC,3,DW#JELOC,0x00000000,0,0,0,0
BDSEMAHL,0,HELMNOAN,0x0000000A,1,0,0,0
BDSEMAHL,1,BDSEMAHL,0x0000000A,1,0,0,0
BDSEMAHL,2,RNDTRE07,0x00000000,0,0,0,0
BDSEMAHL,3,DW#RND06,0x00000000,0,0,0,0
BDSEMAHL,4,DW#RND13,0x00000000,0,0,0,0
BDDCLER1,0,CHAN04,0x00000000,0,0,0,0
BDDCLER1,1,SHLD03A,0x00000000,0,0,0,0
BDDCLER1,2,HAMM01,0x00000001,0,0,0,0
BDDCLER1,3,BDHAMM03,0x0000000B,1,10,0,0
BDDCLER1,4,POTN08,0x00000000,0,1,0,0
BDDCLER1,5,POTN26,0x00000000,0,1,0,0
BDDCLER1,6,DW#HASPT,0x00000000,0,0,0,0
BDDCLER2,0,CHAN01,0x00000000,0,0,0,0
BDDCLER2,1,SHLD01A,0x00000000,0,0,0,0
BDDCLER2,2,BDAMUL09,0x00000000,0,0,0,0
BDDCLER2,3,RNDMAG06,0x00000000,0,0,0,0
BDDCLER2,4,BLUN05,0x00000000,0,0,0,0
BDDCLER2,5,BULL02,0x00000000,0,20,0,0
BDDCLER2,6,POTN08,0x00000000,0,1,0,0
BDDCLER2,7,POTN17,0x00000000,0,1,0,0
BDDCLER2,8,SLNG01,0x00000000,0,0,0,0
BDDCLER2,9,DW#HASPT,0x00000000,0,0,0,0
BDDCLER3,0,PLAT01,0x00000000,0,0,0,0
BDDCLER3,1,SHLD05A,0x00000000,0,0,0,0
BDDCLER3,2,BDAMUL09,0x00000000,0,0,0,0
BDDCLER3,3,HAMM02,0x00000001,0,0,0,0
BDDCLER3,4,HELM01,0x00000000,0,0,0,0
BDDCLER3,5,POTN52,0x00000000,0,1,0,0
BDDCLER3,6,POTN09,0x00000000,0,0,0,0
BDDCLER3,7,DW#HASPT,0x00000000,0,0,0,0
BDDEEP,0,BDHELM09,0x00000000,0,0,0,0
BDDEEP,1,CHAN05,0x00000000,0,0,0,0
BDDEEP,2,BDAMUL09,0x00000000,0,0,0,0
BDDEEP,3,HAMM08,0x00000000,0,0,0,0
BDDEEP,4,SHLD04A,0x00000000,0,0,0,0
BDDEEP,5,POTN52,0x00000000,0,1,0,0
BDDEEP,6,WAND11,0x00000000,0,6,0,0
BDDEEP,7,SLNG02,0x00000000,0,0,0,0
BDDEEP,8,BULL03,0x00000000,0,40,0,0
BDDEEP,9,DW#HASPT,0x00000000,0,0,0,0
BDWIGHT,0,IMMUNE1,0x0000000A,1,0,0,0
BDWIGHT,1,RING95,0x0000000A,1,0,0,0
BDWIGHT,2,BDAMUL09,0x00000000,0,0,0,0
BDWIGHT,3,BDWIGHT,0x0000000A,1,0,0,0
BDGHAST,0,RING95,0x00000000,0,0,0,0
BDGHAST,1,GHAST1,0x00000000,0,0,0,0
BDUMBER1,0,UMBER01,0x00000000,0,0,0,0
GHOUL,0,RNDTRE08,0x00000000,0,0,0,0
GHOUL,1,GHOUL1,0x00000000,0,0,0,0
GHOUL,2,RING95,0x00000000,0,0,0,0
CARRIO,0,CARRIO1,0x00000000,0,0,0,0
BDCCRAW1,0,BDCCRAW1,0x0000000A,1,0,0,0
BDMCARRI,0,CARRIO1,0x0000000A,1,0,0,0
BDOTYG02,0,BDOTYG01,0x0000000A,1,0,0,0
BDOTYG01,0,BDOTYG01,0x0000000A,1,0,0,0
BDDLICH,0,RNDTRE09,0x00000000,0,0,0,0
BDDLICH,1,LICH02,0x00000000,0,0,0,0
BDDLICH,2,LICH,0x00000000,0,0,0,0
BDCOLDH,0,LICH02,0x0000000A,1,0,0,0
BDCOLDH,1,BDLICH,0x0000000A,1,0,0,0
BDSCRY,0,MINHP1,0x0000000A,1,0,0,0
BDBRONZE,0,HELMNOAN,0x0000000A,1,0,0,0
BDBRONZE,1,RING95,0x0000000A,1,0,0,0
BDBRONZE,2,BDCONSTR,0x0000000A,1,0,0,0
BDBRONZE,3,SEEALL,0x0000000A,1,0,0,0
BDBRONZE,4,IMMUNE1,0x0000000A,1,0,0,0
BDBRONZE,5,BDSW2H02,0x00000000,0,0,0,0
BDDEAD01,0,RING95,0x0000000A,1,0,0,0
BDDEAD01,1,S1-8M1,0x0000000A,1,0,0,0
BDSKGR08,0,HELMNOAN,0x0000000A,1,0,0,0
BDSKGR08,1,RING95,0x0000000A,1,0,0,0
BDSKGR08,2,IMMUNE1,0x0000000A,1,0,0,0
BDSKGR08,3,SW2H02,0x0000000A,1,0,0,0
BDSKGR08,4,RNDTRI03,0x00000000,0,0,0,0
BDWIGHDD,0,RING95,0x0000000A,1,0,0,0
BDWIGHDD,1,IMMUNE1,0x0000000A,1,0,0,0
BDWIGHDD,2,BDWIGHT,0x0000000A,1,0,0,0
BDWIGHDD,3,BDMISC59,0x00000000,0,0,0,0
BDTHARAN,0,HELM01,0x00000008,1,0,0,0
BDTHARAN,1,CHAN01,0x00000000,0,0,0,0
BDTHARAN,2,SHLD01A,0x00000008,1,0,0,0
BDTHARAN,3,BLUN06,0x00000000,0,0,0,0
BDTHARAN,4,AX1H04,0x00000000,0,3,0,0
BDTHARAN,5,POTN08,0x00000000,0,1,0,0
BDTHARAN,6,SCRL15,0x00000000,0,1,0,0
BDTHARAN,7,DW#HASPT,0x00000000,0,0,0,0
BDTHARAN,8,DW#RND11,0x00000000,0,0,0,0
BDTHARAN,9,DW#RND26,0x00000000,0,0,0,0
BDYMORI,0,RING95,0x00000000,0,0,0,0
BDYMORI,1,IMMUNE1,0x00000000,0,0,0,0
BDYMORI,2,BDAMUL10,0x00000002,0,0,0,0
BDYMORI,3,WIGHT,0x00000000,0,0,0,0
BDYMORI,4,BDSW1H09,0x00000002,0,0,0,0
BDYMORI,5,RNDTRE08,0x00000000,0,0,0,0
BDYMORI,6,BDYMORI,0x00000003,0,0,0,0
BDTHIRRI,0,POTN26,0x00000000,0,2,0,0
BDTHIRRI,1,POTN21,0x00000000,0,1,0,0
BDTHIRRI,2,POTN08,0x0000000B,1,2,0,0
BDTHIRRI,3,DAGG05,0x00000001,0,10,0,0
BDTHIRRI,4,DAGG01,0x00000009,1,1,0,0
BDTHIRRI,5,DW#HASPT,0x00000000,0,0,0,0
BDTHIRRI,6,DW#RND38,0x00000000,0,0,0,0
BDELANDR,0,WAND04,0x00000000,0,2,0,0
BDELANDR,1,DART01,0x00000001,0,40,0,0
BDELANDR,2,STAF01,0x00000009,1,0,0,0
BDWELL01,0,OHRRING2,0x00000002,0,0,0,0
BDGUAR22,0,HELM01,0x00000008,1,0,0,0
BDGUAR22,1,CHAN04,0x00000008,1,0,0,0
BDGUAR22,2,SHLD05A,0x00000008,1,0,0,0
BDGUAR22,3,SW1H04,0x00000008,1,0,0,0
BDGUAR22,4,UNICAEL,0x00000000,0,0,0,0
BDGUAR22,5,POTN08,0x00000008,1,1,0,0
BDGUAR22,6,DW#HASPT,0x00000000,0,0,0,0
BDGUAR22,7,DW#RND12,0x00000000,0,0,0,0
BDGUAR22,8,DW#RND26,0x00000000,0,0,0,0
BDGUAR21,0,HELM01,0x00000008,1,0,0,0
BDGUAR21,1,CHAN04,0x00000008,1,0,0,0
BDGUAR21,2,SHLD03A,0x00000008,1,0,0,0
BDGUAR21,3,HAMM01,0x00000008,1,0,0,0
BDGUAR21,4,UNICAEL,0x00000000,0,0,0,0
BDGUAR21,5,POTN08,0x00000008,1,1,0,0
BDGUAR21,6,DW#HASPT,0x00000000,0,0,0,0
BDGUAR21,7,DW#RND12,0x00000000,0,0,0,0
BDGUAR21,8,DW#RND26,0x00000000,0,0,0,0
BDGUAR20,0,HELM01,0x00000008,1,0,0,0
BDGUAR20,1,CHAN04,0x00000008,1,0,0,0
BDGUAR20,2,HALB01,0x00000008,1,0,0,0
BDGUAR20,3,UNICAEL,0x00000000,0,0,0,0
BDGUAR20,4,POTN08,0x00000008,1,1,0,0
BDGUAR20,5,DW#HASPT,0x00000000,0,0,0,0
BDGUAR20,6,DW#RND12,0x00000000,0,0,0,0
BDGUAR20,7,DW#RND26,0x00000000,0,0,0,0
BDGUAR23,0,HELM01,0x00000008,1,0,0,0
BDGUAR23,1,CHAN04,0x00000008,1,0,0,0
BDGUAR23,2,BOW01,0x00000008,1,0,0,0
BDGUAR23,3,SW1H07,0x00000008,1,0,0,0
BDGUAR23,4,BOLT01,0x00000008,1,0,0,0
BDGUAR23,5,POTN08,0x00000008,1,1,0,0
BDGUAR23,6,UNICAEL,0x00000000,0,0,0,0
BDGUAR23,7,DW#HASPT,0x00000000,0,0,0,0
BDGUAR23,8,DW#RND11,0x00000000,0,0,0,0
BDGUAR23,9,DW#RND26,0x00000000,0,0,0,0
BDGUAR24,0,HELM01,0x00000008,1,0,0,0
BDGUAR24,1,CHAN04,0x00000008,1,0,0,0
BDGUAR24,2,SHLD03A,0x00000008,1,0,0,0
BDGUAR24,3,HAMM01,0x00000008,1,0,0,0
BDGUAR24,4,POTN08,0x00000008,1,1,0,0
BDGUAR24,5,UNICAEL,0x00000000,0,0,0,0
BDGUAR24,6,DW#HASPT,0x00000000,0,0,0,0
BDGUAR24,7,DW#RND12,0x00000000,0,0,0,0
BDGUAR24,8,DW#RND25,0x00000000,0,0,0,0
BDBARGHE,0,HELMNOAN,0x00000001,0,0,0,0
BDBARGHE,1,PLAT04,0x00000001,0,0,0,0
BDBARGHE,2,SHLD06,0x00000000,0,0,0,0
BDBARGHE,3,BDAX1H03,0x00000000,0,0,999,0
BDBARGHE,4,UNIBARGH,0x00000000,0,0,0,0
BDBARGHE,5,POTN52,0x00000000,0,2,0,0
BDBARGHE,6,POTN41,0x00000000,0,1,0,0
BDBARGHE,7,POTN52,0x00000000,0,1,0,0
BDBARGHE,8,DW#HASPT,0x00000000,0,0,0,0
BDBARGHE,9,DW#RND14,0x00000000,0,0,0,0
BDHORMOR,0,CLCK12,0x00000000,0,0,0,0
BDHORMOR,1,SHLD02A,0x00000008,1,0,0,0
BDHORMOR,2,BLUN05,0x00000008,1,0,0,0
BDHORMOR,3,SLNG02,0x00000000,0,0,0,0
BDHORMOR,4,BULL08,0x00000000,0,20,0,0
BDHORMOR,5,UNICAEL2,0x00000000,0,0,0,0
BDHORMOR,6,POTN52,0x00000000,0,1,0,0
BDHORMOR,7,WAND11,0x00000000,0,2,0,0
BDHORMOR,8,WAND05,0x00000000,0,2,2,0
BDHORMOR,9,BDHELM03,0x00000008,1,0,0,0
BDHORMOR,10,DW#HASPT,0x00000000,0,0,0,0
BDHORMOR,11,DW#RND18,0x00000000,0,0,0,0
BDOLONEI,0,POTN21,0x00000000,0,1,0,0
BDOLONEI,1,POTN52,0x00000000,0,2,0,0
BDOLONEI,2,WAND06,0x00000000,0,3,0,0
BDOLONEI,3,CLCK01,0x00000000,0,0,0,0
BDOLONEI,4,DART05,0x00000000,0,40,0,0
BDOLONEI,5,STAF07,0x00000000,0,0,0,0
BDOLONEI,6,BDBRAC13,0x00000000,0,0,0,0
BDOLONEI,7,CLCK13,0x00000000,0,0,0,0
BDOLONEI,8,DW#HASPT,0x00000000,0,0,0,0
BDOLONEI,9,DW#RND38,0x00000000,0,0,0,0
BDVICHAN,0,WAND04,0x00000000,0,3,0,0
BDVICHAN,1,POTN52,0x00000000,0,1,0,0
BDVICHAN,2,STAF01,0x00000009,1,0,0,0
BDVICHAN,3,CLCK14,0x00000008,1,0,0,0
BDVICHAN,4,DW#HASPT,0x00000000,0,0,0,0
BDVICHAN,5,DW#RND37,0x00000000,0,0,0,0
BDBSENT1,0,HELM01,0x00000000,0,0,0,0
BDBSENT1,1,CHAN04,0x00000000,0,0,0,0
BDBSENT1,2,SHLD05A,0x00000000,0,0,0,0
BDBSENT1,3,BLUN06,0x00000000,0,0,0,0
BDBSENT1,4,POTN08,0x00000000,0,1,0,0
BDBSENT1,5,UNICAEL,0x00000000,0,0,0,0
BDBSENT1,6,DW#HASPT,0x00000000,0,0,0,0
BDBSENT1,7,DW#RND12,0x00000000,0,0,0,0
BDBSENT1,8,DW#RND25,0x00000000,0,0,0,0
BDMUNSCH,0,HELM01,0x00000009,1,0,0,0
BDMUNSCH,1,PLAT01,0x00000009,1,0,0,0
BDMUNSCH,2,BLUN07,0x00000008,1,0,0,0
BDMUNSCH,3,UNICAEL,0x00000000,0,0,0,0
BDMUNSCH,4,POTN52,0x00000000,0,1,0,0
BDMUNSCH,5,POTN03,0x00000000,0,1,0,0
BDMUNSCH,6,DW#HASPT,0x00000000,0,0,0,0
BDMUNSCH,7,DW#RND12,0x00000000,0,0,0,0
BDKHARM,0,HELM06,0x00000000,0,0,0,0
BDKHARM,1,PLAT01,0x00000000,0,0,0,0
BDKHARM,2,HALB07,0x00000000,0,0,0,0
BDKHARM,3,UNICAEL,0x00000000,0,0,0,0
BDKHARM,4,POTN52,0x00000000,0,1,0,0
BDKHARM,5,POTN05,0x00000000,0,1,0,0
BDKHARM,6,POTN09,0x00000000,0,1,0,0
BDKHARM,7,DW#HASPT,0x00000000,0,0,0,0
BDKHARM,8,DW#RND12,0x00000000,0,0,0,0
BDCRUR27,0,HELM01,0x00000008,1,0,0,0
BDCRUR27,1,CHAN04,0x00000008,1,0,0,0
BDCRUR27,2,SHLD01A,0x00000008,1,0,0,0
BDCRUR27,3,SW1H04,0x00000008,1,0,0,0
BDCRUR27,4,UNICAEL,0x00000000,0,0,0,0
BDCRUR27,5,POTN08,0x00000000,0,1,0,0
BDCRUR26,0,HELM01,0x00000008,1,0,0,0
BDCRUR26,1,LEAT04,0x00000008,1,0,0,0
BDCRUR26,2,SW1H01,0x00000008,1,0,999,0
BDCRUR26,3,UNICHILL,0x00000000,0,0,0,0
BDCRUR26,4,POTN08,0x00000000,0,1,0,0
BDCRUR28,0,HELM01,0x00000008,1,0,0,0
BDCRUR28,1,LEAT04,0x00000008,1,0,0,0
BDCRUR28,2,SPER01,0x00000008,1,0,0,0
BDCRUR28,3,POTN08,0x00000000,0,1,0,0
BDCRUR28,4,UNICAEL,0x00000000,0,0,0,0
BDCRUS95,0,LEAT04,0x00000008,1,0,0,0
BDCRUS95,1,SW1H07,0x00000008,1,0,0,0
BDCRUS95,2,UNICAEL,0x00000000,0,0,0,0
BDCRUS95,3,POTN08,0x00000000,0,1,0,0
BDCRUS95,4,DW#HASPT,0x00000000,0,0,0,0
BDCRUS95,5,DW#RND18,0x00000000,0,0,0,0
BDCRUS95,6,DW#RND37,0x00000000,0,0,0,0
BDCRUS98,0,HELM01,0x00000008,1,0,0,0
BDCRUS98,1,CHAN01,0x00000008,1,0,0,0
BDCRUS98,2,AX1H01,0x00000000,0,0,999,0
BDCRUS98,3,AX1H01,0x00000008,1,0,999,0
BDCRUS98,4,UNICAEL,0x00000000,0,0,0,0
BDCRUS98,5,POTN08,0x00000000,0,1,0,0
BDCRUR29,0,SW1H07,0x00000008,1,0,0,0
BDCRUR29,1,UNICAEL,0x00000000,0,0,0,0
BDCRUR29,2,POTN10,0x00000000,0,1,0,0
BDCRU100,0,LEAT04,0x00000008,1,0,0,0
BDCRU100,1,SW1H07,0x00000008,1,0,0,0
BDCRU100,2,BOW05,0x00000008,1,0,0,0
BDCRU100,3,AROW01,0x00000000,0,40,0,0
BDCRU100,4,UNICAEL,0x00000000,0,0,0,0
BDCRU100,5,POTN08,0x00000000,0,1,0,0
BDCRU100,6,POTN10,0x00000000,0,0,0,0
BDCRU102,0,BDHELM03,0x00000008,1,0,0,0
BDCRU102,1,LEAT04,0x00000008,1,0,0,0
BDCRU102,2,SW1H01,0x00000008,1,0,999,0
BDCRU102,3,UNICHILL,0x00000000,0,0,0,0
BDCRU102,4,POTN08,0x00000000,0,1,0,0
BDCRU116,0,SW1H07,0x00000008,1,0,0,0
BDCRU116,1,UNICHILL,0x00000000,0,0,0,0
BDCRU116,2,POTN10,0x00000008,1,1,0,0
BDCRU116,3,POTN10,0x00000000,0,1,0,0
BDCRU101,0,CHAN01,0x00000008,1,0,0,0
BDCRU101,1,AX1H01,0x00000008,1,0,999,0
BDCRU101,2,UNICHILL,0x00000000,0,0,0,0
BDCRU101,3,POTN08,0x00000000,0,0,0,0
BDCRUS25,0,HELM01,0x00000008,1,0,0,0
BDCRUS25,1,LEAT04,0x00000008,1,0,0,0
BDCRUS25,2,BOW01,0x00000008,1,0,0,0
BDCRUS25,3,SW1H04,0x00000008,1,0,0,0
BDCRUS25,4,AROW02,0x00000000,0,20,0,0
BDCRUS25,5,UNICHILL,0x00000000,0,0,0,0
BDCRUS25,6,POTN08,0x00000000,0,1,0,0
BDCRU104,0,SW2H01,0x00000008,1,0,0,0
BDCRU104,1,UNICHILL,0x00000000,0,0,0,0
BDCRU104,2,POTN08,0x00000000,0,1,0,0
BDCRU104,3,CHAN01,0x00000008,1,0,0,0
BDCRU103,0,HELM01,0x00000008,1,0,0,0
BDCRU103,1,LEAT04,0x00000008,1,0,0,0
BDCRU103,2,HALB01,0x00000008,1,0,0,0
BDCRU103,3,UNICHILL,0x00000000,0,0,0,0
BDCRU103,4,POTN08,0x00000000,0,1,0,0
BDTROLL1,0,TROLL01,0x00000000,0,0,0,0
BDTROLL1,1,TROLLBOO,0x00000000,0,0,0,0
BDTROLL1,2,TROLLIMM,0x00000000,0,0,0,0
BDTROLL1,3,TROLLREG,0x00000000,0,0,0,0
BDTROLL2,0,TROLL01,0x00000000,0,0,0,0
BDTROLL2,1,TROLLBOO,0x00000000,0,0,0,0
BDTROLL2,2,TROLLIMM,0x00000000,0,0,0,0
BDTROLL2,3,TROLLREG,0x00000000,0,0,0,0
BDBRIDG1,0,BDHELM03,0x00000008,1,0,0,0
BDBRIDG1,1,LEAT04,0x00000008,1,0,0,0
BDBRIDG1,2,SHLD01A,0x00000000,0,0,0,0
BDBRIDG1,3,SW1H07,0x00000008,1,0,0,0
BDBRIDG1,4,UNICAEL,0x00000000,0,0,0,0
BDBRIDG1,5,POTN08,0x00000008,1,1,0,0
BDBRIDGE,0,HELM01,0x00000008,1,0,0,0
BDBRIDGE,1,CHAN01,0x00000008,1,0,0,0
BDBRIDGE,2,XBOW04,0x00000008,1,0,0,0
BDBRIDGE,3,HAMM01,0x00000008,1,0,0,0
BDBRIDGE,4,BOLT01,0x00000000,0,40,0,0
BDBRIDGE,5,UNICAEL,0x00000000,0,0,0,0
BDBRIDGE,6,POTN08,0x00000008,1,1,0,0
BDCRUS93,0,HELM01,0x00000008,1,0,0,0
BDCRUS93,1,LEAT04,0x00000008,1,0,0,0
BDCRUS93,2,BOW01,0x00000008,1,0,0,0
BDCRUS93,3,SW1H07,0x00000008,1,0,0,0
BDCRUS93,4,AROW01,0x00000000,0,40,0,0
BDCRUS93,5,UNICAEL,0x00000000,0,0,0,0
BDCRUS93,6,POTN08,0x00000000,0,1,0,0
BDCRUS93,7,DW#HASPT,0x00000000,0,0,0,0
BDCRUS93,8,DW#RND12,0x00000000,0,0,0,0
BDCRUS93,9,DW#RND25,0x00000000,0,0,0,0
BDCRUS96,0,LEAT04,0x00000008,1,0,0,0
BDCRUS96,1,BOW03,0x00000008,1,0,0,0
BDCRUS96,2,SW1H04,0x00000008,1,0,0,0
BDCRUS96,3,AROW01,0x00000000,0,40,0,0
BDCRUS96,4,UNICAEL,0x00000000,0,0,0,0
BDCRUS96,5,POTN08,0x00000000,0,1,0,0
BDCRUS96,6,DW#HASPT,0x00000000,0,0,0,0
BDCRUS96,7,DW#RND12,0x00000000,0,0,0,0
BDCRUS96,8,DW#RND26,0x00000000,0,0,0,0
BDCRUX34,0,HELM01,0x00000008,1,0,0,0
BDCRUX34,1,PLAT01,0x00000008,1,0,0,0
BDCRUX34,2,XBOW01,0x00000008,1,0,0,0
BDCRUX34,3,POTN52,0x00000000,0,1,0,0
BDCRUX34,4,UNICAEL,0x00000000,0,0,0,0
BDCRUX34,5,DAGG01,0x00000008,1,0,0,0
BDCRUX34,6,BOLT02,0x00000000,0,40,0,0
BDCRUX34,7,DW#HASPT,0x00000000,0,0,0,0
BDCRUX34,8,DW#RND12,0x00000000,0,0,0,0
BDCRUX34,9,DW#RND26,0x00000000,0,0,0,0
BDCRUS39,0,HELM01,0x00000008,1,0,0,0
BDCRUS39,1,LEAT04,0x00000008,1,0,0,0
BDCRUS39,2,XBOW04,0x00000008,1,1,0,0
BDCRUS39,3,POTN08,0x00000000,0,1,0,0
BDCRUS39,4,BLUN04,0x00000008,1,0,0,0
BDCRUS39,5,BOLT01,0x00000000,0,20,0,0
BDCRUS39,6,UNICAEL,0x00000000,0,0,0,0
BDCRUS39,7,DW#HASPT,0x00000000,0,0,0,0
BDCRUS39,8,DW#RND12,0x00000000,0,0,0,0
BDCRUS39,9,DW#RND25,0x00000000,0,0,0,0
BDCRUS97,0,LEAT04,0x00000008,1,0,0,0
BDCRUS97,1,BOW01,0x00000008,1,0,0,0
BDCRUS97,2,SW1H07,0x00000008,1,0,0,0
BDCRUS97,3,AROW01,0x00000000,0,40,0,0
BDCRUS97,4,UNICAEL,0x00000000,0,0,0,0
BDCRUS97,5,POTN08,0x00000000,0,1,0,0
BDCRUS97,6,DW#HASPT,0x00000000,0,0,0,0
BDCRUS97,7,DW#RND11,0x00000000,0,0,0,0
BDCRUS97,8,DW#RND26,0x00000000,0,0,0,0
BDCRUS90,0,HELM01,0x00000008,1,0,0,0
BDCRUS90,1,LEAT04,0x00000008,1,0,0,0
BDCRUS90,2,BOW03,0x00000008,1,0,0,0
BDCRUS90,3,DAGG01,0x00000008,1,0,0,0
BDCRUS90,4,AROW02,0x00000000,0,10,0,0
BDCRUS90,5,AROW01,0x00000000,0,40,0,0
BDCRUS90,6,UNICAEL,0x00000000,0,0,0,0
BDCRUS90,7,POTN08,0x00000000,0,1,0,0
BDCRUS90,8,DW#HASPT,0x00000000,0,0,0,0
BDCRUS90,9,DW#RND12,0x00000000,0,0,0,0
BDCRUS90,10,DW#RND25,0x00000000,0,0,0,0
BDCRUE31,0,HELM01,0x00000008,1,0,0,0
BDCRUE31,1,CHAN05,0x00000008,1,0,0,0
BDCRUE31,2,SHLD04,0x00000008,1,0,0,0
BDCRUE31,3,SW1H05,0x00000008,1,0,0,0
BDCRUE31,4,UNICAEL2,0x00000000,0,0,0,0
BDCRUE31,5,POTN52,0x00000000,0,1,0,0
BDCRUE31,6,DW#HASPT,0x00000000,0,0,0,0
BDCRUE31,7,DW#RND12,0x00000000,0,0,0,0
BDCRUE31,8,DW#RND26,0x00000000,0,0,0,0
BDCRUE34,0,HELM01,0x00000008,1,0,0,0
BDCRUE34,1,CHAN05,0x00000008,1,0,0,0
BDCRUE34,2,SW2H02,0x00000008,1,0,0,0
BDCRUE34,3,UNICAEL2,0x00000000,0,0,0,0
BDCRUE34,4,POTN52,0x00000000,0,1,0,0
BDCRUE34,5,POTN03,0x00000000,0,0,0,0
BDCRUE34,6,DW#HASPT,0x00000000,0,0,0,0
BDCRUE34,7,DW#RND12,0x00000000,0,0,0,0
BDCRU114,0,LEAT04,0x00000008,1,0,0,0
BDCRU114,1,SW1H20,0x00000008,1,0,0,0
BDCRU114,2,DART03,0x00000008,1,20,0,0
BDCRU114,3,POTN08,0x00000000,0,1,0,0
BDCRU114,4,POTN09,0x00000000,0,1,0,0
BDCRU114,5,DW#HASPT,0x00000000,0,0,0,0
BDCRU114,6,DW#RND17,0x00000000,0,0,0,0
BDCRU114,7,DW#RND38,0x00000000,0,0,0,0
BDCRU115,0,BOW05,0x00000008,1,0,0,0
BDCRU115,1,SW1H07,0x00000008,1,0,0,0
BDCRU115,2,AROW08,0x00000000,0,40,0,0
BDCRU115,3,UNICHILL,0x00000000,0,0,0,0
BDCRU115,4,POTN08,0x00000000,0,0,0,0
BDCRUS24,0,HELM01,0x00000008,1,0,0,0
BDCRUS24,1,CHAN04,0x00000008,1,0,0,0
BDCRUS24,2,SHLD03A,0x00000008,1,0,0,0
BDCRUS24,3,SW1H04,0x00000008,1,0,0,0
BDCRUS24,4,POTN08,0x00000000,0,1,0,0
BDCRUS24,5,UNICAEL,0x00000000,0,0,0,0
BDCRUS24,6,DW#HASPT,0x00000000,0,0,0,0
BDCRUS24,7,DW#RND11,0x00000000,0,0,0,0
BDCRUS24,8,DW#RND26,0x00000000,0,0,0,0
BDCRUS23,0,HELM01,0x00000008,1,0,0,0
BDCRUS23,1,CHAN04,0x00000008,1,0,0,0
BDCRUS23,2,HAMM01,0x00000008,1,0,0,0
BDCRUS23,3,POTN08,0x00000000,0,0,0,0
BDCRUS23,4,SHLD03A,0x00000008,1,0,0,0
BDCRUS23,5,UNICAEL,0x00000000,0,0,0,0
BDCRUS23,6,DW#HASPT,0x00000000,0,0,0,0
BDCRUS23,7,DW#RND12,0x00000000,0,0,0,0
BDCRUS23,8,DW#RND26,0x00000000,0,0,0,0
BDCRUS37,0,LEAT04,0x00000008,1,0,0,0
BDCRUS37,1,SW1H07,0x00000008,1,1,0,0
BDCRUS37,2,POTN08,0x00000000,0,1,0,0
BDCRUS37,3,UNICAEL,0x00000000,0,0,0,0
BDCRUS37,4,POTN10,0x00000000,0,0,0,0
BDCRUS37,5,DW#HASPT,0x00000000,0,0,0,0
BDCRUS37,6,DW#RND18,0x00000000,0,0,0,0
BDCRUS22,0,HELM01,0x00000008,1,0,0,0
BDCRUS22,1,CHAN04,0x00000008,1,0,0,0
BDCRUS22,2,HALB01,0x00000008,1,0,0,0
BDCRUS22,3,POTN08,0x00000000,0,1,0,0
BDCRUS22,4,UNICAEL,0x00000000,0,0,0,0
BDCRUS22,5,DW#HASPT,0x00000000,0,0,0,0
BDCRUS22,6,DW#RND12,0x00000000,0,0,0,0
BDCRUS22,7,DW#RND25,0x00000000,0,0,0,0
BDMARI,0,CHAN04,0x00000000,0,0,0,0
BDMARI,1,BOW03,0x00000000,0,0,0,0
BDMARI,2,BLUN06,0x00000008,1,0,0,0
BDMARI,3,AROW08,0x00000000,0,20,0,0
BDMARI,4,POTN08,0x00000000,0,1,0,0
BDMARI,5,BDKEY07,0x00000000,0,0,0,0
BDMARI,6,DW#HASPT,0x00000000,0,0,0,0
BDMARI,7,DW#RND12,0x00000000,0,0,0,0
BDMARI,8,DW#RND26,0x00000000,0,0,0,0
BDESTEBA,0,HELM15_,0x00000008,1,0,0,0
BDESTEBA,1,CHAN04,0x00000000,0,0,0,0
BDESTEBA,2,SHLD03A,0x00000000,0,0,0,0
BDESTEBA,3,AX1H01,0x00000000,0,0,999,0
BDESTEBA,4,POTN52,0x00000000,0,1,0,0
BDESTEBA,5,POTN09,0x00000000,0,1,0,0
BDESTEBA,6,DW#HASPT,0x00000000,0,0,0,0
BDESTEBA,7,DW#RND12,0x00000000,0,0,0,0
BDCHICKW,0,P1-2,0x00000000,0,0,0,0
BDBFOR10,0,CHAN04,0x00000000,0,0,0,0
BDBFOR10,1,BOW01,0x00000000,0,0,0,0
BDBFOR10,2,SW1H04,0x00000008,1,0,0,0
BDBFOR10,3,AROW02,0x00000000,0,40,0,0
BDBFOR10,4,POTN08,0x00000000,0,1,0,0
BDBFOR10,5,DW#HASPT,0x00000000,0,0,0,0
BDBFOR10,6,DW#RND11,0x00000000,0,0,0,0
BDBFOR10,7,DW#RND25,0x00000000,0,0,0,0
BDBFOR11,0,HELM01,0x00000008,1,0,0,0
BDBFOR11,1,LEAT04,0x00000000,0,0,0,0
BDBFOR11,2,BOW03,0x00000000,0,0,0,0
BDBFOR11,3,SW1H07,0x00000008,1,0,0,0
BDBFOR11,4,AROW01,0x00000000,0,40,0,0
BDBFOR11,5,DW#RND04,0x00000000,0,0,0,0
BDBFOR11,6,DW#RND12,0x00000000,0,0,0,0
BDBFOR11,7,DW#RND26,0x00000000,0,0,0,0
BDBFOR12,0,BDHELM03,0x00000008,1,0,0,0
BDBFOR12,1,LEAT05,0x00000008,1,0,0,0
BDBFOR12,2,SW1H08,0x00000008,1,0,0,0
BDBFOR12,3,POTN52,0x00000000,0,1,0,0
BDBFOR12,4,POTN10,0x00000000,0,1,0,0
BDBFOR12,5,POTN10,0x00000000,0,1,0,0
BDBFOR13,0,HELM13,0x00000008,1,0,0,0
BDBFOR13,1,PLAT01,0x00000000,0,0,0,0
BDBFOR13,2,SHLD05,0x00000008,1,0,0,0
BDBFOR13,3,BDAMUL24,0x00000000,0,0,0,0
BDBFOR13,4,SW1H05,0x00000000,0,0,0,0
BDBFOR13,5,POTN52,0x00000000,0,1,0,0
BDBFOR13,6,POTN04,0x00000000,0,1,0,0
BDBFOR13,7,DW#HASPT,0x00000000,0,0,0,0
BDBFOR13,8,DW#RND12,0x00000000,0,0,0,0
BDBFOR14,0,HELM15_,0x00000008,1,0,0,0
BDBFOR14,1,LEAT04,0x00000000,0,0,0,0
BDBFOR14,2,BOW05,0x00000000,0,0,0,0
BDBFOR14,3,DAGG01,0x00000008,1,0,0,0
BDBFOR14,4,AROW01,0x00000000,0,40,0,0
BDBFOR14,5,DW#RND04,0x00000000,0,0,0,0
BDBFOR14,6,DW#RND12,0x00000000,0,0,0,0
BDBFOR14,7,DW#RND26,0x00000000,0,0,0,0
BDBFOR15,0,HELM08,0x00000008,1,0,0,0
BDBFOR15,1,PLAT01,0x00000008,1,0,0,0
BDBFOR15,2,SHLD01A,0x00000000,0,0,0,0
BDBFOR15,3,BLUN04,0x00000000,0,0,0,0
BDBFOR15,4,SLNG02,0x00000008,1,0,0,0
BDBFOR15,5,BULL08,0x00000000,0,40,0,0
BDBFOR15,6,POTN52,0x00000000,0,1,0,0
BDBFOR15,7,WAND11,0x00000000,0,2,0,0
BDBFOR15,8,DW#HASPT,0x00000000,0,0,0,0
BDBFOR16,0,LEAT04,0x00000000,0,0,0,0
BDBFOR16,1,BOW03,0x00000000,0,0,0,0
BDBFOR16,2,BLUN01,0x00000008,1,0,0,0
BDBFOR16,3,AROW02,0x00000000,0,40,0,0
BDGUAR2X,0,HELM01,0x00000008,1,0,0,0
BDGUAR2X,1,PLAT01,0x00000000,0,0,0,0
BDGUAR2X,2,HALB01,0x00000000,0,0,0,0
BDGUAR2X,3,POTN52,0x00000000,0,1,0,0
BDGUAR2X,4,DW#HASPT,0x00000000,0,0,0,0
BDGUAR2X,5,DW#RND12,0x00000000,0,0,0,0
BDGUAR2X,6,DW#RND25,0x00000000,0,0,0,0
BDGOB06,0,HELMNOAN,0x0000000A,1,0,0,0
BDGOB06,1,SPER01,0x00000002,0,0,0,0
BDGOB06,2,POTN08,0x00000002,0,2,0,0
BDGOB06,3,RNDPTN01,0x00000002,0,1,0,0
BDGOB06,4,RNDTRI02,0x00000000,0,0,0,0
BDHOBG01,0,HELMNOAN,0x0000000A,1,0,0,0
BDHOBG01,1,SW1H04,0x00000000,0,0,0,0
BDHOBG01,2,POTN08,0x00000000,0,0,0,0
BDHOBG01,3,POTN13,0x00000000,0,0,0,0
BDHOBG01,4,RNDTRI02,0x00000000,0,0,0,0
BDHOBG02,0,HELMNOAN,0x0000000A,1,0,0,0
BDHOBG02,1,CDRDLBW,0x00000000,0,0,0,0
BDHOBG02,2,CDRDHOBM,0x00000000,0,0,0,0
BDHOBG02,3,RNDARO02,0x00000000,0,3,0,0
BDHOBG02,4,CDRDAROW,0x00000000,0,80,0,0
BDHOBG05,0,HELMNOAN,0x0000000A,1,0,0,0
BDHOBG05,1,CDRDHOBM,0x00000000,0,0,0,0
BDHOBG05,2,POTN08,0x00000000,0,0,0,0
BDTARGET,0,HELM01,0x00000008,1,0,0,0
BDTARGET,1,BDNOBOW,0x00000008,1,0,0,0
BDCRU02D,0,BDHELM03,0x00000000,0,0,0,0
BDCRU02D,1,LEAT04,0x00000000,0,0,0,0
BDCRU02D,2,HALB01,0x00000000,0,0,0,0
BDCRU02D,3,POTN08,0x00000000,0,1,0,0
BDCRU01D,0,LEAT05,0x00000000,0,0,0,0
BDCRU01D,1,BOW03,0x00000001,0,1,0,0
BDCRU01D,2,SW1H05,0x00000003,0,1,0,0
BDCRU01D,3,AROW01,0x00000001,0,60,0,0
BDCRU01D,4,POTN08,0x00000001,0,2,0,0
BDCRU05D,0,CHAN02,0x00000001,0,0,0,0
BDCRU05D,1,SW1H05,0x00000001,0,0,0,0
BDCRU05D,2,SW1H05,0x00000003,0,1,0,0
BDCRU05D,3,POTN08,0x00000001,0,2,0,0
BDHOBG04,0,HELMNOAN,0x0000000A,1,0,0,0
BDHOBG04,1,SHLD01A,0x00000000,0,0,0,0
BDHOBG04,2,BLUN04,0x00000002,0,0,0,0
BDHOBG04,3,RNDTRI02,0x00000000,0,0,0,0
BDHOBG03,0,HELMNOAN,0x0000000A,1,0,0,0
BDHOBG03,1,BOW03,0x00000001,0,0,0,0
BDHOBG03,2,SW1H07,0x00000000,0,0,0,0
BDHOBG03,3,AROW05,0x00000000,0,5,0,0
BDHOBG03,4,RNDARO02,0x00000000,0,10,0,0
BDHOBG03,5,AROW01,0x00000000,0,80,0,0
BDHOBG03,6,RNDTRE06,0x00000000,0,0,0,0
BDBEETMH,0,S1-12,0x00000000,0,0,0,0
BDKEGX,0,MINHP1,0x00000000,0,0,0,0
BDBANDIT,0,LEAT01,0x00000000,0,0,0,0
BDBANDIT,1,SW1H04,0x00000000,0,0,0,0
BDBANDIT,2,COMPB05,0x00000000,0,0,0,0
BDBANDIT,3,AROW08,0x00000000,0,5,0,0
BDBANDIT,4,BOW05,0x00000002,0,0,0,0
BDBOAR02,0,P3-12M4,0x00000000,0,0,0,0
JELLYGR,0,JELLGR1,0x00000000,0,0,0,0
JELLYGR,1,RING95,0x00000000,0,0,0,0
BDWYNAN,0,STAF01,0x00000001,0,0,0,0
BDWYNAN,1,DW#RND06,0x00000000,0,0,0,0
BDBF1,0,HELM01,0x00000000,0,0,0,0
BDBF1,1,LEAT04,0x00000000,0,0,0,0
BDBF1,2,BOW03,0x00000000,0,0,0,0
BDBF1,3,SW1H07,0x00000000,0,0,0,0
BDBF1,4,AROW01,0x00000000,0,80,0,0
BDBF1,5,DW#RND03,0x00000000,0,0,0,0
BDBF1,6,DW#RND12,0x00000000,0,0,0,0
BDBF1,7,DW#RND26,0x00000000,0,0,0,0
BDBF2,0,HELM01,0x00000000,0,0,0,0
BDBF2,1,LEAT04,0x00000000,0,0,0,0
BDBF2,2,BLUN02,0x00000000,0,0,0,0
BDBF2,3,SLNG01,0x00000000,0,0,0,0
BDBF2,4,BULL01,0x00000000,0,40,0,0
BDBF2,5,DW#RND04,0x00000000,0,0,0,0
BDBF3,0,BDBODY01,0x00000000,0,0,0,0
BDBF3,1,DW#RND03,0x00000000,0,0,0,0
BDBF3,2,DW#RND12,0x00000000,0,0,0,0
BDBF3,3,DW#RND26,0x00000000,0,0,0,0
BDBF4,0,BDBODY02,0x00000000,0,0,0,0
BDBF4,1,DW#RND04,0x00000000,0,0,0,0
BDBF4,2,DW#RND12,0x00000000,0,0,0,0
BDBF4,3,DW#RND26,0x00000000,0,0,0,0
BDBF5,0,HELM01,0x00000008,1,0,0,0
BDBF5,1,LEAT04,0x00000008,1,0,0,0
BDBF5,2,BOW03,0x00000008,1,0,0,0
BDBF5,3,SW1H07,0x00000008,1,0,0,0
BDBF5,4,AROW01,0x00000008,1,80,0,0
BDBF5,5,BDBODY03,0x00000000,0,0,0,0
BDBF5,6,DW#RND03,0x00000000,0,0,0,0
BDBF5,7,DW#RND12,0x00000000,0,0,0,0
BDBF5,8,DW#RND26,0x00000000,0,0,0,0
BDJUNIA,0,HELM15_,0x00000008,1,0,0,0
BDJUNIA,1,CHAN01,0x00000008,1,0,0,0
BDJUNIA,2,SHLD03P,0x00000008,1,0,0,0
BDJUNIA,3,BLUN36,0x00000000,0,0,0,0
BDJUNIA,4,DW#RND04,0x00000000,0,0,0,0
BDJEGG,0,CHAN01,0x00000000,0,0,0,0
BDJEGG,1,HAMM01,0x00000000,0,0,0,0
BDJEGG,2,POTN08,0x00000000,0,1,0,0
BDROARK,0,HELM01,0x00000000,0,0,0,0
BDROARK,1,LEAT04,0x00000000,0,0,0,0
BDROARK,2,BOW03,0x00000000,0,0,0,0
BDROARK,3,SW1H07,0x00000000,0,0,0,0
BDROARK,4,AROW01,0x00000000,0,80,0,0
BDROARK,5,BDMISC02,0x00000000,0,0,0,0
BDROARK,6,BDMISC04,0x00000000,0,0,0,0
BDROARK,7,DW#RND04,0x00000000,0,0,0,0
BDROARK,8,DW#RND11,0x00000000,0,0,0,0
BDROARK,9,DW#RND25,0x00000000,0,0,0,0
BDBFORT4,0,HELM01,0x00000000,0,0,0,0
BDBFORT4,1,LEAT04,0x00000000,0,0,0,0
BDBFORT4,2,BOW03,0x00000000,0,0,0,0
BDBFORT4,3,SW1H07,0x00000000,0,0,0,0
BDBFORT4,4,AROW01,0x00000000,0,80,0,0
BDBFORT4,5,DW#RND04,0x00000000,0,0,0,0
BDBFORT4,6,DW#RND12,0x00000000,0,0,0,0
BDBFORT4,7,DW#RND26,0x00000000,0,0,0,0
BDFRAIR,0,HELM01,0x00000001,0,0,0,0
BDFRAIR,1,CHAN04,0x00000001,0,0,0,0
BDFRAIR,2,STAF18,0x00000000,0,1,0,0
BDFRAIR,3,SLNG02,0x00000000,0,1,0,0
BDFRAIR,4,BULL02,0x00000000,0,40,0,0
BDFRAIR,5,BULL01,0x00000001,0,40,0,0
BDFRAIR,6,POTN28,0x00000001,0,1,0,0
BDFRAIR,7,DW#RND06,0x00000000,0,0,0,0
BDBFORT9,0,HELM01,0x00000008,1,0,0,0
BDBFORT9,1,LEAT04,0x00000000,0,0,0,0
BDBFORT9,2,BOW03,0x00000000,0,0,0,0
BDBFORT9,3,SW1H07,0x00000008,1,0,0,0
BDBFORT9,4,AROW01,0x00000000,0,80,0,0
BDBFORT9,5,DW#RND04,0x00000000,0,0,0,0
BDBFORT9,6,DW#RND12,0x00000000,0,0,0,0
BDBFORT9,7,DW#RND26,0x00000000,0,0,0,0
BDBFORT,0,HELM08,0x00000000,0,0,0,0
BDBFORT,1,CHAN01,0x00000000,0,0,0,0
BDBFORT,2,XBOW01,0x00000000,0,0,0,0
BDBFORT,3,SW1H07,0x00000000,0,0,0,0
BDBFORT,4,BOLT01,0x00000000,0,20,0,0
BDBFORT,5,POTN08,0x00000000,0,0,0,0
BDBFORT,6,DW#HASPT,0x00000000,0,0,0,0
BDBFORT,7,DW#RND12,0x00000000,0,0,0,0
BDBFORT,8,DW#RND26,0x00000000,0,0,0,0
BDBFIND1,0,HELM01,0x00000000,0,0,0,0
BDBFIND1,1,LEAT04,0x00000000,0,0,0,0
BDBFIND1,2,BOW03,0x00000000,0,0,0,0
BDBFIND1,3,SW1H07,0x00000000,0,0,0,0
BDBFIND1,4,AROW01,0x00000000,0,80,0,0
BDBFIND1,5,DW#RND03,0x00000000,0,0,0,0
BDBFIND1,6,DW#RND11,0x00000000,0,0,0,0
BDBFIND1,7,DW#RND26,0x00000000,0,0,0,0
BDBFIND2,0,HELM01,0x00000000,0,0,0,0
BDBFIND2,1,LEAT04,0x00000000,0,0,0,0
BDBFIND2,2,BOW03,0x00000000,0,0,0,0
BDBFIND2,3,SW1H07,0x00000000,0,0,0,0
BDBFIND2,4,AROW01,0x00000000,0,80,0,0
BDBFIND2,5,DW#RND04,0x00000000,0,0,0,0
BDBFIND2,6,DW#RND11,0x00000000,0,0,0,0
BDBFIND2,7,DW#RND25,0x00000000,0,0,0,0
BDHOACH,0,BOOT06,0x00000000,0,0,0,0
BDHOACH,1,DAGG01,0x00000000,0,0,0,0
BDNAZRAM,0,BDMISC1B,0x0000000A,1,0,0,0
BDNAZRAM,1,BDGASIM,0x0000000A,1,0,0,0
BDNAZRAM,2,BDDJINNO,0x0000000A,1,0,0,0
BDNAZRAM,3,BDSPECTQ,0x0000000A,1,0,0,0
BDNAZRAM,4,BDBRAC02,0x00000002,0,0,0,0
BDDAGF22,0,HELM15_,0x00000000,0,0,0,0
BDDAGF22,1,LEAT04,0x00000000,0,0,0,0
BDDAGF22,2,SW1H07,0x00000000,0,0,0,0
BDDAGF22,3,SW1H07,0x00000000,0,0,0,0
BDDAGF22,4,POTN08,0x00000000,0,2,0,0
BDDAGF22,5,UNIDAGG,0x00000000,0,0,0,0
BDDAGF22,6,DW#HASPT,0x00000000,0,0,0,0
BDDAGF22,7,DW#RND12,0x00000000,0,0,0,0
BDDAGF22,8,DW#RND26,0x00000000,0,0,0,0
BDDAGF21,0,HELM15_,0x00000000,0,0,0,0
BDDAGF21,1,LEAT04,0x00000000,0,0,0,0
BDDAGF21,2,SW1H07,0x00000000,0,0,0,0
BDDAGF21,3,SW1H07,0x00000000,0,0,0,0
BDDAGF21,4,POTN08,0x00000001,0,2,0,0
BDDAGF21,5,POTN05,0x00000001,0,1,0,0
BDDAGF21,6,POTN28,0x00000001,0,1,0,0
BDDAGF21,7,UNIDAGG,0x00000000,0,0,0,0
BDDAGF21,8,DW#HASPT,0x00000000,0,0,0,0
BDDAGF21,9,DW#RND12,0x00000000,0,0,0,0
BDDOSIA,0,STAF01,0x00000008,1,0,0,0
BDDOSIA,1,SLNG01,0x00000008,1,0,0,0
BDDOSIA,2,BULL02,0x00000000,0,40,0,0
BDDOSIA,3,BULL02,0x00000000,0,40,0,0
BDDOSIA,4,UNIDAGG,0x00000000,0,0,0,0
BDDOSIA,5,POTN52,0x00000000,0,2,0,0
BDDOSIA,6,DW#HASPT,0x00000000,0,0,0,0
BDHYRETH,0,SODTRE09,0x00000000,0,0,0,0
BDHYRETH,1,SODTRE09,0x00000000,0,0,0,0
BDHYRETH,2,RNDWAND,0x00000000,0,0,0,0
BDHALASA,0,HELM13,0x00000000,0,0,0,0
BDHALASA,1,PLAT10,0x00000000,0,0,0,0
BDHALASA,2,SHLD29A,0x00000000,0,0,0,0
BDHALASA,3,SW1H41,0x00000000,0,0,0,0
BDHALASA,4,POTN52,0x00000000,0,2,0,0
BDHALASA,5,UNIWATER,0x00000000,0,0,0,0
BDHALASA,6,DW#HASPT,0x00000000,0,0,0,0
BDHALASA,7,DW#RND12,0x00000000,0,0,0,0
BDHALASA,8,DW#RND26,0x00000000,0,0,0,0
BDMORLIS,0,HELM15_,0x00000000,0,0,0,0
BDMORLIS,1,CHAN01,0x00000000,0,0,0,0
BDMORLIS,2,SW2H01,0x00000000,0,0,0,0
BDMORLIS,3,POTN08,0x00000000,0,1,0,0
BDMORLIS,4,POTN03,0x00000000,0,1,0,0
BDMORLIS,5,UNIDAGG,0x00000000,0,0,0,0
BDHESTER,0,UNIDAGG,0x00000000,0,0,0,0
BDHESTER,1,POTN26,0x00000000,0,2,0,0
BDHESTER,2,WAND04,0x00000000,0,6,0,0
BDHESTER,3,POTN08,0x00000000,0,1,0,0
BDHESTER,4,AROW02,0x00000000,0,40,0,0
BDHESTER,5,BOW03,0x00000008,1,0,0,0
BDHESTER,6,SW1H05,0x00000000,0,0,0,0
BDHESTER,7,DW#HASPT,0x00000000,0,0,0,0
BDHESTER,8,DW#RND18,0x00000000,0,0,0,0
BDGARROL,0,SW1H07,0x00000000,0,0,0,0
BDGARROL,1,DW#RND37,0x00000000,0,0,0,0
BDTAIELD,0,SW1H43,0x00000000,0,1,999,0
BDDANINE,0,LEAT02,0x00000000,0,1,0,0
BDDANINE,1,DAGG15,0x00000000,0,0,0,0
BDDANINE,2,UNIDAGG,0x00000000,0,0,0,0
BDDANINE,3,POTN08,0x00000000,0,1,0,0
BDDANINE,4,POTN10,0x00000000,0,3,0,0
BDDANINE,5,DW#HASPT,0x00000000,0,0,0,0
BDDANINE,6,DW#RND18,0x00000000,0,0,0,0
BDCLOVIS,0,HELM15_,0x00000000,0,0,0,0
BDCLOVIS,1,CHAN01,0x00000000,0,0,0,0
BDCLOVIS,2,SW1H07,0x00000000,0,0,0,0
BDCLOVIS,3,POTN08,0x00000000,0,1,0,0
BDCLOVIS,4,UNIDAGG,0x00000000,0,0,0,0
BDINFEC2,0,HELM13,0x00000000,0,0,0,0
BDINFEC2,1,CHAN04,0x00000000,0,0,0,0
BDINFEC2,2,SHLD05A,0x00000000,0,0,0,0
BDINFEC2,3,SW1H01,0x00000000,0,0,999,0
BDINFEC2,4,DW#RND03,0x00000000,0,0,0,0
BDINFEC2,5,DW#RND12,0x00000000,0,0,0,0
BDINFEC2,6,DW#RND26,0x00000000,0,0,0,0
BDINFEC3,0,HELM09,0x00000000,0,0,0,0
BDINFEC3,1,PLAT01,0x00000000,0,0,0,0
BDINFEC3,2,SHLD01A,0x00000000,0,0,0,0
BDINFEC3,3,SW1H04,0x00000000,0,0,0,0
BDINFEC1,0,HELM09,0x00000000,0,0,0,0
BDINFEC1,1,PLAT01,0x00000000,0,0,0,0
BDINFEC1,2,SHLD01A,0x00000000,0,0,0,0
BDINFEC1,3,SW1H04,0x00000000,0,0,0,0
BDYESTIM,0,SW1H04,0x00000000,0,0,0,0
BDZIDRAN,0,HELM09,0x00000000,0,0,0,0
BDZIDRAN,1,CHAN04,0x00000000,0,0,0,0
BDZIDRAN,2,SW1H07,0x00000000,0,0,0,0
BDZIDRAN,3,DW#RND04,0x00000000,0,0,0,0
BDZIDRAN,4,DW#RND11,0x00000000,0,0,0,0
BDZIDRAN,5,DW#RND26,0x00000000,0,0,0,0
BDINFEC7,0,HELM09,0x00000000,0,0,0,0
BDINFEC7,1,PLAT01,0x00000000,0,0,0,0
BDINFEC7,2,SHLD01A,0x00000000,0,0,0,0
BDINFEC7,3,SW1H04,0x00000000,0,0,0,0
BDXERRA,0,HELM09,0x00000000,0,0,0,0
BDXERRA,1,PLAT01,0x00000000,0,0,0,0
BDXERRA,2,SHLD01A,0x00000000,0,0,0,0
BDXERRA,3,SW1H04,0x00000000,0,0,0,0
BDINFEC4,0,HELM13,0x00000000,0,0,0,0
BDINFEC4,1,CHAN04,0x00000000,0,0,0,0
BDINFEC4,2,SHLD05A,0x00000000,0,0,0,0
BDINFEC4,3,SW1H01,0x00000000,0,0,999,0
BDINFEC4,4,DW#RND04,0x00000000,0,0,0,0
BDINFEC4,5,DW#RND12,0x00000000,0,0,0,0
BDINFEC4,6,DW#RND25,0x00000000,0,0,0,0
BDINFEC5,0,HELM09,0x00000000,0,0,0,0
BDINFEC5,1,PLAT01,0x00000000,0,0,0,0
BDINFEC5,2,SHLD01A,0x00000000,0,0,0,0
BDINFEC5,3,SW1H04,0x00000000,0,0,0,0
BDINFEC6,0,HELM13,0x00000000,0,0,0,0
BDINFEC6,1,CHAN04,0x00000000,0,0,0,0
BDINFEC6,2,SHLD05A,0x00000000,0,0,0,0
BDINFEC6,3,SW1H01,0x00000000,0,0,999,0
BDINFEC6,4,DW#RND04,0x00000000,0,0,0,0
BDINFEC6,5,DW#RND12,0x00000000,0,0,0,0
BDINFEC6,6,DW#RND26,0x00000000,0,0,0,0
BDFIST97,0,HELM09,0x00000008,1,0,0,0
BDFIST97,1,CHAN04,0x00000008,1,0,0,0
BDFIST97,2,SHLD01A,0x00000008,1,0,0,0
BDFIST97,3,SW1H04,0x00000008,1,0,0,0
BDFIST97,4,POTN08,0x00000008,1,1,0,0
BDFIST97,5,UNIFLAM,0x00000000,0,0,0,0
BDFIST97,6,DW#HASPT,0x00000000,0,0,0,0
BDFIST97,7,DW#RND12,0x00000000,0,0,0,0
BDFIST97,8,DW#RND26,0x00000000,0,0,0,0
BDFIST98,0,HELM09,0x00000008,1,0,0,0
BDFIST98,1,CHAN04,0x00000008,1,0,0,0
BDFIST98,2,SHLD01A,0x00000008,1,0,0,0
BDFIST98,3,SW1H04,0x00000008,1,0,0,0
BDFIST98,4,POTN08,0x00000008,1,1,0,0
BDFIST98,5,UNIFLAM,0x00000000,0,0,0,0
BDFIST98,6,DW#HASPT,0x00000000,0,0,0,0
BDFIST98,7,DW#RND12,0x00000000,0,0,0,0
BDFIST98,8,DW#RND26,0x00000000,0,0,0,0
BDFIST99,0,HELM09,0x00000008,1,0,0,0
BDFIST99,1,CHAN04,0x00000008,1,0,0,0
BDFIST99,2,SHLD01A,0x00000008,1,0,0,0
BDFIST99,3,SW1H04,0x00000008,1,0,0,0
BDFIST99,4,POTN08,0x00000008,1,1,0,0
BDFIST99,5,UNIFLAM,0x00000000,0,0,0,0
BDFIST99,6,DW#HASPT,0x00000000,0,0,0,0
BDFIST99,7,DW#RND11,0x00000000,0,0,0,0
BDFIST99,8,DW#RND26,0x00000000,0,0,0,0
BDMALDEN,0,LEAT04,0x00000000,0,0,0,0
BDMALDEN,1,SW1H08,0x00000000,0,0,0,0
BDMALDEN,2,POTN52,0x00000000,0,1,0,0
BDMALDEN,3,POTN10,0x00000000,0,3,0,0
BDMALDEN,4,BDMISC04,0x00000000,0,0,0,0
BDMALDEN,5,UNIFLAM,0x00000000,0,0,0,0
BDMALDEN,6,DW#HASPT,0x00000000,0,0,0,0
BDMALDEN,7,DW#RND12,0x00000000,0,0,0,0
BDMALDEN,8,DW#RND26,0x00000000,0,0,0,0
BDCOASEN,0,HELM15_,0x00000000,0,0,0,0
BDCOASEN,1,CHAN04,0x00000000,0,0,0,0
BDCOASEN,2,BOW03,0x00000000,0,0,0,0
BDCOASEN,3,SW1H07,0x00000000,0,0,0,0
BDCOASEN,4,AROW01,0x00000000,0,40,0,0
BDCOASEN,5,UNIDAGG,0x00000000,0,0,0,0
BDCOASEN,6,POTN08,0x00000000,0,2,0,0
BDCOASEN,7,DW#HASPT,0x00000000,0,0,0,0
BDCOASEN,8,DW#RND12,0x00000000,0,0,0,0
BDCOASEN,9,DW#RND26,0x00000000,0,0,0,0
BDCOASE2,0,HELM13,0x00000000,0,0,0,0
BDCOASE2,1,CHAN04,0x00000000,0,0,0,0
BDCOASE2,2,HALB01,0x00000000,0,0,0,0
BDCOASE2,3,POTN08,0x00000000,0,2,0,0
BDCOASE2,4,UNIWATER,0x00000000,0,0,0,0
BDCOASE2,5,DW#HASPT,0x00000000,0,0,0,0
BDCOASE2,6,DW#RND12,0x00000000,0,0,0,0
BDCOASE2,7,DW#RND26,0x00000000,0,0,0,0
BDWILCH,0,HELM15_,0x00000000,0,0,0,0
BDWILCH,1,CHAN04,0x00000000,0,0,0,0
BDWILCH,2,SHLD04A,0x00000000,0,0,0,0
BDWILCH,3,SW1H02,0x00000000,0,0,999,0
BDWILCH,4,POTN52,0x00000000,0,1,0,0
BDWILCH,5,UNIDAGG,0x00000000,0,0,0,0
BDWILCH,6,DW#HASPT,0x00000000,0,0,0,0
BDWILCH,7,DW#RND11,0x00000000,0,0,0,0
BDWILCH,8,DW#RND26,0x00000000,0,0,0,0
BDWAIZAH,0,DAGG05,0x00000000,0,10,0,0
BDWAIZAH,1,DAGG01,0x00000000,0,0,0,0
BDWAIZAH,2,POTN08,0x00000000,0,1,0,0
BDWAIZAH,3,POTN10,0x00000000,0,2,0,0
BDWAIZAH,4,POTN36,0x00000000,0,2,0,0
BDWAIZAH,5,MISC33,0x00000000,0,0,0,0
BDWAIZAH,6,DW#HASPT,0x00000000,0,0,0,0
BDWAIZAH,7,DW#RND12,0x00000000,0,0,0,0
BDWAIZAH,8,DW#RND26,0x00000000,0,0,0,0
BDNEDERL,0,HELM09,0x00000000,0,0,0,0
BDNEDERL,1,PLAT04,0x00000000,0,0,0,0
BDNEDERL,2,SHLD06,0x00000008,1,0,0,0
BDNEDERL,3,BDRING06,0x0000000A,1,0,0,0
BDNEDERL,4,MINHP1,0x0000000A,1,0,0,0
BDNEDERL,5,HAMM08,0x00000000,0,0,0,0
BDNEDERL,6,UNIFLAM,0x00000000,0,0,0,0
BDNEDERL,7,POTN52,0x00000000,0,2,0,0
BDNEDERL,8,POTN17,0x00000000,0,2,0,0
BDNEDERL,9,POTN21,0x00000000,0,1,0,0
BDNEDERL,10,DW#HASPT,0x00000000,0,0,0,0
BDNEDERL,11,DW#RND14,0x00000000,0,0,0,0
BDNEDERL,12,DW#RND28,0x00000000,0,0,0,0
BDSTONEH,0,HELM15_,0x00000000,0,0,0,0
BDSTONEH,1,PLAT04,0x00000008,1,0,0,0
BDSTONEH,2,SHLD04A,0x00000000,0,0,0,0
BDSTONEH,3,MINHP1,0x00000000,0,0,0,0
BDSTONEH,4,AX1H05,0x00000000,0,0,0,0
BDSTONEH,5,AX1H11,0x00000000,0,0,999,0
BDSTONEH,6,UNIDAGG,0x00000000,0,0,0,0
BDSTONEH,7,POTN52,0x00000000,0,2,0,0
BDSTONEH,8,POTN34,0x00000002,0,1,0,0
BDSTONEH,9,POTN05,0x00000000,0,1,0,0
BDSTONEH,10,POTN26,0x00000000,0,1,0,0
BDSTONEH,11,POTN52,0x00000000,0,1,0,0
BDSTONEH,12,DW#HASPT,0x00000000,0,0,0,0
BDDELANC,0,HELM03,0x00000000,0,0,0,0
BDDELANC,1,PLAT04,0x00000000,0,0,0,0
BDDELANC,2,RING07,0x00000000,0,0,0,0
BDDELANC,3,MINHP1,0x0000000A,1,0,0,0
BDDELANC,4,XBOW07,0x00000000,0,0,0,0
BDDELANC,5,SW2H11,0x00000000,0,0,0,0
BDDELANC,6,BOLT06,0x00000000,0,80,0,0
BDDELANC,7,QUIVER02,0x00000000,0,1,0,0
BDDELANC,8,UNIWATER,0x00000000,0,0,0,0
BDDELANC,9,POTN52,0x00000000,0,5,0,0
BDDELANC,10,POTN09,0x00000000,0,1,0,0
BDDELANC,11,POTN34,0x00000000,0,1,0,0
BDDELANC,12,POTN09,0x00000000,0,1,0,0
BDDELANC,13,POTN34,0x00000000,0,1,0,0
BDDELANC,14,DW#HASPT,0x00000000,0,0,0,0
BDSIMONE,0,HELM13,0x00000000,0,0,0,0
BDSIMONE,1,CHAN05,0x00000000,0,0,0,0
BDSIMONE,2,SW1H05,0x00000000,0,0,0,0
BDSIMONE,3,XBOW02,0x00000000,0,0,0,0
BDSIMONE,4,BOLT06,0x00000000,0,40,0,0
BDSIMONE,5,BOLT02,0x00000000,0,40,0,0
BDSIMONE,6,POTN52,0x00000000,0,3,0,0
BDSIMONE,7,POTN09,0x00000000,0,1,0,0
BDSIMONE,8,UNIWATER,0x00000000,0,0,0,0
BDSIMONE,9,DW#HASPT,0x00000000,0,0,0,0
BDSIMONE,10,DW#RND11,0x00000000,0,0,0,0
BDHELVDA,0,HELM09,0x00000000,0,0,0,0
BDHELVDA,1,CHAN04,0x00000000,0,0,0,0
BDHELVDA,2,SHLD01A,0x00000000,0,0,0,0
BDHELVDA,3,AX1H01,0x00000000,0,0,999,0
BDHELVDA,4,POTN08,0x00000000,0,1,0,0
BDHELVDA,5,UNIFLAM,0x00000000,0,0,0,0
BDHELVDA,6,DW#HASPT,0x00000000,0,0,0,0
BDHELVDA,7,DW#RND12,0x00000000,0,0,0,0
BDHELVDA,8,DW#RND26,0x00000000,0,0,0,0
BDWTR61,0,WAND06,0x00000000,0,5,0,0
BDWTR61,1,WAND02,0x00000000,0,5,0,0
BDWTR61,2,POTN52,0x00000000,0,2,0,0
BDWTR61,3,UNIWATER,0x00000000,0,0,0,0
BDWTR61,4,AROW04,0x00000000,0,80,0,0
BDWTR61,5,DART03,0x00000000,0,80,0,0
BDWTR61,6,SW1H05,0x00000000,0,0,0,0
BDWTR61,7,BOW02,0x00000000,0,0,0,0
BDWTR61,8,DW#HASPT,0x00000000,0,0,0,0
BDWTR61,9,DW#RND25,0x00000000,0,0,0,0
BDWTR40,0,HELM13,0x00000000,0,0,0,0
BDWTR40,1,CHAN04,0x00000000,0,0,0,0
BDWTR40,2,HALB01,0x00000000,0,0,0,0
BDWTR40,3,POTN08,0x00000000,0,1,0,0
BDWTR40,4,UNIWATER,0x00000000,0,0,0,0
BDWTR40,5,DW#HASPT,0x00000000,0,0,0,0
BDWTR40,6,DW#RND12,0x00000000,0,0,0,0
BDWTR40,7,DW#RND26,0x00000000,0,0,0,0
BDWTR41,0,HELM13,0x00000000,0,0,0,0
BDWTR41,1,CHAN04,0x00000000,0,0,0,0
BDWTR41,2,HALB01,0x00000000,0,0,0,0
BDWTR41,3,POTN08,0x00000000,0,1,0,0
BDWTR41,4,UNIWATER,0x00000000,0,0,0,0
BDWTR41,5,DW#HASPT,0x00000000,0,0,0,0
BDWTR41,6,DW#RND12,0x00000000,0,0,0,0
BDWTR41,7,DW#RND26,0x00000000,0,0,0,0
BDWTR52,0,HELM13,0x00000000,0,0,0,0
BDWTR52,1,CHAN04,0x00000000,0,0,0,0
BDWTR52,2,HALB01,0x00000000,0,0,0,0
BDWTR52,3,POTN08,0x00000000,0,1,0,0
BDWTR52,4,UNIWATER,0x00000000,0,0,0,0
BDWTR52,5,DW#HASPT,0x00000000,0,0,0,0
BDWTR52,6,DW#RND12,0x00000000,0,0,0,0
BDWTR52,7,DW#RND25,0x00000000,0,0,0,0
BDWTR51,0,HELM13,0x00000000,0,0,0,0
BDWTR51,1,CHAN04,0x00000000,0,0,0,0
BDWTR51,2,HALB01,0x00000000,0,0,0,0
BDWTR51,3,POTN08,0x00000000,0,1,0,0
BDWTR51,4,UNIWATER,0x00000000,0,0,0,0
BDWTR51,5,DW#HASPT,0x00000000,0,0,0,0
BDWTR51,6,DW#RND11,0x00000000,0,0,0,0
BDWTR51,7,DW#RND26,0x00000000,0,0,0,0
BDWTR43,0,HELM13,0x00000000,0,0,0,0
BDWTR43,1,CHAN04,0x00000000,0,0,0,0
BDWTR43,2,SW1H04,0x00000000,0,0,0,0
BDWTR43,3,POTN08,0x00000000,0,1,0,0
BDWTR43,4,UNIWATER,0x00000000,0,0,0,0
BDWTR43,5,DW#HASPT,0x00000000,0,0,0,0
BDWTR43,6,DW#RND12,0x00000000,0,0,0,0
BDWTR43,7,DW#RND26,0x00000000,0,0,0,0
BDWTR56,0,HELM13,0x00000000,0,0,0,0
BDWTR56,1,CHAN04,0x00000000,0,0,0,0
BDWTR56,2,HAMM01,0x00000000,0,0,0,0
BDWTR56,3,POTN08,0x00000000,0,1,0,0
BDWTR56,4,UNIWATER,0x00000000,0,0,0,0
BDWTR56,5,DW#HASPT,0x00000000,0,0,0,0
BDWTR56,6,DW#RND12,0x00000000,0,0,0,0
BDWTR56,7,DW#RND26,0x00000000,0,0,0,0
BDWTR53,0,HELM13,0x00000000,0,0,0,0
BDWTR53,1,CHAN04,0x00000000,0,0,0,0
BDWTR53,2,BOW03,0x00000000,0,0,0,0
BDWTR53,3,AROW01,0x00000000,0,0,0,0
BDWTR53,4,POTN08,0x00000000,0,1,0,0
BDWTR53,5,UNIWATER,0x00000000,0,0,0,0
BDWTR53,6,DW#HASPT,0x00000000,0,0,0,0
BDWTR53,7,DW#RND12,0x00000000,0,0,0,0
BDWTR53,8,DW#RND26,0x00000000,0,0,0,0
BDWTR45,0,HELM13,0x00000000,0,0,0,0
BDWTR45,1,CHAN04,0x00000000,0,0,0,0
BDWTR45,2,HALB01,0x00000000,0,0,0,0
BDWTR45,3,POTN08,0x00000000,0,1,0,0
BDWTR45,4,UNIWATER,0x00000000,0,0,0,0
BDWTR45,5,DW#HASPT,0x00000000,0,0,0,0
BDWTR45,6,DW#RND11,0x00000000,0,0,0,0
BDWTR45,7,DW#RND26,0x00000000,0,0,0,0
BDWTR42,0,HELM13,0x00000000,0,0,0,0
BDWTR42,1,CHAN04,0x00000000,0,0,0,0
BDWTR42,2,HALB01,0x00000000,0,0,0,0
BDWTR42,3,POTN08,0x00000000,0,1,0,0
BDWTR42,4,UNIWATER,0x00000000,0,0,0,0
BDWTR42,5,DW#HASPT,0x00000000,0,0,0,0
BDWTR42,6,DW#RND12,0x00000000,0,0,0,0
BDWTR42,7,DW#RND26,0x00000000,0,0,0,0
BDWTR55,0,HELM13,0x00000000,0,0,0,0
BDWTR55,1,CHAN04,0x00000000,0,0,0,0
BDWTR55,2,HAMM01,0x00000000,0,0,0,0
BDWTR55,3,POTN08,0x00000000,0,1,0,0
BDWTR55,4,UNIWATER,0x00000000,0,0,0,0
BDWTR55,5,DW#HASPT,0x00000000,0,0,0,0
BDWTR55,6,DW#RND12,0x00000000,0,0,0,0
BDWTR55,7,DW#RND26,0x00000000,0,0,0,0
BDWTR46,0,HELM13,0x00000000,0,0,0,0
BDWTR46,1,CHAN04,0x00000000,0,0,0,0
BDWTR46,2,HAMM01,0x00000000,0,0,0,0
BDWTR46,3,POTN08,0x00000000,0,1,0,0
BDWTR46,4,UNIWATER,0x00000000,0,0,0,0
BDWTR46,5,DW#HASPT,0x00000000,0,0,0,0
BDWTR46,6,DW#RND11,0x00000000,0,0,0,0
BDWTR46,7,DW#RND26,0x00000000,0,0,0,0
BDWTR50,0,HELM13,0x00000000,0,0,0,0
BDWTR50,1,CHAN04,0x00000000,0,0,0,0
BDWTR50,2,HALB01,0x00000000,0,0,0,0
BDWTR50,3,POTN08,0x00000000,0,1,0,0
BDWTR50,4,UNIWATER,0x00000000,0,0,0,0
BDWTR50,5,DW#HASPT,0x00000000,0,0,0,0
BDWTR50,6,DW#RND12,0x00000000,0,0,0,0
BDWTR50,7,DW#RND25,0x00000000,0,0,0,0
BDWTR54,0,HELM13,0x00000000,0,0,0,0
BDWTR54,1,CHAN04,0x00000000,0,0,0,0
BDWTR54,2,SW1H04,0x00000000,0,0,0,0
BDWTR54,3,POTN08,0x00000000,0,1,0,0
BDWTR54,4,UNIWATER,0x00000000,0,0,0,0
BDWTR54,5,DW#HASPT,0x00000000,0,0,0,0
BDWTR54,6,DW#RND12,0x00000000,0,0,0,0
BDWTR54,7,DW#RND26,0x00000000,0,0,0,0
BDWTR44,0,HELM13,0x00000000,0,0,0,0
BDWTR44,1,CHAN04,0x00000000,0,0,0,0
BDWTR44,2,BOW03,0x00000000,0,0,0,0
BDWTR44,3,AROW01,0x00000000,0,0,0,0
BDWTR44,4,POTN08,0x00000000,0,1,0,0
BDWTR44,5,UNIWATER,0x00000000,0,0,0,0
BDWTR44,6,DW#HASPT,0x00000000,0,0,0,0
BDWTR44,7,DW#RND12,0x00000000,0,0,0,0
BDWTR44,8,DW#RND26,0x00000000,0,0,0,0
BDDAGF50,0,HELM15_,0x00000000,0,0,0,0
BDDAGF50,1,CHAN04,0x00000000,0,0,0,0
BDDAGF50,2,HALB01,0x00000000,0,0,0,0
BDDAGF50,3,POTN08,0x00000000,0,1,0,0
BDDAGF50,4,UNIDAGG,0x00000000,0,0,0,0
BDDAGF50,5,DW#HASPT,0x00000000,0,0,0,0
BDDAGF50,6,DW#RND12,0x00000000,0,0,0,0
BDDAGF50,7,DW#RND26,0x00000000,0,0,0,0
BDDAGF54,0,HELM15_,0x00000000,0,0,0,0
BDDAGF54,1,CHAN04,0x00000000,0,0,0,0
BDDAGF54,2,SW1H07,0x00000000,0,0,0,0
BDDAGF54,3,POTN08,0x00000000,0,1,0,0
BDDAGF54,4,UNIDAGG,0x00000000,0,0,0,0
BDDAGF54,5,DW#HASPT,0x00000000,0,0,0,0
BDDAGF54,6,DW#RND12,0x00000000,0,0,0,0
BDDAGF54,7,DW#RND26,0x00000000,0,0,0,0
BDDAGF40,0,HELM15_,0x00000000,0,0,0,0
BDDAGF40,1,CHAN04,0x00000000,0,0,0,0
BDDAGF40,2,HALB01,0x00000000,0,0,0,0
BDDAGF40,3,POTN08,0x00000000,0,1,0,0
BDDAGF40,4,UNIDAGG,0x00000000,0,0,0,0
BDDAGF40,5,DW#HASPT,0x00000000,0,0,0,0
BDDAGF40,6,DW#RND12,0x00000000,0,0,0,0
BDDAGF40,7,DW#RND26,0x00000000,0,0,0,0
BDDAGF52,0,HELM15_,0x00000000,0,0,0,0
BDDAGF52,1,CHAN04,0x00000000,0,0,0,0
BDDAGF52,2,HALB01,0x00000000,0,0,0,0
BDDAGF52,3,POTN08,0x00000000,0,1,0,0
BDDAGF52,4,UNIDAGG,0x00000000,0,0,0,0
BDDAGF52,5,DW#HASPT,0x00000000,0,0,0,0
BDDAGF52,6,DW#RND12,0x00000000,0,0,0,0
BDDAGF52,7,DW#RND25,0x00000000,0,0,0,0
BDDAGF51,0,HELM15_,0x00000000,0,0,0,0
BDDAGF51,1,CHAN04,0x00000000,0,0,0,0
BDDAGF51,2,HALB01,0x00000000,0,0,0,0
BDDAGF51,3,POTN08,0x00000000,0,1,0,0
BDDAGF51,4,UNIDAGG,0x00000000,0,0,0,0
BDDAGF51,5,DW#HASPT,0x00000000,0,0,0,0
BDDAGF51,6,DW#RND12,0x00000000,0,0,0,0
BDDAGF51,7,DW#RND26,0x00000000,0,0,0,0
BDDAGF46,0,HELM15_,0x00000000,0,0,0,0
BDDAGF46,1,CHAN04,0x00000000,0,0,0,0
BDDAGF46,2,HAMM01,0x00000000,0,0,0,0
BDDAGF46,3,POTN08,0x00000000,0,1,0,0
BDDAGF46,4,UNIDAGG,0x00000000,0,0,0,0
BDDAGF46,5,DW#HASPT,0x00000000,0,0,0,0
BDDAGF46,6,DW#RND11,0x00000000,0,0,0,0
BDDAGF46,7,DW#RND26,0x00000000,0,0,0,0
BDDAGF53,0,HELM15_,0x00000000,0,0,0,0
BDDAGF53,1,CHAN04,0x00000000,0,0,0,0
BDDAGF53,2,SW1H07,0x00000000,0,0,0,0
BDDAGF53,3,POTN08,0x00000000,0,1,0,0
BDDAGF53,4,UNIDAGG,0x00000000,0,0,0,0
BDDAGF53,5,DW#HASPT,0x00000000,0,0,0,0
BDDAGF53,6,DW#RND12,0x00000000,0,0,0,0
BDDAGF53,7,DW#RND26,0x00000000,0,0,0,0
BDDAGF60,0,HELM15_,0x00000000,0,0,0,0
BDDAGF60,1,CHAN04,0x00000000,0,0,0,0
BDDAGF60,2,SW1H07,0x00000000,0,0,0,0
BDDAGF60,3,POTN08,0x00000000,0,1,0,0
BDDAGF60,4,UNIDAGG,0x00000000,0,0,0,0
BDDAGF60,5,DW#HASPT,0x00000000,0,0,0,0
BDDAGF60,6,DW#RND12,0x00000000,0,0,0,0
BDDAGF60,7,DW#RND26,0x00000000,0,0,0,0
BDDAGF59,0,HELM15_,0x00000000,0,0,0,0
BDDAGF59,1,CHAN04,0x00000000,0,0,0,0
BDDAGF59,2,HALB01,0x00000000,0,0,0,0
BDDAGF59,3,POTN08,0x00000000,0,1,0,0
BDDAGF59,4,UNIDAGG,0x00000000,0,0,0,0
BDDAGF59,5,DW#HASPT,0x00000000,0,0,0,0
BDDAGF59,6,DW#RND12,0x00000000,0,0,0,0
BDDAGF59,7,DW#RND25,0x00000000,0,0,0,0
BDDAGF49,0,HELM15_,0x00000000,0,0,0,0
BDDAGF49,1,CHAN04,0x00000000,0,0,0,0
BDDAGF49,2,HALB01,0x00000000,0,0,0,0
BDDAGF49,3,POTN08,0x00000000,0,1,0,0
BDDAGF49,4,UNIDAGG,0x00000000,0,0,0,0
BDDAGF49,5,DW#HASPT,0x00000000,0,0,0,0
BDDAGF49,6,DW#RND11,0x00000000,0,0,0,0
BDDAGF49,7,DW#RND26,0x00000000,0,0,0,0
BDWTR49,0,HELM13,0x00000000,0,0,0,0
BDWTR49,1,CHAN04,0x00000000,0,0,0,0
BDWTR49,2,SW1H04,0x00000000,0,0,0,0
BDWTR49,3,POTN08,0x00000000,0,1,0,0
BDWTR49,4,UNIWATER,0x00000000,0,0,0,0
BDWTR49,5,DW#HASPT,0x00000000,0,0,0,0
BDWTR49,6,DW#RND11,0x00000000,0,0,0,0
BDWTR49,7,DW#RND25,0x00000000,0,0,0,0
BDFIST91,0,HELM09,0x00000008,1,0,0,0
BDFIST91,1,CHAN04,0x00000008,1,0,0,0
BDFIST91,2,SHLD01A,0x00000008,1,0,0,0
BDFIST91,3,SW1H04,0x00000008,1,0,0,0
BDFIST91,4,POTN08,0x00000008,1,1,0,0
BDFIST91,5,UNIFLAM,0x00000000,0,0,0,0
BDFIST91,6,DW#HASPT,0x00000000,0,0,0,0
BDFIST91,7,DW#RND12,0x00000000,0,0,0,0
BDFIST91,8,DW#RND26,0x00000000,0,0,0,0
BDFIST92,0,HELM09,0x00000008,1,0,0,0
BDFIST92,1,CHAN04,0x00000008,1,0,0,0
BDFIST92,2,SHLD01A,0x00000008,1,0,0,0
BDFIST92,3,SW1H04,0x00000008,1,0,0,0
BDFIST92,4,POTN08,0x00000008,1,1,0,0
BDFIST92,5,UNIFLAM,0x00000000,0,0,0,0
BDFIST92,6,DW#HASPT,0x00000000,0,0,0,0
BDFIST92,7,DW#RND12,0x00000000,0,0,0,0
BDFIST92,8,DW#RND26,0x00000000,0,0,0,0
BDFIST93,0,HELM09,0x00000008,1,0,0,0
BDFIST93,1,CHAN04,0x00000008,1,0,0,0
BDFIST93,2,SHLD01A,0x00000008,1,0,0,0
BDFIST93,3,SW1H04,0x00000008,1,0,0,0
BDFIST93,4,POTN08,0x00000008,1,1,0,0
BDFIST93,5,UNIFLAM,0x00000000,0,0,0,0
BDFIST93,6,DW#HASPT,0x00000000,0,0,0,0
BDFIST93,7,DW#RND12,0x00000000,0,0,0,0
BDFIST93,8,DW#RND26,0x00000000,0,0,0,0
BDFIST94,0,HELM09,0x00000008,1,0,0,0
BDFIST94,1,CHAN04,0x00000008,1,0,0,0
BDFIST94,2,SHLD01A,0x00000008,1,0,0,0
BDFIST94,3,SW1H04,0x00000008,1,0,0,0
BDFIST94,4,POTN08,0x00000008,1,1,0,0
BDFIST94,5,UNIFLAM,0x00000000,0,0,0,0
BDFIST94,6,DW#HASPT,0x00000000,0,0,0,0
BDFIST94,7,DW#RND12,0x00000000,0,0,0,0
BDFIST94,8,DW#RND26,0x00000000,0,0,0,0
BDFIST95,0,HELM09,0x00000008,1,0,0,0
BDFIST95,1,CHAN04,0x00000008,1,0,0,0
BDFIST95,2,SHLD01A,0x00000008,1,0,0,0
BDFIST95,3,SW1H04,0x00000008,1,0,0,0
BDFIST95,4,POTN08,0x00000008,1,1,0,0
BDFIST95,5,UNIFLAM,0x00000000,0,0,0,0
BDFIST95,6,DW#HASPT,0x00000000,0,0,0,0
BDFIST95,7,DW#RND12,0x00000000,0,0,0,0
BDFIST95,8,DW#RND25,0x00000000,0,0,0,0
BDFIST96,0,HELM09,0x00000008,1,0,0,0
BDFIST96,1,CHAN04,0x00000008,1,0,0,0
BDFIST96,2,SHLD01A,0x00000008,1,0,0,0
BDFIST96,3,SW1H04,0x00000008,1,0,0,0
BDFIST96,4,POTN08,0x00000008,1,1,0,0
BDFIST96,5,UNIFLAM,0x00000000,0,0,0,0
BDFIST96,6,DW#HASPT,0x00000000,0,0,0,0
BDFIST96,7,DW#RND11,0x00000000,0,0,0,0
BDFIST96,8,DW#RND26,0x00000000,0,0,0,0
BDDAGF42,0,HELM15_,0x00000000,0,0,0,0
BDDAGF42,1,CHAN04,0x00000000,0,0,0,0
BDDAGF42,2,HALB01,0x00000000,0,0,0,0
BDDAGF42,3,POTN08,0x00000000,0,1,0,0
BDDAGF42,4,UNIDAGG,0x00000000,0,0,0,0
BDDAGF42,5,DW#HASPT,0x00000000,0,0,0,0
BDDAGF42,6,DW#RND12,0x00000000,0,0,0,0
BDDAGF42,7,DW#RND26,0x00000000,0,0,0,0
BDWTR58A,0,HELM13,0x00000000,0,0,0,0
BDWTR58A,1,CHAN04,0x00000000,0,0,0,0
BDWTR58A,2,HALB01,0x00000000,0,0,0,0
BDWTR58A,3,POTN08,0x00000000,0,1,0,0
BDWTR58A,4,UNIWATER,0x00000000,0,0,0,0
BDWTR58A,5,DW#HASPT,0x00000000,0,0,0,0
BDWTR58A,6,DW#RND12,0x00000000,0,0,0,0
BDWTR58A,7,DW#RND25,0x00000000,0,0,0,0
BDWTR58B,0,HELM13,0x00000000,0,0,0,0
BDWTR58B,1,CHAN04,0x00000000,0,0,0,0
BDWTR58B,2,HALB01,0x00000000,0,0,0,0
BDWTR58B,3,POTN08,0x00000000,0,1,0,0
BDWTR58B,4,UNIWATER,0x00000000,0,0,0,0
BDWTR58B,5,DW#HASPT,0x00000000,0,0,0,0
BDWTR58B,6,DW#RND12,0x00000000,0,0,0,0
BDWTR58B,7,DW#RND25,0x00000000,0,0,0,0
BDWTR58C,0,HELM13,0x00000000,0,0,0,0
BDWTR58C,1,CHAN04,0x00000000,0,0,0,0
BDWTR58C,2,HALB01,0x00000000,0,0,0,0
BDWTR58C,3,POTN08,0x00000000,0,1,0,0
BDWTR58C,4,UNIWATER,0x00000000,0,0,0,0
BDWTR58C,5,DW#HASPT,0x00000000,0,0,0,0
BDWTR58C,6,DW#RND12,0x00000000,0,0,0,0
BDWTR58C,7,DW#RND26,0x00000000,0,0,0,0
BDWTR48A,0,HELM13,0x00000000,0,0,0,0
BDWTR48A,1,CHAN04,0x00000000,0,0,0,0
BDWTR48A,2,HALB01,0x00000000,0,0,0,0
BDWTR48A,3,POTN08,0x00000000,0,1,0,0
BDWTR48A,4,UNIWATER,0x00000000,0,0,0,0
BDWTR48A,5,DW#HASPT,0x00000000,0,0,0,0
BDWTR48A,6,DW#RND12,0x00000000,0,0,0,0
BDWTR48A,7,DW#RND25,0x00000000,0,0,0,0
BDWTR48B,0,HELM13,0x00000000,0,0,0,0
BDWTR48B,1,CHAN04,0x00000000,0,0,0,0
BDWTR48B,2,HALB01,0x00000000,0,0,0,0
BDWTR48B,3,POTN08,0x00000000,0,1,0,0
BDWTR48B,4,UNIWATER,0x00000000,0,0,0,0
BDWTR48B,5,DW#HASPT,0x00000000,0,0,0,0
BDWTR48B,6,DW#RND12,0x00000000,0,0,0,0
BDWTR48B,7,DW#RND26,0x00000000,0,0,0,0
BDWTR48C,0,HELM13,0x00000000,0,0,0,0
BDWTR48C,1,CHAN04,0x00000000,0,0,0,0
BDWTR48C,2,HALB01,0x00000000,0,0,0,0
BDWTR48C,3,POTN08,0x00000000,0,1,0,0
BDWTR48C,4,UNIWATER,0x00000000,0,0,0,0
BDWTR48C,5,DW#HASPT,0x00000000,0,0,0,0
BDWTR48C,6,DW#RND12,0x00000000,0,0,0,0
BDWTR48C,7,DW#RND26,0x00000000,0,0,0,0
BDDSSEN2,0,HELM01,0x00000000,0,0,0,0
BDDSSEN2,1,PLAT01,0x00000008,1,0,0,0
BDDSSEN2,2,HALB01,0x00000008,1,1,0,0
BDDSSEN2,3,POTN08,0x00000000,0,1,0,0
BDDSSEN2,4,UNICAEL,0x00000000,0,0,0,0
BDDSSEN2,5,DW#HASPT,0x00000000,0,0,0,0
BDDSSEN2,6,DW#RND12,0x00000000,0,0,0,0
BDDSSEN2,7,DW#RND25,0x00000000,0,0,0,0
BDDSSEN,0,HELM01,0x00000008,1,0,0,0
BDDSSEN,1,PLAT10,0x00000000,0,0,0,0
BDDSSEN,2,SHLD04,0x00000000,0,0,0,0
BDDSSEN,3,SW1H05,0x00000000,0,1,0,0
BDDSSEN,4,UNICAEL2,0x00000000,0,0,0,0
BDDSSEN,5,POTN52,0x00000000,0,1,0,0
BDDSSEN,6,DW#HASPT,0x00000000,0,0,0,0
BDDSSEN,7,DW#RND12,0x00000000,0,0,0,0
BDDSSEN,8,DW#RND26,0x00000000,0,0,0,0
BDCRU118,0,LEAT10,0x00000008,1,0,0,0
BDCRU118,1,BOW03,0x00000008,1,1,0,0
BDCRU118,2,POTN08,0x00000000,0,1,0,0
BDCRU118,3,AX1H01,0x00000008,1,0,999,0
BDCRU118,4,AROW01,0x00000000,0,40,0,0
BDCRU118,5,UNICHILL,0x00000000,0,0,0,0
BDDSSEN1,0,HELM01,0x00000008,1,0,0,0
BDDSSEN1,1,CHAN01,0x00000008,1,0,0,0
BDDSSEN1,2,BOW03,0x00000008,1,1,0,0
BDDSSEN1,3,BLUN04,0x00000008,1,0,0,0
BDDSSEN1,4,AROW01,0x00000000,0,20,0,0
BDDSSEN1,5,POTN08,0x00000000,0,1,0,0
BDDSSEN1,6,UNICAEL,0x00000000,0,0,0,0
BDDSSEN1,7,DW#HASPT,0x00000000,0,0,0,0
BDDSSEN1,8,DW#RND11,0x00000000,0,0,0,0
BDDSSEN1,9,DW#RND26,0x00000000,0,0,0,0
BDDSSEN5,0,LEAT04,0x00000008,1,0,0,0
BDDSSEN5,1,SPER01,0x00000008,1,1,0,0
BDDSSEN5,2,DART03,0x00000000,0,10,0,0
BDDSSEN5,3,POTN08,0x00000000,0,1,0,0
BDDSSEN5,4,UNICAEL,0x00000000,0,0,0,0
BDDSSEN6,0,UNICAEL,0x00000000,0,0,0,0
BDDSSEN6,1,WAND04,0x00000000,0,3,0,0
BDDSSEN6,2,POTN52,0x00000000,0,1,0,0
BDDSSEN6,3,DART03,0x00000000,0,10,0,0
BDDSSEN6,4,SW1H05,0x00000000,0,1,0,0
BDDSSEN6,5,DW#HASPT,0x00000000,0,0,0,0
BDDSSEN6,6,DW#RND26,0x00000000,0,0,0,0
BDCRU117,0,BDHELM03,0x00000008,1,0,0,0
BDCRU117,1,LEAT04,0x00000008,1,0,0,0
BDCRU117,2,BOW03,0x00000008,1,0,0,0
BDCRU117,3,DAGG01,0x00000008,1,0,0,0
BDCRU117,4,AROW01,0x00000000,0,40,0,0
BDCRU117,5,UNICHILL,0x00000000,0,0,0,0
BDCRU117,6,POTN08,0x00000000,0,1,0,0
BDDSSEN3,0,HELM01,0x00000008,1,0,0,0
BDDSSEN3,1,PLAT01,0x00000000,0,0,0,0
BDDSSEN3,2,SHLD05A,0x00000000,0,0,0,0
BDDSSEN3,3,AX1H01,0x00000008,1,1,999,0
BDDSSEN3,4,AX1H04,0x00000000,0,5,0,0
BDDSSEN3,5,POTN08,0x00000000,0,2,0,0
BDDSSEN3,6,UNICAEL,0x00000000,0,0,0,0
BDDSSEN3,7,DW#HASPT,0x00000000,0,0,0,0
BDDSSEN3,8,DW#RND12,0x00000000,0,0,0,0
BDDSSEN3,9,DW#RND26,0x00000000,0,0,0,0
BDDSSEN4,0,BDHELM03,0x00000008,1,0,0,0
BDDSSEN4,1,LEAT10,0x00000008,1,0,0,0
BDDSSEN4,2,AX1H01,0x00000008,1,0,999,0
BDDSSEN4,3,AX1H01,0x00000008,1,1,999,0
BDDSSEN4,4,POTN08,0x00000000,0,2,0,0
BDDSSEN4,5,UNICAEL,0x00000000,0,0,0,0
BDDSSEN4,6,DW#HASPT,0x00000000,0,0,0,0
BDDSSEN4,7,DW#RND12,0x00000000,0,0,0,0
BDDSSEN4,8,DW#RND25,0x00000000,0,0,0,0
BDSKIE,0,LEAT08,0x00000001,0,0,0,0
BDSKIE,1,BOW05,0x00000001,0,0,0,0
BDSKIE,2,SW1H07,0x00000001,0,0,0,0
BDSKIE,3,AROW02,0x00000001,0,20,0,0
BDSKIE,4,AROW01,0x00000000,0,40,0,0
BDSKIE,5,POTN08,0x00000001,0,0,0,0
BDSKIE,6,MINHP1,0x0000000A,1,0,0,0
BDSKIE,7,DW#HASPT,0x00000000,0,0,0,0
BDSKIE,8,DW#RND17,0x00000000,0,0,0,0
BDSKIE,9,DW#RND37,0x00000000,0,0,0,0
BDCRUM31,0,BDHELM03,0x00000008,1,0,0,0
BDCRUM31,1,CHAN04,0x00000008,1,0,0,0
BDCRUM31,2,SW2H01,0x00000008,1,0,0,0
BDCRUM31,3,UNICHILL,0x00000000,0,0,0,0
BDCRUM31,4,POTN08,0x00000000,0,1,0,0
BDCRUM31,5,DW#HASPT,0x00000000,0,0,0,0
BDCRUM31,6,DW#RND12,0x00000000,0,0,0,0
BDCRUM31,7,DW#RND26,0x00000000,0,0,0,0
BDCRUM32,0,LEAT04,0x00000008,1,0,0,0
BDCRUM32,1,XBOW04,0x00000008,1,0,0,0
BDCRUM32,2,SW1H07,0x00000008,1,0,0,0
BDCRUM32,3,BOLT01,0x00000000,0,20,0,0
BDCRUM32,4,UNICHILL,0x00000000,0,0,0,0
BDCRUM32,5,POTN08,0x00000000,0,1,0,0
BDCRUM32,6,DW#HASPT,0x00000000,0,0,0,0
BDCRUM32,7,DW#RND12,0x00000000,0,0,0,0
BDCRUM32,8,DW#RND26,0x00000000,0,0,0,0
BDCRUM30,0,BDHELM03,0x00000008,1,0,0,0
BDCRUM30,1,CHAN02,0x00000000,0,0,0,0
BDCRUM30,2,SW1H02,0x00000008,1,0,999,0
BDCRUM30,3,UNICHILL,0x00000000,0,0,0,0
BDCRUM30,4,POTN08,0x00000000,0,1,0,0
BDCRUM30,5,DW#HASPT,0x00000000,0,0,0,0
BDCRUM30,6,DW#RND11,0x00000000,0,0,0,0
BDCRUM30,7,DW#RND25,0x00000000,0,0,0,0
BDFAMARI,0,LEAT04,0x00000008,1,0,0,0
BDFAMARI,1,SW1H20,0x00000008,1,0,0,0
BDFAMARI,2,UNICHILL,0x00000000,0,0,0,0
BDFAMARI,3,POTN08,0x00000000,0,1,0,0
BDFAMARI,4,DW#HASPT,0x00000000,0,0,0,0
BDFAMARI,5,DW#RND18,0x00000000,0,0,0,0
BDFAMARI,6,DW#RND38,0x00000000,0,0,0,0
BDFAMAR1,0,CHAN01,0x00000008,1,0,0,0
BDFAMAR1,1,XBOW04,0x00000008,1,0,0,0
BDFAMAR1,2,DAGG01,0x00000008,1,0,0,0
BDFAMAR1,3,BOLT01,0x00000000,0,10,0,0
BDFAMAR1,4,UNICHILL,0x00000000,0,0,0,0
BDFAMAR1,5,POTN08,0x00000000,0,1,0,0
BDFAMAR1,6,DW#HASPT,0x00000000,0,0,0,0
BDFAMAR1,7,DW#RND12,0x00000000,0,0,0,0
BDFAMAR1,8,DW#RND26,0x00000000,0,0,0,0
BDFAMAR2,0,HELM01,0x00000008,1,0,0,0
BDFAMAR2,1,LEAT04,0x00000008,1,0,0,0
BDFAMAR2,2,SHLD01A,0x00000008,1,0,0,0
BDFAMAR2,3,HAMM01,0x00000008,1,0,0,0
BDFAMAR2,4,UNICHILL,0x00000000,0,0,0,0
BDFAMAR2,5,POTN08,0x00000000,0,1,0,0
BDFAMAR2,6,DW#HASPT,0x00000000,0,0,0,0
BDFAMAR2,7,DW#RND11,0x00000000,0,0,0,0
BDFAMAR2,8,DW#RND26,0x00000000,0,0,0,0
BDFAMCRU,0,HELM01,0x00000008,1,0,0,0
BDFAMCRU,1,PLAT01,0x00000000,0,0,0,0
BDFAMCRU,2,SHLD06A,0x00000000,0,0,0,0
BDFAMCRU,3,SW1H02,0x00000000,0,0,999,0
BDFAMCRU,4,POTN52,0x00000000,0,1,0,0
BDFAMCRU,5,UNICAEL2,0x00000000,0,0,0,0
BDFAMCRU,6,DW#HASPT,0x00000000,0,0,0,0
BDFAMCRU,7,DW#RND12,0x00000000,0,0,0,0
BDFAMCRU,8,DW#RND26,0x00000000,0,0,0,0
BDSINDRE,0,BDHELM03,0x00000008,1,0,0,0
BDSINDRE,1,CHAN05,0x00000000,0,0,0,0
BDSINDRE,2,SHLD11A,0x00000008,1,0,0,0
BDSINDRE,3,BLUN36,0x00000000,0,0,0,0
BDSINDRE,4,SLNG02,0x00000000,0,0,0,0
BDSINDRE,5,BULL02,0x00000000,0,20,0,0
BDSINDRE,6,POTN08,0x00000000,0,2,0,0
BDSINDRE,7,POTN41,0x00000000,0,1,0,0
BDSINDRE,8,POTN34,0x00000000,0,1,0,0
BDSINDRE,9,AMUL12,0x00000000,0,0,0,0
BDSINDRE,10,DW#HASPT,0x00000000,0,0,0,0
BDULORI,0,TROLL01,0x00000000,0,0,0,0
BDULORI,1,TROLLBOO,0x00000000,0,0,0,0
BDULORI,2,TROLLIMM,0x00000000,0,0,0,0
BDULORI,3,TROLLREG,0x00000000,0,0,0,0
BDSINDR2,0,LEAT04,0x00000008,1,0,0,0
BDSINDR2,1,BLUN01,0x00000008,1,0,0,0
BDSINDR2,2,BLUN01,0x00000008,1,0,0,0
BDSINDR2,3,UNICAEL,0x00000000,0,0,0,0
BDSINDR2,4,DW#RND03,0x00000000,0,0,0,0
BDSINDR2,5,DW#RND12,0x00000000,0,0,0,0
BDSINDR2,6,DW#RND26,0x00000000,0,0,0,0
BDSINDR3,0,BDHELMJ3,0x00000008,1,0,0,0
BDSINDR3,1,LEAT04,0x00000008,1,0,0,0
BDSINDR3,2,BLUN02,0x00000008,1,0,0,0
BDSINDR3,3,UNICAEL,0x00000000,0,0,0,0
BDSINDR3,4,DW#RND04,0x00000000,0,0,0,0
BDSINDR3,5,DW#RND11,0x00000000,0,0,0,0
BDSINDR3,6,DW#RND26,0x00000000,0,0,0,0
BDLEOPAS,0,HELM01,0x00000008,1,0,0,0
BDLEOPAS,1,PLAT01,0x00000008,1,0,0,0
BDLEOPAS,2,XBOW02,0x00000008,1,0,0,0
BDLEOPAS,3,SW1H04,0x00000008,1,0,0,0
BDLEOPAS,4,BOLT04,0x00000000,0,20,0,0
BDLEOPAS,5,UNICAEL,0x00000000,0,0,0,0
BDLEOPAS,6,POTN52,0x00000000,0,1,0,0
BDLEOPAS,7,DW#HASPT,0x00000000,0,0,0,0
BDLEOPAS,8,DW#RND12,0x00000000,0,0,0,0
BDLEOPAS,9,DW#RND25,0x00000000,0,0,0,0
BDCRUS36,0,HELM01,0x00000008,1,0,0,0
BDCRUS36,1,CHAN04,0x00000008,1,0,0,0
BDCRUS36,2,HALB01,0x00000008,1,0,0,0
BDCRUS36,3,UNICAEL,0x00000000,0,0,0,0
BDCRUS36,4,POTN08,0x00000000,0,0,0,0
BDCRUS36,5,DW#HASPT,0x00000000,0,0,0,0
BDCRUS36,6,DW#RND12,0x00000000,0,0,0,0
BDCRUS36,7,DW#RND26,0x00000000,0,0,0,0
BDCRUS35,0,HELM01,0x00000008,1,0,0,0
BDCRUS35,1,CHAN04,0x00000008,1,0,0,0
BDCRUS35,2,BOW03,0x00000008,1,0,0,0
BDCRUS35,3,SW1H04,0x00000008,1,0,0,0
BDCRUS35,4,AROW01,0x00000000,0,40,0,0
BDCRUS35,5,UNICAEL,0x00000000,0,0,0,0
BDCRUS35,6,POTN08,0x00000000,0,0,0,0
BDCRUS35,7,DW#HASPT,0x00000000,0,0,0,0
BDCRUS35,8,DW#RND12,0x00000000,0,0,0,0
BDCRUS35,9,DW#RND26,0x00000000,0,0,0,0
BDCORINT,0,LEAT10,0x00000000,0,0,0,0
BDCORINT,1,BDBOW02,0x00000000,0,0,0,0
BDCORINT,2,SW1H07,0x00000000,0,0,0,0
BDCORINT,3,AROW02,0x00000000,0,20,0,0
BDCORINT,4,UNICAEL,0x00000000,0,0,0,0
BDCORINT,5,POTN08,0x00000000,0,0,0,0
BDCORINT,6,DW#HASPT,0x00000000,0,0,0,0
BDCORINT,7,DW#RND11,0x00000000,0,0,0,0
BDCORINT,8,DW#RND25,0x00000000,0,0,0,0
BDVALIS,0,LEAT04,0x00000008,1,0,0,0
BDVALIS,1,BOW05,0x00000008,1,0,0,0
BDVALIS,2,SW1H22,0x00000008,1,0,0,0
BDVALIS,3,AROW01,0x00000000,0,20,0,0
BDVALIS,4,UNICAEL,0x00000000,0,0,0,0
BDVALIS,5,POTN08,0x00000000,0,0,0,0
BDVALIS,6,DW#HASPT,0x00000000,0,0,0,0
BDVALIS,7,DW#RND12,0x00000000,0,0,0,0
BDVALIS,8,DW#RND25,0x00000000,0,0,0,0
BDRAVOC,0,CHAN04,0x00000008,1,0,0,0
BDRAVOC,1,AX1H02,0x00000008,1,0,999,0
BDRAVOC,2,AX1H02,0x00000000,0,0,999,0
BDRAVOC,3,UNICHILL,0x00000000,0,0,0,0
BDRAVOC,4,POTN08,0x00000000,0,0,0,0
BDRAVOC,5,DW#HASPT,0x00000000,0,0,0,0
BDRAVOC,6,DW#RND11,0x00000000,0,0,0,0
BDRAVOC,7,DW#RND25,0x00000000,0,0,0,0
BDDELTON,0,POTN08,0x00000000,0,0,0,0
BDDELTON,1,UNICAEL,0x00000000,0,0,0,0
BDDELTON,2,DART03,0x00000000,0,20,0,0
BDDELTON,3,DAGG01,0x00000008,1,0,0,0
BDDELTON,4,CLCK10,0x00000008,1,0,0,0
BDDELTON,5,DW#HASPT,0x00000000,0,0,0,0
BDDAMARR,0,CHAN05,0x00000008,1,0,0,0
BDDAMARR,1,SW2H01,0x00000008,1,0,0,0
BDDAMARR,2,UNICHILL,0x00000000,0,0,0,0
BDDAMARR,3,POTN08,0x00000000,0,0,0,0
BDDAMARR,4,DW#HASPT,0x00000000,0,0,0,0
BDDAMARR,5,DW#RND12,0x00000000,0,0,0,0
BDDAMARR,6,DW#RND26,0x00000000,0,0,0,0
BDLEOSIS,0,HELM01,0x00000008,1,0,0,0
BDLEOSIS,1,LEAT01,0x00000008,1,0,0,0
BDLEOSIS,2,XBOW04,0x00000008,1,1,0,0
BDLEOSIS,3,DAGG01,0x00000008,1,0,0,0
BDLEOSIS,4,BOLT01,0x00000000,0,20,0,0
BDLEOSIS,5,UNICAEL,0x00000000,0,0,0,0
BDLEOSIS,6,POTN08,0x00000000,0,1,0,0
BDLEOSIS,7,DW#HASPT,0x00000000,0,0,0,0
BDLEOSIS,8,DW#RND12,0x00000000,0,0,0,0
BDLEOSIS,9,DW#RND25,0x00000000,0,0,0,0
BDMERC02,0,BDHELM03,0x00000008,1,0,0,0
BDMERC02,1,CHAN04,0x00000008,1,0,0,0
BDMERC02,2,BOW03,0x00000008,1,0,0,0
BDMERC02,3,SW1H07,0x00000008,1,0,0,0
BDMERC02,4,AROW01,0x00000000,0,40,0,0
BDMERC02,5,UNICHILL,0x00000000,0,0,0,0
BDMERC02,6,POTN08,0x00000000,0,0,0,0
BDMERC02,7,DW#HASPT,0x00000000,0,0,0,0
BDMERC02,8,DW#RND12,0x00000000,0,0,0,0
BDMERC02,9,DW#RND26,0x00000000,0,0,0,0
BDCRUS29,0,HELM01,0x00000009,1,0,0,0
BDCRUS29,1,PLAT01,0x00000009,1,0,0,0
BDCRUS29,2,SW2H01,0x00000008,1,0,0,0
BDCRUS29,3,UNICAEL,0x00000000,0,0,0,0
BDCRUS29,4,POTN52,0x00000000,0,1,0,0
BDCRUS29,5,DW#HASPT,0x00000000,0,0,0,0
BDCRUS29,6,DW#RND12,0x00000000,0,0,0,0
BDCRUS29,7,DW#RND26,0x00000000,0,0,0,0
BDMERC03,0,BDHELM03,0x00000008,1,0,0,0
BDMERC03,1,CHAN04,0x00000008,1,0,0,0
BDMERC03,2,SHLD01A,0x00000008,1,0,0,0
BDMERC03,3,SW1H04,0x00000008,1,0,0,0
BDMERC03,4,UNICHILL,0x00000000,0,0,0,0
BDMERC03,5,POTN08,0x00000000,0,0,0,0
BDMERC03,6,DW#HASPT,0x00000000,0,0,0,0
BDMERC03,7,DW#RND11,0x00000000,0,0,0,0
BDMERC03,8,DW#RND26,0x00000000,0,0,0,0
BDTRISTI,0,HELM09,0x00000008,1,0,0,0
BDTRISTI,1,PLAT04,0x00000008,1,0,0,0
BDTRISTI,2,SHLD04,0x00000000,0,0,0,0
BDTRISTI,3,BDRING06,0x00000000,0,0,0,0
BDTRISTI,4,SW1H41,0x00000000,0,0,0,0
BDTRISTI,5,POTN52,0x00000000,0,2,0,0
BDTRISTI,6,BDMISC23,0x00000003,0,0,0,0
BDTRISTI,7,POTN11,0x00000000,0,1,0,0
BDTRISTI,8,DW#HASPT,0x00000000,0,0,0,0
BDTRISTI,9,DW#RND28,0x00000000,0,0,0,0
BDCRUX31,0,HELM01,0x00000008,1,0,0,0
BDCRUX31,1,PLAT01,0x00000008,1,0,0,0
BDCRUX31,2,SHLD03,0x00000008,1,0,0,0
BDCRUX31,3,SW1H04,0x00000008,1,0,0,0
BDCRUX31,4,POTN52,0x00000000,0,1,0,0
BDCRUX31,5,UNICAEL,0x00000000,0,0,0,0
BDCRUX31,6,DW#HASPT,0x00000000,0,0,0,0
BDCRUX31,7,DW#RND12,0x00000000,0,0,0,0
BDCRUX31,8,DW#RND26,0x00000000,0,0,0,0
BDCRUE30,0,HELM01,0x00000008,1,0,0,0
BDCRUE30,1,CHAN04,0x00000008,1,0,0,0
BDCRUE30,2,SW1H05S,0x00000000,0,0,0,0
BDCRUE30,3,POTN52,0x00000000,0,1,0,0
BDCRUE30,4,SHLD03A,0x00000000,0,0,0,0
BDCRUE30,5,POTN03,0x00000000,0,0,0,0
BDCRUE30,6,UNICAEL2,0x00000000,0,0,0,0
BDCRUE30,7,DW#HASPT,0x00000000,0,0,0,0
BDCRUE30,8,DW#RND12,0x00000000,0,0,0,0
BDCRUX30,0,HELM01,0x00000008,1,0,0,0
BDCRUX30,1,PLAT01,0x00000008,1,0,0,0
BDCRUX30,2,AX1H01,0x00000008,1,0,999,0
BDCRUX30,3,POTN08,0x00000000,0,1,0,0
BDCRUX30,4,UNICAEL,0x00000000,0,0,0,0
BDCRUX30,5,SHLD05A,0x00000008,1,0,0,0
BDCRUX30,6,DW#HASPT,0x00000000,0,0,0,0
BDCRUX30,7,DW#RND12,0x00000000,0,0,0,0
BDCRUX30,8,DW#RND25,0x00000000,0,0,0,0
BDCRUE33,0,HELM01,0x00000008,1,0,0,0
BDCRUE33,1,CHAN02,0x00000000,0,0,0,0
BDCRUE33,2,SW1H04,0x00000008,1,0,0,0
BDCRUE33,3,POTN52,0x00000000,0,1,0,0
BDCRUE33,4,UNICAEL2,0x00000000,0,0,0,0
BDCRUE33,5,POTN14,0x00000000,0,0,0,0
BDCRUE33,6,SW1H05,0x00000000,0,0,0,0
BDCRUE33,7,DW#HASPT,0x00000000,0,0,0,0
BDCRUE33,8,DW#RND12,0x00000000,0,0,0,0
BDZARE,0,LEAT04,0x00000008,1,0,0,0
BDZARE,1,SHLD01A,0x00000008,1,0,0,0
BDZARE,2,SW1H04,0x00000008,1,0,0,0
BDZARE,3,POTN08,0x00000000,0,1,0,0
BDZARE,4,UNICAEL,0x00000000,0,0,0,0
BDCRUR30,0,HELM01,0x00000008,1,0,0,0
BDCRUR30,1,LEAT04,0x00000008,1,0,0,0
BDCRUR30,2,SHLD01A,0x00000008,1,0,0,0
BDCRUR30,3,SW1H07,0x00000008,1,0,0,0
BDCRUR30,4,UNICAEL,0x00000000,0,0,0,0
BDKJARVA,0,HELM01,0x00000008,1,0,0,0
BDKJARVA,1,CHAN01,0x00000008,1,0,0,0
BDKJARVA,2,SHLD01A,0x00000008,1,0,0,0
BDKJARVA,3,BLUN02,0x00000008,1,2,0,0
BDKJARVA,4,UNICAEL,0x00000000,0,0,0,0
BDKJARVA,5,POTN08,0x00000000,0,1,0,0
BDQING,0,LEAT04,0x00000000,0,0,0,0
BDQING,1,BOW05,0x00000008,1,0,0,0
BDQING,2,SW1H07,0x00000008,1,0,0,0
BDQING,3,AROW01,0x00000000,0,40,0,0
BDQING,4,UNICAEL,0x00000000,0,0,0,0
BDDENELD,0,BDMISC19,0x00000000,0,0,0,0
BDDENELD,1,WAND04,0x00000000,0,3,0,0
BDDENELD,2,POTN52,0x00000000,0,1,0,0
BDDENELD,3,UNICAEL2,0x00000000,0,0,0,0
BDDENELD,4,BOLT02,0x00000008,1,20,0,0
BDDENELD,5,XBOW05,0x00000008,1,0,0,0
BDDENELD,6,SW1H08,0x00000000,0,0,0,0
BDDENELD,7,BDRING03,0x00000003,0,0,0,0
BDDENELD,8,HELM01,0x00000008,1,0,0,0
BDDENELD,9,DW#HASPT,0x00000000,0,0,0,0
BDDENELD,10,DW#RND17,0x00000000,0,0,0,0
BDDENELD,11,DW#RND38,0x00000000,0,0,0,0
BDCRUS38,0,HELM01,0x00000008,1,0,0,0
BDCRUS38,1,LEAT04,0x00000008,1,0,0,0
BDCRUS38,2,BOW05,0x00000008,1,1,0,0
BDCRUS38,3,DAGG01,0x00000008,1,0,0,0
BDCRUS38,4,AROW02,0x00000000,0,40,0,0
BDCRUS38,5,UNICAEL,0x00000000,0,0,0,0
BDCRUS38,6,POTN08,0x00000000,0,1,0,0
BDCRUS38,7,DW#HASPT,0x00000000,0,0,0,0
BDCRUS38,8,DW#RND11,0x00000000,0,0,0,0
BDCRUS38,9,DW#RND26,0x00000000,0,0,0,0
BDCRUS20,0,HELM01,0x00000008,1,0,0,0
BDCRUS20,1,LEAT04,0x00000008,1,0,0,0
BDCRUS20,2,SLNG01,0x00000008,1,0,0,0
BDCRUS20,3,DAGG01,0x00000008,1,0,0,0
BDCRUS20,4,BULL01,0x00000000,0,40,0,0
BDCRUS20,5,POTN08,0x00000000,0,0,0,0
BDCRUS20,6,UNICAEL,0x00000000,0,0,0,0
BDCRUS20,7,DW#HASPT,0x00000000,0,0,0,0
BDCRUS20,8,DW#RND11,0x00000000,0,0,0,0
BDCRUS20,9,DW#RND26,0x00000000,0,0,0,0
BDDREON,0,HELM01,0x00000008,1,0,0,0
BDDREON,1,PLAT04,0x00000008,1,0,0,0
BDDREON,2,SHLD06A,0x00000000,0,0,0,0
BDDREON,3,AX1H05,0x00000000,0,0,0,0
BDDREON,4,UNICAEL2,0x00000000,0,0,0,0
BDDREON,5,POTN52,0x00000000,0,1,0,0
BDDREON,6,BDRING04,0x00000000,0,0,0,0
BDDREON,7,AX1H02,0x00000000,0,0,999,0
BDDREON,8,DW#HASPT,0x00000000,0,0,0,0
BDDREON,9,DW#RND12,0x00000000,0,0,0,0
BDDREON,10,DW#RND26,0x00000000,0,0,0,0
BDSALLO,0,BDHELM03,0x00000000,0,0,0,0
BDSALLO,1,PLAT01,0x00000000,0,0,0,0
BDSALLO,2,SW2H01,0x00000000,0,0,0,0
BDSALLO,3,POTN08,0x00000000,0,1,0,0
BDSALLO,4,BDMISC29,0x00000000,0,0,0,0
BDSALLO,5,DW#HASPT,0x00000000,0,0,0,0
BDSALLO,6,DW#RND12,0x00000000,0,0,0,0
BDSALLO,7,DW#RND26,0x00000000,0,0,0,0
BDNAN,0,HELM01,0x00000008,1,0,0,0
BDNAN,1,CHAN01,0x00000008,1,0,0,0
BDNAN,2,SHLD03A,0x00000008,1,0,0,0
BDNAN,3,SW1H07,0x00000008,1,0,0,0
BDNAN,4,POTN08,0x00000000,0,1,0,0
BDNAN,5,UNICAEL,0x00000000,0,0,0,0
BDNAN,6,DW#HASPT,0x00000000,0,0,0,0
BDNAN,7,DW#RND11,0x00000000,0,0,0,0
BDNAN,8,DW#RND26,0x00000000,0,0,0,0
BDPEDRO,0,HELM01,0x00000008,1,0,0,0
BDPEDRO,1,CHAN04,0x00000008,1,0,0,0
BDPEDRO,2,SW2H01,0x00000008,1,0,0,0
BDPEDRO,3,UNICAEL,0x00000000,0,0,0,0
BDPEDRO,4,POTN08,0x00000000,0,1,0,0
BDPEDRO,5,DW#HASPT,0x00000000,0,0,0,0
BDPEDRO,6,DW#RND12,0x00000000,0,0,0,0
BDPEDRO,7,DW#RND26,0x00000000,0,0,0,0
BDCRUR33,0,LEAT04,0x00000008,1,0,0,0
BDCRUR33,1,SW1H04,0x00000008,1,0,0,0
BDCRUR33,2,UNICAEL,0x00000000,0,0,0,0
BDCRUR33,3,BDMISC25,0x00000000,0,0,0,0
BDCRUR31,0,LEAT04,0x00000008,1,0,0,0
BDCRUR31,1,BOW05,0x00000008,1,0,0,0
BDCRUR31,2,DAGG01,0x00000008,1,0,0,0
BDCRUR31,3,AROW01,0x00000000,0,20,0,0
BDCRUR31,4,UNICAEL,0x00000000,0,0,0,0
BDCRUR34,0,HELM01,0x00000008,1,0,0,0
BDCRUR34,1,LEAT04,0x00000008,1,0,0,0
BDCRUR34,2,SHLD01A,0x00000008,1,0,0,0
BDCRUR34,3,SW1H07,0x00000008,1,0,0,0
BDCRUR34,4,UNICAEL,0x00000000,0,0,0,0
BDCRUR34,5,BDMISC25,0x00000000,0,0,0,0
BDCRUR32,0,LEAT04,0x00000008,1,0,0,0
BDCRUR32,1,XBOW04,0x00000008,1,0,0,0
BDCRUR32,2,HAMM01,0x00000008,1,0,0,0
BDCRUR32,3,BOLT01,0x00000000,0,20,0,0
BDCRUR32,4,UNICAEL,0x00000000,0,0,0,0
BDCRUR32,5,BDMISC25,0x00000000,0,0,0,0
BDCRUS33,0,HELM01,0x00000008,1,0,0,0
BDCRUS33,1,CHAN04,0x00000008,1,0,0,0
BDCRUS33,2,SHLD03,0x00000008,1,0,0,0
BDCRUS33,3,SW1H04,0x00000008,1,0,0,0
BDCRUS33,4,POTN08,0x00000000,0,1,0,0
BDCRUS33,5,UNICAEL,0x00000000,0,0,0,0
BDCRUS33,6,DW#HASPT,0x00000000,0,0,0,0
BDCRUS33,7,DW#RND12,0x00000000,0,0,0,0
BDCRUS33,8,DW#RND26,0x00000000,0,0,0,0
BDMAPGUA,0,HELM01,0x00000008,1,0,0,0
BDMAPGUA,1,CHAN04,0x00000008,1,0,0,0
BDMAPGUA,2,SHLD03A,0x00000008,1,0,0,0
BDMAPGUA,3,BLUN06,0x00000008,1,1,0,0
BDMAPGUA,4,UNICAEL,0x00000000,0,0,0,0
BDMAPGUA,5,POTN08,0x00000000,0,1,0,0
BDMAPGUA,6,DW#HASPT,0x00000000,0,0,0,0
BDMAPGUA,7,DW#RND11,0x00000000,0,0,0,0
BDMAPGUA,8,DW#RND26,0x00000000,0,0,0,0
BDCRU111,0,BDHELM03,0x00000008,1,0,0,0
BDCRU111,1,PLAT04,0x00000008,1,0,0,0
BDCRU111,2,SW1H02,0x00000000,0,0,999,0
BDCRU111,3,SW1H02,0x00000000,0,0,999,0
BDCRU111,4,POTN52,0x00000000,0,1,0,0
BDCRU111,5,POTN09,0x00000000,0,1,0,0
BDCRU111,6,POTN03,0x00000000,0,1,0,0
BDCRU111,7,UNICHILL,0x00000000,0,0,0,0
BDCRU111,8,DW#HASPT,0x00000000,0,0,0,0
BDCRU111,9,DW#RND12,0x00000000,0,0,0,0
BDCRUE32,0,HELM01,0x00000008,1,0,0,0
BDCRUE32,1,CHAN02,0x00000000,0,0,0,0
BDCRUE32,2,BOW02,0x00000000,0,0,0,0
BDCRUE32,3,SW1H07,0x00000008,1,0,0,0
BDCRUE32,4,AROW11,0x00000000,0,40,0,0
BDCRUE32,5,UNICAEL2,0x00000000,0,0,0,0
BDCRUE32,6,POTN52,0x00000000,0,1,0,0
BDCRUE32,7,POTN09,0x00000000,0,1,0,0
BDCRUE32,8,DW#HASPT,0x00000000,0,0,0,0
BDCRUE32,9,DW#RND12,0x00000000,0,0,0,0
BDCRU112,0,SW1H43,0x00000000,0,0,999,0
BDCRU112,1,POTN52,0x00000000,0,1,0,0
BDCRU112,2,POTN11,0x00000000,0,1,0,0
BDCRU112,3,DW#HASPT,0x00000000,0,0,0,0
BDCRU112,4,DW#RND26,0x00000000,0,0,0,0
BDGOLSTO,0,IMMUNE2,0x0000000A,1,0,0,0
BDGOLSTO,1,GOLSTONE,0x0000000A,1,0,0,0
BDGOLSTO,2,GOLSTO,0x0000000A,1,0,0,0
BDCRUS32,0,HELM01,0x00000008,1,0,0,0
BDCRUS32,1,LEAT04,0x00000008,1,0,0,0
BDCRUS32,2,DAGG01,0x00000008,1,0,0,0
BDCRUS32,3,DAGG05,0x00000000,0,10,0,0
BDCRUS32,4,UNICAEL,0x00000000,0,0,0,0
BDCRUS32,5,POTN08,0x00000000,0,1,0,0
BDCRUS32,6,POTN10,0x0000000A,1,1,0,0
BDCRUS32,7,POTN10,0x00000000,0,1,0,0
BDFF1271,0,HELM09,0x00000000,0,0,0,0
BDFF1271,1,PLAT01,0x00000000,0,0,0,0
BDFF1271,2,XBOW01,0x00000000,0,0,0,0
BDFF1271,3,SW1H08,0x00000000,0,0,0,0
BDFF1271,4,BOLT02,0x00000000,0,20,0,0
BDFF1271,5,POTN52,0x00000000,0,1,0,0
BDFF1271,6,UNIFLAM,0x00000000,0,0,0,0
BDFF1271,7,DW#HASPT,0x00000000,0,0,0,0
BDFF1271,8,DW#RND12,0x00000000,0,0,0,0
BDFF1271,9,DW#RND26,0x00000000,0,0,0,0
BDWTR62,0,HELM13,0x00000008,1,0,0,0
BDWTR62,1,CHAN04,0x00000008,1,0,0,0
BDWTR62,2,HALB01,0x00000008,1,0,0,0
BDWTR62,3,UNIWATER,0x00000000,0,0,0,0
BDWTR62,4,POTN08,0x00000008,1,1,0,0
BDWTR62,5,DW#HASPT,0x00000000,0,0,0,0
BDWTR62,6,DW#RND12,0x00000000,0,0,0,0
BDWTR62,7,DW#RND26,0x00000000,0,0,0,0
BDFIST64,0,HELM09,0x00000000,0,0,0,0
BDFIST64,1,CHAN04,0x00000000,0,0,0,0
BDFIST64,2,SHLD01A,0x00000000,0,0,0,0
BDFIST64,3,SW1H04,0x00000000,0,0,0,0
BDFIST64,4,POTN08,0x00000000,0,2,0,0
BDFIST64,5,RING18,0x00000000,0,0,0,0
BDFIST64,6,MISC37,0x00000000,0,0,0,0
BDFIST64,7,BDMISC58,0x00000000,0,0,0,0
BDFIST64,8,UNIFLAM,0x00000000,0,0,0,0
BDFIST64,9,DW#HASPT,0x00000000,0,0,0,0
BDFIST64,10,DW#RND12,0x00000000,0,0,0,0
BDFIST64,11,DW#RND26,0x00000000,0,0,0,0
BDDAGF61,0,HELM15_,0x00000000,0,0,0,0
BDDAGF61,1,CHAN01,0x00000000,0,0,0,0
BDDAGF61,2,SHLD01A,0x00000000,0,0,0,0
BDDAGF61,3,AX1H01,0x00000000,0,0,999,0
BDDAGF61,4,POTN08,0x00000000,0,1,0,0
BDDAGF61,5,UNIDAGG,0x00000000,0,0,0,0
BDDAGF61,6,DW#HASPT,0x00000000,0,0,0,0
BDDAGF61,7,DW#RND12,0x00000000,0,0,0,0
BDDAGF61,8,DW#RND26,0x00000000,0,0,0,0
BDFIST30,0,HELM09,0x00000008,1,0,0,0
BDFIST30,1,CHAN04,0x00000008,1,0,0,0
BDFIST30,2,SHLD03A,0x00000008,1,0,0,0
BDFIST30,3,SW1H04,0x00000008,1,0,0,0
BDFIST30,4,POTN08,0x00000000,0,1,0,0
BDFIST30,5,UNIFLAM,0x00000000,0,0,0,0
BDFIST30,6,DW#HASPT,0x00000000,0,0,0,0
BDFIST30,7,DW#RND12,0x00000000,0,0,0,0
BDFIST30,8,DW#RND26,0x00000000,0,0,0,0
BDFIST31,0,HELM09,0x00000008,1,0,0,0
BDFIST31,1,CHAN01,0x00000008,1,0,0,0
BDFIST31,2,SHLD01A,0x00000008,1,0,0,0
BDFIST31,3,BLUN04,0x00000008,1,0,0,0
BDFIST31,4,SLNG01,0x00000008,1,0,0,0
BDFIST31,5,BULL01,0x00000000,0,40,0,0
BDFIST31,6,POTN08,0x00000000,0,2,0,0
BDFIST31,7,UNIFLAM,0x00000000,0,0,0,0
BDFIST31,8,DW#HASPT,0x00000000,0,0,0,0
BDFIST36,0,HELM09,0x00000008,1,0,0,0
BDFIST36,1,CHAN01,0x00000008,1,0,0,0
BDFIST36,2,BOW03,0x00000008,1,0,0,0
BDFIST36,3,SW1H01,0x00000008,1,0,999,0
BDFIST36,4,AROW01,0x00000008,1,40,0,0
BDFIST36,5,POTN08,0x00000008,1,1,0,0
BDFIST36,6,UNIFLAM,0x00000000,0,0,0,0
BDFIST36,7,DW#HASPT,0x00000000,0,0,0,0
BDFIST36,8,DW#RND12,0x00000000,0,0,0,0
BDFIST36,9,DW#RND26,0x00000000,0,0,0,0
BDFIST38,0,HELM09,0x00000008,1,0,0,0
BDFIST38,1,CHAN04,0x00000008,1,0,0,0
BDFIST38,2,XBOW04,0x00000008,1,0,0,0
BDFIST38,3,DAGG01,0x00000008,1,0,0,0
BDFIST38,4,BOLT01,0x00000008,1,40,0,0
BDFIST38,5,POTN08,0x00000008,1,1,0,0
BDFIST38,6,UNIFLAM,0x00000000,0,0,0,0
BDFIST38,7,DW#HASPT,0x00000000,0,0,0,0
BDFIST38,8,DW#RND12,0x00000000,0,0,0,0
BDFIST38,9,DW#RND26,0x00000000,0,0,0,0
BDWTR31,0,HELM13,0x00000008,1,0,0,0
BDWTR31,1,CHAN04,0x00000008,1,0,0,0
BDWTR31,2,BOW03,0x00000008,1,0,0,0
BDWTR31,3,SW1H07,0x00000008,1,0,0,0
BDWTR31,4,AROW01,0x00000000,0,40,0,0
BDWTR31,5,POTN08,0x00000000,0,1,0,0
BDWTR31,6,UNIWATER,0x00000000,0,0,0,0
BDWTR31,7,DW#HASPT,0x00000000,0,0,0,0
BDWTR31,8,DW#RND12,0x00000000,0,0,0,0
BDWTR31,9,DW#RND25,0x00000000,0,0,0,0
BDFISTX3,0,HELM09,0x00000008,1,0,0,0
BDFISTX3,1,PLAT01,0x00000008,1,0,0,0
BDFISTX3,2,SHLD06A,0x00000008,1,0,0,0
BDFISTX3,3,SW1H05,0x00000008,1,0,0,0
BDFISTX3,4,UNIFLAM,0x00000000,0,0,0,0
BDFISTX3,5,POTN52,0x00000000,0,1,0,0
BDFISTX3,6,DW#HASPT,0x00000000,0,0,0,0
BDFISTX3,7,DW#RND12,0x00000000,0,0,0,0
BDFISTX3,8,DW#RND26,0x00000000,0,0,0,0
BDBELBEN,0,HELM01,0x00000001,0,0,0,0
BDBELBEN,1,PLAT01,0x00000001,0,0,0,0
BDBELBEN,2,SW2H02,0x00000000,0,0,0,0
BDBELBEN,3,POTN52,0x00000000,0,1,0,0
BDBELBEN,4,UNICAEL,0x00000000,0,0,0,0
BDBELBEN,5,POTN21,0x00000000,0,0,0,0
BDBELBEN,6,DW#HASPT,0x00000000,0,0,0,0
BDBELBEN,7,DW#RND12,0x00000000,0,0,0,0
BDBELBEN,8,DW#RND26,0x00000000,0,0,0,0
BDCRU121,0,HELM01,0x00000008,1,0,0,0
BDCRU121,1,CHAN04,0x00000008,1,0,0,0
BDCRU121,2,SHLD01A,0x00000008,1,0,0,0
BDCRU121,3,HAMM01,0x00000008,1,0,0,0
BDCRU121,4,SLNG01,0x00000008,1,0,0,0
BDCRU121,5,BULL02,0x00000000,0,20,0,0
BDCRU121,6,UNICAEL,0x00000000,0,0,0,0
BDCRU121,7,POTN08,0x00000000,0,1,0,0
BDCRU121,8,DW#HASPT,0x00000000,0,0,0,0
BDCRUS99,0,BDHELMJ3,0x00000008,1,0,0,0
BDCRUS99,1,CHAN04,0x00000008,1,0,0,0
BDCRUS99,2,SHLD05A,0x00000008,1,0,0,0
BDCRUS99,3,AX1H01,0x00000008,1,0,999,0
BDCRUS99,4,UNICAEL,0x00000000,0,0,0,0
BDCRUS99,5,POTN08,0x00000000,0,1,0,0
BDCRUS99,6,DW#HASPT,0x00000000,0,0,0,0
BDCRUS99,7,DW#RND12,0x00000000,0,0,0,0
BDCRUS99,8,DW#RND26,0x00000000,0,0,0,0
BDCRUSX2,0,HELM01,0x00000008,1,0,0,0
BDCRUSX2,1,PLAT01,0x00000008,1,0,0,0
BDCRUSX2,2,HALB02,0x00000000,0,0,0,0
BDCRUSX2,3,POTN52,0x00000000,0,1,0,0
BDCRUSX2,4,UNICAEL,0x00000000,0,0,0,0
BDCRUSX2,5,DW#HASPT,0x00000000,0,0,0,0
BDCRUSX2,6,DW#RND12,0x00000000,0,0,0,0
BDCRUSX2,7,DW#RND25,0x00000000,0,0,0,0
BDCRU120,0,CHAN04,0x00000008,1,0,0,0
BDCRU120,1,BLUN04,0x00000008,1,0,0,0
BDCRU120,2,UNICAEL,0x00000000,0,0,0,0
BDCRU120,3,POTN08,0x00000000,0,1,0,0
BDCRU120,4,DW#HASPT,0x00000000,0,0,0,0
BDCRUS34,0,HELM01,0x00000008,1,0,0,0
BDCRUS34,1,CHAN01,0x00000008,1,0,0,0
BDCRUS34,2,SHLD01A,0x00000008,1,0,0,0
BDCRUS34,3,SW1H07,0x00000008,1,0,0,0
BDCRUS34,4,POTN08,0x00000000,0,1,0,0
BDCRUS34,5,UNICAEL,0x00000000,0,0,0,0
BDCRUS34,6,DW#HASPT,0x00000000,0,0,0,0
BDCRUS34,7,DW#RND11,0x00000000,0,0,0,0
BDCRUS34,8,DW#RND25,0x00000000,0,0,0,0
BDCRU122,0,POTN08,0x00000000,0,1,0,0
BDCRU122,1,UNICAEL,0x00000000,0,0,0,0
BDCRU122,2,DART03,0x00000000,0,20,0,0
BDCRU122,3,STAF01,0x00000008,1,0,0,0
BDCRU122,4,DW#HASPT,0x00000000,0,0,0,0
BDBJARN,0,TROLL01,0x00000000,0,0,0,0
BDBJARN,1,TROLLBOO,0x00000000,0,0,0,0
BDBJARN,2,TROLLIMM,0x00000000,0,0,0,0
BDBJARN,3,TROLLREG,0x00000000,0,0,0,0
BDCRU123,0,BULL02,0x00000000,0,20,0,0
BDCRU123,1,POTN08,0x00000000,0,1,0,0
BDCRU123,2,UNICAEL,0x00000000,0,0,0,0
BDCRU123,3,SLNG01,0x00000008,1,0,0,0
BDCRU123,4,DAGG01,0x00000008,1,0,0,0
BDCRU123,5,DW#HASPT,0x00000000,0,0,0,0
BDCRU123,6,DW#RND38,0x00000000,0,0,0,0
BDIDYLET,0,BDMISC1C,0x0000000A,1,0,0,0
BDIDYLET,1,IMMUNE2,0x0000000A,1,0,0,0
BDIDYLET,2,BDGASIM,0x0000000A,1,0,0,0
BDIDYLET,3,DEVA,0x0000000A,1,0,0,0
BDIDYLET,4,BDSPECTQ,0x0000000A,1,0,0,0
BDDARNAS,0,HELM06,0x0000000B,1,0,0,0
BDDARNAS,1,PLAT01,0x00000001,0,0,0,0
BDDARNAS,2,MINHP1,0x00000000,0,0,0,0
BDDARNAS,3,SW2H02,0x00000000,0,0,0,0
BDDARNAS,4,UNICAEL2,0x00000000,0,0,0,0
BDDARNAS,5,POTN52,0x00000000,0,0,0,0
BDDARNAS,6,POTN04,0x00000000,0,0,0,0
BDDARNAS,7,DW#HASPT,0x00000000,0,0,0,0
BDDARNAS,8,DW#RND11,0x00000000,0,0,0,0
BDCRUS50,0,HELM01,0x0000000A,1,0,0,0
BDCRUS50,1,PLAT01,0x0000000A,1,0,0,0
BDCRUS50,2,SHLD04,0x0000000A,1,0,0,0
BDCRUS50,3,SW1H05,0x0000000A,1,0,0,0
BDCRUS50,4,UNICAEL2,0x0000000A,1,0,0,0
BDCRUS50,5,DW#RND04,0x00000000,0,0,0,0
BDCRUS50,6,DW#RND12,0x00000000,0,0,0,0
BDCRUS50,7,DW#RND26,0x00000000,0,0,0,0
BDCRVAL,0,HELM01,0x00000001,0,0,0,0
BDCRVAL,1,PLAT01,0x00000001,0,0,0,0
BDCRVAL,2,BLUN07,0x00000000,0,0,0,0
BDCRVAL,3,UNICAEL2,0x00000000,0,0,0,0
BDCRVAL,4,SHLD05A,0x00000000,0,0,0,0
BDCRVAL,5,DW#RND04,0x00000000,0,0,0,0
BDCRVAL,6,DW#RND11,0x00000000,0,0,0,0
BDCRVAL,7,DW#RND26,0x00000000,0,0,0,0
BDLEMURE,0,,0x00000000,0,0,0,0
BDLEMURE,1,REGHP1,0x0000000A,1,0,0,0
BDLEMURE,2,IPSION,0x0000000A,1,0,0,0
BDLEMURE,3,B1-3,0x0000000A,1,0,0,0
BDIMP,0,IMMUNE1,0x00000000,0,0,0,0
BDIMP,1,BDIMP,0x0000000A,1,0,0,0
BDILLARU,0,IMMUNE1,0x0000000A,1,0,0,0
BDILLARU,1,BDDTRAI,0x0000000A,1,0,0,0
BDILLARU,2,BDERINYE,0x0000000A,1,0,0,0
BDILLARU,3,BOW17,0x0000000A,1,0,0,0
BDILLARU,4,SW1H41,0x0000000A,1,0,0,0
BDILLARU,5,AROW05,0x0000000A,1,5,0,0
BDILLARU,6,AROW09,0x0000000A,1,40,0,0
BDILLARU,7,AROW11,0x0000000A,1,40,0,0
BDILLARU,8,BDMISC65,0x00000000,0,0,0,0
BDLEMURD,0,,0x00000001,0,0,0,0
BDIMPD,0,,0x00000001,0,0,0,0
BDIMPD,1,S1-4,0x00000000,0,0,0,0
BDABIS2D,0,,0x00000001,0,0,0,0
BDABIS2D,1,S1-4,0x00000000,0,0,0,0
BDCRUS5D,0,HELM10,0x00000000,0,0,0,0
BDCRUS5D,1,PLAT01,0x00000000,0,0,0,0
BDCRUS5D,2,SW2H02,0x00000000,0,0,0,0
BDCRUS5D,3,POTN52,0x00000000,0,2,0,0
BDABIS3D,0,,0x00000001,0,0,0,0
BDABIS3D,1,S1-4,0x00000000,0,0,0,0
BDCRUS6D,0,HELM10,0x00000000,0,0,0,0
BDCRUS6D,1,PLAT01,0x00000000,0,0,0,0
BDCRUS6D,2,SW2H02,0x00000000,0,0,0,0
BDCRUS6D,3,POTN52,0x00000000,0,2,0,0
BDCRUS7D,0,HELM10,0x00000000,0,0,0,0
BDCRUS7D,1,PLAT01,0x00000000,0,0,0,0
BDCRUS7D,2,SW2H02,0x00000000,0,0,0,0
BDCRUS7D,3,POTN52,0x00000000,0,2,0,0
BDCRUS8D,0,HELM10,0x00000000,0,0,0,0
BDCRUS8D,1,PLAT01,0x00000000,0,0,0,0
BDCRUS8D,2,SW2H02,0x00000000,0,0,0,0
BDCRUS8D,3,POTN52,0x00000000,0,2,0,0
BDABIS1D,0,,0x00000001,0,0,0,0
BDABIS1D,1,S1-4,0x00000000,0,0,0,0
BDABIBLA,0,IMMUNE1,0x0000000A,1,0,0,0
BDABIBLA,1,RINGDEMN,0x0000000A,1,0,0,0
BDABIBLA,2,REGHP1,0x0000000A,1,0,0,0
BDABIBLA,3,BDABISHA,0x0000000A,1,0,0,0
BDABIGRE,0,IMMUNE1,0x0000000A,1,0,0,0
BDABIGRE,1,RINGDEMN,0x0000000A,1,0,0,0
BDABIGRE,2,REGHP1,0x0000000A,1,0,0,0
BDABIGRE,3,BDABISHA,0x0000000A,1,0,0,0
BDHELCAT,0,RINGDEMN,0x0000000A,1,0,0,0
BDHELCAT,1,IPSION,0x00000008,1,0,0,0
BDHELCAT,2,BDHELCAT,0x0000000A,1,0,0,0
BDABIRED,0,IMMUNE1,0x0000000A,1,0,0,0
BDABIRED,1,RINGDEMN,0x0000000A,1,0,0,0
BDABIRED,2,REGHP1,0x0000000A,1,0,0,0
BDABIRED,3,BDABISHA,0x0000000A,1,0,0,0
BDHAMATU,0,BDHAMAT2,0x0000000A,1,0,0,0
BDHAMATU,1,IMMUNE1,0x0000000A,1,0,0,0
BDHAMATU,2,RINGDEMN,0x0000000A,1,0,0,0
BDHAMATU,3,REGHP1,0x0000000A,1,0,0,0
BDHAMATU,4,BDHAMAT1,0x0000000A,1,0,0,0
BDBONEFI,0,RINGDEMN,0x00000008,1,0,0,0
BDBONEFI,1,BDBONEFI,0x0000000A,1,0,0,0
BDXHOST,0,BDMISC1B,0x0000000A,1,0,0,0
BDXHOST,1,IMMUNE2,0x0000000A,1,0,0,0
BDXHOST,2,RINGDEMN,0x0000000A,1,0,0,0
BDXHOST,3,BDGLABRE,0x0000000A,1,0,0,0
BDXHOST,4,BDSPECTQ,0x0000000A,1,0,0,0
BDAUN,0,MINHP1,0x00000000,0,0,0,0
BDAUN,1,DW#RND04,0x00000000,0,0,0,0
BDAUN,2,DW#RND11,0x00000000,0,0,0,0
BDAUN,3,DW#RND26,0x00000000,0,0,0,0
BDHEPHER,0,BDBRAC14,0x00000000,0,0,0,0
BDHEPHER,1,BDRING06,0x00000000,0,0,0,0
BDHEPHER,2,MINHP1,0x00000000,0,0,0,0
BDHEPHER,3,BLUN15,0x00000000,0,0,0,0
BDHEPHER,4,WAND11,0x00000000,0,20,0,0
BDHEPHER,5,POTN52,0x00000000,0,2,0,0
BDHEPHER,6,DW#HASPT,0x00000000,0,0,0,0
BDHEPHER,7,DW#RND19,0x00000000,0,0,0,0
BDBELHIF,0,BDBELHIA,0x0000000A,1,0,0,0
BDBELHIF,1,RINGDEMN,0x0000000A,1,0,0,0
BDBELHIF,2,BDBELHI1,0x0000000A,1,0,0,0
BDBELHIF,3,BDBELHI2,0x0000000A,1,0,0,0
BDCAELA3,0,BDHELMCA,0x0000000B,1,0,0,0
BDCAELA3,1,BDCHANCA,0x0000000B,1,0,0,0
BDCAELA3,2,BDSHLDCA,0x0000000B,1,0,0,0
BDCAELA3,3,MONHP1,0x0000000A,1,0,0,0
BDCAELA3,4,BDBELT12,0x0000000B,1,0,0,0
BDCAELA3,5,BDSW1HCA,0x0000000B,1,0,0,0
BDCAELA3,6,BDFINCA1,0x0000000A,1,0,0,0
BDCAELA3,7,POTN52,0x0000000B,1,10,0,0
BDCAELA3,8,POTN28,0x0000000B,1,1,0,0
BDCAELA3,9,POTN34,0x0000000B,1,1,0,0
BDCAELA3,10,POTN11,0x0000000B,1,1,0,0
BDCAELA3,11,POTN10,0x0000000B,1,2,0,0
BDCRUE52,0,HELM01,0x00000008,1,0,0,0
BDCRUE52,1,PLAT04,0x00000009,1,0,0,0
BDCRUE52,2,SHLD05A,0x00000008,1,0,0,0
BDCRUE52,3,BLUN15,0x00000008,1,0,0,0
BDCRUE52,4,UNICAEL2,0x00000000,0,0,0,0
BDCRUE52,5,POTN52,0x00000008,1,1,0,0
BDCRUE52,6,DW#HASPT,0x00000000,0,0,0,0
BDCRUE52,7,DW#RND12,0x00000000,0,0,0,0
BDCRUE52,8,DW#RND28,0x00000000,0,0,0,0
BDCUT57B,0,,0x00000000,0,0,0,0
BDCUT57B,1,REGHP1,0x0000000A,1,0,0,0
BDCUT57B,2,IPSION,0x0000000A,1,0,0,0
BDCUT57B,3,B1-3,0x0000000A,1,0,0,0
BDCRUE53,0,HELM01,0x00000008,1,0,0,0
BDCRUE53,1,PLAT04,0x00000009,1,0,0,0
BDCRUE53,2,SHLD04A,0x00000008,1,0,0,0
BDCRUE53,3,SW1H05,0x00000008,1,0,0,0
BDCRUE53,4,POTN52,0x00000008,1,1,0,0
BDCRUE53,5,UNICAEL2,0x00000000,0,0,0,0
BDCRUE53,6,DW#HASPT,0x00000000,0,0,0,0
BDCRUE53,7,DW#RND12,0x00000000,0,0,0,0
BDCRUE53,8,DW#RND27,0x00000000,0,0,0,0
BDCRUE54,0,HELM01,0x00000008,1,0,0,0
BDCRUE54,1,PLAT04,0x00000009,1,0,0,0
BDCRUE54,2,SW1H05,0x00000008,1,0,0,0
BDCRUE54,3,SW1H05,0x00000008,1,0,0,0
BDCRUE54,4,POTN52,0x00000008,1,1,0,0
BDCRUE54,5,UNICAEL2,0x00000000,0,0,0,0
BDCRUE54,6,DW#HASPT,0x00000000,0,0,0,0
BDCRUE54,7,DW#RND11,0x00000000,0,0,0,0
BDCRUE54,8,DW#RND28,0x00000000,0,0,0,0
BDCUT57A,0,IMMUNE1,0x0000000A,1,0,0,0
BDCUT57A,1,RINGDEMN,0x0000000A,1,0,0,0
BDCUT57A,2,REGHP1,0x0000000A,1,0,0,0
BDCUT57A,3,BDABISHA,0x0000000A,1,0,0,0
BDCRUE50,0,HELM01,0x0000000A,1,0,0,0
BDCRUE50,1,PLAT04,0x0000000A,1,0,0,0
BDCRUE50,2,SW2H02,0x0000000A,1,0,0,0
BDCRUE50,3,POTN52,0x0000000A,1,1,0,0
BDCRUE50,4,POTN04,0x0000000A,1,0,0,0
BDCRUE50,5,POTN45,0x0000000A,1,1,0,0
BDCRUE50,6,UNICAEL2,0x00000000,0,0,0,0
BDCRUE50,7,DW#HASPT,0x00000000,0,0,0,0
BDCUT57C,0,IMMUNE1,0x0000000A,1,0,0,0
BDCUT57C,1,RINGDEMN,0x0000000A,1,0,0,0
BDCUT57C,2,REGHP1,0x0000000A,1,0,0,0
BDCUT57C,3,BDABISHA,0x0000000A,1,0,0,0
BDCRUE51,0,UNICAEL2,0x00000000,0,0,0,0
BDCRUE51,1,POTN52,0x00000008,1,1,0,0
BDCRUE51,2,BLUN36,0x00000008,1,0,0,0
BDCRUE51,3,CLCK11,0x00000008,1,0,0,0
BDCRUE51,4,DW#HASPT,0x00000000,0,0,0,0
BDCRUE51,5,DW#RND38,0x00000000,0,0,0,0
BDDYINGM,0,BDPLANT,0x0000000A,1,0,0,0
BDDYINGM,1,IPSION,0x0000000A,1,0,0,0
BDDYINGM,2,B5-20M1,0x0000000A,1,0,0,0
BDJAMVEN,0,BDENTANG,0x0000000A,1,0,0,0
BDJAMVEN,1,LEAT04,0x00000000,0,0,0,0
BDJAMVEN,2,MAGE02,0x00000000,0,0,0,0
BDJAMVEN,3,MAGE05,0x00000000,0,0,0,0
BDJAMVEN,4,BLUN10,0x00000000,0,0,0,0
BDJAMVEN,5,BDMISC14,0x00000002,0,0,0,0
BDJAMVEN,6,POTN52,0x00000000,0,0,0,0
BDJAMVEN,7,DART03,0x00000000,0,40,0,0
BDCHORST,0,BDENTANG,0x0000000A,1,0,0,0
BDCHORST,1,LEAT04,0x00000000,0,0,0,0
BDCHORST,2,MAGE02,0x00000000,0,0,0,0
BDCHORST,3,MAGE05,0x00000000,0,0,0,0
BDCHORST,4,SPER02,0x00000000,0,0,0,0
BDCHORST,5,SLNG01,0x00000000,0,0,0,0
BDCHORST,6,BULL08,0x00000000,0,40,0,0
BDCHORST,7,POTN52,0x00000000,0,0,0,0
BDCHORST,8,BDMISC15,0x00000002,0,0,0,0
BDCHORST,9,DW#HASPT,0x00000000,0,0,0,0
BDDEADM,0,UMBER01,0x00000000,0,0,0,0
BDARBING,0,OGRE1,0x00000000,0,0,0,0
BDARBING,1,RNDTRE08,0x00000000,0,0,0,0
BDARBING,2,BLUN06,0x00000000,0,0,0,0
BDCHESKI,0,OGRE1,0x00000000,0,0,0,0
BDCHESKI,1,RNDTRE08,0x00000000,0,0,0,0
BDCHESKI,2,BLUN06,0x00000000,0,0,0,0
BDMURS,0,POTN52,0x00000000,0,1,0,0
BDMURS,1,RNDTRE08,0x00000000,0,0,0,0
BDMURS,2,BLUN15,0x00000000,0,0,0,0
BDOGREF,0,OGRE1,0x00000000,0,0,0,0
BDOGREF,1,RNDTRE08,0x00000000,0,0,0,0
BDOGREF,2,BLUN06,0x00000000,0,0,0,0
BDOGREM,0,OGRE1,0x00000000,0,0,0,0
BDOGREM,1,RNDTRE08,0x00000000,0,0,0,0
BDOGREM,2,BLUN06,0x00000000,0,0,0,0
BDENTRAN,0,B6-36M3,0x0000000A,1,0,0,0
BDENTRAN,1,BDMISC04,0x00000000,0,0,0,0
BDENTRAN,2,DW#RND05,0x00000000,0,0,0,0
BDENTRAN,3,DW#RND19,0x00000000,0,0,0,0
BDGUAR50,0,BDHELM03,0x00000000,0,0,0,0
BDGUAR50,1,CHAN01,0x00000000,0,0,0,0
BDGUAR50,2,SPER02,0x00000000,0,0,0,0
BDGUAR50,3,POTN08,0x00000000,0,1,0,0
BDGUAR50,4,DW#HASPT,0x00000000,0,0,0,0
BDGUAR50,5,DW#RND12,0x00000000,0,0,0,0
BDGUAR50,6,DW#RND26,0x00000000,0,0,0,0
BDGUAR51,0,BDHELM03,0x00000000,0,0,0,0
BDGUAR51,1,CHAN01,0x00000000,0,0,0,0
BDGUAR51,2,SPER02,0x00000000,0,0,0,0
BDGUAR51,3,POTN08,0x00000000,0,1,0,0
BDGUAR51,4,DW#HASPT,0x00000000,0,0,0,0
BDGUAR51,5,DW#RND12,0x00000000,0,0,0,0
BDGUAR51,6,DW#RND26,0x00000000,0,0,0,0
BDGUAR52,0,BDHELM03,0x00000000,0,0,0,0
BDGUAR52,1,CHAN01,0x00000000,0,0,0,0
BDGUAR52,2,SPER02,0x00000000,0,0,0,0
BDGUAR52,3,POTN08,0x00000000,0,1,0,0
BDGUAR52,4,DW#HASPT,0x00000000,0,0,0,0
BDGUAR52,5,DW#RND11,0x00000000,0,0,0,0
BDGUAR52,6,DW#RND26,0x00000000,0,0,0,0
BDGUAR53,0,BDHELM03,0x00000000,0,0,0,0
BDGUAR53,1,LEAT01,0x00000000,0,0,0,0
BDGUAR53,2,BOW03,0x00000000,0,0,0,0
BDGUAR53,3,SW1H07,0x00000000,0,0,0,0
BDGUAR53,4,AROW02,0x00000000,0,40,0,0
BDGUAR53,5,DW#RND04,0x00000000,0,0,0,0
BDGUAR53,6,DW#RND11,0x00000000,0,0,0,0
BDGUAR53,7,DW#RND26,0x00000000,0,0,0,0
BDGUAR54,0,BDHELM03,0x00000000,0,0,0,0
BDGUAR54,1,LEAT01,0x00000000,0,0,0,0
BDGUAR54,2,BOW03,0x00000000,0,0,0,0
BDGUAR54,3,SW1H07,0x00000000,0,0,0,0
BDGUAR54,4,AROW02,0x00000000,0,40,0,0
BDGUAR54,5,DW#RND04,0x00000000,0,0,0,0
BDGUAR54,6,DW#RND12,0x00000000,0,0,0,0
BDGUAR54,7,DW#RND26,0x00000000,0,0,0,0
BDRIGAH,0,HELM15_,0x00000008,1,0,0,0
BDRIGAH,1,PLAT01,0x00000000,0,0,0,0
BDRIGAH,2,BDSW2H01,0x00000000,0,0,0,0
BDRIGAH,3,AX1H04,0x00000000,0,10,0,0
BDRIGAH,4,POTN52,0x00000000,0,2,0,0
BDRIGAH,5,POTN05,0x00000000,0,1,0,0
BDRIGAH,6,POTN14,0x00000000,0,1,0,0
BDRIGAH,7,DW#HASPT,0x00000000,0,0,0,0
BDRIGAH,8,DW#RND14,0x00000000,0,0,0,0
BDJULANN,0,BRAC01,0x00000000,0,0,0,0
BDJULANN,1,SLNG02,0x00000000,0,0,0,0
BDJULANN,2,STAF01,0x00000000,0,0,0,0
BDJULANN,3,BULL03,0x00000000,0,40,0,0
BDJULANN,4,POTN52,0x00000000,0,1,0,0
BDJULANN,5,POTN08,0x00000000,0,1,0,0
BDJULANN,6,DW#HASPT,0x00000000,0,0,0,0
BDJULANN,7,DW#RND18,0x00000000,0,0,0,0
BDCRUS86,0,HALB01,0x00000008,1,0,0,0
BDCRUS86,1,POTN08,0x00000008,1,1,0,0
BDCRUDOG,0,P1-3,0x00000000,0,0,0,0
BDCRSIT1,0,HELM01,0x00000008,1,0,0,0
BDCRSIT1,1,LEAT04,0x00000008,1,0,0,0
BDCRSIT1,2,XBOW04,0x00000008,1,0,0,0
BDCRSIT1,3,DAGG01,0x00000008,1,0,0,0
BDCRSIT1,4,BOLT01,0x00000008,1,40,0,0
BDCRSIT1,5,POTN08,0x00000008,1,1,0,0
BDCRSIT1,6,UNICAEL,0x00000000,0,0,0,0
BDCRSIT1,7,DW#HASPT,0x00000000,0,0,0,0
BDCRSIT1,8,DW#RND12,0x00000000,0,0,0,0
BDCRSIT1,9,DW#RND26,0x00000000,0,0,0,0
BDCRUS94,0,HELM01,0x00000008,1,0,0,0
BDCRUS94,1,CHAN04,0x00000008,1,0,0,0
BDCRUS94,2,SW1H04,0x00000008,1,0,0,0
BDCRUS94,3,UNICAEL,0x00000000,0,0,0,0
BDCRUS94,4,POTN08,0x00000000,0,1,0,0
BDCRUS94,5,SHLD03A,0x00000008,1,0,0,0
BDCRUS94,6,DW#HASPT,0x00000000,0,0,0,0
BDCRUS94,7,DW#RND11,0x00000000,0,0,0,0
BDCRUS94,8,DW#RND25,0x00000000,0,0,0,0
BDWYVR03,0,RING97,0x0000000A,1,0,0,0
BDWYVR03,1,BDWYV03,0x0000000A,1,0,0,0
BDWYVR02,0,RING97,0x0000000A,1,0,0,0
BDWYVR02,1,BDWYV02,0x0000000A,1,0,0,0
BDWYVR01,0,RING97,0x0000000A,1,0,0,0
BDWYVR01,1,BDWYV01,0x0000000A,1,0,0,0
ORC02_,0,LEAT01,0x00000000,0,0,0,0
ORC02_,1,BOW01,0x00000000,0,0,0,0
ORC02_,2,SPER01,0x00000000,0,0,0,0
ORC02_,3,AROW01,0x00000000,0,40,0,0
ORC02_,4,AROW01,0x00000000,0,40,0,0
ORC02_,5,RNDARO01,0x00000000,0,2,0,0
ORC04_,0,HALB01,0x00000000,0,0,0,0
ORC04_,1,POTN08,0x00000000,0,1,0,0
ORC04_,2,RNDPTN01,0x00000000,0,1,0,0
ORC04_,3,RNDTRI02,0x00000000,0,0,0,0
ORC05_,0,HELMNOAN,0x0000000A,1,0,0,0
ORC05_,1,LEAT10,0x00000002,0,0,0,0
ORC05_,2,STAF01,0x00000002,0,1,0,0
ORC05_,3,RNDTRE06,0x00000000,0,0,0,0
ORC07,0,HELMNOAN,0x0000000A,1,0,0,0
ORC07,1,BOW01,0x00000001,0,0,0,0
ORC07,2,SW1H07,0x00000000,0,0,0,0
ORC07,3,AROW05,0x00000000,0,5,0,0
ORC07,4,RNDARO02,0x00000000,0,10,0,0
ORC07,5,AROW01,0x00000000,0,80,0,0
ORC07,6,RNDTRE06,0x00000000,0,0,0,0
ORC06_,0,MAGE01,0x0000000A,1,0,0,0
ORC06_,1,SW1H07,0x0000000A,1,1,0,0
ORC06_,2,POTN10,0x00000000,0,0,0,0
ORC06_,3,RNDMAG06,0x00000000,0,0,0,0
BDDISPBE,0,BDDISPBE,0x0000000A,1,0,0,0
BDDISPBP,0,BDDISPBE,0x0000000A,1,0,0,0
BEARBL,0,B1-6,0x00000000,0,0,0,0
BEARCA,0,B1-10,0x00000000,0,0,0,0
CATLIM01,0,P1-6,0x00000000,0,0,0,0
HOBGOB,0,CDRDCS1,0x00000000,0,0,0,0
HOBGOB,1,RNDTRE07,0x00000000,0,0,0,0
HOBGOB,2,CDRDLT1,0x00000000,0,0,0,0
HOBGOB,3,CDRDHLM,0x00000000,0,0,0,0
OGRE,0,RNDTRE08,0x00000000,0,0,0,0
OGRE,1,BLUN06,0x00000000,0,0,0,0
OGRE,2,OGRE1,0x00000000,0,0,0,0
GNOLL,0,CDRDGNL,0x00000000,0,0,0,0
GNOLL,1,RNDTRE08,0x00000000,0,0,0,0
GNOLL,2,RNDTRE06,0x00000000,0,0,0,0
BDSTRUNK,0,POTN52,0x00000000,0,1,0,0
BDSTRUNK,1,UNICAEL,0x00000000,0,0,0,0
BDSTRUNK,2,BDDAGG01,0x00000000,0,0,0,0
BDSTRUNK,3,CLCK09,0x00000000,0,0,0,0
BDSTRUNK,4,DW#HASPT,0x00000000,0,0,0,0
BDWE1STR,0,IMMUNE1,0x00000000,0,0,0,0
BDWE1STR,1,WALLPASS,0x00000000,0,0,0,0
BDWE1STR,2,B4-32,0x00000000,0,0,0,0
BDWE1STR,3,SPAWN,0x00000000,0,0,0,0
BDVIDYAD,0,SCRL07,0x00000002,0,0,0,0
BDVIDYAD,1,BDSPECTQ,0x0000000A,1,0,0,0
BDVIDYAD,2,SW1H52,0x00000002,0,0,0,0
BDVIDYAD,3,BDAMUL08,0x00000002,0,0,0,0
BDVIDYAD,4,IMMUNE2,0x0000000A,1,0,0,0
BDVIDYAD,5,RAKRING,0x0000000A,1,0,0,0
BDVIDYAD,6,BDMISC1B,0x0000000A,1,0,0,0
BDVIDYAD,7,DW#RND06,0x00000000,0,0,0,0
BDVIDYAD,8,DW#RND28,0x00000000,0,0,0,0
BDFERRUS,0,BDPLAT03,0x00000002,0,0,0,0
BDFERRUS,1,BDAMUL03,0x00000002,0,5,0,0
BDFERRUS,2,BLUN36,0x00000000,0,0,0,0
BDFERRUS,3,POTN52,0x00000000,0,1,0,0
BDFERRUS,4,BDPOTN06,0x00000000,0,0,0,0
BDFERRUS,5,MISC33,0x00000000,0,1,0,0
BDPCRUS,0,HELM13,0x00000008,1,0,0,0
BDPCRUS,1,LEAT04,0x00000008,1,0,0,0
BDPCRUS,2,BDSLIME,0x0000000A,1,0,0,0
BDPCRUS,3,SW1H04,0x00000008,1,0,0,0
BDPCRUS,4,AROW01,0x00000008,1,40,0,0
BDPCRUS,5,BDMISC04,0x00000000,0,0,0,0
BDRCRUS,0,HELM13,0x00000008,1,0,0,0
BDRCRUS,1,LEAT04,0x00000008,1,0,0,0
BDRCRUS,2,BDSLIME,0x0000000A,1,0,0,0
BDRCRUS,3,SW1H04,0x00000008,1,0,0,0
BDRCRUS,4,AROW01,0x00000008,1,40,0,0
BDRCRUS,5,POTN08,0x00000008,1,2,0,0
BDGURGLE,0,XBOW01,0x00000000,0,0,0,0
BDGURGLE,1,SPER01,0x00000000,0,0,0,0
BDGURGLE,2,SAHBOLT,0x00000008,1,2,0,0
BDGURGLE,3,BOLT04,0x00000000,0,20,0,0
BDGURGLE,4,BOLT01,0x00000000,0,20,0,0
BDGURGLE,5,RNDTRE08,0x00000000,0,0,0,0
BDGURGLE,6,DW#RND06,0x00000000,0,0,0,0
BDGURGLE,7,DW#RND11,0x00000000,0,0,0,0
BDFLOSS,0,XBOW01,0x00000000,0,0,0,0
BDFLOSS,1,SPER01,0x00000000,0,0,0,0
BDFLOSS,2,SAHBOLT,0x00000008,1,2,0,0
BDFLOSS,3,BOLT04,0x00000000,0,20,0,0
BDFLOSS,4,BOLT01,0x00000000,0,20,0,0
BDFLOSS,5,RNDTRE08,0x00000000,0,0,0,0
BDFLOSS,6,DW#RND06,0x00000000,0,0,0,0
BDFLOSS,7,DW#RND12,0x00000000,0,0,0,0
BDETTIN,0,B2-16,0x00000000,0,0,0,0
BDETTIN,1,BDRINGGE,0x00000000,0,0,0,0
BDETTIN,2,BDBLUNGH,0x00000000,0,0,0,0
BDETTIN,3,BDLOINCL,0x00000002,0,0,0,0
BDGUAR5A,0,HELM01,0x00000008,1,0,0,0
BDGUAR5A,1,PLAT01,0x00000008,1,0,0,0
BDGUAR5A,2,SHLD01A,0x00000000,0,0,0,0
BDGUAR5A,3,SW1H07,0x00000008,1,0,0,0
BDGUAR5A,4,UNICAEL,0x00000000,0,0,0,0
BDGUAR5A,5,POTN08,0x00000000,0,1,0,0
BDGUAR5A,6,DW#HASPT,0x00000000,0,0,0,0
BDGUAR5A,7,DW#RND11,0x00000000,0,0,0,0
BDGUAR5A,8,DW#RND26,0x00000000,0,0,0,0
BDGUAR5B,0,HELM01,0x00000008,1,0,0,0
BDGUAR5B,1,CHAN04,0x00000008,1,0,0,0
BDGUAR5B,2,SW2H01,0x00000008,1,0,0,0
BDGUAR5B,3,POTN08,0x00000000,0,1,0,0
BDGUAR5B,4,UNICAEL,0x00000000,0,0,0,0
BDGUAR5B,5,DW#HASPT,0x00000000,0,0,0,0
BDGUAR5B,6,DW#RND11,0x00000000,0,0,0,0
BDGUAR5B,7,DW#RND26,0x00000000,0,0,0,0
BDTURIN,0,CHAN05,0x00000000,0,0,0,0
BDTURIN,1,BOW06,0x00000000,0,0,0,0
BDTURIN,2,AROW05,0x00000000,0,40,0,0
BDTURIN,3,AROW02,0x00000000,0,40,0,0
BDTURIN,4,POTN52,0x00000000,0,1,0,0
BDTURIN,5,POTN09,0x00000000,0,1,0,0
BDTURIN,6,RNDTRE07,0x00000000,0,0,0,0
BDTURIN,7,BLUN05,0x00000000,0,0,0,0
BDTURIN,8,UNICAEL,0x00000000,0,0,0,0
BDTURIN,9,DW#HASPT,0x00000000,0,0,0,0
BDTURIN,10,DW#RND12,0x00000000,0,0,0,0
BDANJI,0,HELM01,0x00000008,1,0,0,0
BDANJI,1,CHAN04,0x00000008,1,0,0,0
BDANJI,2,XBOW01,0x00000008,1,0,0,0
BDANJI,3,DAGG01,0x00000008,1,0,0,0
BDANJI,4,BOLT01,0x00000000,0,40,0,0
BDANJI,5,UNICAEL,0x00000000,0,0,0,0
BDANJI,6,POTN08,0x00000000,0,1,0,0
BDANJI,7,DW#HASPT,0x00000000,0,0,0,0
BDANJI,8,DW#RND11,0x00000000,0,0,0,0
BDANJI,9,DW#RND26,0x00000000,0,0,0,0
BDSPENSS,0,CHAN01,0x00000008,1,0,0,0
BDSPENSS,1,POTN08,0x00000000,0,1,0,0
BDSPENSS,2,SW1H20,0x00000008,1,0,0,0
BDSPENSS,3,SW1H20,0x00000008,1,0,0,0
BDSPENSS,4,UNICAEL,0x00000000,0,0,0,0
BDSPENSS,5,DW#HASPT,0x00000000,0,0,0,0
BDSPENSS,6,DW#RND12,0x00000000,0,0,0,0
BDSPENSS,7,DW#RND26,0x00000000,0,0,0,0
BDBARDYL,0,LEAT04,0x00000008,1,0,0,0
BDBARDYL,1,SW1H07,0x00000008,1,0,0,0
BDBARDYL,2,UNICAEL,0x00000000,0,0,0,0
BDBARDYL,3,POTN08,0x00000000,0,1,0,0
BDBARDYL,4,POTN10,0x00000000,0,2,0,0
BDBARDYL,5,DW#HASPT,0x00000000,0,0,0,0
BDBARDYL,6,DW#RND18,0x00000000,0,0,0,0
BDSHAPUR,0,HELMNOAN,0x00000000,0,0,0,0
BDSHAPUR,1,DWCHAN02,0x0000000A,1,0,0,0
BDSHAPUR,2,DWSHLD01,0x0000000A,1,0,0,0
BDSHAPUR,3,DWBLUN01,0x0000000A,1,1,0,0
BDSHAPUR,4,SLNG02,0x00000002,0,0,0,0
BDSHAPUR,5,BULL08,0x00000002,0,20,0,0
BDSHAPUR,6,POTN52,0x00000002,0,1,0,0
BDSHAPUR,7,BRAC11,0x00000002,0,0,0,0
BDSHAPUR,8,BDHALB01,0x00000002,0,0,0,0
BDSHAPUR,9,DW#HASPT,0x00000000,0,0,0,0
BDSHAPUR,10,DW#RND28,0x00000000,0,0,0,0
BDDROWFI,0,HELMNOAN,0x00000000,0,0,0,0
BDDROWFI,1,DWPLAT01,0x0000000A,1,0,0,0
BDDROWFI,2,DWSW1H01,0x0000000A,1,1,0,0
BDDROWFI,3,DWSW1H01,0x0000000A,1,1,0,0
BDDROWFI,4,POTN52,0x00000002,0,2,0,0
BDDROWFI,5,POTN17,0x00000002,0,1,0,0
BDDROWFI,6,POTN14,0x00000002,0,1,0,0
BDDROWFI,7,RNDTRE07,0x00000000,0,0,0,0
BDDROWFI,8,DW#HASPT,0x00000000,0,0,0,0
BDDROWFI,9,DW#RND12,0x00000000,0,0,0,0
BDDROWFT,0,HELMNOAN,0x00000000,0,0,0,0
BDDROWFT,1,DWCHAN01,0x0000000A,1,0,0,0
BDDROWFT,2,DWXBOW01,0x0000000A,1,1,0,0
BDDROWFT,3,DWSW1H02,0x0000000A,1,1,0,0
BDDROWFT,4,DWBOLT02,0x0000000A,1,8,0,0
BDDROWFT,5,DWBOLT01,0x0000000A,1,8,0,0
BDDROWFT,6,DWBOLT03,0x0000000A,1,40,0,0
BDDROWFT,7,POTN52,0x00000002,0,1,0,0
BDDROWFT,8,POTN11,0x00000002,0,1,0,0
BDDROWFT,9,POTN14,0x00000002,0,1,0,0
BDDROWFT,10,RNDTRE07,0x00000000,0,0,0,0
BDDROWFT,11,DW#HASPT,0x00000000,0,0,0,0
BDDROWFT,12,DW#RND38,0x00000000,0,0,0,0
BDDROWFM,0,BDSCRL2A,0x0000000A,1,1,0,0
BDDROWFM,1,POTN17,0x00000000,0,1,0,0
BDDROWFM,2,POTN52,0x00000002,0,1,0,0
BDDROWFM,3,DWDART01,0x0000000A,1,20,0,0
BDDROWFM,4,DWSPER01,0x0000000A,1,1,0,0
BDDROWFM,5,DWCHAN01,0x0000000A,1,0,0,0
BDDROWFM,6,HELMNOAN,0x00000000,0,0,0,0
BDDROWFM,7,DW#HASPT,0x00000000,0,0,0,0
BDDROWFM,8,DW#RND26,0x00000000,0,0,0,0
BDDRIDRF,0,HELMNOAN,0x00000000,0,0,0,0
BDDRIDRF,1,BLUN07,0x00000000,0,0,0,0
BDDRIDRF,2,POTN08,0x00000002,0,1,0,0
BDDRIDRF,3,BDSCRL1B,0x0000000A,1,1,0,0
BDDRIDRM,0,AX1H04,0x00000000,0,20,0,0
BDDRIDRM,1,BDSCRL1A,0x0000000A,1,1,0,0
BDDRIDRM,2,POTN08,0x00000002,0,1,0,0
BDDRIDRM,3,SW1H05,0x00000000,0,1,0,0
BDDRIDRM,4,HELMNOAN,0x00000000,0,0,0,0
BDTHERLI,0,HELM01,0x00000000,0,0,0,0
BDTHERLI,1,PLAT10,0x00000000,0,0,0,0
BDTHERLI,2,SHLD04A,0x00000000,0,0,0,0
BDTHERLI,3,SW1H02,0x00000000,0,1,999,0
BDTHERLI,4,BDCLCK05,0x00000002,0,1,0,0
BDTHERLI,5,POTN52,0x00000002,0,1,0,0
BDTHERLI,6,POTN09,0x00000000,0,1,0,0
BDTHERLI,7,DW#HASPT,0x00000000,0,0,0,0
BDTHERLI,8,DW#RND12,0x00000000,0,0,0,0
BDCRUCM7,0,HELM01,0x00000000,0,0,0,0
BDCRUCM7,1,CHAN04,0x00000000,0,0,0,0
BDCRUCM7,2,SHLD01A,0x00000000,0,0,0,0
BDCRUCM7,3,SLNG01,0x00000000,0,1,0,0
BDCRUCM7,4,BLUN04,0x00000001,0,1,0,0
BDCRUCM7,5,BULL02,0x00000000,0,40,0,0
BDCRUCM7,6,POTN17,0x00000002,0,1,0,0
BDCRUCM7,7,UNICAEL,0x00000000,0,0,0,0
BDCRUCM7,8,DW#RND04,0x00000000,0,0,0,0
BDCRUMF7,0,POTN08,0x00000002,0,1,0,0
BDCRUMF7,1,UNICAEL,0x00000000,0,0,0,0
BDCRUMF7,2,DART11,0x00000000,0,20,0,0
BDCRUMF7,3,DAGG01,0x00000000,0,0,0,0
BDCRUMF7,4,BRAC02,0x00000000,0,0,0,0
BDCRUMF7,5,CLCK11,0x00000000,0,0,0,0
BDCRUMF7,6,DW#HASPT,0x00000000,0,0,0,0
BDCRUSM5,0,HELM01,0x00000008,1,0,0,0
BDCRUSM5,1,CHAN04,0x00000000,0,0,0,0
BDCRUSM5,2,SW1H01,0x00000000,0,0,999,0
BDCRUSM5,3,POTN08,0x00000002,0,1,0,0
BDCRUSM5,4,UNICHILL,0x00000000,0,0,0,0
BDCRUSF5,0,HELM01,0x00000000,0,0,0,0
BDCRUSF5,1,CHAN01,0x00000000,0,0,0,0
BDCRUSF5,2,SHLD01A,0x00000000,0,0,0,0
BDCRUSF5,3,BLUN02,0x00000000,0,1,0,0
BDCRUSF5,4,POTN08,0x00000002,0,1,0,0
BDCRUSF5,5,DW#HASPT,0x00000000,0,0,0,0
BDCRUSF5,6,DW#RND11,0x00000000,0,0,0,0
BDCRUSF5,7,DW#RND26,0x00000000,0,0,0,0
BDCRUAM5,0,HELM01,0x00000008,1,0,0,0
BDCRUAM5,1,CHAN04,0x00000000,0,0,0,0
BDCRUAM5,2,XBOW01,0x00000000,0,0,0,0
BDCRUAM5,3,SW1H07,0x00000000,0,0,0,0
BDCRUAM5,4,BOLT01,0x00000000,0,20,0,0
BDCRUAM5,5,UNICAEL,0x00000000,0,0,0,0
BDCRUAM5,6,POTN08,0x00000002,0,1,0,0
BDCRUAM5,7,DW#HASPT,0x00000000,0,0,0,0
BDCRUAM5,8,DW#RND12,0x00000000,0,0,0,0
BDCRUAM5,9,DW#RND25,0x00000000,0,0,0,0
BDCRUAF5,0,HELM01,0x00000008,1,0,0,0
BDCRUAF5,1,LEAT04,0x00000000,0,0,0,0
BDCRUAF5,2,BOW03,0x00000000,0,1,0,0
BDCRUAF5,3,DAGG01,0x00000000,0,0,0,0
BDCRUAF5,4,AROW01,0x00000000,0,40,0,0
BDCRUAF5,5,UNICAEL,0x00000000,0,0,0,0
BDCRUAF5,6,POTN08,0x00000002,0,1,0,0
BDCRUAF5,7,DW#HASPT,0x00000000,0,0,0,0
BDCRUAF5,8,DW#RND12,0x00000000,0,0,0,0
BDCRUAF5,9,DW#RND26,0x00000000,0,0,0,0
BDANKH01,0,ANKHEG1,0x00000000,0,0,0,0
BDANKH01,1,ANKHEG2,0x00000000,0,0,0,0
BDANKH01,2,MISC12,0x00000002,0,0,0,0
BDANKH01,3,RNDTRE08,0x00000000,0,0,0,0
BDKAELET,0,HELMNOAN,0x0000000A,1,0,0,0
BDKAELET,1,DWCHAN01,0x0000000A,1,0,0,0
BDKAELET,2,SHLD11,0x00000000,0,0,0,0
BDKAELET,3,BLUN02,0x00000000,0,1,0,0
BDKAELET,4,DWDART01,0x0000000A,1,8,0,0
BDKAELET,5,POTN08,0x00000002,0,2,0,0
BDKAELET,6,BDINSIGR,0x00000002,0,0,0,0
BDUMAR,0,BDINSIGC,0x00000002,0,0,0,0
BDUMAR,1,POTN08,0x00000002,0,2,0,0
BDUMAR,2,DWDART01,0x0000000A,1,8,0,0
BDUMAR,3,DWSW1H02,0x0000000A,1,1,0,0
BDUMAR,4,DWCHAN01,0x0000000A,1,0,0,0
BDUMAR,5,HELMNOAN,0x0000000A,1,0,0,0
BDBELLOW,0,DART03,0x0000000A,1,10,0,0
BDBELLOW,1,SW1H04,0x0000000A,1,0,0,0
BDBELLOW,2,DW#RND03,0x00000000,0,0,0,0
BDBELLOW,3,DW#RND12,0x00000000,0,0,0,0
BDBELLOW,4,DW#RND26,0x00000000,0,0,0,0
BDCONCOC,0,UMBER01,0x00000008,1,0,0,0
BDLADLE,0,BDHELMJ3,0x00000008,1,0,0,0
BDLADLE,1,PLAT01,0x00000000,0,0,0,0
BDLADLE,2,SW1H08,0x00000000,0,0,0,0
BDLADLE,3,POTN52,0x00000000,0,1,0,0
BDLADLE,4,DW#HASPT,0x00000000,0,0,0,0
BDLADLE,5,DW#RND12,0x00000000,0,0,0,0
BDLADLE,6,DW#RND25,0x00000000,0,0,0,0
BDCRUS92,0,POTN08,0x00000000,0,1,0,0
BDCRUS92,1,UNICAEL,0x00000000,0,0,0,0
BDCRUS92,2,BULL01,0x00000000,0,40,0,0
BDCRUS92,3,SLNG01,0x00000008,1,0,0,0
BDCRUS92,4,STAF01,0x00000000,0,0,0,0
BDCRUS92,5,CLCK10,0x00000008,1,0,0,0
BDCRUS92,6,DW#HASPT,0x00000000,0,0,0,0
BDCRUS92,7,DW#RND37,0x00000000,0,0,0,0
BDCRUS91,0,HELM01,0x00000008,1,0,0,0
BDCRUS91,1,CHAN04,0x00000008,1,0,0,0
BDCRUS91,2,SW1H01,0x00000008,1,0,999,0
BDCRUS91,3,UNICAEL,0x00000000,0,0,0,0
BDCRUS91,4,POTN08,0x00000000,0,1,0,0
BDCRUS91,5,DW#HASPT,0x00000000,0,0,0,0
BDCRUS91,6,DW#RND12,0x00000000,0,0,0,0
BDCRUS91,7,DW#RND26,0x00000000,0,0,0,0
BDCRUS89,0,HAMM01,0x00000008,1,0,0,0
BDCRUS89,1,HAMM01,0x00000008,1,0,0,0
BDCRUS87,0,STAF01,0x00000008,1,0,0,0
BDCRUS88,0,BLUN01,0x00000008,1,0,0,0
BDSAHGD1,0,HELM01,0x00000008,1,0,0,0
BDSAHGD1,1,PLAT01,0x00000008,1,0,0,0
BDSAHGD1,2,SW1H04,0x00000008,1,0,0,0
BDSAHGD1,3,UNICAEL,0x00000000,0,0,0,0
BDSAHGD1,4,POTN08,0x00000000,0,1,0,0
BDSAHGD1,5,SHLD03A,0x00000000,0,0,0,0
BDSAHGD1,6,DW#HASPT,0x00000000,0,0,0,0
BDSAHGD1,7,DW#RND12,0x00000000,0,0,0,0
BDSAHGD1,8,DW#RND26,0x00000000,0,0,0,0
BDSAHGD2,0,BDHELM03,0x00000008,1,0,0,0
BDSAHGD2,1,LEAT04,0x00000008,1,0,0,0
BDSAHGD2,2,SW1H04,0x00000008,1,0,0,0
BDSAHGD2,3,BOW03,0x00000008,1,0,0,0
BDSAHGD2,4,AROW02,0x00000000,0,40,0,0
BDSAHGD2,5,UNICAEL,0x00000000,0,0,0,0
BDSAHGD2,6,POTN08,0x00000000,0,1,0,0
BDSAHGD2,7,DW#HASPT,0x00000000,0,0,0,0
BDSAHGD2,8,DW#RND11,0x00000000,0,0,0,0
BDSAHGD2,9,DW#RND26,0x00000000,0,0,0,0
BDSAHGD3,0,HELM01,0x00000008,1,0,0,0
BDSAHGD3,1,CHAN04,0x00000008,1,0,0,0
BDSAHGD3,2,XBOW01,0x00000008,1,0,0,0
BDSAHGD3,3,DAGG01,0x00000008,1,0,0,0
BDSAHGD3,4,BOLT01,0x00000000,0,40,0,0
BDSAHGD3,5,UNICAEL,0x00000000,0,0,0,0
BDSAHGD3,6,POTN08,0x00000000,0,1,0,0
BDSAHGD3,7,DW#HASPT,0x00000000,0,0,0,0
BDSAHGD3,8,DW#RND12,0x00000000,0,0,0,0
BDSAHGD3,9,DW#RND26,0x00000000,0,0,0,0
BDCRUS80,0,HELM01,0x00000008,1,0,0,0
BDCRUS80,1,CHAN04,0x00000008,1,0,0,0
BDCRUS80,2,XBOW01,0x00000008,1,0,0,0
BDCRUS80,3,SW1H04,0x00000008,1,0,0,0
BDCRUS80,4,BOLT01,0x00000000,0,40,0,0
BDCRUS80,5,UNICAEL,0x00000000,0,0,0,0
BDCRUS80,6,POTN08,0x00000000,0,1,0,0
BDCRUS80,7,DW#HASPT,0x00000000,0,0,0,0
BDCRUS80,8,DW#RND12,0x00000000,0,0,0,0
BDCRUS80,9,DW#RND26,0x00000000,0,0,0,0
BDCRUS81,0,HELM01,0x00000008,1,0,0,0
BDCRUS81,1,CHAN04,0x00000008,1,0,0,0
BDCRUS81,2,SHLD03A,0x00000008,1,0,0,0
BDCRUS81,3,HAMM01,0x00000008,1,0,0,0
BDCRUS81,4,UNICAEL,0x00000000,0,0,0,0
BDCRUS81,5,POTN08,0x00000000,0,1,0,0
BDCRUS81,6,DW#HASPT,0x00000000,0,0,0,0
BDCRUS81,7,DW#RND12,0x00000000,0,0,0,0
BDCRUS81,8,DW#RND25,0x00000000,0,0,0,0
BDCRUS82,0,HELM01,0x00000008,1,0,0,0
BDCRUS82,1,LEAT04,0x00000008,1,0,0,0
BDCRUS82,2,BOW03,0x00000008,1,0,0,0
BDCRUS82,3,DAGG01,0x00000008,1,0,0,0
BDCRUS82,4,AROW01,0x00000000,0,40,0,0
BDCRUS82,5,UNICAEL,0x00000000,0,0,0,0
BDCRUS82,6,POTN08,0x00000008,1,1,0,0
BDCRUS82,7,DW#HASPT,0x00000000,0,0,0,0
BDCRUS82,8,DW#RND11,0x00000000,0,0,0,0
BDCRUS82,9,DW#RND26,0x00000000,0,0,0,0
BDCRUS83,0,PLAT01,0x00000008,1,0,0,0
BDCRUS83,1,SW1H04,0x00000008,1,0,0,0
BDCRUS83,2,UNICAEL,0x00000000,0,0,0,0
BDCRUS83,3,POTN08,0x00000000,0,1,0,0
BDCRUS83,4,SHLD03,0x00000008,1,0,0,0
BDCRUS83,5,DW#HASPT,0x00000000,0,0,0,0
BDCRUS83,6,DW#RND11,0x00000000,0,0,0,0
BDCRUS83,7,DW#RND26,0x00000000,0,0,0,0
BDCRUS84,0,HELM01,0x00000008,1,0,0,0
BDCRUS84,1,LEAT04,0x00000008,1,0,0,0
BDCRUS84,2,SHLD01A,0x00000008,1,0,0,0
BDCRUS84,3,AX1H01,0x00000008,1,0,999,0
BDCRUS84,4,AX1H04,0x00000000,0,10,0,0
BDCRUS84,5,UNICAEL,0x00000000,0,0,0,0
BDCRUS84,6,POTN08,0x00000000,0,1,0,0
BDCRUS84,7,DW#HASPT,0x00000000,0,0,0,0
BDCRUS84,8,DW#RND12,0x00000000,0,0,0,0
BDCRUS84,9,DW#RND25,0x00000000,0,0,0,0
BDCRUS85,0,HELM01,0x00000008,1,0,0,0
BDCRUS85,1,CHAN04,0x00000008,1,0,0,0
BDCRUS85,2,DAGG01,0x00000008,1,0,0,0
BDCRUS85,3,SLNG01,0x00000008,1,0,0,0
BDCRUS85,4,BULL01,0x00000000,0,40,0,0
BDCRUS85,5,UNICAEL,0x00000000,0,0,0,0
BDCRUS85,6,POTN08,0x00000000,0,1,0,0
BDCRUS85,7,DW#HASPT,0x00000000,0,0,0,0
BDCRUS85,8,DW#RND11,0x00000000,0,0,0,0
BDCRUS85,9,DW#RND25,0x00000000,0,0,0,0
BDHAMADC,0,DAGG01,0x0000000A,1,0,0,0
BDTREANT,0,BDPLANT,0x0000000A,1,0,0,0
BDTREANT,1,IPSION,0x0000000A,1,0,0,0
BDTREANT,2,BDTREANT,0x0000000A,1,0,0,0
BDNYMP02,0,DAGG01,0x0000000A,1,1,0,0
BDSHAMB,0,BDPLANT,0x0000000A,1,0,0,0
BDSHAMB,1,IPSION,0x0000000A,1,0,0,0
BDSHAMB,2,BDSHAMB,0x0000000A,1,0,0,0
BDDROWAS,0,HELMNOAN,0x00000000,0,0,0,0
BDDROWAS,1,DWCHAN01,0x0000000A,1,0,0,0
BDDROWAS,2,DWXBOW01,0x0000000A,1,1,0,0
BDDROWAS,3,DWSW1H02,0x0000000A,1,1,0,0
BDDROWAS,4,POTN52,0x00000002,0,1,0,0
BDDROWAS,5,POTN10,0x00000002,0,2,0,0
BDDROWAS,6,DW#HASPT,0x00000000,0,0,0,0
BDDROWAS,7,DW#RND18,0x00000000,0,0,0,0
BDDROWF2,0,HELMNOAN,0x00000000,0,0,0,0
BDDROWF2,1,DWCHAN02,0x0000000A,1,0,0,0
BDDROWF2,2,DWSPER01,0x0000000A,1,1,0,0
BDDROWF2,3,POTN52,0x00000002,0,1,0,0
BDDROWF2,4,POTN26,0x00000002,0,1,0,0
BDDROWF2,5,DW#HASPT,0x00000000,0,0,0,0
BDDROWF2,6,DW#RND12,0x00000000,0,0,0,0
BDDROWF2,7,DW#RND26,0x00000000,0,0,0,0
BDWORIS,0,BDHELMGH,0x00000000,0,0,0,0
BDWORIS,1,BDCHANGH,0x00000000,0,0,0,0
BDWORIS,2,BDRINGGH,0x00000000,0,0,0,0
BDWORIS,3,BDSW2HGH,0x0000000B,1,1,0,0
BDLITLA,0,BDSW1HGH,0x0000000B,1,1,0,0
BDLITLA,1,BDDAGG04,0x0000000B,1,20,0,0
BDLITLA,2,BDRINGGH,0x00000000,0,0,0,0
BDLITLA,3,BDCLCKGH,0x00000000,0,0,0,0
BDSOTUK,0,BDAX1HGH,0x0000000B,1,1,0,0
BDSOTUK,1,BDRINGGH,0x00000000,0,0,0,0
BDSOTUK,2,BDSW1HEL,0x00000000,0,1,0,0
BDSOTUK,3,BDCHANEL,0x00000000,0,0,0,0
BDGHOSTM,0,BDRINGGH,0x00000000,0,0,0,0
BDGHOSTM,1,BDGHOST,0x00000000,0,1,0,0
BDGHOSTF,0,BDRINGGH,0x00000000,0,0,0,0
BDGHOSTF,1,BDGHOST,0x00000000,0,1,0,0
BDRHONDA,0,LEAT04,0x00000000,0,0,0,0
BDRHONDA,1,BDBRAC03,0x00000000,0,0,0,0
BDRHONDA,2,BOOT06,0x00000000,0,0,0,0
BDRHONDA,3,DAGG01,0x00000000,0,0,0,0
BDSLUG,0,BDSLUG,0x0000000A,1,0,0,0
BDSOGR1,0,BLUN07,0x0000000A,1,0,0,0
BDSOGR2,0,BLUN07,0x0000000A,1,0,0,0
BDEINER,0,BDBRAC04,0x00000002,0,0,0,0
BDEINER,1,BLUN06,0x00000000,0,0,0,0
BDEINER,2,RNDTRE08,0x00000000,0,0,0,0
BDEINER,3,POTN09,0x00000000,0,1,0,0
BDBERTOR,0,BLUN07,0x00000000,0,0,0,0
BDBERTOR,1,RNDTRE08,0x00000000,0,0,0,0
BDPOLVI,0,BDHELM03,0x00000000,0,0,0,0
BDPOLVI,1,LEAT01,0x00000000,0,0,0,0
BDPOLVI,2,SHLD11A,0x00000000,0,0,0,0
BDPOLVI,3,BLUN04,0x00000001,0,0,0,0
BDPOLVI,4,SLNG01,0x00000000,0,0,0,0
BDPOLVI,5,BULL01,0x00000000,0,40,0,0
BDPOLVI,6,POTN08,0x00000000,0,2,0,0
BDPOLVI,7,DW#HASPT,0x00000000,0,0,0,0
BDCRU105,0,HELM01,0x00000008,1,0,0,0
BDCRU105,1,PLAT01,0x00000008,1,0,0,0
BDCRU105,2,SW1H02,0x00000000,0,0,999,0
BDCRU105,3,UNICAEL2,0x00000000,0,0,0,0
BDCRU105,4,POTN52,0x00000000,0,1,0,0
BDCRU105,5,SHLD06A,0x00000000,0,0,0,0
BDCRU105,6,POTN09,0x00000000,0,1,0,0
BDCRU105,7,DW#HASPT,0x00000000,0,0,0,0
BDCRU105,8,DW#RND12,0x00000000,0,0,0,0
BDCRU109,0,POTN26,0x00000000,0,0,0,0
BDCRU109,1,POTN08,0x00000000,0,1,0,0
BDCRU109,2,UNICAEL,0x00000000,0,0,0,0
BDCRU109,3,DART03,0x00000000,0,20,0,0
BDCRU109,4,DAGG02,0x00000000,0,0,0,0
BDCRU109,5,CLCK09,0x00000008,1,0,0,0
BDCRU109,6,DW#HASPT,0x00000000,0,0,0,0
BDCRU107,0,HELM01,0x00000008,1,0,0,0
BDCRU107,1,PLAT01,0x00000008,1,0,0,0
BDCRU107,2,BLUN02,0x00000008,1,0,0,0
BDCRU107,3,UNICAEL,0x00000000,0,0,0,0
BDCRU107,4,POTN08,0x00000000,0,1,0,0
BDCRU107,5,DW#HASPT,0x00000000,0,0,0,0
BDCRU108,0,MFIST4,0x00000000,0,0,0,0
BDCRU108,1,POTN21,0x00000000,0,0,0,0
BDCRU108,2,UNICAEL,0x00000000,0,0,0,0
BDCRU108,3,DW#RND04,0x00000000,0,0,0,0
BDCRU108,4,DW#RND18,0x00000000,0,0,0,0
BDCRU108,5,DW#RND32,0x00000000,0,0,0,0
BDCRU106,0,HELM01,0x00000008,1,0,0,0
BDCRU106,1,CHAN01,0x00000008,1,0,0,0
BDCRU106,2,SHLD01A,0x00000008,1,0,0,0
BDCRU106,3,BLUN04,0x00000008,1,0,0,0
BDCRU106,4,SLNG01,0x00000008,1,0,0,0
BDCRU106,5,BULL02,0x00000000,0,20,0,0
BDCRU106,6,UNICAEL,0x00000000,0,0,0,0
BDCRU106,7,POTN08,0x00000000,0,1,0,0
BDCRU106,8,DW#HASPT,0x00000000,0,0,0,0
BDZHADRO,0,BDSPECTQ,0x0000000A,1,0,0,0
BDZHADRO,1,LICH02,0x0000000A,1,0,0,0
BDZHADRO,2,BDZHADRO,0x0000000A,1,0,0,0
BDZHADRO,3,BDLICH,0x0000000A,1,0,0,0
BDZHADRO,4,RING31,0x00000002,0,0,0,0
BDZHADRO,5,BDROBE01,0x00000002,0,1,1,1
BDZHADRO,6,BDMISC1B,0x0000000A,1,0,0,0
BDENDLES,0,IMMUNE1,0x0000000A,1,0,0,0
BDENDLES,1,RING95,0x0000000A,1,0,0,0
BDENDLES,2,BDENDLES,0x0000000A,1,0,0,0
BDENDLES,3,BDXBOW01,0x00000002,0,0,0,0
BDKHERR,0,SCRL5I,0x00000000,0,0,0,0
BDKHERR,1,SCRL5P,0x00000000,0,0,0,0
BDKHERR,2,BDJAR,0x00000000,0,1,0,0
BDKHERR,3,WAND05,0x00000000,0,5,5,0
BDKHERR,4,SCRL2D,0x00000000,0,1,0,0
BDKHERR,5,POTN52,0x00000000,0,2,0,0
BDKHERR,6,DART05,0x00000000,0,40,0,0
BDKHERR,7,STAF06,0x00000000,0,0,0,0
BDKHERR,8,BDAMUL24,0x00000000,0,0,0,0
BDKHERR,9,MINHP1,0x00000000,0,0,0,0
BDKHERR,10,BDRING08,0x00000000,0,0,0,0
BDKHERR,11,CLCK17,0x00000000,0,0,0,0
BDKHERR,12,DW#HASPT,0x00000000,0,0,0,0
BDDM01,0,BULL02,0x00000000,0,20,0,0
BDDM01,1,WAND04,0x00000000,0,2,0,0
BDDM01,2,POTN08,0x00000000,0,1,0,0
BDDM01,3,SLNG01,0x00000008,1,0,0,0
BDDM01,4,DAGG02,0x00000000,0,0,0,0
BDDM01,5,CLCK09,0x00000000,0,0,0,0
BDDM01,6,DW#HASPT,0x00000000,0,0,0,0
BDDM02,0,BRAC01,0x00000000,0,0,0,0
BDDM02,1,WAND06,0x00000000,0,2,0,0
BDDM02,2,POTN08,0x00000000,0,1,0,0
BDDM02,3,DART04,0x00000000,0,20,0,0
BDDM02,4,STAF01,0x00000008,1,0,0,0
BDDM02,5,DW#HASPT,0x00000000,0,0,0,0
BDDM03,0,WAND02,0x00000000,0,2,0,0
BDDM03,1,POTN08,0x00000000,0,1,0,0
BDDM03,2,DART03,0x00000000,0,20,0,0
BDDM03,3,STAF01,0x00000008,1,0,0,0
BDDM03,4,CLCK10,0x00000000,0,0,0,0
BDDM03,5,DW#HASPT,0x00000000,0,0,0,0
BDDM04,0,WAND06,0x00000000,0,2,0,0
BDDM04,1,POTN08,0x00000000,0,1,0,0
BDDM04,2,BULL04,0x00000000,0,20,0,0
BDDM04,3,SLNG02,0x00000000,0,0,0,0
BDDM04,4,DAGG01,0x00000008,1,0,0,0
BDDM04,5,CLCK10,0x00000000,0,0,0,0
BDDM04,6,DW#HASPT,0x00000000,0,0,0,0
BDDM05,0,WAND04,0x00000000,0,2,0,0
BDDM05,1,POTN08,0x00000000,0,1,0,0
BDDM05,2,BULL09,0x00000000,0,20,0,0
BDDM05,3,SLNG01,0x00000008,1,0,0,0
BDDM05,4,STAF01,0x00000008,1,0,0,0
BDDM05,5,CLCK10,0x00000000,0,0,0,0
BDDM05,6,DW#HASPT,0x00000000,0,0,0,0
BDDM06,0,POTN26,0x00000000,0,2,0,0
BDDM06,1,POTN08,0x00000000,0,1,0,0
BDDM06,2,DART03,0x00000000,0,20,0,0
BDDM06,3,STAF01,0x00000008,1,0,0,0
BDDM06,4,BRAC02,0x00000000,0,0,0,0
BDDM06,5,CLCK14,0x00000000,0,0,0,0
BDDM06,6,DW#HASPT,0x00000000,0,0,0,0
BDZOMBIE,0,RING94,0x00000000,0,0,0,0
BDZOMBIE,1,B1-8,0x00000000,0,0,0,0
BDUNSEN,0,HELMNOAN,0x0000000A,1,0,0,0
BDUNSEN,1,RING95,0x0000000A,1,0,0,0
BDUNSEN,2,SW2H01,0x00000000,0,0,0,0
C0MNEV01,0,C0MNBR06,0x00000002,0,1,0,0
C0MNEV01,1,C0MNRO03,0x00000002,0,1,0,0
C0MNEV01,2,POTN52,0x00000002,0,3,0,0
C0MNEV01,3,POTN09,0x00000002,0,1,0,0
C0MNEV01,4,DW#HASPT,0x00000000,0,0,0,0
C0MNEV01,5,DW#RND18,0x00000000,0,0,0,0
BDFIST60,0,HELM09,0x00000000,0,0,0,0
BDFIST60,1,CHAN04,0x00000000,0,0,0,0
BDFIST60,2,SHLD01A,0x00000000,0,0,0,0
BDFIST60,3,SW1H04,0x00000000,0,0,0,0
BDFIST60,4,UNIFLAM,0x00000000,0,0,0,0
BDFIST60,5,POTN08,0x00000000,0,1,0,0
BDFIST60,6,DW#HASPT,0x00000000,0,0,0,0
BDFIST60,7,DW#RND12,0x00000000,0,0,0,0
BDFIST60,8,DW#RND25,0x00000000,0,0,0,0
BDISABEL,0,HELM06,0x0000000A,1,0,0,0
BDISABEL,1,PLAT01,0x00000000,0,0,0,0
BDISABEL,2,SW1H05,0x00000000,0,0,0,0
BDISABEL,3,POTN52,0x00000000,0,1,0,0
BDISABEL,4,POTN11,0x00000000,0,1,0,0
BDISABEL,5,BDSHLD02,0x00000000,0,1,1,0
BDISABEL,6,BDSTAKE,0x00000002,0,0,0,0
BDISABEL,7,DW#HASPT,0x00000000,0,0,0,0
BDISABEL,8,DW#RND26,0x00000000,0,0,0,0
BDIKROS,0,WAND04,0x00000000,0,5,0,0
BDIKROS,1,DART04,0x00000000,0,40,0,0
BDIKROS,2,STAF02,0x00000000,0,0,0,0
BDIKROS,3,CLCK14,0x00000000,0,0,0,0
BDIKROS,4,DW#RND03,0x00000000,0,0,0,0
ORC03_,0,LEAT10,0x00000002,0,0,0,0
ORC03_,1,STAF01,0x00000002,0,0,0,0
ORC03_,2,SLNG01,0x00000002,0,0,0,0
ORC03_,3,BULL01,0x00000000,0,40,0,0
ORC03_,4,RNDGEM02,0x00000000,0,0,0,0
BDOTILDA,0,HELM09,0x00000000,0,0,0,0
BDOTILDA,1,PLAT01,0x00000000,0,0,0,0
BDOTILDA,2,SHLD02A,0x00000000,0,0,0,0
BDOTILDA,3,SW1H05,0x00000000,0,0,0,0
BDOTILDA,4,UNIFLAM,0x00000000,0,0,0,0
BDOTILDA,5,POTN52,0x00000000,0,1,0,0
BDOTILDA,6,DW#HASPT,0x00000000,0,0,0,0
BDOTILDA,7,DW#RND11,0x00000000,0,0,0,0
BDOTILDA,8,DW#RND26,0x00000000,0,0,0,0
BDFIST24,0,HELM09,0x00000008,1,0,0,0
BDFIST24,1,CHAN01,0x00000008,1,0,0,0
BDFIST24,2,SHLD01A,0x00000008,1,0,0,0
BDFIST24,3,BLUN04,0x00000008,1,0,0,0
BDFIST24,4,SLNG01,0x00000008,1,0,0,0
BDFIST24,5,BULL02,0x00000000,0,40,0,0
BDFIST24,6,UNIFLAM,0x00000000,0,0,0,0
BDFIST24,7,POTN08,0x00000008,1,2,0,0
BDFIST24,8,DW#HASPT,0x00000000,0,0,0,0
VOGHIL7,0,BDHELM17,0x00000001,0,0,0,0
VOGHIL7,1,SHLD17A,0x00000001,0,0,0,0
VOGHIL7,2,BDBRAC13,0x00000001,0,0,0,0
VOGHIL7,3,BDAX1H04,0x00000001,0,40,0,0
VOGHIL7,4,HAMM02,0x00000001,0,0,0,0
VOGHIL7,5,POTN08,0x00000001,0,5,0,0
VOGHIL7,6,POTN45,0x00000001,0,2,0,0
VOGHIL7,7,POTN37,0x00000001,0,1,0,0
VOGHIL7,8,AX1H04,0x00000001,0,40,0,0
BDBFORT7,0,LEAT01,0x00000000,0,0,0,0
BDBFORT7,1,BOW05,0x00000000,0,0,0,0
BDBFORT7,2,DAGG01,0x00000000,0,0,0,0
BDBFORT7,3,AROW01,0x00000000,0,80,0,0
BDBFORT8,0,HELM01,0x00000000,0,0,0,0
BDBFORT8,1,LEAT01,0x00000000,0,0,0,0
BDBFORT8,2,AX1H04,0x00000000,0,10,0,0
BDBFORT8,3,SW1H04,0x00000000,0,0,0,0
BDOGRE03,0,RNDOMAGE,0x00000000,0,0,0,0
BDOGRE03,1,RNDTRI03,0x00000000,0,0,0,0
BDOGRE03,2,RNDSCR05,0x00000000,0,0,0,0
BDOGRE03,3,BDOGRE03,0x0000000A,1,0,0,0
BDOGRE03,4,REGHP1,0x0000000A,1,0,0,0
TROLSP01,0,TROLLSP,0x0000000A,1,0,0,0
TROLSP01,1,TROLLBOO,0x00000000,0,0,0,0
TROLSP01,2,TROLLIMM,0x00000000,0,0,0,0
TROLSP01,3,TROLLREG,0x00000000,0,0,0,0
CATJAG01,0,CATJAG,0x00000000,0,0,0,0
BDURE10A,0,LEAT01,0x00000000,0,0,0,0
BDURE10A,1,SW1H04,0x00000000,0,0,0,0
BDURE10A,2,BOW05,0x00000000,0,0,0,0
BDURE10A,3,AROW08,0x00000000,0,3,0,0
BDURE10A,4,AROW01,0x00000000,0,20,0,0
BDURE10A,5,RNDTRE06,0x00000000,0,0,0,0
BDURE10A,6,0,0x00000002,0,0,0,0
BDURE10B,0,LEAT01,0x00000000,0,0,0,0
BDURE10B,1,SW1H04,0x00000000,0,0,0,0
BDURE10B,2,COMPB05,0x00000000,0,0,0,0
BDURE10B,3,BDAROW03,0x00000000,0,20,0,0
BDURE10B,4,SCRL95,0x00000000,0,0,0,0
BDURE10B,5,BOW05,0x00000002,0,0,0,0
BDURE10C,0,LEAT01,0x00000000,0,0,0,0
BDURE10C,1,SW1H04,0x00000000,0,0,0,0
BDURE10C,2,COMPB05,0x00000000,0,0,0,0
BDURE10C,3,BDAROW03,0x00000000,0,20,0,0
BDURE10C,4,SCRL95,0x00000000,0,0,0,0
BDURE10C,5,BOW05,0x00000002,0,0,0,0
BDOGRE06,0,BDOGRE06,0x0000000A,1,0,0,0
BDOGRE06,1,POTN08,0x00000000,0,2,0,0
BDOGRE06,2,RNDPTN01,0x00000000,0,0,0,0
BDOGRE06,3,RNDTRE07,0x00000000,0,0,0,0
BDOGRE04,0,HELMNOAN,0x0000000A,1,0,0,0
BDOGRE04,1,SW2H01,0x00000000,0,0,0,0
BDOGRE04,2,POTN08,0x00000000,0,0,0,0
BDOGRE04,3,RNDPTN01,0x00000000,0,0,0,0
BDOGRE04,4,RNDTRE06,0x00000000,0,0,0,0
BDOGRE05,0,BLUN01,0x00000000,0,1,0,0
BDOGRE05,1,RNDTRE06,0x00000000,0,0,0,0
BDBOAR01,0,P3-12M4,0x00000000,0,0,0,0
BDTROLSH,0,RNDTRE09,0x00000000,0,0,0,0
BDTROLSH,1,TROLL01,0x0000000A,1,0,0,0
BDTROLSH,2,TROLLBOO,0x0000000A,1,0,0,0
BDTROLSH,3,TROLLIMM,0x0000000A,1,0,0,0
BDTROLSH,4,TROLLREG,0x0000000A,1,0,0,0
BDSPIDER,0,ANTIWEB,0x00000000,0,0,0,0
BDSPIDER,1,SPIDHU1,0x00000000,0,0,0,0
WOLFDI,0,P1-8,0x00000000,0,0,0,0
BDBUGB01,0,BLUN04,0x00000000,0,0,0,0
BDCOOGAN,0,BOW03,0x00000000,0,0,0,0
BDCOOGAN,1,DAGG01,0x00000000,0,0,0,0
BDCOOGAN,2,AROW01,0x00000000,0,40,0,0
BDCOOGAN,3,POTN08,0x00000000,0,1,0,0
BDCOOGAN,4,POTN20,0x00000000,0,1,0,0
BDCOOGAN,5,DW#HASPT,0x00000000,0,0,0,0
BDCOOGAN,6,DW#RND11,0x00000000,0,0,0,0
BDCOOGAN,7,DW#RND26,0x00000000,0,0,0,0
BDBUGB10,0,BLUN02,0x00000000,0,0,0,0
BDBUGB10,1,RNDTRE06,0x00000000,0,0,0,0
BDBUGB10,2,POTN08,0x00000000,0,1,0,0
BDBUGB02,0,BLUN06,0x00000000,0,0,0,0
BDBUGB20,0,BLUN01,0x00000000,0,0,0,0
BDBUGB20,1,RNDTRE07,0x00000000,0,0,0,0
BDBUGB20,2,POTN08,0x00000000,0,1,0,0
BDBUGB12,0,BLUN07,0x00000000,0,0,0,0
BDBUGB12,1,RNDTRE06,0x00000000,0,0,0,0
BDBUGB12,2,POTN08,0x00000000,0,1,0,0
BDBUGB12,3,POTN26,0x00000000,0,1,0,0
BDBUGB04,0,BLUN01,0x00000000,0,0,0,0
BDMORENT,0,HELMNOAN,0x00000000,0,0,0,0
BDMORENT,1,DRAGRING,0x0000000A,1,0,0,0
BDMORENT,2,BDIMMGAS,0x0000000A,1,0,0,0
BDMORENT,3,BDDRGGRA,0x0000000A,1,0,0,0
BDMORENT,4,BDSCALEG,0x00000002,0,0,0,0
BDBUGB03,0,BLUN02,0x00000000,0,0,0,0
BDBUGB11,0,HAMM01,0x00000000,0,0,0,0
BDBUGB11,1,RNDTRE06,0x00000000,0,0,0,0
BDBUGB11,2,POTN08,0x00000000,0,1,0,0
BDSNORGA,0,BLUN03,0x00000000,0,0,0,0
BDSNORGA,1,RNDTRE07,0x00000000,0,0,0,0
BDSNORGA,2,POTN52,0x00000000,0,1,0,0
BDSNORGA,3,POTN11,0x00000000,0,1,0,0
BDSHADOW,0,BDMISC1B,0x0000000A,1,0,0,0
BDSHADOW,1,IMMUNE1,0x0000000A,1,0,0,0
BDSHADOW,2,RING95,0x0000000A,1,0,0,0
BDSHADOW,3,BDSHADGR,0x0000000A,1,0,0,0
BDSHADOW,4,BDSPECTQ,0x0000000A,1,0,0,0
BDBUGB21,0,BLUN36,0x00000000,0,0,0,0
BDBUGB21,1,RNDTRE07,0x00000000,0,0,0,0
BDBUGB21,2,POTN52,0x00000000,0,1,0,0
BDMADELE,0,DW#RND04,0x00000000,0,0,0,0
WORG,0,P1-8,0x00000000,0,0,0,0
BDCULT01,0,MFIST3,0x00000000,0,0,0,0
BDCULT01,1,DW#RND04,0x00000000,0,0,0,0
BDCULT01,2,DW#RND18,0x00000000,0,0,0,0
BDCULT01,3,DW#RND31,0x00000000,0,0,0,0
BDCULT03,0,LEAT04,0x00000000,0,0,0,0
BDCULT03,1,SW1H07,0x00000000,0,0,0,0
BDCULT03,2,POTN08,0x00000000,0,1,0,0
BDCULT03,3,POTN10,0x00000000,0,1,0,0
BDCULT03,4,DW#HASPT,0x00000000,0,0,0,0
BDCULT03,5,DW#RND18,0x00000000,0,0,0,0
BDCULT21,0,BDHELM03,0x00000000,0,0,0,0
BDCULT21,1,CHAN04,0x00000000,0,0,0,0
BDCULT21,2,SHLD03A,0x00000000,0,0,0,0
BDCULT21,3,SW1H04,0x00000000,0,0,0,0
BDCULT21,4,POTN08,0x00000000,0,1,0,0
BDCULT21,5,DW#HASPT,0x00000000,0,0,0,0
BDCULT21,6,DW#RND11,0x00000000,0,0,0,0
BDCULT21,7,DW#RND26,0x00000000,0,0,0,0
BDCULT04,0,LEAT04,0x00000000,0,0,0,0
BDCULT04,1,SW1H07,0x00000000,0,0,0,0
BDCULT04,2,POTN08,0x00000000,0,1,0,0
BDCULT04,3,POTN10,0x00000000,0,1,0,0
BDCULT04,4,DW#HASPT,0x00000000,0,0,0,0
BDCULT04,5,DW#RND17,0x00000000,0,0,0,0
BDCULT02,0,MFIST3,0x00000000,0,0,0,0
BDCULT02,1,DW#RND04,0x00000000,0,0,0,0
BDCULT02,2,DW#RND18,0x00000000,0,0,0,0
BDCULT02,3,DW#RND32,0x00000000,0,0,0,0
BDCULT22,0,CHAN01,0x00000000,0,0,0,0
BDCULT22,1,BOW03,0x00000000,0,0,0,0
BDCULT22,2,POTN08,0x00000000,0,1,0,0
BDCULT22,3,DAGG01,0x00000000,0,0,0,0
BDCULT22,4,AROW02,0x00000000,0,20,0,0
BDCULT22,5,DW#HASPT,0x00000000,0,0,0,0
BDCULT22,6,DW#RND12,0x00000000,0,0,0,0
BDCULT22,7,DW#RND26,0x00000000,0,0,0,0
BDZIATAR,0,HELMNOAN,0x00000000,0,0,0,0
BDZIATAR,1,PLAT10,0x00000000,0,0,0,0
BDZIATAR,2,SW2H02,0x00000000,0,0,0,0
BDZIATAR,3,POTN52,0x00000000,0,1,0,0
BDZIATAR,4,WAND11,0x00000000,0,3,0,0
BDZIATAR,5,BDKEY12,0x00000000,0,0,0,0
BDZIATAR,6,BDKEY11,0x00000000,0,0,0,0
BDCULT23,0,BDHELM03,0x00000000,0,0,0,0
BDCULT23,1,LEAT04,0x00000000,0,0,0,0
BDCULT23,2,DAGG01,0x00000000,0,0,0,0
BDCULT23,3,DAGG05,0x00000000,0,10,0,0
BDCULT23,4,POTN08,0x00000000,0,1,0,0
BDCULT23,5,POTN10,0x0000000A,1,1,0,0
BDCULT23,6,POTN10,0x00000000,0,1,0,0
BDCULT24,0,LEAT04,0x00000000,0,0,0,0
BDCULT24,1,SW1H07,0x00000000,0,0,0,0
BDCULT24,2,POTN08,0x00000000,0,1,0,0
BDCULT24,3,POTN10,0x0000000A,1,2,0,0
BDCULTX,0,MFIST3,0x00000000,0,0,0,0
BDCULTX,1,DW#RND04,0x00000000,0,0,0,0
BDCULTX,2,DW#RND17,0x00000000,0,0,0,0
BDCULTX,3,DW#RND31,0x00000000,0,0,0,0
UMBHUL01,0,UMBER01,0x00000000,0,0,0,0
BDAKANNA,0,LEAT05,0x00000000,0,0,0,0
BDAKANNA,1,BLUN36,0x00000000,0,0,0,0
BDAKANNA,2,SLNG02,0x00000000,0,0,0,0
BDAKANNA,3,BULL03,0x00000000,0,20,0,0
BDAKANNA,4,POTN52,0x00000000,0,1,0,0
BDAKANNA,5,POTN10,0x00000000,0,2,0,0
BDAKANNA,6,BDMISC51,0x00000000,0,0,0,0
BDAKANNA,7,DW#HASPT,0x00000000,0,0,0,0
BDAKANNA,8,DW#RND18,0x00000000,0,0,0,0
BDASHIRU,0,IMMUNE1,0x00000000,0,0,0,0
BDASHIRU,1,RING95,0x00000000,0,0,0,0
BDASHIRU,2,GHOST3,0x00000000,0,0,0,0
BDASHIRU,3,BDSW1H19,0x00000000,0,0,0,0
BDASHIRU,4,BDFLYIMM,0x00000000,0,0,0,0
BDDARSKH,0,MINDFLAY,0x00000000,0,0,0,0
BDDARSKH,1,DW#RND04,0x00000000,0,0,0,0
BDDARSKH,2,DW#RND18,0x00000000,0,0,0,0
BDDARSKH,3,DW#RND26,0x00000000,0,0,0,0
BDKHARMY,0,BDMISC52,0x00000000,0,0,0,0
BDKHARMY,1,CHAN01,0x00000000,0,0,0,0
BDCULTD1,0,MFIST3,0x00000000,0,0,0,0
BDCULTD2,0,LEAT04,0x00000000,0,0,0,0
BDCULTD2,1,SW1H07,0x00000000,0,0,0,0
BDCULTD2,2,POTN08,0x00000000,0,1,0,0
BDCULTD2,3,POTN10,0x00000000,0,1,0,0
BDCULTD4,0,CHAN01,0x00000000,0,0,0,0
BDCULTD4,1,BOW03,0x00000000,0,0,0,0
BDCULTD4,2,DAGG01,0x00000000,0,0,0,0
BDCULTD4,3,AROW02,0x00000000,0,20,0,0
BDCULTD4,4,POTN08,0x00000000,0,1,0,0
BDCULTD3,0,CHAN04,0x00000000,0,0,0,0
BDCULTD3,1,SW1H04,0x00000000,0,0,0,0
BDCULTD3,2,POTN08,0x00000000,0,1,0,0
BDCULTD3,3,SHLD03A,0x00000000,0,0,0,0
BDCULT41,0,LEAT05,0x00000000,0,0,0,0
BDCULT41,1,BDAMUL02,0x00000000,0,0,0,0
BDCULT41,2,BOW04,0x00000000,0,0,0,0
BDCULT41,3,SW1H08,0x00000000,0,0,0,0
BDCULT41,4,AROW04,0x00000000,0,40,0,0
BDCULT41,5,POTN08,0x00000000,0,1,0,0
BDCULT41,6,POTN14,0x00000000,0,1,0,0
BDCULT41,7,DW#HASPT,0x00000000,0,0,0,0
BDCULT41,8,DW#RND12,0x00000000,0,0,0,0
BDCULT42,0,POTN08,0x00000000,0,1,0,0
BDCULT42,1,DART03,0x00000000,0,20,0,0
BDCULT42,2,STAF02,0x00000000,0,0,0,0
BDCULT42,3,BRAC02,0x00000000,0,0,0,0
BDCULT42,4,CLCK13,0x00000000,0,0,0,0
BDCULT42,5,DW#HASPT,0x00000000,0,0,0,0
BDCULT42,6,DW#RND38,0x00000000,0,0,0,0
BDCULT43,0,BDSW1H01,0x00000000,0,0,999,0
BDCULT43,1,POTN52,0x00000000,0,1,0,0
BDCULT43,2,POTN24,0x00000000,0,1,0,0
BDCULT43,3,DW#HASPT,0x00000000,0,0,0,0
BDCULT44,0,BDHELM03,0x00000000,0,0,0,0
BDCULT44,1,PLAT01,0x00000000,0,0,0,0
BDCULT44,2,SHLD06A,0x00000000,0,0,0,0
BDCULT44,3,AX1H02,0x00000000,0,0,999,0
BDCULT44,4,POTN52,0x00000000,0,1,0,0
BDCULT44,5,POTN41,0x00000000,0,1,0,0
BDCULT44,6,DW#HASPT,0x00000000,0,0,0,0
BDCULT44,7,DW#RND11,0x00000000,0,0,0,0
BDNEOTHE,0,BDNEOIMM,0x00000000,0,0,0,0
BDNEOTHE,1,RING97,0x00000000,0,0,0,0
BDNEOTHE,2,BDNEO1,0x00000000,0,0,0,0
BDNEOTHE,3,BDNEO2,0x00000000,0,0,0,0
BDNEOTHE,4,BDNEO3,0x00000000,0,0,0,0
BDNEOTHE,5,RNDGEM05,0x00000000,0,0,0,0
BDNEOTHE,6,AMUL12,0x00000000,0,0,0,0
BDNEOTHE,7,DW#RND08,0x00000000,0,0,0,0
BDNEOTHE,8,DW#RND22,0x00000000,0,0,0,0
BDNEOTHE,9,DW#RND30,0x00000000,0,0,0,0
BDCULT25,0,POTN08,0x00000000,0,1,0,0
BDCULT25,1,BOLT02,0x00000000,0,40,0,0
BDCULT25,2,DAGG01,0x00000000,0,0,0,0
BDCULT25,3,XBOW01,0x00000000,0,0,0,0
BDCULT25,4,DW#HASPT,0x00000000,0,0,0,0
BDCULT25,5,DW#RND25,0x00000000,0,0,0,0
BDCULT26,0,POTN08,0x00000000,0,1,0,0
BDCULT26,1,BOLT02,0x00000000,0,40,0,0
BDCULT26,2,DAGG01,0x00000000,0,0,0,0
BDCULT26,3,XBOW01,0x00000000,0,0,0,0
BDCULT26,4,DW#HASPT,0x00000000,0,0,0,0
BDCULT26,5,DW#RND26,0x00000000,0,0,0,0
BDCULT27,0,POTN08,0x00000000,0,1,0,0
BDCULT27,1,STAF01,0x00000000,0,0,0,0
BDCULT27,2,DW#HASPT,0x00000000,0,0,0,0
BDCULT28,0,DART03,0x00000000,0,20,0,0
BDCULT28,1,POTN08,0x00000000,0,1,0,0
BDCULT28,2,DAGG01,0x00000000,0,0,0,0
BDCULT28,3,DW#HASPT,0x00000000,0,0,0,0
BDCULT30,0,MFIST4,0x00000000,0,0,0,0
BDCULT30,1,POTN26,0x00000000,0,1,0,0
BDCULT30,2,DW#RND04,0x00000000,0,0,0,0
BDCULT30,3,DW#RND18,0x00000000,0,0,0,0
BDCULT30,4,DW#RND31,0x00000000,0,0,0,0
STALKE_,0,MAGE01,0x00000000,0,0,0,0
STALKE_,1,S2-16,0x00000000,0,0,0,0
STALKE_,2,RING95,0x00000000,0,0,0,0
BDCRAWMU,0,CARRIO1,0x00000000,0,0,0,0
BD328OSO,0,B1-12,0x00000000,0,0,0,0
BD328OSO,1,BDMISC34,0x00000000,0,0,0,0
BDGIANHL,0,BDGIANHL,0x0000000A,1,0,0,0
BDGIANHL,1,DW#RND05,0x00000000,0,0,0,0
BDGIANHL,2,DW#RND13,0x00000000,0,0,0,0
BDOROG01,0,SW1H01,0x00000000,0,0,999,0
BDOROGSG,0,HELMNOAN,0x0000000A,1,0,0,0
BDOROGSG,1,SW2H02,0x00000000,0,0,0,0
BDOROGSG,2,POTN52,0x00000000,0,1,0,0
BDOROGSG,3,POTN08,0x00000000,0,2,0,0
BDOROGSG,4,POTN11,0x00000000,0,1,0,0
BDOROGSG,5,RNDGEM05,0x00000000,0,0,0,0
BDOROGSG,6,BDBELT04,0x00000000,0,0,0,0
BDOROG03,0,HELMNOAN,0x0000000A,1,0,0,0
BDOROG03,1,SHLD05A,0x00000000,0,0,0,0
BDOROG03,2,BLUN02,0x00000000,0,0,0,0
BDOROG03,3,RNDGEM03,0x00000000,0,0,0,0
BDOROG02,0,HELMNOAN,0x0000000A,1,0,0,0
BDOROG02,1,SW2H01,0x00000000,0,0,0,0
BDOROG02,2,POTN08,0x00000000,0,2,0,0
BDOROG02,3,RNDPTN02,0x00000000,0,1,0,0
BDOROG02,4,RNDTRI03,0x00000000,0,0,0,0
SPIDSW01,0,SPIDSW1,0x00000000,0,0,0,0
SPIDSW01,1,ANTIWEB,0x00000000,0,0,0,0
SPIDSW01,2,MAGE06,0x00000000,0,0,0,0
PETTIN,0,B1-12M3,0x0000000A,1,0,0,0
PETTIN,1,RNDGEM03,0x00000000,0,0,0,0
PETTIN,2,RNDMAG06,0x00000000,0,0,0,0
BDHORST,0,BOOT06,0x00000000,0,0,0,0
BDHAMADR,0,DAGG01,0x0000000A,1,0,0,0
BDGNALER,0,HELM01,0x00000008,1,0,0,0
BDGNALER,1,HALB02,0x00000008,1,0,0,0
BDGNALER,2,POTN52,0x00000000,0,1,0,0
BDKAMBAL,0,BOW06,0x00000008,1,0,0,0
BDKAMBAL,1,SW1H07,0x00000008,1,0,0,0
BDKAMBAL,2,AROW08,0x00000000,0,40,0,0
BDKAMBAL,3,POTN08,0x00000000,0,0,0,0
BDEARTHE,0,BDMISC1B,0x0000000A,1,0,0,0
BDEARTHE,1,IMMUNE2,0x0000000A,1,0,0,0
BDEARTHE,2,BDEARTHG,0x0000000A,1,0,0,0
BDEARTHE,3,BDSPECTQ,0x0000000A,1,0,0,0
BDEARTHE,4,MISC43,0x00000002,0,1,0,0
BDEARTHE,5,MISC43,0x00000002,0,1,0,0
BDEARTHE,6,MISC43,0x00000002,0,1,0,0
BDEARTHE,7,MISC43,0x00000002,0,1,0,0
BDRAEANN,0,BDMISC1B,0x0000000A,1,0,0,0
BDRAEANN,1,LEAT15,0x00000002,0,0,0,0
BDRAEANN,2,SW1H49,0x00000002,0,0,0,0
BDRAEANN,3,BDRING01,0x00000002,0,1,1,1
BDRAEANN,4,SW1H47,0x00000002,0,0,0,0
BDRAEANN,5,BDSPECTQ,0x0000000A,1,0,0,0
BDRAEANN,6,POTN52,0x00000000,0,3,0,0
BDRAEANN,7,POTN10,0x00000000,0,3,0,0
BDRAEANN,8,RNDGEM03,0x00000000,0,0,0,0
BDRAEANN,9,RNDGEM02,0x00000000,0,3,0,0
BDRAEANN,10,RNDGEM01,0x00000000,0,5,0,0
BDRAEANN,11,DW#HASPT,0x00000000,0,0,0,0
BDRAEANN,12,DW#RND12,0x00000000,0,0,0,0
BDRAEANN,13,DW#RND25,0x00000000,0,0,0,0
BDOROG04,0,HELMNOAN,0x0000000A,1,0,0,0
BDOROG04,1,BLUN01,0x00000000,0,1,0,0
BDOROG04,2,RNDTRE07,0x00000000,0,0,0,0
BDOROG05,0,MAGE01,0x0000000A,1,0,0,0
BDOROG05,1,SW1H04,0x00000000,0,1,0,0
BDOROG05,2,POTN10,0x00000000,0,0,0,0
BDOROG05,3,RNDTRE06,0x00000000,0,0,0,0
BDNYMP01,0,DAGG01,0x0000000A,1,1,0,0
BDONORO,0,STAF01,0x00000000,0,0,0,0
BD302BAS,0,BASILG1,0x00000000,0,0,0,0
BD302BAS,1,BASILG2,0x00000000,0,0,0,0
BD302BAS,2,BASILG3,0x00000000,0,0,0,0
BD302BAS,3,BDMISC33,0x00000000,0,0,0,0
BDGRIZHU,0,S1-8,0x00000000,0,0,0,0
BDLORDDU,0,RING10,0x00000000,0,0,0,0
BDCHALME,0,MISC23,0x00000000,0,0,0,0
BDCHALME,1,AMUL11,0x00000000,0,0,0,0
BDCHALME,2,CHAN01,0x00000000,0,0,0,0
BDCHALME,3,SW1H01,0x00000000,0,0,999,0
BDCHALME,4,SHLD18,0x00000000,0,0,0,0
BDCHALME,5,MISC18,0x00000000,0,0,0,0
BDWRAIT1,0,IMMUNE1,0x00000000,0,0,0,0
BDWRAIT1,1,RING95,0x0000000A,1,0,0,0
BDWRAIT1,2,WRAITH1,0x00000000,0,0,0,0
VAMFLM01,0,DW#BLDD,0x00000000,0,0,0,0
VAMFLM01,1,DW#VMBAT,0x00000000,0,0,0,0
VAMFLM01,2,DW#VMWOL,0x00000000,0,0,0,0
VAMFLM01,3,VAMPREG,0x00000000,0,0,0,0
VAMFLM01,4,IMMUNE2,0x00000000,0,0,0,0
VAMFLM01,5,VAMP,0x0000000A,1,0,0,0
BDWOLFDR,0,BDWOLFD1,0x00000000,0,0,0,0
BDWOLFDR,1,TROLLIMM,0x00000000,0,0,0,0
BDWOLFDR,2,BDWOLFDR,0x00000000,0,0,0,0
WOLF,0,P1-4,0x00000000,0,0,0,0
BDZELMA,0,SW1H07,0x00000000,0,0,0,0
BDZELMA,1,LEAT04,0x00000000,0,0,0,0
BDZELMA,2,DW#RND06,0x00000000,0,0,0,0
BDZELMA,3,DW#RND18,0x00000000,0,0,0,0
BDZELMA,4,DW#RND38,0x00000000,0,0,0,0
BDTHUG06,0,SW1H04,0x00000000,0,0,0,0
BDTHUG06,1,LEAT01,0x00000000,0,0,0,0
BDTHUG06,2,AROW01,0x00000000,0,20,0,0
BDTHUG06,3,RNDTRE06,0x00000000,0,0,0,0
BDTHUG06,4,BOW05,0x00000000,0,0,0,0
BDFIST1A,0,HELM09,0x00000000,0,0,0,0
BDFIST1A,1,PLAT01,0x00000000,0,0,0,0
BDFIST1A,2,SHLD01A,0x00000000,0,0,0,0
BDFIST1A,3,SW1H04,0x00000000,0,0,0,0
BDFIST1A,4,UNIFLAM,0x0000000A,1,0,0,0
BDFIST1A,5,RNDPTN01,0x00000000,0,0,0,0
BDURE4D,0,BDHALB03,0x00000000,0,0,0,0
BDURE4D,1,DW#RND06,0x00000000,0,0,0,0
BDURE4D,2,DW#RND14,0x00000000,0,0,0,0
BDURE4E,0,BDGIANHI,0x0000000A,1,0,0,0
BDURE4E,1,RNDTRI02,0x00000000,0,0,0,0
BDURE4E,2,DW#RND06,0x00000000,0,0,0,0
BDURE4E,3,DW#RND20,0x00000000,0,0,0,0
BDGASS1,0,DAGG02,0x0000000A,1,0,0,0
BDGASS2,0,DAGG01,0x0000000A,1,0,0,0
BDGASS3,0,LEAT01,0x0000000A,1,0,0,0
BDGASS3,1,DAGG05,0x0000000A,1,20,0,0
BDFISTEX,0,HELM09,0x00000000,0,0,0,0
BDFISTEX,1,CHAN04,0x00000000,0,0,0,0
BDFISTEX,2,SHLD01A,0x00000000,0,0,0,0
BDFISTEX,3,SW1H04,0x00000000,0,0,0,0
BDFISTEX,4,UNIFLAM,0x00000000,0,0,0,0
BDFISTEX,5,POTN08,0x00000000,0,2,0,0
BDFISTEX,6,DW#HASPT,0x00000000,0,0,0,0
BDFISTEX,7,DW#RND12,0x00000000,0,0,0,0
BDFISTEX,8,DW#RND26,0x00000000,0,0,0,0
SAFANA7,0,LEAT15,0x00000001,0,0,0,0
SAFANA7,1,AMUL01,0x00000001,0,5,0,0
SAFANA7,2,BOOT02,0x00000001,0,0,0,0
SAFANA7,3,SW1H22,0x00000001,0,0,0,0
SAFANA7,4,BOW06,0x00000001,0,0,0,0
SAFANA7,5,CLCK06,0x00000001,0,0,0,0
SAFANA7,6,POTN08,0x00000001,0,5,0,0
SAFANA7,7,POTN10,0x00000001,0,3,0,0
SAFANA7,8,POTN39,0x00000001,0,1,0,0
SAFANA7,9,DART02,0x00000001,0,80,0,0
SAFANA7,10,DART02,0x00000001,0,80,0,0
SAFANA7,11,AROW02,0x00000001,0,80,0,0
SAFANA7,12,AROW08,0x00000001,0,40,0,0
SAFANA7,13,AROW05,0x00000001,0,40,0,0
DYNAHE7,0,CLCK13,0x00000001,0,0,0,0
DYNAHE7,1,BDBRAC13,0x00000001,0,0,0,0
DYNAHE7,2,AMUL15,0x00000001,0,5,0,0
DYNAHE7,3,BDBELT12,0x00000001,0,0,0,0
DYNAHE7,4,STAF02,0x00000001,0,1,0,0
DYNAHE7,5,SLNG02,0x00000001,0,1,0,0
DYNAHE7,6,BULL02,0x00000001,0,80,0,0
DYNAHE7,7,BULL03,0x00000001,0,80,0,0
DYNAHE7,8,BULL07,0x00000001,0,80,0,0
DYNAHE7,9,CLCK01,0x00000001,0,0,0,0
DYNAHE7,10,POTN08,0x00000001,0,5,0,0
DYNAHE7,11,POTN17,0x00000001,0,5,0,0
DYNAHE7,12,WAND02,0x00000001,0,10,0,0
DYNAHE7,13,SCRL75,0x00000001,0,5,0,0
MINSC7_,0,HELM14,0x00000001,0,0,0,0
MINSC7_,1,PLAT04,0x00000001,0,0,0,0
MINSC7_,2,BDBRAC09,0x00000001,0,0,0,0
MINSC7_,3,RING21,0x00000001,0,0,0,0
MINSC7_,4,AMUL17,0x00000001,0,5,0,0
MINSC7_,5,BOOT05,0x00000001,0,0,0,0
MINSC7_,6,SW2H02,0x00000001,0,0,0,0
MINSC7_,7,BOW02,0x00000001,0,0,0,0
MINSC7_,8,AROW08,0x00000001,0,80,0,0
MINSC7_,9,AROW02,0x00000001,0,80,0,0
MINSC7_,10,AROW11,0x00000001,0,80,0,0
MINSC7_,11,CLCK01,0x00000001,0,0,0,0
MINSC7_,12,MISC84,0x00000001,0,0,0,0
MINSC7_,13,POTN52,0x00000001,0,3,0,0
MINSC7_,14,POTN08,0x00000000,0,5,0,0
MINSC7_,15,POTN12,0x00000001,0,1,0,0
MINSC7_,16,CHAN05,0x00000001,0,0,0,0
VICONI7,0,BAND02,0x00000001,0,0,0,0
VICONI7,1,CHAN05,0x00000001,0,0,0,0
VICONI7,2,SHLD02A,0x00000001,0,0,0,0
VICONI7,3,BLUN05,0x00000001,0,0,0,0
VICONI7,4,SLNG02,0x00000001,0,1,0,0
VICONI7,5,BULL02,0x00000001,0,80,0,0
VICONI7,6,BULL09,0x00000001,0,40,0,0
VICONI7,7,BULL03,0x00000001,0,40,0,0
VICONI7,8,POTN08,0x00000001,0,5,0,0
VICONI7,9,POTN20,0x00000001,0,5,0,0
VICONI7,10,POTN17,0x00000001,0,3,0,0
BDLIIA,0,MINHP1,0x00000000,0,0,0,0
BDLIIA,1,RING19,0x00000000,0,0,0,0
BDLIIA,2,DAGG01,0x00000000,0,0,0,0
BDLIIA,3,CLCK14,0x00000000,0,0,0,0
BDLIIA,4,DW#RND07,0x00000000,0,0,0,0
BDLIIA,5,DW#RND38,0x00000000,0,0,0,0
CSRFFGD,0,HELM09,0x00000000,0,0,0,0
CSRFFGD,1,CHAN04,0x00000000,0,0,0,0
CSRFFGD,2,SHLD01A,0x00000000,0,0,0,0
CSRFFGD,3,SW1H04,0x00000000,0,0,0,0
CSRFFGD,4,POTN08,0x00000000,0,2,0,0
CSRFFGD,5,UNIFLAM,0x00000000,0,0,0,0
CSRFFGD,6,DW#HASPT,0x00000000,0,0,0,0
CSRFFGD,7,DW#RND12,0x00000000,0,0,0,0
CSRFFGD,8,DW#RND26,0x00000000,0,0,0,0
CSRFFGX,0,HELM09,0x00000000,0,0,0,0
CSRFFGX,1,CHAN04,0x00000000,0,0,0,0
CSRFFGX,2,SHLD01A,0x00000000,0,0,0,0
CSRFFGX,3,SW1H04,0x00000000,0,0,0,0
CSRFFGX,4,POTN08,0x00000000,0,2,0,0
CSRFFGX,5,UNIFLAM,0x00000000,0,0,0,0
CSRFFGX,6,DW#HASPT,0x00000000,0,0,0,0
CSRFFGX,7,DW#RND12,0x00000000,0,0,0,0
CSRFFGX,8,DW#RND26,0x00000000,0,0,0,0
CSRFISTD,0,HELM09,0x00000000,0,0,0,0
CSRFISTD,1,PLAT01,0x00000000,0,0,0,0
CSRFISTD,2,SHLD01A,0x00000000,0,0,0,0
CSRFISTD,3,SW1H04,0x00000000,0,0,0,0
CSRFISTD,4,UNIFLAM,0x0000000A,1,0,0,0
BDELTAN,0,BELT07,0x00000008,1,0,0,0
BDELTAN,1,SW1H41,0x00000008,1,0,0,0
BDELTAN,2,AMUL17,0x00000008,1,0,0,0
BDELTAN,3,MINHP1,0x00000008,1,0,0,0
BDELTAN,4,PLAT24,0x00000008,1,0,0,0
BDELTAN,5,DW#RND08,0x00000000,0,0,0,0
BDELTAN,6,DW#RND16,0x00000000,0,0,0,0
BDELTAN,7,DW#RND29,0x00000000,0,0,0,0
BDJOSPIL,0,BDSTAF01,0x00000001,0,0,0,0
BDJOSPIL,1,SHLD17A,0x00000001,0,0,0,0
BDJOSPIL,2,DW#RND05,0x00000000,0,0,0,0
BDJOSPIL,3,DW#RND12,0x00000000,0,0,0,0
BDJOSPIL,4,DW#RND28,0x00000000,0,0,0,0
CSRIMO,0,POTN08,0x00000000,0,1,0,0
CSRIMO,1,POTN08,0x00000000,0,1,0,0
CSRIMO,2,POTN08,0x00000000,0,1,0,0
CSRIMO,3,SW1H07,0x00000000,0,0,0,0
CSRIMO,4,BOW05,0x00000000,0,0,0,0
CSRIMO,5,AROW01,0x00000000,0,20,0,0
CSRIMO,6,AROW01,0x00000000,0,20,0,0
CSRIMO,7,POTN14,0x00000000,0,0,0,0
CSRIMO,8,WAND03,0x00000001,0,10,0,0
BDFENSTE,0,CHAN01,0x00000000,0,0,0,0
BDFENSTE,1,MINHP1,0x00000000,0,0,0,0
BDIMDEAD,0,CLCK10,0x00000001,0,0,0,0
BDIMDEAD,1,BRAC02,0x00000001,0,0,0,0
BDIMDEAD,2,DAGG02,0x00000001,0,1,0,0
BDIMDEAD,3,DAGG05,0x00000001,0,20,0,0
BDIMDEAD,4,WAND12_,0x00000001,0,20,0,0
BDIMDEAD,5,POTN08,0x00000001,0,3,0,0
BDIMDEAD,6,POTN14,0x00000001,0,1,0,0
BDIMDEAD,7,POTN10,0x0000000A,1,15,0,0
BDIMDEAD,8,RING05,0x0000000A,1,1,0,0
BDDAUSTO,0,CHAN04,0x00000000,0,0,0,0
BDDAUSTO,1,SW2H01,0x00000000,0,0,0,0
BDDAUSTO,2,DW#RND03,0x00000000,0,0,0,0
BDDAUSTO,3,DW#RND12,0x00000000,0,0,0,0
BDDAUSTO,4,DW#RND26,0x00000000,0,0,0,0
BDSCHAE2,0,HELM13,0x00000001,0,0,0,0
BDSCHAE2,1,BDCHAN05,0x00000003,0,0,0,0
BDSCHAE2,2,MINHP1,0x0000000A,1,0,0,0
BDSCHAE2,3,SW1H05,0x00000001,0,0,0,0
BDSCHAE2,4,BDBOW06,0x00000003,0,0,0,0
BDSCHAE2,5,AROW02,0x00000001,0,40,0,0
BDSCHAE2,6,AROW01,0x00000001,0,40,0,0
BDSCHAE2,7,POTN52,0x00000001,0,1,0,0
BDSCHAE2,8,POTN17,0x00000001,0,1,0,0
BDSCHAE2,9,POTN09,0x00000000,0,1,0,0
BDSCHAE2,10,DW#HASPT,0x00000000,0,0,0,0
BDSCHAE2,11,DW#RND12,0x00000000,0,0,0,0
BDIRENI,0,STAF01,0x00000000,0,0,0,0
BDIRENI,1,MINHP1,0x00000000,0,0,0,0
BDIRENI,2,DW#RND08,0x00000000,0,0,0,0
BDIRENI,3,DW#RND37,0x00000000,0,0,0,0
RASAAD7,0,RSBRAC,0x00000001,0,0,0,0
RASAAD7,1,RSBOOT,0x00000001,0,0,0,0
RASAAD7,2,SLNG02,0x00000001,0,1,0,0
RASAAD7,3,BULL02,0x00000001,0,80,0,0
RASAAD7,4,BULL03,0x00000001,0,40,0,0
RASAAD7,5,BULL04,0x00000001,0,40,0,0
RASAAD7,6,POTN52,0x00000001,0,3,0,0
RASAAD7,7,POTN08,0x00000001,0,5,0,0
RASAAD7,8,POTN11,0x00000001,0,1,0,0
RASAAD7,9,SW1H22,0x00000001,0,0,0,0
BDBEETRH,0,S2-16M2,0x00000000,0,0,0,0
BDBEETRH,1,BDMISC66,0x00000002,0,0,0,0
CSRHASS,0,RNDTRE06,0x00000000,0,0,0,0
CSRHASS,1,POTN08,0x00000000,0,0,0,0
CSRHASS,2,SHLD05,0x00000000,0,0,0,0
CSRHASS,3,PLAT01,0x00000000,0,0,0,0
CSRHASS,4,BLUN06,0x00000001,0,0,0,0
CSRHASS,5,BDHELM10,0x00000001,0,0,0,0
CSRHASS,6,WAND11,0x00000001,0,5,0,0
CSRHASS,7,BDKEY10,0x00000001,0,0,0,0
CSRVHAS,0,DART02,0x00000000,0,40,0,0
CSRVHAS,1,DART11,0x00000000,0,20,0,0
CSRVHAS,2,DART04,0x00000000,0,20,0,0
CSRVHAS,3,POTN08,0x00000000,0,1,0,0
CSRVHAS,4,DART03,0x00000000,0,20,0,0
CSRVHAS,5,PLAT04,0x00000009,1,0,0,0
CSRVHAS,6,HELM01,0x00000009,1,0,0,0
CSRVHAS,7,BDSW2H03,0x00000001,0,0,0,0
CSRVHAS,8,POTN14,0x00000001,0,1,0,0
CSRPORI,0,STAF01,0x0000000A,1,0,0,0
CSRPORI,1,DAGG05,0x00000000,0,20,0,0
CSRPORI,2,BDCLCK06,0x00000000,0,10,0,0
CSRSILL,0,UNIBBEG,0x0000000A,1,0,0,0
CSRSILL,1,MAGE01,0x0000000A,1,0,0,0
CSRSILL,2,LEAT04,0x00000000,0,0,0,0
CSRSILL,3,SW1H08,0x00000009,1,0,0,0
CSRSILL,4,DW#PTN10,0x00000001,0,3,0,0
CSRSILL,5,BAG02I,0x00000001,0,0,0,0
CSRSILL,6,MISC25,0x00000001,0,5,0,0
CSRSILL,7,MISC25,0x00000001,0,5,0,0
CSRSILL,8,MISC43,0x00000001,0,1,0,0
CSRSILL,9,MISC07,0x00000001,0,3000,0,0
CSRSILL,10,MISC07,0x00000001,0,1100,0,0
CSRGRIT,0,REGHP1,0x00000000,0,0,0,0
CSRGRIT,1,MOVRAT10,0x00000000,0,0,0,0
CSRGRIT,2,IMMCLOUD,0x00000000,0,0,0,0
CSRGRIT,3,S1-2,0x00000000,0,0,0,0
CSRGRIT,4,S1-2,0x00000000,0,0,0,0
CSRGRIT,5,S1-2,0x00000000,0,0,0,0
CSRGRIT,6,S1-2,0x00000000,0,0,0,0
CSRKORL,0,DW#RND03,0x00000000,0,0,0,0
CSRKORL,1,SCRL1Z,0x00000001,0,1,0,0
CSRKORL,2,SCRL6H,0x00000001,0,1,0,0
CSRKORL,3,SCRL3G,0x00000001,0,1,0,0
CSRKORL,4,POTN21,0x00000001,0,1,0,0
CSRKORL,5,BDSHSARE,0x00000001,0,0,0,0
CSRKORL,6,BDSHBHR,0x00000001,0,0,0,0
CSRKORL,7,BDSHKORJ,0x00000001,0,0,0,0
CSRKORL,8,BDSHKORO,0x00000001,0,0,0,0
CSRKORL,9,CLCK12,0x00000001,0,0,0,0
CSRKORL,10,CLCK01,0x00000001,0,0,0,0
CSRKORL,11,BDBRAC13,0x00000001,0,0,0,0
CSRKORL,12,STAF02,0x00000001,0,0,0,0
BDFIST1B,0,HELM09,0x00000000,0,0,0,0
BDFIST1B,1,PLAT01,0x00000000,0,0,0,0
BDFIST1B,2,SHLD01A,0x00000000,0,0,0,0
BDFIST1B,3,SW1H04,0x00000000,0,0,0,0
BDFIST1B,4,UNIFLAM,0x0000000A,1,0,0,0
BDFIST1C,0,HELM09,0x00000000,0,0,0,0
BDFIST1C,1,PLAT01,0x00000000,0,0,0,0
BDFIST1C,2,SHLD01A,0x00000000,0,0,0,0
BDFIST1C,3,SW1H04,0x00000000,0,0,0,0
BDFIST1C,4,UNIFLAM,0x0000000A,1,0,0,0
DORN7,0,HELM01,0x00000001,0,0,0,0
DORN7,1,PLAT04,0x00000001,0,0,0,0
DORN7,2,BDRING06,0x00000001,0,0,0,0
DORN7,3,BDBELT14,0x00000001,0,0,0,0
DORN7,4,SW2HD1,0x00000001,0,1,0,0
DORN7,5,XBOW01,0x00000000,0,0,0,0
DORN7,6,BOLT02,0x00000001,0,80,0,0
DORN7,7,BOLT03,0x00000001,0,40,0,0
DORN7,8,BOLT06,0x00000001,0,40,0,0
DORN7,9,POTN52,0x00000001,0,3,0,0
DORN7,10,POTN08,0x00000001,0,5,0,0
DORN7,11,POTN28,0x00000001,0,2,0,0
BAELOT7,0,CLCK17,0x00000001,0,0,0,0
BAELOT7,1,BARING,0x00000003,0,1,0,0
BAELOT7,2,BDAMUL24,0x00000001,0,0,0,0
BAELOT7,3,STAF02,0x00000001,0,0,0,0
BAELOT7,4,DART02,0x00000001,0,80,0,0
BAELOT7,5,POTN08,0x00000001,0,5,0,0
BAELOT7,6,POTN17,0x00000001,0,5,0,0
BAELOT7,7,POTN10,0x00000001,0,2,0,0
BAELOT7,8,DART11,0x00000001,0,40,0,0
BAELOT7,9,DART02,0x00000001,0,80,0,0
EDWIN7_,0,CLCK14,0x00000001,0,0,0,0
EDWIN7_,1,MISC89_,0x00000001,0,0,0,0
EDWIN7_,2,STAF02,0x00000001,0,0,0,0
EDWIN7_,3,BDDAGG04,0x00000001,0,80,0,0
EDWIN7_,4,POTN08,0x00000001,0,5,0,0
EDWIN7_,5,POTN24,0x00000001,0,1,0,0
EDWIN7_,6,WAND10,0x00000001,0,5,0,0
EDWIN7_,7,BDDAGG04,0x00000001,0,80,0,0
NEERA7,0,CLCK12,0x00000001,0,0,0,0
NEERA7,1,NEBELT01,0x00000001,0,0,0,0
NEERA7,2,STAFN1,0x00000001,0,1,0,0
NEERA7,3,SLNG02,0x00000001,0,1,0,0
NEERA7,4,BULL02,0x00000001,0,80,0,0
NEERA7,5,BULL09,0x00000001,0,40,0,0
NEERA7,6,BULL03,0x00000001,0,40,0,0
NEERA7,7,POTN08,0x00000001,0,5,0,0
NEERA7,8,POTN20,0x00000001,0,5,0,0
NEERA7,9,POTN10,0x00000001,0,0,0,0
NEERA7,10,BAG02_,0x00000001,0,0,0,0
NEERA7,11,SCRL75,0x00000001,0,5,0,0
KHALID7,0,HELM04,0x00000001,0,0,0,0
KHALID7,1,PLAT04,0x00000000,0,0,0,0
KHALID7,2,SHLD04A,0x00000001,0,0,0,0
KHALID7,3,BDRING06,0x00000001,0,0,0,0
KHALID7,4,BDBELT13,0x00000001,0,0,0,0
KHALID7,5,SW1H05,0x00000001,0,0,0,0
KHALID7,6,BOW04,0x00000001,0,0,0,0
KHALID7,7,AROW02,0x00000001,0,80,0,0
KHALID7,8,AROW08,0x00000001,0,40,0,0
KHALID7,9,AROW11,0x00000001,0,40,0,0
KHALID7,10,CLCK04,0x00000001,0,0,0,0
KHALID7,11,POTN52,0x00000001,0,3,0,0
KHALID7,12,POTN08,0x00000001,0,5,0,0
KHALID7,13,POTN03,0x00000001,0,0,0,0
JAHEIR7_,0,HELM03,0x00000001,0,0,0,0
JAHEIR7_,1,PLAT06_,0x00000001,0,0,0,0
JAHEIR7_,2,SHLD04A,0x00000001,0,0,0,0
JAHEIR7_,3,BDRING06,0x00000001,0,0,0,0
JAHEIR7_,4,BOOT03,0x00000001,0,0,0,0
JAHEIR7_,5,BLUN36,0x00000001,0,0,0,0
JAHEIR7_,6,SLNG02,0x00000001,0,0,0,0
JAHEIR7_,7,BULL02,0x00000001,0,80,0,0
JAHEIR7_,8,BULL03,0x00000001,0,40,0,0
JAHEIR7_,9,BULL07,0x00000001,0,40,0,0
JAHEIR7_,10,CLCK07,0x00000001,0,5,0,0
JAHEIR7_,11,POTN52,0x00000001,0,2,0,0
JAHEIR7_,12,POTN08,0x00000001,0,5,0,0
JAHEIR7_,13,POTN17,0x00000001,0,3,0,0
JAHEIR7_,14,STAF02,0x00000001,0,0,0,0
BDMUMMY,0,IMMUNE1,0x0000000A,1,0,0,0
BDMUMMY,1,RING95,0x0000000A,1,0,0,0
BDMUMMY,2,BDMUMM01,0x0000000A,1,0,0,0
BDSHIMOE,0,BRAC01,0x00000002,0,0,0,0
BDSHIMOE,1,RING05,0x00000003,0,1,0,0
BDSHIMOE,2,MINHP1,0x0000000A,1,0,0,0
BDSHIMOE,3,DAGG02,0x00000003,0,1,0,0
BDSHIMOE,4,DAGG05,0x00000003,0,20,0,0
BDSHIMOE,5,WAND12_,0x00000003,0,10,0,0
BDSHIMOE,6,POTN08,0x00000001,0,3,0,0
BDSHIMOE,7,POTN14,0x00000003,0,1,0,0
BDSHIMOE,8,POTN10,0x00000003,0,15,0,0
BDKAG,0,RNDTRE08,0x00000000,0,0,0,0
BDKAG,1,FLIND1,0x00000000,0,0,0,0
BDKAG,2,SW2H01,0x00000000,0,0,0,0
BDSETHYL,0,POTN08,0x00000000,0,0,0,0
BDSETHYL,1,STAF01,0x00000000,0,0,0,0
BDSETHYL,2,DART02,0x00000000,0,20,0,0
BDSETHYL,3,CLCK12,0x00000000,0,0,0,0
BDSETHYL,4,BRAC02,0x00000000,0,0,0,0
BDSETHYL,5,DW#RND38,0x00000000,0,0,0,0
BDYASHNA,0,COMPB05,0x00000000,0,0,0,0
BDYASHNA,1,AROW01,0x00000000,0,18,0,0
BDYASHNA,2,RNDTRE07,0x00000000,0,0,0,0
BDYASHNA,3,AROW08,0x00000000,0,10,0,0
BDYASHNA,4,LEAT01,0x00000000,0,0,0,0
BDYASHNA,5,COMPS01,0x00000000,0,0,0,0
BDYASHNA,6,BOW05,0x00000002,0,0,0,0
BDYASHNA,7,SW1H01,0x00000002,0,0,999,0
BDWISTAK,0,SPIDGI1,0x00000000,0,0,0,0
BDWISTAK,1,ANTIWEB,0x00000000,0,0,0,0
L#2BRIST,0,L#GNLM1,0x00000009,1,0,0,0
L#2BRIST,1,PLAT04,0x00000001,0,0,0,0
L#2BRIST,2,BDRING06,0x00000001,0,0,0,0
L#2BRIST,3,BDBELT12,0x00000001,0,0,0,0
L#2BRIST,4,L#GNLH2,0x00000000,0,0,0,0
L#2BRIST,5,L#GNLS1,0x00000000,0,0,0,0
L#2BRIST,6,L#GNLF1,0x00000000,0,0,0,0
L#2BRIST,7,L#GNLS,0x0000000B,1,0,0,0
L#2BRIST,8,BULL02,0x00000001,0,80,0,0
L#2BRIST,9,BULL03,0x00000001,0,80,0,0
L#2BRIST,10,BULL01,0x00000000,0,100,0,0
L#2BRIST,11,POTN52,0x00000001,0,5,0,0
BDCROMMU,0,BDSW1H16,0x00000000,0,0,0,0
BDCROMMU,1,LEAT04,0x00000000,0,0,0,0
BDMIMIC,0,MAGE01,0x0000000A,1,0,0,0
BDMIMIC,1,WALLPASS,0x0000000A,1,0,0,0
BDMIMIC,2,B3-12,0x00000000,0,0,0,0
BDSDDD13,0,IMOENHP1,0x0000000B,1,0,0,0
BDSDDD13,1,MAGE01,0x0000000B,1,0,0,0
BDCRUSBF,0,BDHELM03,0x00000008,1,0,0,0
BDCRUSBF,1,CHAN04,0x00000008,1,0,0,0
BDCRUSBF,2,SHLD05A,0x00000008,1,0,0,0
BDCRUSBF,3,SW1H04,0x00000008,1,0,0,0
BDCRUSBF,4,POTN08,0x00000000,0,1,0,0
BDCRUSBF,5,DW#HASPT,0x00000000,0,0,0,0
BDCRUSBF,6,DW#RND12,0x00000000,0,0,0,0
BDCRUSBF,7,DW#RND26,0x00000000,0,0,0,0
BDBFORT2,0,HELM01,0x00000000,0,0,0,0
BDBFORT2,1,CHAN01,0x00000000,0,0,0,0
BDBFORT2,2,BOW03,0x00000000,0,0,0,0
BDBFORT2,3,SW1H07,0x00000000,0,0,0,0
BDBFORT2,4,AROW01,0x00000000,0,20,0,0
BDBFORT2,5,POTN08,0x00000000,0,1,0,0
BDBFORT2,6,DW#HASPT,0x00000000,0,0,0,0
BDBFORT2,7,DW#RND12,0x00000000,0,0,0,0
BDBFORT2,8,DW#RND26,0x00000000,0,0,0,0
BDCRUS28,0,BDHELM03,0x00000009,1,0,0,0
BDCRUS28,1,LEAT04,0x00000009,1,0,0,0
BDCRUS28,2,SHLD01A,0x00000000,0,0,0,0
BDCRUS28,3,SW1H08,0x00000000,0,0,0,0
BDCRUS28,4,POTN52,0x00000000,0,1,0,0
BDCRUS28,5,DW#HASPT,0x00000000,0,0,0,0
BDCRUS28,6,DW#RND12,0x00000000,0,0,0,0
BDCRUS28,7,DW#RND26,0x00000000,0,0,0,0
BDFIST27,0,HELM09,0x00000008,1,0,0,0
BDFIST27,1,PLAT01,0x00000008,1,0,0,0
BDFIST27,2,SHLD05A,0x00000008,1,0,0,0
BDFIST27,3,BLUN03,0x00000008,1,0,0,0
BDFIST27,4,SLNG02,0x00000008,1,0,0,0
BDFIST27,5,BULL03,0x00000000,0,40,0,0
BDFIST27,6,UNITEMPU,0x00000000,0,0,0,0
BDFIST27,7,POTN52,0x00000000,0,1,0,0
BDFIST27,8,WAND11,0x00000000,0,2,0,0
BDFISTM2,0,POTN26,0x00000000,0,1,0,0
BDFISTM2,1,WAND02,0x00000000,0,3,0,0
BDFISTM2,2,POTN52,0x00000000,0,1,0,0
BDFISTM2,3,UNIFLAM,0x00000000,0,0,0,0
BDFISTM2,4,DART03,0x00000000,0,20,0,0
BDFISTM2,5,STAF01,0x00000008,1,0,0,0
BDFISTM2,6,BRAC01,0x00000008,1,0,0,0
BDFISTM2,7,CLCK11,0x00000008,1,0,0,0
BDFISTM2,8,DW#HASPT,0x00000000,0,0,0,0
BDREND,0,BDHELM03,0x00000009,1,0,0,0
BDREND,1,PLAT01,0x00000001,0,0,0,0
BDREND,2,SW2H02,0x00000000,0,0,0,0
BDREND,3,POTN52,0x00000000,0,1,0,0
BDREND,4,DW#HASPT,0x00000000,0,0,0,0
BDREND,5,DW#RND12,0x00000000,0,0,0,0
BDFARRL,0,BDHELM03,0x00000009,1,0,0,0
BDFARRL,1,CHAN04,0x00000009,1,0,0,0
BDFARRL,2,SHLD06A,0x00000000,0,0,0,0
BDFARRL,3,SW1H02,0x00000000,0,0,999,0
BDFARRL,4,POTN08,0x00000000,0,1,0,0
BDFARRL,5,DW#HASPT,0x00000000,0,0,0,0
BDFARRL,6,DW#RND12,0x00000000,0,0,0,0
BDFARRL,7,DW#RND26,0x00000000,0,0,0,0
BDDUGRAF,0,HELM09,0x00000008,1,0,0,0
BDDUGRAF,1,CHAN04,0x00000008,1,0,0,0
BDDUGRAF,2,SHLD01A,0x00000008,1,0,0,0
BDDUGRAF,3,SW1H04,0x00000008,1,0,0,0
BDDUGRAF,4,UNIFLAM,0x00000000,0,0,0,0
BDDUGRAF,5,POTN08,0x00000000,0,1,0,0
BDDUGRAF,6,DW#HASPT,0x00000000,0,0,0,0
BDDUGRAF,7,DW#RND12,0x00000000,0,0,0,0
BDDUGRAF,8,DW#RND25,0x00000000,0,0,0,0
BDCRUBBM,0,POTN08,0x00000000,0,1,0,0
BDCRUBBM,1,UNICAEL,0x00000000,0,0,0,0
BDCRUBBM,2,STAF01,0x00000001,0,0,0,0
BDCRUBBM,3,BRAC02,0x00000008,1,0,0,0
BDCRUBBM,4,DW#HASPT,0x00000000,0,0,0,0
BDCRUBB1,0,HELM01,0x00000008,1,0,0,0
BDCRUBB1,1,CHAN04,0x00000008,1,0,0,0
BDCRUBB1,2,SHLD03A,0x00000008,1,0,0,0
BDCRUBB1,3,SW1H04,0x00000008,1,0,0,0
BDCRUBB1,4,UNICAEL,0x00000000,0,0,0,0
BDCRUBB1,5,POTN08,0x00000008,1,1,0,0
BDCRUBB1,6,DW#HASPT,0x00000000,0,0,0,0
BDCRUBB1,7,DW#RND12,0x00000000,0,0,0,0
BDCRUBB1,8,DW#RND25,0x00000000,0,0,0,0
BDCRUBB2,0,HELM01,0x00000008,1,0,0,0
BDCRUBB2,1,LEAT04,0x00000008,1,0,0,0
BDCRUBB2,2,BOW03,0x00000008,1,0,0,0
BDCRUBB2,3,SW1H07,0x00000008,1,0,0,0
BDCRUBB2,4,AROW01,0x00000008,1,40,0,0
BDCRUBB2,5,UNICAEL,0x00000000,0,0,0,0
BDCRUBB2,6,POTN08,0x00000008,1,1,0,0
BDCRUBB2,7,DW#HASPT,0x00000000,0,0,0,0
BDCRUBB2,8,DW#RND11,0x00000000,0,0,0,0
BDCRUBB2,9,DW#RND26,0x00000000,0,0,0,0
CUTSPY2,0,MAGE01,0x00000000,0,0,0,0
CUTSPY2,1,IMOENHP1,0x00000000,0,0,0,0
BDBFSENT,0,BDHELM03,0x00000000,0,0,0,0
BDBFSENT,1,CHAN04,0x00000000,0,0,0,0
BDBFSENT,2,XBOW04,0x00000000,0,0,0,0
BDBFSENT,3,DAGG01,0x00000000,0,0,0,0
BDBFSENT,4,BOLT01,0x00000000,0,20,0,0
BDBFSENT,5,POTN08,0x00000000,0,1,0,0
BDBFSENT,6,DW#HASPT,0x00000000,0,0,0,0
BDBFSENT,7,DW#RND12,0x00000000,0,0,0,0
BDBFSENT,8,DW#RND26,0x00000000,0,0,0,0
BDKAVA,0,BDHELM03,0x00000009,1,0,0,0
BDKAVA,1,CHAN01,0x00000009,1,0,0,0
BDKAVA,2,SW1H07,0x00000008,1,0,0,0
BDKAVA,3,POTN08,0x00000000,0,1,0,0
BDKAVA,4,DW#HASPT,0x00000000,0,0,0,0
BDKAVA,5,DW#RND11,0x00000000,0,0,0,0
BDKAVA,6,DW#RND25,0x00000000,0,0,0,0
BDDOGW01,0,P1-4,0x00000000,0,0,0,0
BDWELL02,0,IMMUNE2,0x00000000,0,0,0,0
BDWELL02,1,BDWATERE,0x00000000,0,0,0,0
BDWELL02,2,RNDWEP05,0x00000000,0,0,0,0
BDFEYR,0,BDFEYRWP,0x00000000,0,0,0,0
C02AURA,0,C0AUIDEN,0x00000003,0,0,0,0
C02AURA,1,C0AULE02,0x00000003,0,0,0,0
C02AURA,2,BRAC04,0x00000001,0,0,0,0
C02AURA,3,RING36,0x00000001,0,0,0,0
C02AURA,4,RING06,0x00000001,0,0,0,0
C02AURA,5,C0AMAGA1,0x00000001,0,0,0,0
C02AURA,6,BELT04,0x00000001,0,0,0,0
C02AURA,7,C0AUBO2A,0x00000001,0,0,0,0
C02AURA,8,C0AUSW02,0x00000001,0,0,0,0
C02AURA,9,AROW01,0x00000001,0,80,0,0
C02AURA,10,C0AUAROW,0x00000003,0,40,0,0
C02AURA,11,AROW11,0x00000001,0,80,0,0
C02AURA,12,POTN39,0x00000001,0,2,0,0
C02AURA,13,POTN08,0x00000001,0,5,0,0
C02AURA,14,C0AUTT01,0x00000003,0,3,0,0
C02AURA,15,C0MUFFY,0x00000001,0,0,0,0
C02AURA,16,C0AUBOOK,0x00000001,0,0,0,0
C02AURA,17,C0BANDOL,0x00000001,0,0,0,0
BDPHOSSE,0,LEAT01,0x00000000,0,0,0,0
BDPHOSSE,1,XBOW04,0x00000000,0,0,0,0
BDPHOSSE,2,DAGG01,0x00000000,0,0,0,0
BDPHOSSE,3,BOLT01,0x00000000,0,20,0,0
BDPHOSSE,4,POTN08,0x00000000,0,1,0,0
BDPHOSSE,5,POTN10,0x00000000,0,1,0,0
BDPHOSSE,6,POTN26,0x00000000,0,3,0,0
BDPHOSSE,7,BDBWOOSH,0x00000002,0,0,0,0
BDPHOSSE,8,BDBWOOSH,0x00000000,0,0,0,0
BDPHOSSE,9,DW#HASPT,0x00000000,0,0,0,0
BDPHOSSE,10,DW#RND18,0x00000000,0,0,0,0
BDDAGFX1,0,HELM15_,0x00000000,0,0,0,0
BDDAGFX1,1,CHAN04,0x00000000,0,0,0,0
BDDAGFX1,2,SW1H07,0x00000000,0,0,0,0
BDDAGFX1,3,SW1H07,0x00000000,0,0,0,0
BDDAGFX1,4,POTN52,0x00000000,0,1,0,0
BDDAGFX1,5,UNIDAGG,0x00000000,0,0,0,0
BDDAGFX1,6,DW#HASPT,0x00000000,0,0,0,0
BDDAGFX1,7,DW#RND12,0x00000000,0,0,0,0
BDDAGFX1,8,DW#RND26,0x00000000,0,0,0,0
BDPRITCH,0,LEAT04,0x00000000,0,0,0,0
BDPRITCH,1,BOOT06,0x00000000,0,0,0,0
BDPRITCH,2,BDSW1H07,0x00000000,0,0,0,0
BDPRITCH,3,DW#RND04,0x00000000,0,0,0,0
BDPRITCH,4,DW#RND11,0x00000000,0,0,0,0
BDPRITCH,5,DW#RND26,0x00000000,0,0,0,0
BDWILHEL,0,LEAT01,0x00000000,0,0,0,0
BDWILHEL,1,BDJUICE,0x00000000,0,0,0,0
BDWILHEL,2,BDJUICE,0x00000000,0,0,0,0
BDWILHEL,3,BDJUICE,0x00000000,0,0,0,0
BDWILHEL,4,BDJUICE,0x00000000,0,0,0,0
BDWILHEL,5,BDJUICE,0x00000000,0,0,0,0
BDWILHEL,6,BDJUICE,0x00000000,0,0,0,0
BDWILHEL,7,DAGG01,0x00000000,0,0,0,0
BDWILHEL,8,DW#RND04,0x00000000,0,0,0,0
BDWILHEL,9,DW#RND18,0x00000000,0,0,0,0
BDWILHEL,10,DW#RND25,0x00000000,0,0,0,0
BDTRUST2,0,HELM13,0x00000000,0,0,0,0
BDTRUST2,1,CHAN04,0x00000000,0,0,0,0
BDTRUST2,2,HALB01,0x00000000,0,0,0,0
BDTRUST2,3,POTN08,0x00000000,0,2,0,0
BDTRUST2,4,UNIWATER,0x00000000,0,0,0,0
BDTRUST2,5,DW#HASPT,0x00000000,0,0,0,0
BDTRUST2,6,DW#RND12,0x00000000,0,0,0,0
BDTRUST2,7,DW#RND25,0x00000000,0,0,0,0
BDCUTID,0,MAGE01,0x00000000,0,0,0,0
BDCUTID,1,IMOENHP1,0x00000000,0,0,0,0
BDCRU03D,0,BDHELM03,0x00000001,0,0,0,0
BDCRU03D,1,PLAT01,0x00000000,0,0,0,0
BDCRU03D,2,HALB02,0x00000000,0,1,0,0
BDCRU03D,3,POTN08,0x00000001,0,5,0,0
BDCRU06D,0,LEAT10,0x00000001,0,0,0,0
BDCRU06D,1,BLUN01,0x00000001,0,1,0,0
BDCRU08D,0,LEAT02,0x00000001,0,0,0,0
BDCRU08D,1,SPER01,0x00000001,0,1,0,0
BDCRU04D,0,LEAT02,0x00000001,0,0,0,0
BDCRU04D,1,SW1H20,0x00000001,0,1,0,0
BDCOA01D,0,HELM15_,0x00000008,1,0,0,0
BDCOA01D,1,CHAN01,0x00000008,1,0,0,0
BDCOA01D,2,SHLD01A,0x00000008,1,0,0,0
BDCOA01D,3,HAMM01,0x00000008,1,0,0,0
BDCOA02D,0,LEAT04,0x00000008,1,0,0,0
BDCOA02D,1,BOW03,0x00000008,1,0,0,0
BDCOA02D,2,DAGG01,0x00000008,1,0,0,0
BDCOA02D,3,AROW01,0x00000008,1,20,0,0
BDCOA03D,0,HELM15_,0x00000008,1,0,0,0
BDCOA03D,1,CHAN04,0x00000008,1,0,0,0
BDCOA03D,2,BLUN06,0x00000008,1,0,0,0
BDCOA03D,3,BLUN07,0x00000000,0,0,0,0
BDCOA03D,4,POTN52,0x00000000,0,1,0,0
BDCOA03D,5,POTN08,0x00000000,0,1,0,0
BDCOA04D,0,HELM13,0x00000000,0,0,0,0
BDCOA04D,1,CHAN04,0x00000000,0,0,0,0
BDCOA04D,2,XBOW01,0x00000000,0,0,0,0
BDCOA04D,3,SW1H07,0x00000000,0,0,0,0
BDCOA04D,4,BOLT01,0x00000000,0,40,0,0
BDCOA04D,5,POTN08,0x00000000,0,2,0,0
BDCOA05D,0,HELM13,0x00000008,1,0,0,0
BDCOA05D,1,CHAN04,0x00000008,1,0,0,0
BDCOA05D,2,SHLD03A,0x00000008,1,0,0,0
BDCOA05D,3,SW1H04,0x00000008,1,0,0,0
BDCOA05D,4,POTN08,0x00000008,1,1,0,0
BDCOA06D,0,HELM01,0x00000008,1,0,0,0
BDCOA06D,1,CHAN04,0x00000008,1,0,0,0
BDCOA06D,2,HALB01,0x00000008,1,0,0,0
BDCOA06D,3,POTN08,0x00000000,0,1,0,0
BDGARRUS,0,HELM15_,0x00000000,0,0,0,0
BDGARRUS,1,LEAT05,0x00000008,1,0,0,0
BDGARRUS,2,MINHP1,0x00000000,0,0,0,0
BDGARRUS,3,BOW02,0x00000000,0,0,0,0
BDGARRUS,4,DAGG02,0x00000008,1,80,0,0
BDGARRUS,5,BDAROW03,0x00000000,0,40,0,0
BDGARRUS,6,UNIDAGG,0x00000000,0,0,0,0
BDGARRUS,7,POTN52,0x00000000,0,1,0,0
BDGARRUS,8,DW#HASPT,0x00000000,0,0,0,0
BDGARRUS,9,DW#RND12,0x00000000,0,0,0,0
BDGARRUS,10,DW#RND25,0x00000000,0,0,0,0
BDTEAM11,0,HELM15_,0x00000000,0,0,0,0
BDTEAM11,1,LEAT04,0x00000008,1,0,0,0
BDTEAM11,2,BOW01,0x00000008,1,0,0,0
BDTEAM11,3,DAGG01,0x00000008,1,1,0,0
BDTEAM11,4,BDAROW03,0x00000000,0,30,0,0
BDTEAM11,5,UNIDAGG,0x00000000,0,0,0,0
BDTEAM11,6,POTN08,0x00000000,0,1,0,0
BDTEAM11,7,DW#HASPT,0x00000000,0,0,0,0
BDTEAM11,8,DW#RND12,0x00000000,0,0,0,0
BDTEAM11,9,DW#RND26,0x00000000,0,0,0,0
BDTEAM12,0,LEAT04,0x00000008,1,0,0,0
BDTEAM12,1,BOW01,0x00000008,1,0,0,0
BDTEAM12,2,DAGG01,0x00000008,1,80,0,0
BDTEAM12,3,BDAROW03,0x00000000,0,30,0,0
BDTEAM12,4,UNIDAGG,0x00000000,0,0,0,0
BDTEAM12,5,POTN08,0x00000000,0,1,0,0
BDTEAM12,6,DW#HASPT,0x00000000,0,0,0,0
BDTEAM12,7,DW#RND12,0x00000000,0,0,0,0
BDTEAM12,8,DW#RND26,0x00000000,0,0,0,0
BDTEAM13,0,LEAT04,0x00000008,1,0,0,0
BDTEAM13,1,BOW01,0x00000008,1,0,0,0
BDTEAM13,2,DAGG01,0x00000008,1,80,0,0
BDTEAM13,3,BDAROW03,0x00000000,0,30,0,0
BDTEAM13,4,UNIDAGG,0x00000000,0,0,0,0
BDTEAM13,5,POTN08,0x00000000,0,1,0,0
BDTEAM13,6,DW#HASPT,0x00000000,0,0,0,0
BDTEAM13,7,DW#RND12,0x00000000,0,0,0,0
BDTEAM13,8,DW#RND26,0x00000000,0,0,0,0
BDSTYSIC,0,HELM09,0x00000008,1,0,0,0
BDSTYSIC,1,CHAN05,0x00000008,1,0,0,0
BDSTYSIC,2,SHLD02A,0x00000008,1,0,0,0
BDSTYSIC,3,MINHP1,0x00000000,0,0,0,0
BDSTYSIC,4,SW1H05,0x00000000,0,0,0,0
BDSTYSIC,5,UNIFLAM,0x00000000,0,0,0,0
BDSTYSIC,6,POTN52,0x00000000,0,1,0,0
BDSTYSIC,7,POTN35,0x00000000,0,1,0,0
BDSTYSIC,8,DW#HASPT,0x00000000,0,0,0,0
BDSTYSIC,9,DW#RND26,0x00000000,0,0,0,0
BDTEAM21,0,HELM09,0x00000008,1,0,0,0
BDTEAM21,1,CHAN04,0x00000008,1,0,0,0
BDTEAM21,2,BOW03,0x00000008,1,0,0,0
BDTEAM21,3,SW1H07,0x00000008,1,0,0,0
BDTEAM21,4,AROW02,0x00000000,0,30,0,0
BDTEAM21,5,UNIFLAM,0x00000000,0,0,0,0
BDTEAM21,6,POTN08,0x00000000,0,1,0,0
BDTEAM21,7,POTN34,0x00000000,0,1,0,0
BDTEAM21,8,DW#HASPT,0x00000000,0,0,0,0
BDTEAM21,9,DW#RND26,0x00000000,0,0,0,0
BDTEAM22,0,HELM09,0x00000008,1,0,0,0
BDTEAM22,1,CHAN04,0x00000008,1,0,0,0
BDTEAM22,2,SHLD01A,0x00000008,1,0,0,0
BDTEAM22,3,SW1H04,0x00000008,1,0,0,0
BDTEAM22,4,UNIFLAM,0x00000000,0,0,0,0
BDTEAM22,5,POTN08,0x00000008,1,1,0,0
BDTEAM22,6,POTN21,0x00000000,0,1,0,0
BDTEAM22,7,DW#HASPT,0x00000000,0,0,0,0
BDTEAM22,8,DW#RND11,0x00000000,0,0,0,0
BDTEAM22,9,DW#RND26,0x00000000,0,0,0,0
BDTEAM23,0,HELM09,0x00000008,1,0,0,0
BDTEAM23,1,CHAN04,0x00000008,1,0,0,0
BDTEAM23,2,SHLD01A,0x00000008,1,0,0,0
BDTEAM23,3,SW1H04,0x00000008,1,0,0,0
BDTEAM23,4,UNIFLAM,0x00000000,0,0,0,0
BDTEAM23,5,POTN08,0x00000008,1,1,0,0
BDTEAM23,6,POTN11,0x00000000,0,1,0,0
BDTEAM23,7,DW#HASPT,0x00000000,0,0,0,0
BDTEAM23,8,DW#RND26,0x00000000,0,0,0,0
BDMORDAU,0,WAND04,0x00000000,0,3,0,0
BDMORDAU,1,POTN52,0x00000000,0,1,0,0
BDMORDAU,2,UNIWATER,0x00000000,0,0,0,0
BDMORDAU,3,BOLT02,0x00000000,0,40,0,0
BDMORDAU,4,SW1H08,0x00000008,1,0,0,0
BDMORDAU,5,XBOW02,0x00000000,0,0,0,0
BDMORDAU,6,MINHP1,0x00000000,0,0,0,0
BDMORDAU,7,HELM13,0x00000008,1,0,0,0
BDMORDAU,8,DW#HASPT,0x00000000,0,0,0,0
BDMORDAU,9,DW#RND26,0x00000000,0,0,0,0
BDTEAM41,0,POTN08,0x00000000,0,1,0,0
BDTEAM41,1,UNIWATER,0x00000000,0,0,0,0
BDTEAM41,2,BOLT01,0x00000000,0,40,0,0
BDTEAM41,3,DAGG01,0x00000008,1,0,0,0
BDTEAM41,4,XBOW04,0x00000008,1,0,0,0
BDTEAM42,0,POTN08,0x00000000,0,1,0,0
BDTEAM42,1,UNIWATER,0x00000000,0,0,0,0
BDTEAM42,2,BOLT01,0x00000000,0,40,0,0
BDTEAM42,3,DAGG01,0x00000008,1,0,0,0
BDTEAM42,4,XBOW04,0x00000008,1,0,0,0
BDTEAM43,0,WAND04,0x00000000,0,2,0,0
BDTEAM43,1,POTN08,0x00000000,0,1,0,0
BDTEAM43,2,UNIWATER,0x00000000,0,0,0,0
BDTEAM43,3,AROW01,0x00000000,0,40,0,0
BDTEAM43,4,DAGG01,0x00000008,1,0,0,0
BDTEAM43,5,BOW05,0x00000008,1,0,0,0
BDTEAM43,6,DW#HASPT,0x00000000,0,0,0,0
BDTEAM43,7,DW#RND26,0x00000000,0,0,0,0
BDAUZIEL,0,LEAT05,0x00000000,0,0,0,0
BDAUZIEL,1,MINHP1,0x00000000,0,0,0,0
BDAUZIEL,2,SW1H74,0x00000000,0,0,0,0
BDAUZIEL,3,POTN10,0x00000008,1,5,0,0
BDAUZIEL,4,POTN10,0x00000000,0,3,0,0
BDAUZIEL,5,DW#HASPT,0x00000000,0,0,0,0
BDAUZIEL,6,DW#RND04,0x00000000,0,0,0,0
BDAUZIEL,7,DW#RND11,0x00000000,0,0,0,0
BDAUZIEL,8,DW#RND26,0x00000000,0,0,0,0
BDTEAM31,0,LEAT01,0x00000008,1,0,0,0
BDTEAM31,1,SW1H08,0x00000008,1,0,0,0
BDTEAM31,2,POTN10,0x00000008,1,3,0,0
BDTEAM31,3,POTN10,0x00000000,0,3,0,0
BDTEAM32,0,LEAT04,0x00000008,1,0,0,0
BDTEAM32,1,SW1H08,0x00000008,1,0,0,0
BDTEAM32,2,POTN10,0x00000008,1,3,0,0
BDTEAM32,3,POTN10,0x00000000,0,3,0,0
BDTEAM33,0,LEAT02,0x00000008,1,0,0,0
BDTEAM33,1,SW1H08,0x00000008,1,0,0,0
BDTEAM33,2,POTN10,0x00000008,1,3,0,0
BDTEAM33,3,POTN10,0x00000000,0,3,0,0
BDANDRUS,0,WAND04,0x00000000,0,10,0,0
BDANDRUS,1,POTN52,0x00000000,0,2,0,0
BDANDRUS,2,DART03,0x00000000,0,80,0,0
BDANDRUS,3,STAF02,0x00000000,0,0,0,0
BDANDRUS,4,MINHP1,0x00000000,0,0,0,0
BDANDRUS,5,BDRING06,0x0000000A,1,0,0,0
BDANDRUS,6,CLCK14,0x00000000,0,0,0,0
BDANDRUS,7,DW#HASPT,0x00000000,0,0,0,0
BDDEEP2,0,BDHELM09,0x00000000,0,0,0,0
BDDEEP2,1,CHAN05,0x00000008,1,0,0,0
BDDEEP2,2,SHLD04A,0x00000008,1,0,0,0
BDDEEP2,3,MINHP1,0x00000000,0,0,0,0
BDDEEP2,4,HAMM08,0x00000000,0,0,0,0
BDDEEP2,5,SLNG02,0x00000008,1,0,0,0
BDDEEP2,6,BULL03,0x00000000,0,40,0,0
BDDEEP2,7,POTN52,0x00000000,0,1,0,0
BDDEEP2,8,WAND11,0x00000000,0,3,0,0
BDDEEP2,9,DW#HASPT,0x00000000,0,0,0,0
BDTEAM53,0,BDHELMJ3,0x00000008,1,0,0,0
BDTEAM53,1,CHAN04,0x00000008,1,0,0,0
BDTEAM53,2,XBOW01,0x00000008,1,0,0,0
BDTEAM53,3,DAGG01,0x00000008,1,0,0,0
BDTEAM53,4,BOLT02,0x00000000,0,20,0,0
BDTEAM53,5,POTN08,0x00000000,0,1,0,0
BDTEAM53,6,DW#HASPT,0x00000000,0,0,0,0
BDTEAM53,7,DW#RND12,0x00000000,0,0,0,0
BDTEAM53,8,DW#RND26,0x00000000,0,0,0,0
BDTEAM51,0,CHAN01,0x00000008,1,0,0,0
BDTEAM51,1,SHLD01A,0x00000008,1,0,0,0
BDTEAM51,2,SLNG01,0x00000008,1,0,0,0
BDTEAM51,3,BLUN05,0x00000008,1,0,0,0
BDTEAM51,4,BULL04,0x00000000,0,20,0,0
BDTEAM51,5,POTN08,0x00000000,0,1,0,0
BDTEAM51,6,POTN17,0x00000000,0,0,0,0
BDTEAM51,7,DW#HASPT,0x00000000,0,0,0,0
BDTEAM52,0,BDHELMJ3,0x00000008,1,0,0,0
BDTEAM52,1,PLAT01,0x00000008,1,0,0,0
BDTEAM52,2,SHLD03A,0x00000008,1,0,0,0
BDTEAM52,3,HAMM02,0x00000008,1,0,0,0
BDTEAM52,4,POTN08,0x00000000,0,1,0,0
BDTEAM52,5,DW#HASPT,0x00000000,0,0,0,0
BDTEAM52,6,DW#RND12,0x00000000,0,0,0,0
BDTEAM52,7,DW#RND25,0x00000000,0,0,0,0
BDTEAM60,0,WAND04,0x00000000,0,2,0,0
BDTEAM60,1,DART03,0x00000008,1,40,0,0
BDTEAM60,2,DAGG01,0x00000008,1,0,0,0
BDTEAM60,3,RING95,0x0000000A,1,0,0,0
BDTEAM62,0,HELMNOAN,0x0000000A,1,0,0,0
BDTEAM62,1,RING95,0x0000000A,1,0,0,0
BDTEAM62,2,SW2H01,0x00000008,1,0,0,0
BDTEAM63,0,RING95,0x0000000A,1,0,0,0
BDTEAM63,1,BOW03,0x00000008,1,0,0,0
BDTEAM63,2,SPER01,0x00000008,1,0,0,0
BDTEAM63,3,AROW08,0x00000000,0,20,0,0
BDTEAM61,0,RING95,0x0000000A,1,0,0,0
BDTEAM61,1,S1-12M2,0x0000000A,1,0,0,0
BDTAIEL2,0,SW1H43,0x00000008,1,1,999,0
BDTAIEL2,1,BOW03,0x00000008,1,0,0,0
BDTAIEL2,2,BDAROW03,0x00000000,0,20,0,0
BDTAIEL2,3,UNIDAGG,0x00000000,0,0,0,0
BDTAIEL2,4,POTN08,0x00000000,0,1,0,0
BDGARRO2,0,WAND06,0x00000000,0,3,0,0
BDGARRO2,1,AROW01,0x00000000,0,40,0,0
BDGARRO2,2,BLUN01,0x00000008,1,0,0,0
BDGARRO2,3,BOW05,0x00000000,0,0,0,0
BDZIDRA2,0,HELM09,0x00000008,1,0,0,0
BDZIDRA2,1,CHAN04,0x00000008,1,0,0,0
BDZIDRA2,2,BOW03,0x00000008,1,0,0,0
BDZIDRA2,3,SW1H07,0x00000008,1,0,0,0
BDZIDRA2,4,AROW02,0x00000000,0,30,0,0
BDZIDRA2,5,UNIFLAM,0x00000000,0,0,0,0
BDZIDRA2,6,POTN08,0x00000000,0,1,0,0
BDZIDRA2,7,POTN11,0x00000000,0,1,0,0
BDZIDRA2,8,DW#HASPT,0x00000000,0,0,0,0
BDZIDRA2,9,DW#RND26,0x00000000,0,0,0,0
BDTEAM34,0,LEAT02,0x00000008,1,0,0,0
BDTEAM34,1,SW1H08,0x00000008,1,0,0,0
BDTEAM34,2,POTN10,0x00000008,1,3,0,0
BDTEAM34,3,POTN10,0x00000000,0,3,0,0
BDMESSE1,0,HELM13,0x00000008,1,0,0,0
BDMESSE1,1,CHAN01,0x00000000,0,0,0,0
BDMESSE1,2,MINHP1,0x00000000,0,0,0,0
BDMESSE1,3,XBOW04,0x00000000,0,0,0,0
BDMESSE1,4,SW1H07,0x00000000,0,80,0,0
BDMESSE1,5,BOLT01,0x00000000,0,20,0,0
BDMESSE1,6,UNIWATER,0x00000000,0,0,0,0
BDMESSE1,7,POTN08,0x00000000,0,1,0,0
BDMESSE1,8,DW#HASPT,0x00000000,0,0,0,0
BDMESSE1,9,DW#RND12,0x00000000,0,0,0,0
BDMESSE1,10,DW#RND25,0x00000000,0,0,0,0
BDMESSE2,0,HELM13,0x00000008,1,0,0,0
BDMESSE2,1,LEAT04,0x00000000,0,0,0,0
BDMESSE2,2,MINHP1,0x00000000,0,0,0,0
BDMESSE2,3,XBOW04,0x00000000,0,0,0,0
BDMESSE2,4,SW1H07,0x00000000,0,80,0,0
BDMESSE2,5,BOLT01,0x00000000,0,20,0,0
BDMESSE2,6,UNIWATER,0x00000000,0,0,0,0
BDMESSE2,7,POTN08,0x00000000,0,1,0,0
BDMESSE2,8,DW#HASPT,0x00000000,0,0,0,0
BDMESSE2,9,DW#RND11,0x00000000,0,0,0,0
BDMESSE2,10,DW#RND26,0x00000000,0,0,0,0
BDMESSE3,0,HELM13,0x00000008,1,0,0,0
BDMESSE3,1,CHAN01,0x00000000,0,0,0,0
BDMESSE3,2,MINHP1,0x00000000,0,0,0,0
BDMESSE3,3,BOW03,0x00000000,0,0,0,0
BDMESSE3,4,SW1H07,0x00000000,0,80,0,0
BDMESSE3,5,AROW01,0x00000000,0,40,0,0
BDMESSE3,6,UNIWATER,0x00000000,0,0,0,0
BDMESSE3,7,POTN08,0x00000000,0,1,0,0
BDMESSE3,8,DW#HASPT,0x00000000,0,0,0,0
BDMESSE3,9,DW#RND12,0x00000000,0,0,0,0
BDMESSE3,10,DW#RND26,0x00000000,0,0,0,0
BDWAVE46,0,HELM01,0x00000008,1,0,0,0
BDWAVE46,1,LEAT04,0x00000000,0,0,0,0
BDWAVE46,2,SW1H08,0x00000008,1,0,0,0
BDWAVE46,3,BOW05,0x00000000,0,0,0,0
BDWAVE46,4,AROW05,0x00000000,0,20,0,0
BDWAVE46,5,UNICAEL,0x00000000,0,0,0,0
BDWAVE46,6,POTN52,0x00000000,0,1,0,0
BDWAVE46,7,POTN10,0x00000000,0,3,0,0
BDWAVE46,8,DW#HASPT,0x00000000,0,0,0,0
BDWAVE46,9,DW#RND12,0x00000000,0,0,0,0
BDWAVE46,10,DW#RND26,0x00000000,0,0,0,0
BDWAVE47,0,HELM01,0x00000000,0,0,0,0
BDWAVE47,1,PLAT10,0x00000008,1,0,0,0
BDWAVE47,2,SHLD04A,0x00000000,0,0,0,0
BDWAVE47,3,SW1H05,0x00000000,0,0,0,0
BDWAVE47,4,UNICAEL2,0x00000000,0,0,0,0
BDWAVE47,5,POTN52,0x00000000,0,1,0,0
BDWAVE47,6,POTN11,0x00000000,0,1,0,0
BDWAVE47,7,DW#HASPT,0x00000000,0,0,0,0
BDWAVE47,8,DW#RND26,0x00000000,0,0,0,0
BDGRIMGO,0,HELM14,0x00000008,1,0,0,0
BDGRIMGO,1,PLAT14,0x00000000,0,0,0,0
BDGRIMGO,2,SHLD06A,0x00000000,0,0,0,0
BDGRIMGO,3,BLUN13,0x00000000,0,0,0,0
BDGRIMGO,4,POTN52,0x00000000,0,2,0,0
BDGRIMGO,5,WAND11,0x00000000,0,3,0,0
BDGRIMGO,6,POTN11,0x00000000,0,1,0,0
BDGRIMGO,7,POTN17,0x00000000,0,1,0,0
BDWAVE45,0,HELM01,0x00000008,1,0,0,0
BDWAVE45,1,CHAN04,0x00000008,1,0,0,0
BDWAVE45,2,SW2H02,0x00000008,1,0,0,0
BDWAVE45,3,POTN52,0x00000000,0,2,0,0
BDWAVE45,4,POTN09,0x00000000,0,1,0,0
BDWAVE45,5,DW#HASPT,0x00000000,0,0,0,0
BDWAVE45,6,DW#RND12,0x00000000,0,0,0,0
BDWAVE41,0,WAND04,0x00000000,0,2,0,0
BDWAVE41,1,POTN52,0x00000000,0,1,0,0
BDWAVE41,2,UNICAEL2,0x00000000,0,0,0,0
BDWAVE41,3,AROW04,0x00000000,0,40,0,0
BDWAVE41,4,BOW04,0x00000008,1,0,0,0
BDWAVE41,5,SW1H05,0x00000008,1,0,0,0
BDWAVE41,6,BRAC02,0x00000008,1,0,0,0
BDWAVE41,7,DW#HASPT,0x00000000,0,0,0,0
BDWAVE41,8,DW#RND26,0x00000000,0,0,0,0
BDWAVE41,9,DW#RND37,0x00000000,0,0,0,0
BDWAVE43,0,LEAT04,0x00000008,1,0,0,0
BDWAVE43,1,STAF01,0x00000000,0,0,0,0
BDWAVE43,2,SLNG02,0x00000008,1,0,0,0
BDWAVE43,3,BULL03,0x00000008,1,20,0,0
BDWAVE43,4,POTN52,0x00000000,0,1,0,0
BDWAVE43,5,POTN26,0x00000000,0,1,0,0
BDWAVE42,0,POTN37,0x00000000,0,1,0,0
BDWAVE42,1,POTN52,0x00000000,0,1,0,0
BDWAVE42,2,UNICHILL,0x00000000,0,0,0,0
BDWAVE42,3,AROW08,0x00000000,0,40,0,0
BDWAVE42,4,SW1H07,0x00000000,0,0,0,0
BDWAVE42,5,BOW02,0x00000008,1,0,0,0
BDWAVE42,6,LEAT04,0x00000000,0,0,0,0
BDWAVE42,7,HELM01,0x00000000,0,0,0,0
BDWAVE44,0,WAND06,0x00000000,0,2,0,0
BDWAVE44,1,POTN52,0x00000000,0,1,0,0
BDWAVE44,2,UNICAEL,0x00000000,0,0,0,0
BDWAVE44,3,DART10,0x00000008,1,40,0,0
BDWAVE44,4,STAF01,0x00000000,0,0,0,0
BDWAVE44,5,CLCK09,0x00000008,1,0,0,0
BDWAVE44,6,DW#HASPT,0x00000000,0,0,0,0
BDWAVE53,0,HELM01,0x00000008,1,0,0,0
BDWAVE53,1,CHAN01,0x00000008,1,0,0,0
BDWAVE53,2,BOW03,0x00000008,1,0,0,0
BDWAVE53,3,SW1H07,0x00000008,1,0,0,0
BDWAVE53,4,AROW01,0x00000008,1,40,0,0
BDWAVE53,5,UNICAEL,0x00000000,0,0,0,0
BDWAVE53,6,POTN08,0x00000008,1,1,0,0
BDWAVE50,0,HELM01,0x00000008,1,0,0,0
BDWAVE50,1,CHAN04,0x00000008,1,0,0,0
BDWAVE50,2,HALB01,0x00000008,1,0,0,0
BDWAVE50,3,UNICAEL,0x00000000,0,0,0,0
BDWAVE50,4,POTN08,0x00000008,1,1,0,0
BDWAVE50,5,DW#HASPT,0x00000000,0,0,0,0
BDWAVE50,6,DW#RND11,0x00000000,0,0,0,0
BDWAVE50,7,DW#RND26,0x00000000,0,0,0,0
BDWAVE54,0,HELM01,0x00000008,1,0,0,0
BDWAVE54,1,LEAT04,0x00000008,1,0,0,0
BDWAVE54,2,SLNG01,0x00000008,1,0,0,0
BDWAVE54,3,DAGG01,0x00000008,1,0,0,0
BDWAVE54,4,BULL01,0x00000008,1,40,0,0
BDWAVE54,5,UNICAEL,0x00000000,0,0,0,0
BDWAVE54,6,POTN08,0x00000008,1,1,0,0
BDWAVE54,7,DW#HASPT,0x00000000,0,0,0,0
BDWAVE54,8,DW#RND12,0x00000000,0,0,0,0
BDWAVE54,9,DW#RND26,0x00000000,0,0,0,0
BDWAVE51,0,HELM01,0x00000008,1,0,0,0
BDWAVE51,1,CHAN04,0x00000008,1,0,0,0
BDWAVE51,2,SHLD13A,0x00000008,1,0,0,0
BDWAVE51,3,AX1H01,0x00000008,1,0,999,0
BDWAVE51,4,AX1H04,0x00000008,1,5,0,0
BDWAVE51,5,UNICAEL,0x00000000,0,0,0,0
BDWAVE51,6,POTN08,0x00000008,1,1,0,0
BDWAVE51,7,DW#HASPT,0x00000000,0,0,0,0
BDWAVE51,8,DW#RND12,0x00000000,0,0,0,0
BDWAVE51,9,DW#RND25,0x00000000,0,0,0,0
BDWAVE52,0,HELM01,0x00000008,1,0,0,0
BDWAVE52,1,CHAN04,0x00000008,1,0,0,0
BDWAVE52,2,SHLD11A,0x00000008,1,0,0,0
BDWAVE52,3,SW1H04,0x00000008,1,0,0,0
BDWAVE52,4,UNICAEL,0x00000000,0,0,0,0
BDWAVE52,5,POTN08,0x00000008,1,1,0,0
BDWAVE52,6,DW#HASPT,0x00000000,0,0,0,0
BDWAVE52,7,DW#RND12,0x00000000,0,0,0,0
BDWAVE52,8,DW#RND26,0x00000000,0,0,0,0
BDWAVE21,0,POTN21,0x00000000,0,1,0,0
BDWAVE21,1,WAND04,0x00000008,1,2,0,0
BDWAVE21,2,POTN08,0x00000000,0,1,0,0
BDWAVE21,3,UNICAEL2,0x00000000,0,0,0,0
BDWAVE21,4,DART04,0x00000000,0,20,0,0
BDWAVE21,5,DAGG01,0x00000000,0,0,0,0
BDWAVE21,6,CLCK12,0x00000008,1,0,0,0
BDWAVE21,7,DW#HASPT,0x00000000,0,0,0,0
BDWAVE21,8,DW#RND38,0x00000000,0,0,0,0
BDWAVE22,0,CLCK11,0x00000008,1,0,0,0
BDWAVE22,1,SHLD01A,0x00000008,1,0,0,0
BDWAVE22,2,BLUN05,0x00000008,1,0,0,0
BDWAVE22,3,SLNG01,0x00000000,0,0,0,0
BDWAVE22,4,BULL02,0x00000000,0,20,0,0
BDWAVE22,5,UNICAEL2,0x00000000,0,0,0,0
BDWAVE22,6,POTN08,0x00000000,0,2,0,0
BDWAVE22,7,WAND11,0x00000008,1,2,0,0
BDWAVE23,0,BDBRAC13,0x00000008,1,0,0,0
BDWAVE23,1,STAF02,0x00000008,1,0,0,0
BDWAVE23,2,UNICAEL2,0x00000000,0,0,0,0
BDWAVE23,3,POTN08,0x00000000,0,2,0,0
BDWAVE23,4,WAND11,0x00000008,1,2,0,0
BDWAVE23,5,POTN26,0x00000000,0,1,0,0
BDWAVE23,6,DW#HASPT,0x00000000,0,0,0,0
BDWAVE23,7,DW#RND18,0x00000000,0,0,0,0
BDWAVE24,0,WAND02,0x00000008,1,2,0,0
BDWAVE24,1,POTN52,0x00000000,0,1,0,0
BDWAVE24,2,UNICAEL2,0x00000000,0,0,0,0
BDWAVE24,3,SW1H05,0x00000008,1,0,0,0
BDWAVE24,4,CHAN12,0x00000008,1,0,0,0
BDWAVE24,5,DW#HASPT,0x00000000,0,0,0,0
BDWAVE24,6,DW#RND18,0x00000000,0,0,0,0
BDWAVE25,0,WAND05,0x00000008,1,2,2,0
BDWAVE25,1,POTN08,0x00000000,0,1,0,0
BDWAVE25,2,UNICAEL2,0x00000000,0,0,0,0
BDWAVE25,3,DART03,0x00000000,0,20,0,0
BDWAVE25,4,STAF01,0x00000000,0,0,0,0
BDWAVE25,5,DW#HASPT,0x00000000,0,0,0,0
BDCUVIER,0,WAND06,0x00000000,0,3,0,0
BDCUVIER,1,POTN52,0x00000000,0,1,0,0
BDCUVIER,2,UNICAEL2,0x00000000,0,0,0,0
BDCUVIER,3,DART05,0x00000000,0,20,0,0
BDCUVIER,4,SW1H41,0x00000008,1,0,0,0
BDCUVIER,5,BDRING06,0x00000000,0,0,0,0
BDCUVIER,6,SHLD28A,0x00000008,1,0,0,0
BDCUVIER,7,CLCK15,0x00000000,0,0,0,0
BDCUVIER,8,BDHELM03,0x00000008,1,0,0,0
BDCUVIER,9,DW#HASPT,0x00000000,0,0,0,0
BDCUVIER,10,DW#RND26,0x00000000,0,0,0,0
BDWAVE26,0,POTN35,0x00000000,0,1,0,0
BDWAVE26,1,WAND06,0x00000008,1,2,0,0
BDWAVE26,2,POTN52,0x00000000,0,1,0,0
BDWAVE26,3,UNICAEL2,0x00000000,0,0,0,0
BDWAVE26,4,DART04,0x00000000,0,20,0,0
BDWAVE26,5,SW1H08,0x00000008,1,0,0,0
BDWAVE26,6,BRAC02,0x00000008,1,0,0,0
BDWAVE26,7,SHLD02A,0x00000008,1,0,0,0
BDWAVE26,8,CLCK13,0x00000008,1,0,0,0
BDWAVE27,0,POTN17,0x00000000,0,1,0,0
BDWAVE27,1,WAND02,0x00000008,1,2,0,0
BDWAVE27,2,POTN52,0x00000000,0,1,0,0
BDWAVE27,3,UNICAEL2,0x00000000,0,0,0,0
BDWAVE27,4,STAF02,0x00000008,1,0,0,0
BDWAVE27,5,BDBRAC13,0x00000008,1,0,0,0
BDWAVE27,6,CLCK14,0x00000008,1,0,0,0
BDWAVE27,7,DW#HASPT,0x00000000,0,0,0,0
BDWAVE28,0,POTN52,0x00000000,0,1,0,0
BDWAVE28,1,UNICAEL2,0x00000000,0,0,0,0
BDWAVE28,2,DART03,0x00000000,0,20,0,0
BDWAVE28,3,SW1H08,0x00000008,1,0,0,0
BDWAVE28,4,BRAC01,0x00000008,1,0,0,0
BDWAVE28,5,DW#HASPT,0x00000000,0,0,0,0
BDWAVE28,6,DW#RND38,0x00000000,0,0,0,0
BDWAVE31,0,HELM01,0x00000008,1,0,0,0
BDWAVE31,1,PLAT01,0x00000008,1,0,0,0
BDWAVE31,2,SHLD05A,0x00000008,1,0,0,0
BDWAVE31,3,AX1H01,0x00000008,1,0,999,0
BDWAVE31,4,UNICAEL2,0x00000000,0,0,0,0
BDWAVE31,5,POTN08,0x00000000,0,1,0,0
BDWAVE31,6,DW#HASPT,0x00000000,0,0,0,0
BDWAVE31,7,DW#RND11,0x00000000,0,0,0,0
BDWAVE31,8,DW#RND26,0x00000000,0,0,0,0
BDWAVE32,0,HELM01,0x00000008,1,0,0,0
BDWAVE32,1,PLAT01,0x00000008,1,0,0,0
BDWAVE32,2,SHLD05A,0x00000008,1,0,0,0
BDWAVE32,3,SW1H04,0x00000008,1,0,0,0
BDWAVE32,4,UNICAEL2,0x00000000,0,0,0,0
BDWAVE32,5,POTN08,0x00000000,0,1,0,0
BDWAVE32,6,DW#HASPT,0x00000000,0,0,0,0
BDWAVE32,7,DW#RND11,0x00000000,0,0,0,0
BDWAVE32,8,DW#RND26,0x00000000,0,0,0,0
BDWAVE35,0,HELM01,0x00000008,1,0,0,0
BDWAVE35,1,PLAT01,0x00000008,1,0,0,0
BDWAVE35,2,SHLD05A,0x00000008,1,0,0,0
BDWAVE35,3,HAMM01,0x00000008,1,0,0,0
BDWAVE35,4,UNICAEL2,0x00000000,0,0,0,0
BDWAVE35,5,POTN08,0x00000000,0,1,0,0
BDWAVE35,6,DW#HASPT,0x00000000,0,0,0,0
BDWAVE35,7,DW#RND12,0x00000000,0,0,0,0
BDWAVE35,8,DW#RND25,0x00000000,0,0,0,0
BDWAVE34,0,HELM01,0x00000008,1,0,0,0
BDWAVE34,1,CHAN04,0x00000008,1,0,0,0
BDWAVE34,2,SHLD03A,0x00000008,1,0,0,0
BDWAVE34,3,BLUN04,0x00000008,1,0,0,0
BDWAVE34,4,UNICAEL2,0x00000000,0,0,0,0
BDWAVE34,5,POTN08,0x00000000,0,1,0,0
BDWAVE34,6,DW#HASPT,0x00000000,0,0,0,0
BDRHAYLA,0,POTN52,0x00000000,0,1,0,0
BDRHAYLA,1,SW1H41,0x00000000,0,0,0,0
BDRHAYLA,2,SHLD04,0x00000008,1,0,0,0
BDRHAYLA,3,CHAN13,0x00000000,0,0,0,0
BDRHAYLA,4,HELMNOAN,0x00000008,1,0,0,0
BDRHAYLA,5,DW#HASPT,0x00000000,0,0,0,0
BDRHAYLA,6,DW#RND20,0x00000000,0,0,0,0
BDWAVE33,0,HELM01,0x00000000,0,0,0,0
BDWAVE33,1,PLAT01,0x00000008,1,0,0,0
BDWAVE33,2,SHLD05A,0x00000008,1,0,0,0
BDWAVE33,3,BLUN04,0x00000008,1,0,0,0
BDWAVE33,4,POTN08,0x00000000,0,1,0,0
BDWAVE33,5,UNICAEL2,0x00000000,0,0,0,0
BDWAVE33,6,DW#HASPT,0x00000000,0,0,0,0
BDWAVE33,7,DW#RND11,0x00000000,0,0,0,0
BDWAVE33,8,DW#RND26,0x00000000,0,0,0,0
BDWAVE36,0,HELM01,0x00000008,1,0,0,0
BDWAVE36,1,PLAT10,0x00000008,1,0,0,0
BDWAVE36,2,SHLD06A,0x00000008,1,0,0,0
BDWAVE36,3,BLUN05,0x00000008,1,0,0,0
BDWAVE36,4,UNIHELM,0x00000000,0,0,0,0
BDWAVE36,5,POTN52,0x00000000,0,1,0,0
BDWAVE36,6,DW#HASPT,0x00000000,0,0,0,0
BDWAVE36,7,DW#RND25,0x00000000,0,0,0,0
BDJEGG2,0,CHAN01,0x00000000,0,0,0,0
BDJEGG2,1,HAMM01,0x00000000,0,0,0,0
BDJEGG2,2,POTN08,0x00000000,0,1,0,0
BDPETSG2,0,HELMNOAN,0x0000000A,1,0,0,0
BDPETSG2,1,IMMUNE1,0x0000000A,1,0,0,0
BDPETSG2,2,GOLSTONE,0x0000000A,1,0,0,0
BDPETSG2,3,GOLSTO,0x0000000A,1,0,0,0
BDWTR47,0,POTN08,0x00000000,0,1,0,0
BDWTR47,1,UNIWATER,0x00000000,0,0,0,0
BDWTR47,2,DW#HASPT,0x00000000,0,0,0,0
BDWTR47,3,DW#RND18,0x00000000,0,0,0,0
BDWTR47,4,DW#RND32,0x00000000,0,0,0,0
BDWTR57,0,POTN08,0x00000000,0,1,0,0
BDWTR57,1,UNIWATER,0x00000000,0,0,0,0
BDWTR57,2,DW#HASPT,0x00000000,0,0,0,0
BDWTR57,3,DW#RND18,0x00000000,0,0,0,0
BDWTR57,4,DW#RND32,0x00000000,0,0,0,0
BDDAGF47,0,POTN08,0x00000000,0,1,0,0
BDDAGF47,1,UNIDAGG,0x00000000,0,0,0,0
BDDAGF47,2,DW#HASPT,0x00000000,0,0,0,0
BDDAGF47,3,DW#RND18,0x00000000,0,0,0,0
BDDAGF47,4,DW#RND32,0x00000000,0,0,0,0
BDDAGF57,0,UNIDAGG,0x00000000,0,0,0,0
BDDAGF57,1,POTN08,0x00000000,0,1,0,0
BDDAGF57,2,DW#HASPT,0x00000000,0,0,0,0
BDDAGF57,3,DW#RND18,0x00000000,0,0,0,0
BDDAGF57,4,DW#RND32,0x00000000,0,0,0,0
BDWTR90,0,HELM13,0x00000000,0,0,0,0
BDWTR90,1,CHAN04,0x00000000,0,0,0,0
BDWTR90,2,BLUN04,0x00000008,1,0,0,0
BDWTR90,3,POTN08,0x00000000,0,1,0,0
BDWTR90,4,UNIWATER,0x00000000,0,0,0,0
BDWTR90,5,DW#HASPT,0x00000000,0,0,0,0
BDFIST83,0,HELM09,0x00000008,1,0,0,0
BDFIST83,1,CHAN04,0x00000008,1,0,0,0
BDFIST83,2,SHLD01A,0x00000008,1,0,0,0
BDFIST83,3,SW1H04,0x00000008,1,0,0,0
BDFIST83,4,POTN08,0x00000008,1,1,0,0
BDFIST83,5,UNIFLAM,0x00000000,0,0,0,0
BDFIST83,6,DW#HASPT,0x00000000,0,0,0,0
BDFIST83,7,DW#RND12,0x00000000,0,0,0,0
BDFIST83,8,DW#RND26,0x00000000,0,0,0,0
BDDAGF72,0,HELM15_,0x00000000,0,0,0,0
BDDAGF72,1,CHAN04,0x00000000,0,0,0,0
BDDAGF72,2,HALB01,0x00000000,0,0,0,0
BDDAGF72,3,UNIDAGG,0x00000000,0,0,0,0
BDDAGF72,4,POTN08,0x00000000,0,1,0,0
BDDAGF72,5,DW#HASPT,0x00000000,0,0,0,0
BDDAGF72,6,DW#RND12,0x00000000,0,0,0,0
BDDAGF72,7,DW#RND26,0x00000000,0,0,0,0
BDWTR92,0,HELM13,0x00000000,0,0,0,0
BDWTR92,1,CHAN04,0x00000000,0,0,0,0
BDWTR92,2,HALB01,0x00000000,0,0,0,0
BDWTR92,3,POTN08,0x00000000,0,1,0,0
BDWTR92,4,UNIWATER,0x00000000,0,0,0,0
BDWTR92,5,DW#HASPT,0x00000000,0,0,0,0
BDWTR92,6,DW#RND11,0x00000000,0,0,0,0
BDWTR92,7,DW#RND25,0x00000000,0,0,0,0
BDWTR93,0,HELM13,0x00000000,0,0,0,0
BDWTR93,1,CHAN04,0x00000000,0,0,0,0
BDWTR93,2,BOW03,0x00000000,0,0,0,0
BDWTR93,3,AROW01,0x00000000,0,0,0,0
BDWTR93,4,POTN08,0x00000000,0,1,0,0
BDWTR93,5,UNIWATER,0x00000000,0,0,0,0
BDWTR93,6,DW#HASPT,0x00000000,0,0,0,0
BDWTR93,7,DW#RND11,0x00000000,0,0,0,0
BDWTR93,8,DW#RND26,0x00000000,0,0,0,0
BDFIST84,0,HELM09,0x00000008,1,0,0,0
BDFIST84,1,CHAN04,0x00000008,1,0,0,0
BDFIST84,2,SHLD01A,0x00000008,1,0,0,0
BDFIST84,3,SW1H04,0x00000008,1,0,0,0
BDFIST84,4,POTN08,0x00000008,1,1,0,0
BDFIST84,5,UNIFLAM,0x00000000,0,0,0,0
BDFIST84,6,DW#HASPT,0x00000000,0,0,0,0
BDFIST84,7,DW#RND12,0x00000000,0,0,0,0
BDFIST84,8,DW#RND26,0x00000000,0,0,0,0
BDWTR94,0,HELM13,0x00000000,0,0,0,0
BDWTR94,1,CHAN04,0x00000000,0,0,0,0
BDWTR94,2,HALB01,0x00000000,0,0,0,0
BDWTR94,3,POTN08,0x00000000,0,1,0,0
BDWTR94,4,UNIWATER,0x00000000,0,0,0,0
BDWTR94,5,DW#HASPT,0x00000000,0,0,0,0
BDWTR94,6,DW#RND12,0x00000000,0,0,0,0
BDWTR94,7,DW#RND26,0x00000000,0,0,0,0
BDDAGF70,0,HELM15_,0x00000000,0,0,0,0
BDDAGF70,1,CHAN04,0x00000000,0,0,0,0
BDDAGF70,2,HAMM01,0x00000000,0,0,0,0
BDDAGF70,3,POTN08,0x00000000,0,1,0,0
BDDAGF70,4,UNIDAGG,0x00000000,0,0,0,0
BDDAGF70,5,DW#HASPT,0x00000000,0,0,0,0
BDDAGF70,6,DW#RND12,0x00000000,0,0,0,0
BDDAGF70,7,DW#RND25,0x00000000,0,0,0,0
BDFIST85,0,HELM09,0x00000008,1,0,0,0
BDFIST85,1,CHAN04,0x00000008,1,0,0,0
BDFIST85,2,SHLD01A,0x00000008,1,0,0,0
BDFIST85,3,SW1H04,0x00000008,1,0,0,0
BDFIST85,4,POTN08,0x00000008,1,1,0,0
BDFIST85,5,UNIFLAM,0x00000000,0,0,0,0
BDFIST85,6,DW#HASPT,0x00000000,0,0,0,0
BDFIST85,7,DW#RND11,0x00000000,0,0,0,0
BDFIST85,8,DW#RND26,0x00000000,0,0,0,0
BDWTR91,0,HELM13,0x00000008,1,0,0,0
BDWTR91,1,CHAN04,0x00000008,1,0,0,0
BDWTR91,2,SHLD05A,0x00000008,1,0,0,0
BDWTR91,3,SW1H04,0x00000008,1,0,0,0
BDWTR91,4,POTN08,0x00000000,0,1,0,0
BDWTR91,5,UNIWATER,0x00000000,0,0,0,0
BDWTR91,6,DW#HASPT,0x00000000,0,0,0,0
BDWTR91,7,DW#RND12,0x00000000,0,0,0,0
BDWTR91,8,DW#RND26,0x00000000,0,0,0,0
BDFIST86,0,HELM09,0x00000008,1,0,0,0
BDFIST86,1,CHAN04,0x00000008,1,0,0,0
BDFIST86,2,SHLD01A,0x00000008,1,0,0,0
BDFIST86,3,SW1H04,0x00000008,1,0,0,0
BDFIST86,4,POTN08,0x00000008,1,1,0,0
BDFIST86,5,UNIFLAM,0x00000000,0,0,0,0
BDFIST86,6,DW#HASPT,0x00000000,0,0,0,0
BDFIST86,7,DW#RND12,0x00000000,0,0,0,0
BDFIST86,8,DW#RND26,0x00000000,0,0,0,0
BDWTR95,0,HELM13,0x00000000,0,0,0,0
BDWTR95,1,CHAN04,0x00000000,0,0,0,0
BDWTR95,2,HALB01,0x00000000,0,0,0,0
BDWTR95,3,POTN08,0x00000000,0,1,0,0
BDWTR95,4,UNIWATER,0x00000000,0,0,0,0
BDWTR95,5,DW#HASPT,0x00000000,0,0,0,0
BDWTR95,6,DW#RND12,0x00000000,0,0,0,0
BDWTR95,7,DW#RND25,0x00000000,0,0,0,0
BDDAGF71,0,HELM15_,0x00000000,0,0,0,0
BDDAGF71,1,CHAN04,0x00000000,0,0,0,0
BDDAGF71,2,HALB01,0x00000000,0,0,0,0
BDDAGF71,3,UNIDAGG,0x00000000,0,0,0,0
BDDAGF71,4,POTN08,0x00000000,0,1,0,0
BDDAGF71,5,DW#HASPT,0x00000000,0,0,0,0
BDDAGF71,6,DW#RND11,0x00000000,0,0,0,0
BDDAGF71,7,DW#RND26,0x00000000,0,0,0,0
BDCATAPU,0,MAGE01,0x00000000,0,0,0,0
BDCATAPU,1,IMOENHP1,0x00000000,0,0,0,0
BDDSSEN7,0,LEAT04,0x00000008,1,0,0,0
BDDSSEN7,1,BOW02,0x00000000,0,1,0,0
BDDSSEN7,2,BLUN04,0x00000008,1,0,0,0
BDDSSEN7,3,AROW08,0x00000000,0,20,0,0
BDDSSEN7,4,POTN08,0x00000000,0,1,0,0
BDDSSEN7,5,AROW01,0x00000008,1,20,0,0
BDDSSEN7,6,UNICAEL,0x00000000,0,0,0,0
BDDSSEN7,7,DW#HASPT,0x00000000,0,0,0,0
BDDSSEN7,8,DW#RND12,0x00000000,0,0,0,0
BDDSSEN7,9,DW#RND26,0x00000000,0,0,0,0
BDFIST42,0,HELM09,0x00000008,1,0,0,0
BDFIST42,1,PLAT01,0x00000008,1,0,0,0
BDFIST42,2,SHLD03A,0x00000008,1,0,0,0
BDFIST42,3,BLUN04,0x00000008,1,0,0,0
BDFIST42,4,UNIFLAM,0x00000000,0,0,0,0
BDFIST42,5,POTN08,0x00000000,0,1,0,0
BDFIST42,6,DW#HASPT,0x00000000,0,0,0,0
BDFIST42,7,DW#RND11,0x00000000,0,0,0,0
BDFIST42,8,DW#RND26,0x00000000,0,0,0,0
BDFIST40,0,HELM09,0x00000008,1,0,0,0
BDFIST40,1,PLAT01,0x00000008,1,0,0,0
BDFIST40,2,SHLD05A,0x00000008,1,0,0,0
BDFIST40,3,BLUN03,0x00000008,1,0,0,0
BDFIST40,4,SLNG02,0x00000008,1,0,0,0
BDFIST40,5,BULL03,0x00000000,0,40,0,0
BDFIST40,6,UNITEMPU,0x00000000,0,0,0,0
BDFIST40,7,POTN52,0x00000000,0,1,0,0
BDFIST40,8,WAND11,0x00000000,0,3,0,0
BDFIST41,0,POTN26,0x00000000,0,1,0,0
BDFIST41,1,WAND02,0x00000000,0,3,0,0
BDFIST41,2,POTN52,0x00000000,0,1,0,0
BDFIST41,3,UNIFLAM,0x00000000,0,0,0,0
BDFIST41,4,DART03,0x00000000,0,20,0,0
BDFIST41,5,STAF01,0x00000008,1,0,0,0
BDFIST41,6,BRAC01,0x00000008,1,0,0,0
BDFIST41,7,CLCK11,0x00000008,1,0,0,0
BDFIST41,8,DW#HASPT,0x00000000,0,0,0,0
BDFISX35,0,HELM09,0x00000008,1,0,0,0
BDFISX35,1,PLAT01,0x00000008,1,0,0,0
BDFISX35,2,SHLD02A,0x00000008,1,0,0,0
BDFISX35,3,SW1H05,0x00000008,1,0,0,0
BDFISX35,4,POTN52,0x00000008,1,1,0,0
BDFISX35,5,UNIFLAM,0x00000000,0,0,0,0
BDFISX35,6,DW#HASPT,0x00000000,0,0,0,0
BDFISX35,7,DW#RND12,0x00000000,0,0,0,0
BDFISX35,8,DW#RND25,0x00000000,0,0,0,0
BDCRZAKE,0,HELM01,0x00000000,0,0,0,0
BDCRZAKE,1,PLAT01,0x00000000,0,0,0,0
BDCRZAKE,2,SHLD06A,0x00000000,0,0,0,0
BDCRZAKE,3,SW1H05,0x00000000,0,0,0,0
BDCRZAKE,4,POTN52,0x00000000,0,1,0,0
BDCRZAKE,5,UNICAEL2,0x00000000,0,0,0,0
BDCRZAKE,6,DW#HASPT,0x00000000,0,0,0,0
BDCRZAKE,7,DW#RND12,0x00000000,0,0,0,0
BDCRZAKE,8,DW#RND26,0x00000000,0,0,0,0
BDDAGF35,0,HELM15_,0x00000008,1,0,0,0
BDDAGF35,1,CHAN01,0x00000008,1,0,0,0
BDDAGF35,2,SHLD01A,0x00000008,1,0,0,0
BDDAGF35,3,HAMM01,0x00000008,1,0,0,0
BDDAGF35,4,UNIDAGG,0x00000000,0,0,0,0
BDDAGF35,5,DW#RND04,0x00000000,0,0,0,0
BDDAGF35,6,DW#RND12,0x00000000,0,0,0,0
BDDAGF35,7,DW#RND26,0x00000000,0,0,0,0
BDDAGF36,0,HELM15_,0x00000008,1,0,0,0
BDDAGF36,1,LEAT04,0x00000008,1,0,0,0
BDDAGF36,2,BOW03,0x00000008,1,0,0,0
BDDAGF36,3,DAGG01,0x00000008,1,0,0,0
BDDAGF36,4,AROW01,0x00000008,1,20,0,0
BDDAGF36,5,UNIDAGG,0x00000000,0,0,0,0
BDDAGF36,6,DW#RND03,0x00000000,0,0,0,0
BDDAGF36,7,DW#RND11,0x00000000,0,0,0,0
BDDAGF36,8,DW#RND25,0x00000000,0,0,0,0
BDDAGF37,0,HELM15_,0x00000008,1,0,0,0
BDDAGF37,1,LEAT04,0x00000008,1,0,0,0
BDDAGF37,2,SPER01,0x00000008,1,0,0,0
BDDAGF37,3,UNIDAGG,0x00000000,0,0,0,0
BDDAGF37,4,DW#RND03,0x00000000,0,0,0,0
BDDAGF37,5,DW#RND12,0x00000000,0,0,0,0
BDDAGF37,6,DW#RND26,0x00000000,0,0,0,0
BDDAGF38,0,HELM15_,0x00000008,1,0,0,0
BDDAGF38,1,LEAT04,0x00000008,1,0,0,0
BDDAGF38,2,SLNG01,0x00000008,1,0,0,0
BDDAGF38,3,DAGG01,0x00000008,1,0,0,0
BDDAGF38,4,BULL01,0x00000008,1,40,0,0
BDDAGF38,5,UNIDAGG,0x00000000,0,0,0,0
BDDAGF38,6,DW#RND04,0x00000000,0,0,0,0
BDDAGF38,7,DW#RND12,0x00000000,0,0,0,0
BDDAGF38,8,DW#RND26,0x00000000,0,0,0,0
BDFIST35,0,HELM09,0x00000008,1,0,0,0
BDFIST35,1,CHAN04,0x00000008,1,0,0,0
BDFIST35,2,SHLD01A,0x00000008,1,0,0,0
BDFIST35,3,SW1H04,0x00000008,1,0,0,0
BDFIST35,4,POTN08,0x00000008,1,1,0,0
BDFIST35,5,UNIFLAM,0x00000000,0,0,0,0
BDFIST35,6,DW#HASPT,0x00000000,0,0,0,0
BDFIST35,7,DW#RND12,0x00000000,0,0,0,0
BDFIST35,8,DW#RND25,0x00000000,0,0,0,0
BDFIST37,0,HELM09,0x00000008,1,0,0,0
BDFIST37,1,CHAN04,0x00000008,1,0,0,0
BDFIST37,2,SHLD01A,0x00000008,1,0,0,0
BDFIST37,3,SW1H04,0x00000008,1,0,0,0
BDFIST37,4,POTN08,0x00000008,1,1,0,0
BDFIST37,5,UNIFLAM,0x00000000,0,0,0,0
BDFIST37,6,DW#HASPT,0x00000000,0,0,0,0
BDFIST37,7,DW#RND12,0x00000000,0,0,0,0
BDFIST37,8,DW#RND26,0x00000000,0,0,0,0
BDWTRX35,0,HELM13,0x00000008,1,0,0,0
BDWTRX35,1,PLAT01,0x00000008,1,0,0,0
BDWTRX35,2,HALB02,0x00000008,1,0,0,0
BDWTRX35,3,POTN52,0x00000008,1,1,0,0
BDWTRX35,4,UNIWATER,0x00000000,0,0,0,0
BDWTRX35,5,DW#HASPT,0x00000000,0,0,0,0
BDWTRX35,6,DW#RND12,0x00000000,0,0,0,0
BDWTRX35,7,DW#RND26,0x00000000,0,0,0,0
BDWTRX36,0,HELM13,0x00000008,1,0,0,0
BDWTRX36,1,PLAT01,0x00000008,1,0,0,0
BDWTRX36,2,XBOW02,0x00000008,1,0,0,0
BDWTRX36,3,DAGG01,0x00000008,1,0,0,0
BDWTRX36,4,BOLT02,0x00000008,1,40,0,0
BDWTRX36,5,POTN52,0x00000008,1,1,0,0
BDWTRX36,6,UNIWATER,0x00000000,0,0,0,0
BDWTRX36,7,DW#HASPT,0x00000000,0,0,0,0
BDWTRX36,8,DW#RND12,0x00000000,0,0,0,0
BDWTRX36,9,DW#RND26,0x00000000,0,0,0,0
BDWTRX37,0,HELM13,0x00000008,1,0,0,0
BDWTRX37,1,PLAT01,0x00000008,1,0,0,0
BDWTRX37,2,SHLD05A,0x00000008,1,0,0,0
BDWTRX37,3,AX1H02,0x00000008,1,0,999,0
BDWTRX37,4,POTN52,0x00000008,1,1,0,0
BDWTRX37,5,UNIWATER,0x00000000,0,0,0,0
BDWTRX37,6,DW#HASPT,0x00000000,0,0,0,0
BDWTRX37,7,DW#RND11,0x00000000,0,0,0,0
BDWTRX37,8,DW#RND26,0x00000000,0,0,0,0
BDWTR36,0,HELM13,0x00000008,1,0,0,0
BDWTR36,1,CHAN04,0x00000008,1,0,0,0
BDWTR36,2,XBOW01,0x00000008,1,0,0,0
BDWTR36,3,DAGG01,0x00000008,1,0,0,0
BDWTR36,4,BOLT01,0x00000008,1,40,0,0
BDWTR36,5,POTN08,0x00000008,1,1,0,0
BDWTR36,6,UNIWATER,0x00000000,0,0,0,0
BDWTR36,7,DW#HASPT,0x00000000,0,0,0,0
BDWTR36,8,DW#RND12,0x00000000,0,0,0,0
BDWTR36,9,DW#RND26,0x00000000,0,0,0,0
BDWTR35,0,HELM13,0x00000008,1,0,0,0
BDWTR35,1,CHAN04,0x00000008,1,0,0,0
BDWTR35,2,HALB01,0x00000008,1,0,0,0
BDWTR35,3,POTN08,0x00000008,1,1,0,0
BDWTR35,4,UNIWATER,0x00000000,0,0,0,0
BDWTR35,5,DW#HASPT,0x00000000,0,0,0,0
BDWTR35,6,DW#RND12,0x00000000,0,0,0,0
BDWTR35,7,DW#RND26,0x00000000,0,0,0,0
BDWTR37,0,HELM13,0x00000008,1,0,0,0
BDWTR37,1,CHAN04,0x00000008,1,0,0,0
BDWTR37,2,SHLD05A,0x00000008,1,0,0,0
BDWTR37,3,SW1H04,0x00000008,1,0,0,0
BDWTR37,4,POTN08,0x00000008,1,1,0,0
BDWTR37,5,UNIWATER,0x00000000,0,0,0,0
BDWTR37,6,DW#HASPT,0x00000000,0,0,0,0
BDWTR37,7,DW#RND11,0x00000000,0,0,0,0
BDWTR37,8,DW#RND26,0x00000000,0,0,0,0
BDWTR38,0,HELM13,0x00000008,1,0,0,0
BDWTR38,1,CHAN01,0x00000008,1,0,0,0
BDWTR38,2,BOW03,0x00000008,1,0,0,0
BDWTR38,3,SW1H07,0x00000008,1,0,0,0
BDWTR38,4,AROW01,0x00000008,1,40,0,0
BDWTR38,5,POTN08,0x00000008,1,1,0,0
BDWTR38,6,UNIWATER,0x00000000,0,0,0,0
BDWTR38,7,DW#HASPT,0x00000000,0,0,0,0
BDWTR38,8,DW#RND12,0x00000000,0,0,0,0
BDWTR38,9,DW#RND26,0x00000000,0,0,0,0
BDWTR39,0,HELM13,0x00000008,1,0,0,0
BDWTR39,1,CHAN04,0x00000008,1,0,0,0
BDWTR39,2,SHLD03,0x00000008,1,0,0,0
BDWTR39,3,SW1H04,0x00000008,1,0,0,0
BDWTR39,4,POTN08,0x00000008,1,1,0,0
BDWTR39,5,UNIWATER,0x00000000,0,0,0,0
BDWTR39,6,DW#HASPT,0x00000000,0,0,0,0
BDWTR39,7,DW#RND11,0x00000000,0,0,0,0
BDWTR39,8,DW#RND26,0x00000000,0,0,0,0
BDCRU48,0,HELM01,0x00000008,1,0,0,0
BDCRU48,1,PLAT01,0x00000008,1,0,0,0
BDCRU48,2,SW2H01,0x00000008,1,0,0,0
BDCRU48,3,POTN08,0x00000008,1,1,0,0
BDCRU48,4,UNICAEL,0x00000000,0,0,0,0
BDCRU48,5,DW#HASPT,0x00000000,0,0,0,0
BDCRU48,6,DW#RND11,0x00000000,0,0,0,0
BDCRU48,7,DW#RND26,0x00000000,0,0,0,0
BDCRU49,0,HELM01,0x00000008,1,0,0,0
BDCRU49,1,CHAN04,0x00000008,1,0,0,0
BDCRU49,2,BOW01,0x00000008,1,0,0,0
BDCRU49,3,POTN08,0x00000008,1,1,0,0
BDCRU49,4,UNICAEL,0x00000000,0,0,0,0
BDCRU49,5,AROW02,0x00000008,1,40,0,0
BDCRU49,6,SW1H04,0x00000008,1,0,0,0
BDCRU49,7,DW#HASPT,0x00000000,0,0,0,0
BDCRU49,8,DW#RND12,0x00000000,0,0,0,0
BDCRU49,9,DW#RND26,0x00000000,0,0,0,0
BDCRU50,0,BDHELM03,0x00000008,1,0,0,0
BDCRU50,1,PLAT04,0x00000008,1,0,0,0
BDCRU50,2,SW1H02,0x00000008,1,0,999,0
BDCRU50,3,SW1H02,0x00000008,1,0,999,0
BDCRU50,4,UNICHILL,0x00000000,0,0,0,0
BDCRU50,5,POTN52,0x00000008,1,1,0,0
BDCRU50,6,POTN09,0x00000008,1,1,0,0
BDCRU50,7,POTN03,0x00000008,1,1,0,0
BDCRU50,8,DW#HASPT,0x00000000,0,0,0,0
BDCRU50,9,DW#RND12,0x00000000,0,0,0,0
BDCRU51,0,HELM01,0x00000008,1,0,0,0
BDCRU51,1,CHAN04,0x00000008,1,0,0,0
BDCRU51,2,SHLD01A,0x00000008,1,0,0,0
BDCRU51,3,HAMM01,0x00000008,1,0,0,0
BDCRU51,4,UNICAEL,0x00000000,0,0,0,0
BDCRU51,5,POTN08,0x00000008,1,1,0,0
BDCRU51,6,DW#HASPT,0x00000000,0,0,0,0
BDCRU52,0,HELM01,0x00000008,1,0,0,0
BDCRU52,1,PLAT01,0x00000008,1,0,0,0
BDCRU52,2,SHLD01A,0x00000008,1,0,0,0
BDCRU52,3,BLUN06,0x00000008,1,0,0,0
BDCRU52,4,UNICAEL,0x00000000,0,0,0,0
BDCRU52,5,POTN08,0x00000008,1,1,0,0
BDCRU52,6,SLNG01,0x00000008,1,0,0,0
BDCRU52,7,BULL02,0x00000008,1,20,0,0
BDCRU52,8,DW#HASPT,0x00000000,0,0,0,0
BDCRU53,0,HELM01,0x00000008,1,0,0,0
BDCRU53,1,CHAN04,0x00000008,1,0,0,0
BDCRU53,2,BLUN01,0x00000008,1,0,0,0
BDCRU53,3,UNICAEL,0x00000000,0,0,0,0
BDCRU53,4,POTN08,0x00000008,1,1,0,0
BDCRU53,5,SLNG01,0x00000008,1,0,0,0
BDCRU53,6,BULL02,0x00000008,1,20,0,0
BDCRU53,7,DW#HASPT,0x00000000,0,0,0,0
BDCRU54,0,HELM01,0x00000008,1,0,0,0
BDCRU54,1,LEAT04,0x00000008,1,0,0,0
BDCRU54,2,BLUN04,0x00000008,1,0,0,0
BDCRU54,3,UNICAEL,0x00000000,0,0,0,0
BDCRU54,4,POTN08,0x00000008,1,1,0,0
BDCRU54,5,SLNG01,0x00000008,1,0,0,0
BDCRU54,6,BULL02,0x00000008,1,20,0,0
BDCRU54,7,SHLD01A,0x00000000,0,0,0,0
BDCRU54,8,DW#HASPT,0x00000000,0,0,0,0
BDCRU55,0,POTN08,0x00000008,1,1,0,0
BDCRU55,1,UNICAEL,0x00000000,0,0,0,0
BDCRU55,2,DART04,0x00000008,1,20,0,0
BDCRU55,3,STAF01,0x00000008,1,0,0,0
BDCRU55,4,DW#HASPT,0x00000000,0,0,0,0
BDCRU55,5,DW#RND38,0x00000000,0,0,0,0
BDCRU56,0,POTN08,0x00000008,1,1,0,0
BDCRU56,1,UNICAEL,0x00000000,0,0,0,0
BDCRU56,2,DART04,0x00000008,1,20,0,0
BDCRU56,3,DAGG01,0x00000008,1,0,0,0
BDCRU56,4,DW#HASPT,0x00000000,0,0,0,0
BDCRU57,0,POTN08,0x00000008,1,1,0,0
BDCRU57,1,UNICAEL,0x00000000,0,0,0,0
BDCRU57,2,BULL01,0x00000008,1,20,0,0
BDCRU57,3,SLNG01,0x00000008,1,0,0,0
BDCRU57,4,DAGG01,0x00000008,1,0,0,0
BDCRU57,5,DW#HASPT,0x00000000,0,0,0,0
BDCRU58,0,POTN08,0x00000008,1,1,0,0
BDCRU58,1,UNICAEL,0x00000000,0,0,0,0
BDCRU58,2,BULL01,0x00000008,1,20,0,0
BDCRU58,3,SLNG01,0x00000008,1,0,0,0
BDCRU58,4,STAF01,0x00000008,1,0,0,0
BDCRU58,5,DW#HASPT,0x00000000,0,0,0,0
BDCRU40,0,HELM01,0x00000008,1,0,0,0
BDCRU40,1,LEAT04,0x00000008,1,0,0,0
BDCRU40,2,BOW03,0x00000008,1,0,0,0
BDCRU40,3,SW1H07,0x00000008,1,0,0,0
BDCRU40,4,AROW01,0x00000008,1,40,0,0
BDCRU40,5,UNICAEL,0x00000000,0,0,0,0
BDCRU40,6,POTN08,0x00000008,1,0,0,0
BDCRU40,7,DW#HASPT,0x00000000,0,0,0,0
BDCRU40,8,DW#RND12,0x00000000,0,0,0,0
BDCRU40,9,DW#RND26,0x00000000,0,0,0,0
BDCRU44,0,LEAT04,0x00000008,1,0,0,0
BDCRU44,1,SW1H07,0x00000008,1,0,0,0
BDCRU44,2,UNICAEL,0x00000000,0,0,0,0
BDCRU44,3,POTN10,0x00000008,1,2,0,0
BDCRU44,4,DART03,0x00000008,1,10,0,0
BDCRU44,5,DW#HASPT,0x00000000,0,0,0,0
BDCRU44,6,DW#RND04,0x00000000,0,0,0,0
BDCRU44,7,DW#RND17,0x00000000,0,0,0,0
BDCRU41,0,HELM01,0x00000008,1,0,0,0
BDCRU41,1,CHAN04,0x00000008,1,0,0,0
BDCRU41,2,AX1H01,0x00000008,1,0,999,0
BDCRU41,3,POTN08,0x00000008,1,1,0,0
BDCRU41,4,UNICAEL,0x00000000,0,0,0,0
BDCRU41,5,SHLD03A,0x00000008,1,0,0,0
BDCRU41,6,DW#HASPT,0x00000000,0,0,0,0
BDCRU41,7,DW#RND11,0x00000000,0,0,0,0
BDCRU41,8,DW#RND26,0x00000000,0,0,0,0
BDCRU46,0,BDHELM03,0x00000008,1,0,0,0
BDCRU46,1,LEAT04,0x00000008,1,0,0,0
BDCRU46,2,BOW03,0x00000008,1,0,0,0
BDCRU46,3,SW1H07,0x00000008,1,0,0,0
BDCRU46,4,POTN08,0x00000008,1,1,0,0
BDCRU46,5,AROW01,0x00000008,1,40,0,0
BDCRU46,6,UNICHILL,0x00000000,0,0,0,0
BDCRU45,0,LEAT10,0x00000008,1,0,0,0
BDCRU45,1,AX1H01,0x00000008,1,0,999,0
BDCRU45,2,UNICHILL,0x00000000,0,0,0,0
BDCRU45,3,POTN08,0x00000008,1,0,0,0
BDCRU42,0,HELM01,0x00000008,1,0,0,0
BDCRU42,1,CHAN04,0x00000008,1,0,0,0
BDCRU42,2,SHLD03,0x00000008,1,0,0,0
BDCRU42,3,SW1H04,0x00000008,1,0,0,0
BDCRU42,4,POTN08,0x00000008,1,1,0,0
BDCRU42,5,UNICAEL,0x00000000,0,0,0,0
BDCRU42,6,DW#HASPT,0x00000000,0,0,0,0
BDCRU42,7,DW#RND12,0x00000000,0,0,0,0
BDCRU42,8,DW#RND26,0x00000000,0,0,0,0
BDCRU47,0,HALB01,0x00000008,1,0,0,0
BDCRU47,1,POTN08,0x00000008,1,0,0,0
BDCRU47,2,UNICHILL,0x00000000,0,0,0,0
BDCRU43,0,HELM01,0x00000008,1,0,0,0
BDCRU43,1,LEAT04,0x00000008,1,0,0,0
BDCRU43,2,BOW05,0x00000008,1,0,0,0
BDCRU43,3,POTN08,0x00000008,1,1,0,0
BDCRU43,4,DAGG01,0x00000008,1,0,0,0
BDCRU43,5,AROW01,0x00000008,1,40,0,0
BDCRU43,6,UNICAEL,0x00000000,0,0,0,0
BDALMUR,0,AX1H01,0x00000000,0,0,999,0
BDALMUR,1,POTN52,0x00000000,0,1,0,0
BDALMUR,2,BDHELMJ3,0x00000008,1,0,0,0
BDALMUR,3,PLAT01,0x00000008,1,0,0,0
BDALMUR,4,SHLD03A,0x00000008,1,0,0,0
BDALMUR,5,DW#HASPT,0x00000000,0,0,0,0
BDALMUR,6,DW#RND12,0x00000000,0,0,0,0
BDALMUR,7,DW#RND26,0x00000000,0,0,0,0
BDLUGG,0,AX1H01,0x00000000,0,0,999,0
BDLUGG,1,POTN08,0x00000000,0,1,0,0
BDLUGG,2,BDHELMJ3,0x00000008,1,0,0,0
BDLUGG,3,CHAN04,0x00000008,1,0,0,0
BDLUGG,4,SHLD03A,0x00000008,1,0,0,0
BDLUGG,5,AX1H04,0x00000000,0,10,0,0
BDLUGG,6,DW#HASPT,0x00000000,0,0,0,0
BDLUGG,7,DW#RND12,0x00000000,0,0,0,0
BDLUGG,8,DW#RND26,0x00000000,0,0,0,0
BDWTR30,0,HELM13,0x00000008,1,0,0,0
BDWTR30,1,CHAN04,0x00000008,1,0,0,0
BDWTR30,2,HALB01,0x00000008,1,0,0,0
BDWTR30,3,POTN08,0x00000000,0,1,0,0
BDWTR30,4,UNIWATER,0x00000000,0,0,0,0
BDWTR30,5,DW#HASPT,0x00000000,0,0,0,0
BDWTR30,6,DW#RND12,0x00000000,0,0,0,0
BDWTR30,7,DW#RND25,0x00000000,0,0,0,0
BDCRUML1,0,HELM01,0x00000008,1,0,0,0
BDCRUML1,1,CHAN04,0x00000008,1,0,0,0
BDCRUML1,2,HALB01,0x00000008,1,0,0,0
BDCRUML1,3,POTN08,0x00000000,0,0,0,0
BDCRUML1,4,UNICAEL,0x00000000,0,0,0,0
BDCRUML1,5,DW#HASPT,0x00000000,0,0,0,0
BDCRUML1,6,DW#RND12,0x00000000,0,0,0,0
BDCRUML1,7,DW#RND25,0x00000000,0,0,0,0
BDCRUML2,0,LEAT04,0x00000008,1,0,0,0
BDCRUML2,1,SW1H01,0x00000008,1,0,999,0
BDCRUML2,2,UNICAEL,0x00000000,0,0,0,0
BDCRUML2,3,POTN08,0x00000000,0,1,0,0
BDCRUML2,4,HELM01,0x00000000,0,0,0,0
BDCRUML2,5,DW#HASPT,0x00000000,0,0,0,0
BDCRUML2,6,DW#RND12,0x00000000,0,0,0,0
BDCRUML2,7,DW#RND26,0x00000000,0,0,0,0
BDCRUML3,0,HELM01,0x00000008,1,0,0,0
BDCRUML3,1,LEAT04,0x00000008,1,0,0,0
BDCRUML3,2,BOW01,0x00000008,1,0,0,0
BDCRUML3,3,SW1H04,0x00000008,1,0,0,0
BDCRUML3,4,AROW01,0x00000000,0,40,0,0
BDCRUML3,5,UNICAEL,0x00000000,0,0,0,0
BDCRUML3,6,POTN08,0x00000000,0,1,0,0
BDCRUML3,7,DW#HASPT,0x00000000,0,0,0,0
BDCRUML3,8,DW#RND12,0x00000000,0,0,0,0
BDCRUML3,9,DW#RND26,0x00000000,0,0,0,0
BDCRUML4,0,LEAT04,0x00000008,1,0,0,0
BDCRUML4,1,BOW05,0x00000008,1,0,0,0
BDCRUML4,2,DAGG01,0x00000008,1,0,0,0
BDCRUML4,3,AROW02,0x00000000,0,10,0,0
BDCRUML4,4,AROW01,0x00000000,0,40,0,0
BDCRUML4,5,UNICAEL,0x00000000,0,0,0,0
BDCRUML4,6,POTN08,0x00000000,0,1,0,0
BDCRUML4,7,DW#HASPT,0x00000000,0,0,0,0
BDCRUML4,8,DW#RND12,0x00000000,0,0,0,0
BDCRUML4,9,DW#RND26,0x00000000,0,0,0,0
BDCRUMLA,0,HELM01,0x00000008,1,0,0,0
BDCRUMLA,1,CHAN01,0x00000008,1,0,0,0
BDCRUMLA,2,DAGG01,0x00000008,1,0,0,0
BDCRUMLA,3,XBOW04,0x00000008,1,0,0,0
BDCRUMLA,4,BOLT01,0x00000000,0,40,0,0
BDCRUMLA,5,UNICAEL,0x00000000,0,0,0,0
BDCRUMLA,6,POTN08,0x00000000,0,1,0,0
BDCRUMLA,7,DW#HASPT,0x00000000,0,0,0,0
BDCRUMLA,8,DW#RND12,0x00000000,0,0,0,0
BDCRUMLA,9,DW#RND26,0x00000000,0,0,0,0
BDCRUML6,0,HELM01,0x00000008,1,0,0,0
BDCRUML6,1,CHAN01,0x00000008,1,0,0,0
BDCRUML6,2,BLUN02,0x00000008,1,0,0,0
BDCRUML6,3,UNICAEL2,0x00000000,0,0,0,0
BDCRUML6,4,POTN08,0x00000000,0,1,0,0
BDCRUML6,5,DW#HASPT,0x00000000,0,0,0,0
BDCRUML7,0,BDHELM03,0x00000008,1,0,0,0
BDCRUML7,1,LEAT04,0x00000008,1,0,0,0
BDCRUML7,2,SW1H01,0x00000000,0,0,999,0
BDCRUML7,3,UNICHILL,0x00000000,0,0,0,0
BDCRUML7,4,POTN08,0x00000000,0,1,0,0
BDCRUML8,0,HELM01,0x00000008,1,0,0,0
BDCRUML8,1,CHAN01,0x00000008,1,0,0,0
BDCRUML8,2,AX1H01,0x00000008,1,0,999,0
BDCRUML8,3,XBOW04,0x00000008,1,0,0,0
BDCRUML8,4,BOLT01,0x00000000,0,40,0,0
BDCRUML8,5,UNICAEL,0x00000000,0,0,0,0
BDCRUML8,6,POTN08,0x00000000,0,1,0,0
BDCRUML8,7,DW#HASPT,0x00000000,0,0,0,0
BDCRUML8,8,DW#RND12,0x00000000,0,0,0,0
BDCRUML8,9,DW#RND26,0x00000000,0,0,0,0
BDCRUML9,0,HELM01,0x00000008,1,0,0,0
BDCRUML9,1,LEAT04,0x00000008,1,0,0,0
BDCRUML9,2,BOW03,0x00000008,1,0,0,0
BDCRUML9,3,DAGG01,0x00000008,1,0,0,0
BDCRUML9,4,AROW01,0x00000000,0,40,0,0
BDCRUML9,5,UNICAEL,0x00000000,0,0,0,0
BDCRUML9,6,POTN08,0x00000000,0,1,0,0
BDCRUML9,7,DW#HASPT,0x00000000,0,0,0,0
BDCRUML9,8,DW#RND12,0x00000000,0,0,0,0
BDCRUML9,9,DW#RND26,0x00000000,0,0,0,0
BDCRUML5,0,HELM01,0x00000008,1,0,0,0
BDCRUML5,1,LEAT04,0x00000008,1,0,0,0
BDCRUML5,2,AX1H01,0x00000008,1,0,999,0
BDCRUML5,3,AX1H04,0x00000008,1,3,0,0
BDCRUML5,4,UNICAEL,0x00000000,0,0,0,0
BDCRUML5,5,POTN08,0x00000000,0,1,0,0
BDCRUML5,6,SHLD01A,0x00000008,1,0,0,0
BDCRUMLB,0,LEAT04,0x00000008,1,0,0,0
BDCRUMLB,1,SW1H07,0x00000008,1,0,0,0
BDCRUMLB,2,BOW05,0x00000008,1,0,0,0
BDCRUMLB,3,AROW01,0x00000000,0,40,0,0
BDCRUMLB,4,UNICAEL,0x00000000,0,0,0,0
BDCRUMLB,5,POTN08,0x00000000,0,1,0,0
BDCRUMLB,6,POTN10,0x00000000,0,0,0,0
BDCRUMLB,7,DW#HASPT,0x00000000,0,0,0,0
BDCRUMLB,8,DW#RND17,0x00000000,0,0,0,0
BDVOICE1,0,MAGE01,0x00000000,0,0,0,0
BDVOICE1,1,IMOENHP1,0x00000000,0,0,0,0
BDUROLD,0,POTN08,0x00000000,0,1,0,0
BDUROLD,1,UNIWATER,0x00000000,0,0,0,0
BDUROLD,2,DW#HASPT,0x00000000,0,0,0,0
BDUROLD,3,DW#RND12,0x00000000,0,0,0,0
BDUROLD,4,DW#RND26,0x00000000,0,0,0,0
BDPRIS01,0,UNIDAGG,0x00000000,0,0,0,0
BDPRIS01,1,DW#RND03,0x00000000,0,0,0,0
BDPRIS01,2,DW#RND11,0x00000000,0,0,0,0
BDPRIS01,3,DW#RND25,0x00000000,0,0,0,0
BDPRIS02,0,UNIFLAM,0x00000000,0,0,0,0
BDPRIS02,1,DW#RND04,0x00000000,0,0,0,0
BDPRIS03,0,POTN08,0x00000000,0,1,0,0
BDPRIS03,1,UNIDAGG,0x00000000,0,0,0,0
BDPRIS03,2,DW#HASPT,0x00000000,0,0,0,0
BDPRIS03,3,DW#RND11,0x00000000,0,0,0,0
BDPRIS03,4,DW#RND26,0x00000000,0,0,0,0
BDPRISD1,0,P2-8,0x00000000,0,0,0,0
BDPRISD2,0,P2-8,0x00000000,0,0,0,0
BDPRISGU,0,LEAT10,0x00000008,1,0,0,0
BDPRISGU,1,AX1H01,0x00000008,1,0,999,0
BDPRISGU,2,UNICHILL,0x00000000,0,0,0,0
BDPRISGU,3,POTN08,0x00000008,1,0,0,0
BDTHERL2,0,HELM01,0x00000000,0,0,0,0
BDTHERL2,1,PLAT10,0x00000000,0,0,0,0
BDTHERL2,2,SHLD04A,0x00000000,0,0,0,0
BDTHERL2,3,SW1H02,0x00000000,0,1,999,0
BDTHERL2,4,BDCLCK05,0x00000002,0,1,0,0
BDTHERL2,5,POTN52,0x00000002,0,1,0,0
BDTHERL2,6,POTN09,0x00000000,0,1,0,0
BDTHERL2,7,DW#HASPT,0x00000000,0,0,0,0
BDTHERL2,8,DW#RND12,0x00000000,0,0,0,0
BDVOICE,0,MAGE01,0x00000000,0,0,0,0
BDVOICE,1,IMOENHP1,0x00000000,0,0,0,0
BDOLVENA,0,DART04,0x00000000,0,20,0,0
BDOLVENA,1,POTN52,0x00000000,0,1,0,0
BDOLVENA,2,WAND04,0x00000000,0,4,0,0
BDOLVENA,3,STAF02,0x00000000,0,0,0,0
BDOLVENA,4,CLCK14,0x00000000,0,0,0,0
BDOLVENA,5,DW#HASPT,0x00000000,0,0,0,0
BDESSERI,0,CLCK13,0x00000000,0,0,0,0
BDESSERI,1,STAF02,0x00000000,0,0,0,0
BDESSERI,2,WAND06,0x00000000,0,4,0,0
BDESSERI,3,POTN52,0x00000000,0,1,0,0
BDESSERI,4,DW#HASPT,0x00000000,0,0,0,0
BDESSERI,5,DW#RND18,0x00000000,0,0,0,0
BDDAEROS,0,CHAN02,0x00000000,0,0,0,0
BDDAEROS,1,BDRINGGH,0x00000000,0,0,0,0
BDDAEROS,2,TTSPER1,0x0000000B,1,1,0,0
BDDAEROS,3,MINHP1,0x00000000,0,0,0,0
BDFFSOL1,0,HELM09,0x00000000,0,0,0,0
BDFFSOL1,1,CHAN04,0x00000000,0,0,0,0
BDFFSOL1,2,SHLD01A,0x00000000,0,0,0,0
BDFFSOL1,3,SW1H04,0x00000000,0,0,0,0
BDFFSOL1,4,POTN08,0x00000000,0,2,0,0
BDFFSOL1,5,UNIFLAM,0x00000000,0,0,0,0
BDFFSOL1,6,DW#HASPT,0x00000000,0,0,0,0
BDFFSOL1,7,DW#RND12,0x00000000,0,0,0,0
BDFFSOL1,8,DW#RND26,0x00000000,0,0,0,0
BDFFSOL2,0,HELM09,0x00000000,0,0,0,0
BDFFSOL2,1,CHAN04,0x00000000,0,0,0,0
BDFFSOL2,2,SHLD01A,0x00000000,0,0,0,0
BDFFSOL2,3,SW1H04,0x00000000,0,0,0,0
BDFFSOL2,4,POTN08,0x00000000,0,2,0,0
BDFFSOL2,5,UNIFLAM,0x00000000,0,0,0,0
BDFFSOL2,6,DW#HASPT,0x00000000,0,0,0,0
BDFFSOL2,7,DW#RND12,0x00000000,0,0,0,0
BDFFSOL2,8,DW#RND25,0x00000000,0,0,0,0
BDFFMAGE,0,UNIFLAM,0x00000000,0,0,0,0
BDFFMAGE,1,WAND04,0x00000000,0,10,0,0
BDFFMAGE,2,POTN52,0x00000000,0,1,0,0
BDFFMAGE,3,DART03,0x00000000,0,20,0,0
BDFFMAGE,4,STAF02,0x00000000,0,0,0,0
BDFFMAGE,5,DW#HASPT,0x00000000,0,0,0,0
BDCRUZ01,0,HELM01,0x00000008,1,0,0,0
BDCRUZ01,1,PLAT01,0x00000008,1,0,0,0
BDCRUZ01,2,SW2H02,0x00000008,1,0,0,0
BDCRUZ01,3,UNICAEL,0x00000000,0,0,0,0
BDCRUZ01,4,POTN52,0x00000000,0,1,0,0
BDCRUZ01,5,POTN03,0x00000000,0,0,0,0
BDCRUZ01,6,DW#HASPT,0x00000000,0,0,0,0
BDCRUZ01,7,DW#RND12,0x00000000,0,0,0,0
BDCRUZ02,0,HELM01,0x00000008,1,0,0,0
BDCRUZ02,1,CHAN04,0x00000008,1,0,0,0
BDCRUZ02,2,AX1H01,0x00000008,1,0,999,0
BDCRUZ02,3,AX1H01,0x00000008,1,0,999,0
BDCRUZ02,4,UNICAEL,0x00000000,0,0,0,0
BDCRUZ02,5,POTN08,0x00000000,0,1,0,0
BDCRUZ02,6,DW#HASPT,0x00000000,0,0,0,0
BDCRUZ02,7,DW#RND12,0x00000000,0,0,0,0
BDCRUZ02,8,DW#RND25,0x00000000,0,0,0,0
BDCRUZ03,0,HELM01,0x00000008,1,0,0,0
BDCRUZ03,1,CHAN04,0x00000008,1,0,0,0
BDCRUZ03,2,SHLD03A,0x00000008,1,0,0,0
BDCRUZ03,3,SW1H04,0x00000008,1,0,0,0
BDCRUZ03,4,UNICAEL,0x00000000,0,0,0,0
BDCRUZ03,5,POTN08,0x00000000,0,1,0,0
BDCRUZ03,6,DW#HASPT,0x00000000,0,0,0,0
BDCRUZ03,7,DW#RND12,0x00000000,0,0,0,0
BDCRUZ03,8,DW#RND26,0x00000000,0,0,0,0
BDCRUX32,0,HELM01,0x00000008,1,0,0,0
BDCRUX32,1,PLAT01,0x00000008,1,0,0,0
BDCRUX32,2,SW1H04,0x00000008,1,0,0,0
BDCRUX32,3,POTN52,0x00000000,0,1,0,0
BDCRUX32,4,UNICAEL,0x00000000,0,0,0,0
BDCRUX32,5,DW#HASPT,0x00000000,0,0,0,0
BDCRUX32,6,DW#RND12,0x00000000,0,0,0,0
BDCRUX32,7,DW#RND25,0x00000000,0,0,0,0
BDINSA01,0,BDHELM03,0x00000000,0,0,0,0
BDINSA01,1,PLAT01,0x00000000,0,0,0,0
BDINSA01,2,SHLD06A,0x00000000,0,0,0,0
BDINSA01,3,HAMM01,0x00000000,0,0,0,0
BDINSA01,4,SLNG01,0x00000000,0,0,0,0
BDINSA01,5,BULL03,0x00000000,0,40,0,0
BDINSA01,6,POTN52,0x00000000,0,1,0,0
BDINSA01,7,DW#HASPT,0x00000000,0,0,0,0
BDINSA02,0,HELM01,0x00000000,0,0,0,0
BDINSA02,1,PLAT04,0x00000000,0,0,0,0
BDINSA02,2,HALB02,0x00000000,0,0,0,0
BDINSA02,3,POTN52,0x00000000,0,1,0,0
BDINSA02,4,POTN21,0x00000000,0,1,0,0
BDINSA02,5,POTN09,0x00000000,0,1,0,0
BDINSA02,6,DW#HASPT,0x00000000,0,0,0,0
BDINSA02,7,DW#RND12,0x00000000,0,0,0,0
BDINSA03,0,LEAT04,0x00000000,0,0,0,0
BDINSA03,1,BOW01,0x00000000,0,0,0,0
BDINSA03,2,SW1H04,0x00000000,0,0,0,0
BDINSA03,3,AROW11,0x00000000,0,40,0,0
BDINSA03,4,POTN52,0x00000000,0,1,0,0
BDINSA03,5,POTN26,0x00000000,0,1,0,0
BDINSA03,6,POTN14,0x00000000,0,1,0,0
BDINSA03,7,DW#HASPT,0x00000000,0,0,0,0
BDINSA03,8,DW#RND12,0x00000000,0,0,0,0
BDINSA04,0,WAND06,0x00000000,0,2,0,0
BDINSA04,1,POTN52,0x00000000,0,1,0,0
BDINSA04,2,DART05,0x00000000,0,20,0,0
BDINSA04,3,STAF01,0x00000000,0,0,0,0
BDINSA04,4,DW#HASPT,0x00000000,0,0,0,0
BDINSA05,0,BDBRAC13,0x00000008,1,0,0,0
BDINSA05,1,SW1H43,0x00000000,0,0,999,0
BDINSA05,2,POTN52,0x00000000,0,1,0,0
BDINSA05,3,POTN10,0x00000000,0,3,0,0
BDINSA05,4,DW#HASPT,0x00000000,0,0,0,0
BDINSA05,5,DW#RND12,0x00000000,0,0,0,0
BDINSA05,6,DW#RND26,0x00000000,0,0,0,0
BDINSA06,0,MFIST4,0x00000000,0,0,0,0
BDINSA06,1,POTN52,0x00000000,0,1,0,0
BDINSA06,2,C0MNBR03,0x00000000,0,0,0,0
BDINSA06,3,DW#HASPT,0x00000000,0,0,0,0
BDINSA06,4,DW#RND18,0x00000000,0,0,0,0
BDINSA06,5,DW#RND34,0x00000000,0,0,0,0
BDINSA07,0,BRAC02,0x00000000,0,0,0,0
BDINSA07,1,BLUN04,0x00000000,0,0,0,0
BDINSA07,2,SLNG01,0x00000000,0,0,0,0
BDINSA07,3,BULL02,0x00000000,0,20,0,0
BDINSA07,4,POTN52,0x00000000,0,1,0,0
BDINSA07,5,DW#HASPT,0x00000000,0,0,0,0
BDINSA07,6,DW#RND18,0x00000000,0,0,0,0
BDDEVIL1,0,IMMUNE1,0x0000000A,1,0,0,0
BDDEVIL1,1,RINGDEMN,0x0000000A,1,0,0,0
BDDEVIL1,2,REGHP1,0x0000000A,1,0,0,0
BDDEVIL1,3,BDABISHA,0x0000000A,1,0,0,0
BDDEVIL2,0,IMMUNE1,0x0000000A,1,0,0,0
BDDEVIL2,1,RINGDEMN,0x0000000A,1,0,0,0
BDDEVIL2,2,REGHP1,0x0000000A,1,0,0,0
BDDEVIL2,3,BDABISHA,0x0000000A,1,0,0,0
BDCAELD,0,MAGE01,0x00000000,0,0,0,0
BDCAELD,1,IMOENHP1,0x00000000,0,0,0,0
BDERINYE,0,IMMUNE1,0x0000000A,1,0,0,0
BDERINYE,1,BDDTRAI,0x0000000A,1,0,0,0
BDERINYE,2,BDERINYE,0x0000000A,1,0,0,0
BDERINYE,3,BOW17,0x0000000A,1,0,0,0
BDERINYE,4,SW1H41,0x0000000A,1,0,0,0
BDERINYE,5,AROW05,0x0000000A,1,5,0,0
BDERINYE,6,AROW09,0x0000000A,1,40,0,0
BDERINYE,7,AROW11,0x0000000A,1,40,0,0
BDDCOR01,0,,0x00000001,0,0,0,0
BDDCOR01,1,IMMUNE2,0x0000000A,1,0,0,0
BDDCOR01,2,RINGDEMN,0x0000000A,1,0,0,0
BDDCOR01,3,REGHP2R,0x0000000A,1,0,0,0
BDDCOR01,4,BDDCOR01,0x0000000A,1,0,0,0
BDSTSNAK,0,BDSTSNAK,0x0000000A,1,0,0,0
ELEARG01,0,IMMUNE2,0x00000000,0,0,0,0
ELEARG01,1,ELEAR,0x00000000,0,0,0,0
BDGUAR55,0,BDHELM03,0x00000000,0,0,0,0
BDGUAR55,1,CHAN01,0x00000000,0,0,0,0
BDGUAR55,2,AX1H01,0x00000000,0,0,999,0
BDGUAR55,3,POTN08,0x00000000,0,1,0,0
BDGUAR55,4,SHLD01A,0x00000000,0,0,0,0
BDGUAR55,5,DW#HASPT,0x00000000,0,0,0,0
BDGUAR55,6,DW#RND12,0x00000000,0,0,0,0
BDGUAR55,7,DW#RND25,0x00000000,0,0,0,0
BDGUAR56,0,BDHELM03,0x00000000,0,0,0,0
BDGUAR56,1,LEAT01,0x00000000,0,0,0,0
BDGUAR56,2,XBOW05,0x00000000,0,0,0,0
BDGUAR56,3,SW1H07,0x00000000,0,0,0,0
BDGUAR56,4,BOLT02,0x00000000,0,40,0,0
BDGUAR56,5,DW#RND04,0x00000000,0,0,0,0
BDGUAR56,6,DW#RND12,0x00000000,0,0,0,0
BDGUAR56,7,DW#RND26,0x00000000,0,0,0,0
BDGUAR59,0,HELM01,0x00000008,1,0,0,0
BDGUAR59,1,LEAT04,0x00000008,1,0,0,0
BDGUAR59,2,DAGG01,0x00000008,1,0,0,0
BDGUAR59,3,UNICAEL,0x00000000,0,0,0,0
BDGUAR59,4,POTN08,0x00000000,0,1,0,0
BDGUAR59,5,POTN10,0x00000000,0,1,0,0
BDGUAR60,0,LEAT04,0x00000008,1,0,0,0
BDGUAR60,1,SW1H07,0x00000008,1,1,0,0
BDGUAR60,2,UNICAEL,0x00000000,0,0,0,0
BDGUAR60,3,POTN08,0x00000000,0,1,0,0
BDGUAR60,4,POTN10,0x00000000,0,1,0,0
BDGUAR60,5,DW#HASPT,0x00000000,0,0,0,0
BDGUAR60,6,DW#RND18,0x00000000,0,0,0,0
BDHELP01,0,SPIDGI1,0x00000000,0,0,0,0
BDHELP01,1,ANTIWEB,0x00000000,0,0,0,0
BDHELP02,0,P1-10,0x00000000,0,0,0,0
BDHELP02,1,CATLIO,0x00000000,0,0,0,0
BDHELP03,0,SPIDSW1,0x00000000,0,0,0,0
BDHELP03,1,ANTIWEB,0x00000000,0,0,0,0
BDHELP03,2,MAGE06,0x00000000,0,0,0,0
BDGUAR57,0,DART03,0x00000000,0,20,0,0
BDGUAR57,1,POTN08,0x00000000,0,1,0,0
BDGUAR57,2,STAF01,0x00000001,0,0,0,0
BDGUAR57,3,MAGE03,0x00000000,0,0,0,0
BDGUAR57,4,MAGEBRAC,0x00000000,0,0,0,0
BDGUAR57,5,DW#HASPT,0x00000000,0,0,0,0
BDGUAR58,0,POTN08,0x00000000,0,1,0,0
BDGUAR58,1,STAF01,0x00000001,0,0,0,0
BDGUAR58,2,MAGE03,0x00000000,0,0,0,0
BDGUAR58,3,MAGEBRAC,0x00000000,0,0,0,0
BDGUAR58,4,DW#HASPT,0x00000000,0,0,0,0
BDOGRE1D,0,OGRE1,0x00000000,0,0,0,0
BDOGRE1D,1,RNDTRE08,0x00000000,0,0,0,0
BDOGRE1D,2,BLUN06,0x00000000,0,0,0,0
BDPWATER,0,WALLPASS,0x0000000A,1,0,0,0
BDPWATER,1,BDMISC05,0x00000000,0,0,0,0
BDGFGUAX,0,BDHELM03,0x00000000,0,0,0,0
BDGFGUAX,1,CHAN01,0x00000000,0,0,0,0
BDGFGUAX,2,SW2H01,0x00000000,0,0,0,0
BDGFGUAX,3,DW#RND04,0x00000000,0,0,0,0
BDGFGUAX,4,DW#RND12,0x00000000,0,0,0,0
BDGFGUAX,5,DW#RND26,0x00000000,0,0,0,0
BDCRALRT,0,BDHELM03,0x00000000,0,0,0,0
BDCRALRT,1,CHAN04,0x00000000,0,0,0,0
BDCRALRT,2,SHLD05A,0x00000000,0,0,0,0
BDCRALRT,3,SW1H04,0x00000000,0,0,0,0
BDCRALRT,4,POTN08,0x00000000,0,1,0,0
BDCRALRT,5,DW#HASPT,0x00000000,0,0,0,0
BDCRALRT,6,DW#RND12,0x00000000,0,0,0,0
BDCRALRT,7,DW#RND26,0x00000000,0,0,0,0
BDCRU110,0,BDHELM03,0x00000009,1,0,0,0
BDCRU110,1,LEAT04,0x00000009,1,0,0,0
BDCRU110,2,AX1H04,0x00000000,0,5,0,0
BDCRU110,3,POTN08,0x00000000,0,1,0,0
BDCRU110,4,AX1H01,0x00000008,1,0,999,0
BDCRU110,5,UNICHILL,0x00000000,0,0,0,0
BDCRU110,6,SHLD01A,0x00000008,1,0,0,0
BDCRU110,7,DW#HASPT,0x00000000,0,0,0,0
BDCRU110,8,DW#RND11,0x00000000,0,0,0,0
BDCRU110,9,DW#RND26,0x00000000,0,0,0,0
BDHALAT,0,RING97,0x00000000,0,0,0,0
BDHALAT,1,IMMUNE2,0x0000000A,1,0,0,0
BDHALAT,2,BDRINGGH,0x00000008,1,0,0,0
BDHALAT,3,BDDRAGGH,0x0000000A,1,0,0,0
BDKRUNTU,0,OHRRING2,0x00000002,0,0,0,0
L#2BDFF1,0,HELM09,0x00000000,0,0,0,0
L#2BDFF1,1,CHAN04,0x00000000,0,0,0,0
L#2BDFF1,2,SHLD01A,0x00000000,0,0,0,0
L#2BDFF1,3,SW1H04,0x00000000,0,0,0,0
L#2BDFF1,4,POTN08,0x00000000,0,2,0,0
L#2BDFF1,5,UNIFLAM,0x00000000,0,0,0,0
L#2BDFF1,6,DW#HASPT,0x00000000,0,0,0,0
L#2BDFF1,7,DW#RND12,0x00000000,0,0,0,0
L#2BDFF1,8,DW#RND26,0x00000000,0,0,0,0
L#2BDFF2,0,HELM09,0x00000008,1,0,0,0
L#2BDFF2,1,CHAN04,0x00000008,1,0,0,0
L#2BDFF2,2,SHLD01A,0x00000008,1,0,0,0
L#2BDFF2,3,SW1H04,0x00000008,1,0,0,0
L#2BDFF2,4,UNIFLAM,0x00000000,0,0,0,0
L#2BDFF2,5,POTN08,0x00000008,1,1,0,0
L#2BDFF2,6,DW#HASPT,0x00000000,0,0,0,0
L#2BDFF2,7,DW#RND12,0x00000000,0,0,0,0
L#2BDFF2,8,DW#RND26,0x00000000,0,0,0,0
L#2BRISL,0,L#GNLM1,0x00000009,1,0,0,0
L#2BRISL,1,PLAT10,0x00000001,0,0,0,0
L#2BRISL,2,BDRING06,0x00000001,0,0,0,0
L#2BRISL,3,BDBELT12,0x00000001,0,0,0,0
L#2BRISL,4,L#GNLH2,0x00000000,0,0,0,0
L#2BRISL,5,L#GNLS1,0x00000000,0,0,0,0
L#2BRISL,6,L#GNLF1,0x00000000,0,0,0,0
L#2BRISL,7,L#GNLS,0x0000000B,1,0,0,0
L#2BRISL,8,BULL02,0x00000001,0,80,0,0
L#2BRISL,9,BULL03,0x00000001,0,80,0,0
L#2BRISL,10,BULL01,0x00000000,0,100,0,0
L#2BRISL,11,POTN52,0x00000001,0,5,0,0
BDFINAL2,0,LEAT05,0x00000000,0,0,0,0
BDFINAL2,1,BDDAGG06,0x00000008,1,0,0,0
BDFINAL2,2,POTN52,0x00000000,0,1,0,0
BDFINAL2,3,POTN10,0x00000000,0,3,0,0
BDFINAL2,4,DW#HASPT,0x00000000,0,0,0,0
BDFINAL2,5,DW#RND12,0x00000000,0,0,0,0
BDFINAL2,6,DW#RND26,0x00000000,0,0,0,0
BDFINAL3,0,LEAT05,0x00000000,0,0,0,0
BDFINAL3,1,BDDAGG07,0x00000008,1,0,0,0
BDFINAL3,2,POTN52,0x00000000,0,1,0,0
BDFINAL3,3,DW#HASPT,0x00000000,0,0,0,0
BDFINAL3,4,DW#RND12,0x00000000,0,0,0,0
BDFINAL3,5,DW#RND26,0x00000000,0,0,0,0
BDFINAL3,6,DW#RND38,0x00000000,0,0,0,0
BDFINAL4,0,LEAT05,0x00000000,0,0,0,0
BDFINAL4,1,BDDAGG06,0x00000008,1,0,0,0
BDFINAL4,2,POTN52,0x00000000,0,1,0,0
BDFINAL4,3,POTN10,0x00000000,0,3,0,0
BDFINAL4,4,DW#HASPT,0x00000000,0,0,0,0
BDFINAL4,5,DW#RND12,0x00000000,0,0,0,0
BDFINAL4,6,DW#RND26,0x00000000,0,0,0,0
BDFINAL5,0,LEAT05,0x00000000,0,0,0,0
BDFINAL5,1,BDDAGG07,0x00000008,1,0,0,0
BDFINAL5,2,POTN52,0x00000000,0,1,0,0
BDFINAL5,3,DW#HASPT,0x00000000,0,0,0,0
BDFINAL5,4,DW#RND11,0x00000000,0,0,0,0
BDFINAL5,5,DW#RND26,0x00000000,0,0,0,0
BDFINAL5,6,DW#RND38,0x00000000,0,0,0,0
BDFINAL1,0,LEAT08,0x00000000,0,0,0,0
BDFINAL1,1,MINHP1,0x00000000,0,0,0,0
BDFINAL1,2,BDDAGG06,0x00000008,1,0,0,0
BDFINAL1,3,POTN52,0x00000000,0,1,0,0
BDFINAL1,4,DW#HASPT,0x00000000,0,0,0,0
BDFINAL1,5,DW#RND11,0x00000000,0,0,0,0
BDFINAL1,6,DW#RND26,0x00000000,0,0,0,0
BDFINAL1,7,DW#RND38,0x00000000,0,0,0,0
K#TELBGT,0,MINHP1,0x0000000A,1,0,0,0
K#TELBGT,1,RING09,0x0000000A,1,0,0,0
K#TELBGT,2,K#IMPORT,0x00000001,0,0,0,0
C02AKOKO,0,MINHP1,0x00000000,0,0,0,0
C02AKOKO,1,S1-3,0x0000000A,1,0,0,0
BDDRGGRY,0,BDIMMGAS,0x0000000A,1,0,0,0
BDDRGGRY,1,BDDRGGRY,0x0000000A,1,0,0,0
BDCULTX2,0,MFIST3,0x00000000,0,0,0,0
BDCULTX2,1,POTN08,0x00000000,0,0,0,0
BDCULTX2,2,DW#HASPT,0x00000000,0,0,0,0
BDCULTX2,3,DW#RND18,0x00000000,0,0,0,0
BDCULTX2,4,DW#RND31,0x00000000,0,0,0,0
BDSERVSU,0,IMMUNE1,0x00000000,0,0,0,0
BDSERVSU,1,MAGE01,0x00000000,0,0,0,0
BDSERVSU,2,B4-32M4,0x00000000,0,0,0,0
BDEPHRIK,0,CHAN04,0x00000000,0,0,0,0
BDEPHRIK,1,SHLD15A,0x00000000,0,0,0,0
BDEPHRIK,2,SW1H01,0x00000000,0,0,999,0
BDEPHRIK,3,UNIBBEG,0x0000000A,1,0,0,0
BDANGATH,0,WAND04,0x0000000A,1,20,0,0
BDANGATH,1,POTN52,0x0000000A,1,5,0,0
BDANGATH,2,DART03,0x0000000A,1,80,0,0
BDANGATH,3,STAF08_,0x0000000A,1,0,0,0
BDANGATH,4,MINHP1,0x0000000A,1,0,0,0
BDANGATH,5,BDRING07,0x0000000A,1,0,0,0
BDANGATH,6,CLCK15,0x0000000A,1,0,0,0
BDANGATH,7,DW#HASPT,0x00000000,0,0,0,0
BDANGATH,8,DW#RND38,0x00000000,0,0,0,0
BDFFWIZ,0,WAND04,0x0000000A,1,20,0,0
BDFFWIZ,1,POTN52,0x0000000A,1,5,0,0
BDFFWIZ,2,UNIFLAM,0x0000000A,1,0,0,0
BDFFWIZ,3,DART03,0x0000000A,1,80,0,0
BDFFWIZ,4,STAF08_,0x0000000A,1,0,0,0
BDFFWIZ,5,MINHP1,0x0000000A,1,0,0,0
BDFFWIZ,6,BDRING07,0x0000000A,1,0,0,0
BDFFWIZ,7,CLCK16,0x0000000A,1,0,0,0
BDFFWIZ,8,DW#HASPT,0x00000000,0,0,0,0
BDFFWIZ,9,DW#RND37,0x00000000,0,0,0,0
BDTSMESS,0,BDIOUN01,0x00000002,0,0,0,0
BDFISTM1,0,WAND04,0x00000000,0,10,0,0
BDFISTM1,1,POTN52,0x00000000,0,2,0,0
BDFISTM1,2,UNIFLAM,0x00000000,0,0,0,0
BDFISTM1,3,DART03,0x00000000,0,80,0,0
BDFISTM1,4,STAF02,0x00000000,0,0,0,0
BDFISTM1,5,MINHP1,0x00000000,0,0,0,0
BDFISTM1,6,BDRING06,0x00000000,0,0,0,0
BDFISTM1,7,CLCK14,0x00000000,0,0,0,0
BDFISTM1,8,DW#HASPT,0x00000000,0,0,0,0
BDSALF01,0,IMMUNE1,0x0000000A,1,0,0,0
BDSALF01,1,BDSALF01,0x0000000A,1,0,0,0
BDMEPF01,0,BDMEPSUT,0x0000000A,1,0,0,0
BDMEPF01,1,BDMEPSUF,0x00000000,0,0,0,0
BDELFIRL,0,FIREELEL,0x00000000,0,0,0,0
BDELFIRM,0,IMMUNE2,0x00000000,0,0,0,0
BDELFIRM,1,FIREELEM,0x00000000,0,0,0,0
BDELFIRG,0,IMMUNE2,0x00000000,0,0,0,0
BDELFIRG,1,FIREELEM,0x00000000,0,0,0,0
BDEFREET,0,B3-24,0x00000000,0,0,0,0
BDMYC01,0,BDPLANT,0x0000000A,1,0,0,0
BDMYC01,1,IPSION,0x0000000A,1,0,0,0
BDMYC01,2,B5-20M1,0x0000000A,1,0,0,0
BDMYCELD,0,BDPLANT,0x0000000A,1,0,0,0
BDMYCELD,1,IPSION,0x0000000A,1,0,0,0
BDMYCELD,2,B6-24M2,0x0000000A,1,0,0,0
BDMYCELD,3,BDMISC08,0x00000000,0,5,0,0
BDTSOLAK,0,VAMPREG,0x00000000,0,0,0,0
BDTSOLAK,1,IMMUNE1,0x00000000,0,0,0,0
BDTSOLAK,2,MONHP1,0x00000000,0,0,0,0
BDTSOLAK,3,BDBOOT04,0x00000000,0,0,0,0
BDTSOLAK,4,VAMP,0x00000000,0,0,0,0
BDTSOLAK,5,BDSCRL1,0x00000000,0,0,0,0
BDBFORT3,0,HELM01,0x00000000,0,0,0,0
BDBFORT3,1,LEAT04,0x00000000,0,0,0,0
BDBFORT3,2,BOW03,0x00000000,0,0,0,0
BDBFORT3,3,SW1H07,0x00000000,0,0,0,0
BDBFORT3,4,AROW01,0x00000000,0,80,0,0
BDBFORT3,5,DW#RND03,0x00000000,0,0,0,0
BDBFORT3,6,DW#RND12,0x00000000,0,0,0,0
BDBFORT3,7,DW#RND26,0x00000000,0,0,0,0
KHALID,0,SW1H04,0x00000000,0,0,0,0
KHALID,1,POTN08,0x00000000,0,0,0,0
KHALID,2,HELM01,0x00000000,0,0,0,0
KHALID,3,CHAN04,0x00000000,0,0,0,0
KHALID,4,SHLD03A,0x00000000,0,0,0,0
BDGASS4,0,DAGG01,0x0000000A,1,0,0,0
BDROWDY,0,RING10,0x00000000,0,0,0,0
BDFISTCX,0,HELM09,0x00000000,0,0,0,0
BDFISTCX,1,CHAN04,0x00000000,0,0,0,0
BDFISTCX,2,SHLD01A,0x00000000,0,0,0,0
BDFISTCX,3,SW1H04,0x00000000,0,0,0,0
BDFISTCX,4,POTN08,0x00000000,0,2,0,0
BDFISTCX,5,UNIFLAM,0x00000000,0,0,0,0
BDFISTCX,6,DW#HASPT,0x00000000,0,0,0,0
BDFISTCX,7,DW#RND11,0x00000000,0,0,0,0
BDFISTCX,8,DW#RND26,0x00000000,0,0,0,0
BDCAELAR,0,BDHELMCA,0x0000000B,1,0,0,0
BDCAELAR,1,BDCHANCA,0x0000000B,1,0,0,0
BDCAELAR,2,BDSHLDCA,0x0000000B,1,0,0,0
BDCAELAR,3,MINHP1,0x0000000A,1,0,0,0
BDCAELAR,4,BDBELT12,0x0000000B,1,0,0,0
BDCAELAR,5,BDSW1HCA,0x0000000B,1,0,0,0
BDCAELAR,6,BDFINCA1,0x0000000A,1,0,0,0
BDCAELAR,7,POTN52,0x0000000B,1,10,0,0
BDCAELAR,8,POTN28,0x0000000B,1,1,0,0
BDCAELAR,9,POTN34,0x0000000B,1,1,0,0
BDCAELAR,10,POTN11,0x0000000B,1,1,0,0
BDCAELAR,11,POTN10,0x0000000B,1,2,0,0
BDCUTID2,0,MAGE01,0x00000000,0,0,0,0
BDCUTID2,1,IMOENHP1,0x00000000,0,0,0,0
BDASHATI,0,BDERINYE,0x00000000,0,0,0,0
BDASHATI,1,CLCK14,0x00000000,0,0,0,0
BDASHATI,2,SHLD28A,0x00000000,0,0,0,0
BDASHATI,3,BDBRAC14,0x00000000,0,0,0,0
BDASHATI,4,BDRING09,0x00000000,0,0,0,0
BDASHATI,5,MINHP1,0x00000000,0,0,0,0
BDASHATI,6,BDBELT12,0x00000000,0,0,0,0
BDASHATI,7,DAGG05,0x00000008,1,20,0,0
BDASHATI,8,BLUN21,0x00000000,0,0,0,0
BDASHATI,9,CLCK01,0x00000000,0,0,0,0
BDASHATI,10,POTN52,0x00000000,0,2,0,0
BDASHATI,11,POTN35,0x00000000,0,1,0,0
BDASHATI,12,WAND06,0x00000000,0,5,0,0
BDASHATI,13,DW#HASPT,0x00000000,0,0,0,0
BDASHATI,14,DW#RND26,0x00000000,0,0,0,0
BDCCSOL1,0,HELM01,0x00000001,0,0,0,0
BDCCSOL1,1,CHAN02,0x00000009,1,0,0,0
BDCCSOL1,2,SW1H05,0x00000009,1,0,0,0
BDCCSOL1,3,SW1H05,0x0000000B,1,1,0,0
BDCCSOL1,4,POTN08,0x00000009,1,2,0,0
BDCCSOL1,5,UNICAEL,0x00000000,0,0,0,0
BDCCSOL1,6,DW#HASPT,0x00000000,0,0,0,0
BDCCSOL1,7,DW#RND12,0x00000000,0,0,0,0
BDCCSOL1,8,DW#RND25,0x00000000,0,0,0,0
BDCCSOL2,0,LEAT10,0x00000009,1,0,0,0
BDCCSOL2,1,BLUN01,0x00000009,1,1,0,0
BDCCSOL2,2,UNICAEL,0x00000000,0,0,0,0
BDCCSOL2,3,DW#RND03,0x00000000,0,0,0,0
BDCCSOL2,4,DW#RND12,0x00000000,0,0,0,0
BDCCSOL2,5,DW#RND26,0x00000000,0,0,0,0
BDCCSOL3,0,HELM01,0x00000001,0,0,0,0
BDCCSOL3,1,CHAN02,0x00000009,1,0,0,0
BDCCSOL3,2,AX1H01,0x00000009,1,1,999,0
BDCCSOL3,3,UNICAEL,0x00000000,0,0,0,0
BDCCSOL3,4,SHLD01A,0x00000008,1,0,0,0
BDCCSOL3,5,AX1H04,0x00000008,1,5,0,0
BDCCSOL3,6,DW#RND03,0x00000000,0,0,0,0
BDCCSOL3,7,DW#RND11,0x00000000,0,0,0,0
BDCCSOL3,8,DW#RND26,0x00000000,0,0,0,0
BDCCSOL4,0,UNICAEL2,0x00000000,0,0,0,0
BDCCSOL4,1,DW#RND03,0x00000000,0,0,0,0
BDCCSOL4,2,DW#RND18,0x00000000,0,0,0,0
BDCCSOL4,3,DW#RND31,0x00000000,0,0,0,0
BDCCSOL5,0,LEAT02,0x00000009,1,0,0,0
BDCCSOL5,1,SPER01,0x00000009,1,1,0,0
BDCCSOL5,2,UNICAEL,0x00000000,0,0,0,0
BDCCSOL5,3,DW#RND04,0x00000000,0,0,0,0
BDCCREC1,0,LEAT02,0x00000009,1,0,0,0
BDCCREC1,1,SW1H20,0x00000009,1,1,0,0
BDCCREC1,2,UNICAEL,0x00000000,0,0,0,0
BDCCREC1,3,DW#RND04,0x00000000,0,0,0,0
BDCCREC1,4,DW#RND18,0x00000000,0,0,0,0
BDCCREC1,5,DW#RND38,0x00000000,0,0,0,0
BDCCREC2,0,LEAT04,0x00000009,1,0,0,0
BDCCREC2,1,DAGG02,0x00000008,1,1,0,0
BDCCREC2,2,DAGG02,0x00000008,1,1,0,0
BDCCREC2,3,UNICAEL,0x00000000,0,0,0,0
BDCCREC2,4,DW#RND04,0x00000000,0,0,0,0
BDCCREC2,5,DW#RND17,0x00000000,0,0,0,0
BDCCREC2,6,DW#RND38,0x00000000,0,0,0,0
BDCCREC3,0,HELM01,0x00000009,1,0,0,0
BDCCREC3,1,LEAT01,0x00000009,1,0,0,0
BDCCREC3,2,SHLD04A,0x00000008,1,0,0,0
BDCCREC3,3,SW1H07,0x00000009,1,1,0,0
BDCCREC3,4,UNICAEL,0x00000000,0,0,0,0
BDCCREC3,5,DW#RND04,0x00000000,0,0,0,0
BDCCREC3,6,DW#RND12,0x00000000,0,0,0,0
BDCCREC3,7,DW#RND26,0x00000000,0,0,0,0
BDCCMAG1,0,UNICAEL,0x00000000,0,0,0,0
BDCCMAG1,1,POTN08,0x00000009,1,2,0,0
BDCCMAG1,2,STAF02,0x00000009,1,1,0,0
BDCCMAG1,3,CLCK13,0x00000008,1,0,0,0
BDCCMAG1,4,DW#HASPT,0x00000000,0,0,0,0
BDCCMAG1,5,DW#RND38,0x00000000,0,0,0,0
BDCCMAG2,0,UNICAEL,0x00000000,0,0,0,0
BDCCMAG2,1,DART01,0x00000009,1,38,0,0
BDCCMAG2,2,CLCK14,0x00000008,1,0,0,0
BDCCMAG2,3,DW#RND04,0x00000000,0,0,0,0
BDCCOFF1,0,HELM01,0x00000009,1,0,0,0
BDCCOFF1,1,PLAT01,0x00000009,1,0,0,0
BDCCOFF1,2,SHLD15A,0x00000009,1,0,0,0
BDCCOFF1,3,AX1H02,0x00000008,1,1,999,0
BDCCOFF1,4,POTN08,0x00000009,1,5,0,0
BDCCOFF1,5,UNICAEL2,0x00000000,0,0,0,0
BDCCOFF1,6,DW#HASPT,0x00000000,0,0,0,0
BDCCOFF1,7,DW#RND12,0x00000000,0,0,0,0
BDCCOFF1,8,DW#RND26,0x00000000,0,0,0,0
BDCCOFF2,0,HELM01,0x00000009,1,0,0,0
BDCCOFF2,1,PLAT01,0x00000008,1,0,0,0
BDCCOFF2,2,HALB02,0x00000008,1,1,0,0
BDCCOFF2,3,POTN08,0x00000009,1,5,0,0
BDCCOFF2,4,UNICAEL2,0x00000000,0,0,0,0
BDCCOFF2,5,DW#HASPT,0x00000000,0,0,0,0
BDCCOFF2,6,DW#RND12,0x00000000,0,0,0,0
BDCCOFF2,7,DW#RND25,0x00000000,0,0,0,0
BDCCARC1,0,HELM01,0x00000009,1,0,0,0
BDCCARC1,1,LEAT05,0x00000008,1,0,0,0
BDCCARC1,2,BOW03,0x00000009,1,1,0,0
BDCCARC1,3,SW1H05,0x0000000B,1,1,0,0
BDCCARC1,4,AROW01,0x00000009,1,60,0,0
BDCCARC1,5,POTN08,0x00000009,1,2,0,0
BDCCARC1,6,UNICAEL;,0x00000000,0,0,0,0
BDCCARC1,7,DW#HASPT,0x00000000,0,0,0,0
BDCCARC1,8,DW#RND12,0x00000000,0,0,0,0
BDCCARC1,9,DW#RND26,0x00000000,0,0,0,0
BDCCCLE1,0,HELM01,0x00000009,1,0,0,0
BDCCCLE1,1,CHAN02,0x00000009,1,0,0,0
BDCCCLE1,2,SHLD08A,0x00000009,1,0,0,0
BDCCCLE1,3,SLNG01,0x00000009,1,1,0,0
BDCCCLE1,4,BULL02,0x00000009,1,40,0,0
BDCCCLE1,5,POTN08,0x00000009,1,5,0,0
BDCCCLE1,6,UNICAEL,0x00000000,0,0,0,0
BDCCCLE1,7,DW#HASPT,0x00000000,0,0,0,0
BDFSCOUT,0,HELM09,0x00000008,1,0,0,0
BDFSCOUT,1,CHAN04,0x00000008,1,0,0,0
BDFSCOUT,2,XBOW04,0x00000008,1,0,0,0
BDFSCOUT,3,SW1H07,0x00000008,1,0,0,0
BDFSCOUT,4,BOLT01,0x00000000,0,20,0,0
BDFSCOUT,5,POTN08,0x00000000,0,1,0,0
BDFSCOUT,6,UNIFLAM,0x00000000,0,0,0,0
BDFSCOUT,7,DW#HASPT,0x00000000,0,0,0,0
BDFSCOUT,8,DW#RND12,0x00000000,0,0,0,0
BDFSCOUT,9,DW#RND25,0x00000000,0,0,0,0
BDFSCOU2,0,HELM09,0x00000008,1,0,0,0
BDFSCOU2,1,PLAT01,0x00000008,1,0,0,0
BDFSCOU2,2,POTN08,0x00000000,0,1,0,0
BDFSCOU2,3,UNIFLAM,0x00000000,0,0,0,0
BDFSCOU2,4,SW1H04,0x00000008,1,0,0,0
BDFSCOU2,5,SHLD01A,0x00000008,1,0,0,0
BDFSCOU2,6,DW#HASPT,0x00000000,0,0,0,0
BDFSCOU2,7,DW#RND12,0x00000000,0,0,0,0
BDFSCOU2,8,DW#RND26,0x00000000,0,0,0,0
BDBGOBG1,0,BDSPIRIM,0x0000000A,1,0,0,0
BDBGOBG1,1,IPSION,0x0000000A,1,0,0,0
BDBGOBG1,2,AX1H02,0x0000000A,1,0,999,0
BDBGOBG1,3,0,0x00000002,0,0,0,0
BDBGOBG2,0,BDSPIRIM,0x0000000A,1,0,0,0
BDBGOBG2,1,IPSION,0x0000000A,1,0,0,0
BDBGOBG2,2,BDGOGH01,0x0000000A,1,0,0,0
BDBGOBG3,0,BDSPIRIM,0x0000000A,1,0,0,0
BDBGOBG3,1,IPSION,0x0000000A,1,0,0,0
BDBGOBG3,2,AX1H02,0x0000000A,1,0,999,0
BDBGOBG3,3,0,0x00000002,0,0,0,0
BDHEPH2,0,RING07,0x00000000,0,0,0,0
BDHEPH2,1,MINHP1,0x00000000,0,0,0,0
BDHEPH2,2,BLUN15,0x00000000,0,0,0,0
BDHEPH2,3,WAND11,0x00000000,0,20,0,0
BDHEPH2,4,POTN52,0x00000000,0,2,0,0
BDHEPH2,5,DW#HASPT,0x00000000,0,0,0,0
BDHEPH2,6,DW#RND20,0x00000000,0,0,0,0
BDMERCCR,0,HELM01,0x00000009,1,0,0,0
BDMERCCR,1,CHAN04,0x00000009,1,0,0,0
BDMERCCR,2,SW1H07,0x00000008,1,0,0,0
BDMERCCR,3,POTN08,0x00000000,0,1,0,0
BDMERCCR,4,SHLD01A,0x00000008,1,0,0,0
BDMERCCR,5,UNICAEL,0x00000000,0,0,0,0
BDMERCCR,6,DW#HASPT,0x00000000,0,0,0,0
BDMERCCR,7,DW#RND12,0x00000000,0,0,0,0
BDMERCCR,8,DW#RND26,0x00000000,0,0,0,0
BDGARFOU,0,BDRINGGH,0x00000000,0,0,0,0
BDGARFOU,1,MINHP1,0x00000000,0,0,0,0
BDGARFOU,2,AX1H01,0x00000008,1,0,999,0
BDDMAKGR,0,BDRINGGH,0x00000000,0,0,0,0
BDDMAKGR,1,MINHP1,0x00000000,0,0,0,0
BDDMAKGR,2,AX1H01,0x00000008,1,0,999,0
BDSOTDAR,0,BDRINGGH,0x00000000,0,0,0,0
BDSOTDAR,1,MINHP1,0x00000000,0,0,0,0
BDSOTDAR,2,AX1H01,0x00000008,1,0,999,0
BDRGOSZ,0,BDRINGGH,0x00000000,0,0,0,0
BDRGOSZ,1,MINHP1,0x00000000,0,0,0,0
BDRGOSZ,2,AX1H01,0x00000008,1,0,999,0
BDADOY,0,NEBELT01,0x00000000,0,0,0,0
BDADOY,1,MINHP1,0x0000000A,1,0,0,0
BDADOY,2,BDRINGGH,0x00000000,0,0,0,0
BDCRUW45,0,WAND02,0x00000000,0,6,0,0
BDCRUW45,1,POTN52,0x00000000,0,1,0,0
BDCRUW45,2,UNICAEL2,0x00000000,0,0,0,0
BDCRUW45,3,BULL02,0x00000000,0,20,0,0
BDCRUW45,4,SLNG01,0x00000008,1,0,0,0
BDCRUW45,5,STAF01,0x00000009,1,0,0,0
BDCRUW45,6,DW#HASPT,0x00000000,0,0,0,0
BDDOSIA1,0,STAF01,0x00000008,1,0,0,0
BDDOSIA1,1,SLNG01,0x00000008,1,0,0,0
BDDOSIA1,2,BULL02,0x00000000,0,40,0,0
BDDOSIA1,3,BULL02,0x00000000,0,40,0,0
BDDOSIA1,4,UNIDAGG,0x00000000,0,0,0,0
BDDOSIA1,5,POTN52,0x00000000,0,2,0,0
BDDOSIA1,6,DW#HASPT,0x00000000,0,0,0,0
BDWAVE11,0,TROLL01,0x00000000,0,0,0,0
BDWAVE11,1,TROLLBOO,0x00000000,0,0,0,0
BDWAVE11,2,TROLLIMM,0x00000000,0,0,0,0
BDWAVE11,3,TROLLREG,0x00000000,0,0,0,0
BDWAVE15,0,SW2H01,0x00000008,1,0,0,0
BDWAVE15,1,POTN08,0x00000000,0,1,0,0
BDWAVE15,2,LEAT10,0x00000008,1,0,0,0
BDWAVE15,3,DW#HASPT,0x00000000,0,0,0,0
BDWAVE15,4,DW#RND12,0x00000000,0,0,0,0
BDWAVE15,5,DW#RND25,0x00000000,0,0,0,0
BDWAVE14,0,BDHELM03,0x00000008,1,0,0,0
BDWAVE14,1,LEAT04,0x00000008,1,0,0,0
BDWAVE14,2,SHLD01A,0x00000008,1,0,0,0
BDWAVE14,3,AX1H01,0x00000008,1,0,999,0
BDWAVE14,4,AX1H04,0x00000000,0,10,0,0
BDWAVE14,5,POTN08,0x00000000,0,1,0,0
BDWAVE14,6,DW#HASPT,0x00000000,0,0,0,0
BDWAVE14,7,DW#RND12,0x00000000,0,0,0,0
BDWAVE14,8,DW#RND26,0x00000000,0,0,0,0
BDWAVE12,0,LEAT10,0x00000000,0,0,0,0
BDWAVE12,1,AX1H01,0x00000000,0,1,999,0
BDWAVE12,2,POTN08,0x00000000,0,1,0,0
BDWAVE13,0,HELMNOAN,0x00000000,0,0,0,0
BDWAVE13,1,BLUN06,0x00000000,0,0,0,0
BDWAVE13,2,UNICHILL,0x00000000,0,0,0,0
BDWAVE16,0,UNICHILL,0x00000000,0,0,0,0
BDWAVE16,1,SW1H43,0x00000000,0,0,999,0
BDWAVE16,2,HELMNOAN,0x00000000,0,0,0,0
BDYAROK,0,HELMNOAN,0x00000000,0,0,0,0
BDYAROK,1,BLUN07,0x00000008,1,0,0,0
BDYAROK,2,POTN52,0x00000000,0,1,0,0
BDYAROK,3,BDLEAT01,0x00000000,0,0,0,0
BDCRUW48,0,DAGG05,0x00000000,0,20,0,0
BDCRUW48,1,POTN08,0x00000000,0,1,0,0
BDCRUW48,2,UNICAEL,0x00000000,0,0,0,0
BDCRUW48,3,STAF01,0x00000009,1,0,0,0
BDCRUW48,4,DW#HASPT,0x00000000,0,0,0,0
BDCRUW48,5,DW#RND38,0x00000000,0,0,0,0
BDCRUW49,0,DART03,0x00000000,0,20,0,0
BDCRUW49,1,POTN08,0x00000000,0,1,0,0
BDCRUW49,2,UNICAEL,0x00000000,0,0,0,0
BDCRUW49,3,DAGG01,0x00000009,1,0,0,0
BDCRUW49,4,DW#HASPT,0x00000000,0,0,0,0
BDCRUC49,0,HELM01,0x00000008,1,0,0,0
BDCRUC49,1,LEAT04,0x00000008,1,0,0,0
BDCRUC49,2,SHLD13A,0x00000008,1,0,0,0
BDCRUC49,3,BLUN05,0x00000009,1,0,0,0
BDCRUC49,4,SLNG01,0x00000008,1,0,0,0
BDCRUC49,5,BULL02,0x00000000,0,40,0,0
BDCRUC49,6,POTN08,0x00000000,0,1,0,0
BDCRUC49,7,UNICAEL2,0x00000000,0,0,0,0
BDCRUC49,8,DW#HASPT,0x00000000,0,0,0,0
BDCRUS47,0,HELM01,0x00000008,1,0,0,0
BDCRUS47,1,LEAT04,0x00000008,1,0,0,0
BDCRUS47,2,XBOW04,0x00000008,1,0,0,0
BDCRUS47,3,DAGG01,0x00000008,1,0,0,0
BDCRUS47,4,BOLT01,0x00000000,0,40,0,0
BDCRUS47,5,UNICAEL,0x00000000,0,0,0,0
BDCRUS47,6,POTN08,0x00000000,0,1,0,0
BDCRUS47,7,DW#HASPT,0x00000000,0,0,0,0
BDCRUS47,8,DW#RND12,0x00000000,0,0,0,0
BDCRUS47,9,DW#RND26,0x00000000,0,0,0,0
BDCRUE46,0,HELM01,0x00000008,1,0,0,0
BDCRUE46,1,CHAN04,0x00000008,1,0,0,0
BDCRUE46,2,BOW02,0x00000009,1,0,0,0
BDCRUE46,3,SW1H07,0x00000008,1,0,0,0
BDCRUE46,4,AROW10,0x00000000,0,40,0,0
BDCRUE46,5,UNICAEL2,0x00000000,0,0,0,0
BDCRUE46,6,POTN52,0x00000000,0,1,0,0
BDCRUE46,7,DW#HASPT,0x00000000,0,0,0,0
BDCRUE46,8,DW#RND12,0x00000000,0,0,0,0
BDCRUE46,9,DW#RND26,0x00000000,0,0,0,0
BDCRUX41,0,HELM01,0x00000008,1,0,0,0
BDCRUX41,1,PLAT01,0x00000008,1,0,0,0
BDCRUX41,2,SHLD03A,0x00000008,1,0,0,0
BDCRUX41,3,SW1H01,0x00000008,1,0,999,0
BDCRUX41,4,POTN52,0x00000000,0,1,0,0
BDCRUX41,5,UNICAEL,0x00000000,0,0,0,0
BDCRUX41,6,DW#HASPT,0x00000000,0,0,0,0
BDCRUX41,7,DW#RND11,0x00000000,0,0,0,0
BDCRUX41,8,DW#RND26,0x00000000,0,0,0,0
BDCRUX40,0,HELM01,0x00000008,1,0,0,0
BDCRUX40,1,PLAT01,0x00000008,1,0,0,0
BDCRUX40,2,SW2H01,0x00000008,1,0,0,0
BDCRUX40,3,POTN08,0x00000000,0,1,0,0
BDCRUX40,4,UNICAEL,0x00000000,0,0,0,0
BDCRUX40,5,DW#HASPT,0x00000000,0,0,0,0
BDCRUX40,6,DW#RND11,0x00000000,0,0,0,0
BDCRUX40,7,DW#RND25,0x00000000,0,0,0,0
BDCRUS53,0,HELM01,0x00000008,1,0,0,0
BDCRUS53,1,CHAN04,0x00000008,1,0,0,0
BDCRUS53,2,SHLD03A,0x00000008,1,0,0,0
BDCRUS53,3,BLUN02,0x00000008,1,0,0,0
BDCRUS53,4,UNICAEL,0x00000000,0,0,0,0
BDCRUS53,5,POTN08,0x00000000,0,1,0,0
BDCRUS53,6,DW#HASPT,0x00000000,0,0,0,0
BDCRUS53,7,DW#RND12,0x00000000,0,0,0,0
BDCRUS53,8,DW#RND26,0x00000000,0,0,0,0
BDCRUE42,0,HELM01,0x00000008,1,0,0,0
BDCRUE42,1,CHAN04,0x00000008,1,0,0,0
BDCRUE42,2,SW2H02,0x00000008,1,0,0,0
BDCRUE42,3,UNICAEL2,0x00000000,0,0,0,0
BDCRUE42,4,POTN52,0x00000000,0,1,0,0
BDCRUE42,5,DW#HASPT,0x00000000,0,0,0,0
BDCRUE42,6,DW#RND12,0x00000000,0,0,0,0
BDCRUE42,7,DW#RND26,0x00000000,0,0,0,0
BDGNARG,0,HELMNOAN,0x00000000,0,0,0,0
BDGNARG,1,SW2H11,0x00000002,0,0,0,0
BDGNARG,2,POTN11,0x00000000,0,1,0,0
BDGNARG,3,POTN52,0x00000000,0,2,0,0
BDGNARG1,0,LEAT10,0x00000008,1,0,0,0
BDGNARG1,1,AX1H02,0x00000008,1,1,999,0
BDGNARG1,2,UNICHILL,0x00000000,0,0,0,0
BDGNARG1,3,POTN52,0x00000000,0,1,0,0
BDGNARG2,0,LEAT10,0x00000008,1,0,0,0
BDGNARG2,1,BOW03,0x00000008,1,1,0,0
BDGNARG2,2,AX1H01,0x00000008,1,0,999,0
BDGNARG2,3,AROW02,0x00000000,0,40,0,0
BDGNARG2,4,UNICHILL,0x00000000,0,0,0,0
BDGNARG2,5,POTN08,0x00000000,0,1,0,0
BDGNARG5,0,LEAT10,0x00000008,1,0,0,0
BDGNARG5,1,STAF01,0x00000008,1,1,0,0
BDGNARG5,2,SLNG01,0x00000008,1,0,0,0
BDGNARG5,3,BULL02,0x00000000,0,20,0,0
BDGNARG5,4,UNICHILL,0x00000000,0,0,0,0
BDGNARG5,5,POTN52,0x00000000,0,1,0,0
BDGNARG5,6,WAND11,0x00000008,1,2,0,0
BDTOLIKS,0,TROLL01,0x00000000,0,0,0,0
BDTOLIKS,1,TROLLBOO,0x00000000,0,0,0,0
BDTOLIKS,2,TROLLIMM,0x00000000,0,0,0,0
BDTOLIKS,3,TROLLREG,0x00000000,0,0,0,0
BDTHRUDD,0,TROLL01,0x00000000,0,0,0,0
BDTHRUDD,1,TROLLBOO,0x00000000,0,0,0,0
BDTHRUDD,2,TROLLIMM,0x00000000,0,0,0,0
BDTHRUDD,3,TROLLREG,0x00000000,0,0,0,0
BDMORRUK,0,TROLL01,0x00000000,0,0,0,0
BDMORRUK,1,TROLLBOO,0x00000000,0,0,0,0
BDMORRUK,2,TROLLIMM,0x00000000,0,0,0,0
BDMORRUK,3,TROLLREG,0x00000000,0,0,0,0
BDGNARG3,0,LEAT10,0x00000008,1,0,0,0
BDGNARG3,1,AX1H02,0x00000008,1,1,999,0
BDGNARG3,2,UNICHILL,0x00000000,0,0,0,0
BDGNARG3,3,POTN52,0x00000000,0,1,0,0
BDGNARG4,0,LEAT10,0x00000008,1,0,0,0
BDGNARG4,1,STAF01,0x00000008,1,1,0,0
BDGNARG4,2,SLNG01,0x00000008,1,0,0,0
BDGNARG4,3,BULL02,0x00000000,0,20,0,0
BDGNARG4,4,UNICHILL,0x00000000,0,0,0,0
BDGNARG4,5,POTN08,0x00000000,0,1,0,0
BDCRUS51,0,HELM01,0x00000008,1,0,0,0
BDCRUS51,1,LEAT04,0x00000008,1,0,0,0
BDCRUS51,2,SLNG01,0x00000008,1,0,0,0
BDCRUS51,3,DAGG01,0x00000008,1,0,0,0
BDCRUS51,4,BULL01,0x00000000,0,20,0,0
BDCRUS51,5,UNICAEL,0x00000000,0,0,0,0
BDCRUS51,6,POTN08,0x00000000,0,1,0,0
BDCRUS51,7,DW#HASPT,0x00000000,0,0,0,0
BDCRUS51,8,DW#RND12,0x00000000,0,0,0,0
BDCRUS51,9,DW#RND26,0x00000000,0,0,0,0
BDCRUS46,0,HELM01,0x00000008,1,0,0,0
BDCRUS46,1,LEAT04,0x00000008,1,0,0,0
BDCRUS46,2,BOW03,0x00000008,1,0,0,0
BDCRUS46,3,SW1H07,0x00000008,1,0,0,0
BDCRUS46,4,AROW01,0x00000000,0,40,0,0
BDCRUS46,5,UNICAEL,0x00000000,0,0,0,0
BDCRUS46,6,POTN08,0x00000000,0,0,0,0
BDCRUS46,7,DW#HASPT,0x00000000,0,0,0,0
BDCRUS46,8,DW#RND12,0x00000000,0,0,0,0
BDCRUS46,9,DW#RND26,0x00000000,0,0,0,0
BDCRUE44,0,HELM01,0x00000008,1,0,0,0
BDCRUE44,1,CHAN04,0x00000008,1,0,0,0
BDCRUE44,2,XBOW02,0x00000008,1,0,0,0
BDCRUE44,3,DAGG01,0x00000008,1,0,0,0
BDCRUE44,4,BOLT04,0x00000000,0,40,0,0
BDCRUE44,5,BOLT02,0x00000000,0,40,0,0
BDCRUE44,6,UNICAEL2,0x00000000,0,0,0,0
BDCRUE44,7,POTN52,0x00000000,0,1,0,0
BDCRUE44,8,DW#HASPT,0x00000000,0,0,0,0
BDCRUE44,9,DW#RND12,0x00000000,0,0,0,0
BDCRUE44,10,DW#RND26,0x00000000,0,0,0,0
BDCRUS52,0,HELM01,0x00000008,1,0,0,0
BDCRUS52,1,LEAT04,0x00000008,1,0,0,0
BDCRUS52,2,BOW03,0x00000008,1,0,0,0
BDCRUS52,3,UNICAEL,0x00000000,0,0,0,0
BDCRUS52,4,POTN08,0x00000000,0,1,0,0
BDCRUS52,5,SW1H07,0x00000008,1,0,0,0
BDCRUS52,6,AROW02,0x00000000,0,20,0,0
BDCRUS52,7,DW#HASPT,0x00000000,0,0,0,0
BDCRUS52,8,DW#RND12,0x00000000,0,0,0,0
BDCRUS52,9,DW#RND26,0x00000000,0,0,0,0
BDTRIST2,0,HELM09,0x00000008,1,0,0,0
BDTRIST2,1,PLAT04,0x00000008,1,0,0,0
BDTRIST2,2,SHLD04,0x00000008,1,0,0,0
BDTRIST2,3,BDRING06,0x00000000,0,0,0,0
BDTRIST2,4,SW1H41,0x00000008,1,0,0,0
BDTRIST2,5,POTN52,0x00000000,0,2,0,0
BDTRIST2,6,POTN11,0x00000000,0,1,0,0
BDTRIST2,7,DW#HASPT,0x00000000,0,0,0,0
BDTRIST2,8,DW#RND28,0x00000000,0,0,0,0
BDCRUC45,0,HELM01,0x00000008,1,0,0,0
BDCRUC45,1,PLAT01,0x00000008,1,0,0,0
BDCRUC45,2,SHLD05A,0x00000008,1,0,0,0
BDCRUC45,3,HAMM02,0x00000009,1,0,0,0
BDCRUC45,4,UNICAEL2,0x00000000,0,0,0,0
BDCRUC45,5,POTN52,0x00000000,0,1,0,0
BDCRUC45,6,DW#HASPT,0x00000000,0,0,0,0
BDCRUS49,0,HELM01,0x00000008,1,0,0,0
BDCRUS49,1,CHAN04,0x00000008,1,0,0,0
BDCRUS49,2,SPER01,0x00000008,1,0,0,0
BDCRUS49,3,UNICAEL,0x00000000,0,0,0,0
BDCRUS49,4,POTN08,0x00000000,0,1,0,0
BDCRUS49,5,DW#HASPT,0x00000000,0,0,0,0
BDCRUS49,6,DW#RND12,0x00000000,0,0,0,0
BDCRUS49,7,DW#RND26,0x00000000,0,0,0,0
BDCRUS48,0,HELM01,0x00000008,1,0,0,0
BDCRUS48,1,CHAN04,0x00000008,1,0,0,0
BDCRUS48,2,SHLD05A,0x00000008,1,0,0,0
BDCRUS48,3,SW1H04,0x00000008,1,0,0,0
BDCRUS48,4,POTN08,0x00000000,0,1,0,0
BDCRUS48,5,UNICAEL,0x00000000,0,0,0,0
BDCRUS48,6,DW#HASPT,0x00000000,0,0,0,0
BDCRUS48,7,DW#RND12,0x00000000,0,0,0,0
BDCRUS48,8,DW#RND25,0x00000000,0,0,0,0
BDDSARC4,0,LEAT04,0x00000008,1,0,0,0
BDDSARC4,1,BOW03,0x00000008,1,0,0,0
BDDSARC4,2,SW1H07,0x00000008,1,0,0,0
BDDSARC4,3,AROW01,0x00000000,0,40,0,0
BDDSARC4,4,POTN08,0x00000000,0,1,0,0
BDDSARC4,5,UNICHILL,0x00000000,0,0,0,0
BDDSARC4,6,HELM01,0x00000008,1,0,0,0
BDDSARC2,0,HELM01,0x00000008,1,0,0,0
BDDSARC2,1,CHAN01,0x00000008,1,0,0,0
BDDSARC2,2,XBOW01,0x00000008,1,0,0,0
BDDSARC2,3,HAMM01,0x00000008,1,0,0,0
BDDSARC2,4,BOLT01,0x00000000,0,40,0,0
BDDSARC2,5,UNICAEL,0x00000000,0,0,0,0
BDDSARC2,6,POTN08,0x00000000,0,1,0,0
BDDSARC2,7,DW#HASPT,0x00000000,0,0,0,0
BDDSARC2,8,DW#RND12,0x00000000,0,0,0,0
BDDSARC2,9,DW#RND26,0x00000000,0,0,0,0
BDDSARC3,0,LEAT04,0x00000008,1,0,0,0
BDDSARC3,1,BOW03,0x00000008,1,0,0,0
BDDSARC3,2,DAGG01,0x00000008,1,0,0,0
BDDSARC3,3,AROW01,0x00000000,0,40,0,0
BDDSARC3,4,UNICAEL,0x00000000,0,0,0,0
BDDSARC3,5,POTN08,0x00000000,0,1,0,0
BDDSARC3,6,DW#HASPT,0x00000000,0,0,0,0
BDDSARC3,7,DW#RND12,0x00000000,0,0,0,0
BDDSARC3,8,DW#RND26,0x00000000,0,0,0,0
BDDSARCH,0,HELM01,0x00000008,1,0,0,0
BDDSARCH,1,CHAN05,0x00000000,0,0,0,0
BDDSARCH,2,BOW02,0x00000000,0,0,0,0
BDDSARCH,3,SW1H04,0x00000000,0,0,0,0
BDDSARCH,4,AROW02,0x00000000,0,40,0,0
BDDSARCH,5,UNICAEL,0x00000000,0,0,0,0
BDDSARCH,6,POTN52,0x00000000,0,1,0,0
BDDSARCH,7,DW#HASPT,0x00000000,0,0,0,0
BDDSARCH,8,DW#RND11,0x00000000,0,0,0,0
BDDSARCH,9,DW#RND26,0x00000000,0,0,0,0
BDCHAL01,0,HELMNOAN,0x00000008,1,0,0,0
BDCHAL01,1,CHAN04,0x00000008,1,0,0,0
BDCHAL01,2,AX1H11,0x00000000,0,0,999,0
BDCHAL01,3,POTN52,0x00000000,0,2,0,0
BDCHAL01,4,POTN09,0x00000000,0,1,0,0
BDCHAL02,0,HELMNOAN,0x00000000,0,0,0,0
BDCHAL02,1,PLAT10,0x00000008,1,0,0,0
BDCHAL02,2,SW1H05,0x00000008,1,0,0,0
BDCHAL02,3,SW1H41,0x00000000,0,0,0,0
BDCHAL02,4,POTN52,0x00000000,0,1,0,0
BDCHAL02,5,POTN11,0x00000000,0,1,0,0
BDCHAL02,6,DW#HASPT,0x00000000,0,0,0,0
BDCHAL02,7,DW#RND28,0x00000000,0,0,0,0
BDCHAL03,0,HELM01,0x00000008,1,0,0,0
BDCHAL03,1,PLAT01,0x00000008,1,0,0,0
BDCHAL03,2,SHLD04A,0x00000008,1,0,0,0
BDCHAL03,3,BLUN07,0x00000000,0,0,0,0
BDCHAL03,4,SLNG02,0x00000000,0,0,0,0
BDCHAL03,5,BULL03,0x00000000,0,40,0,0
BDCHAL03,6,POTN52,0x00000000,0,2,0,0
BDCHAL03,7,WAND11,0x00000000,0,4,0,0
BDCHAL03,8,DW#HASPT,0x00000000,0,0,0,0
BDCHAL04,0,WAND06,0x00000000,0,5,0,0
BDCHAL04,1,POTN52,0x00000000,0,1,0,0
BDCHAL04,2,DART03,0x00000000,0,40,0,0
BDCHAL04,3,STAF02,0x00000008,1,0,0,0
BDCHAL04,4,CLCK12,0x00000008,1,0,0,0
BDCHAL04,5,DW#HASPT,0x00000000,0,0,0,0
BDCHAL05,0,HELMNOAN,0x00000008,1,0,0,0
BDCHAL05,1,BDBRAC13,0x00000000,0,0,0,0
BDCHAL05,2,BDAMUL24,0x00000000,0,0,0,0
BDCHAL05,3,DAGG15,0x00000000,0,0,0,0
BDCHAL05,4,DART03,0x00000000,0,40,0,0
BDCHAL05,5,POTN52,0x00000000,0,1,0,0
BDCHAL05,6,POTN10,0x00000000,0,5,0,0
BDCHAL05,7,DW#HASPT,0x00000000,0,0,0,0
BDCHAL05,8,DW#RND12,0x00000000,0,0,0,0
BDCHAL05,9,DW#RND26,0x00000000,0,0,0,0
BDCHAL06,0,HELM01,0x00000008,1,0,0,0
BDCHAL06,1,PLAT01,0x00000008,1,0,0,0
BDCHAL06,2,XBOW07,0x00000000,0,0,0,0
BDCHAL06,3,HAMM02,0x00000008,1,0,0,0
BDCHAL06,4,BOLT03,0x00000000,0,20,0,0
BDCHAL06,5,BOLT06,0x00000000,0,20,0,0
BDCHAL06,6,POTN52,0x00000000,0,2,0,0
BDCHAL06,7,POTN21,0x00000000,0,1,0,0
BDCHAL06,8,DW#HASPT,0x00000000,0,0,0,0
BDCHAL06,9,DW#RND14,0x00000000,0,0,0,0
BDCHAL06,10,DW#RND28,0x00000000,0,0,0,0
BDBARGH2,0,HELMNOAN,0x00000000,0,0,0,0
BDBARGH2,1,PLAT04,0x00000000,0,0,0,0
BDBARGH2,2,SHLD06,0x00000000,0,0,0,0
BDBARGH2,3,BDAX1H03,0x00000000,0,0,999,0
BDBARGH2,4,UNIBARGH,0x00000000,0,0,0,0
BDBARGH2,5,POTN52,0x00000000,0,3,0,0
BDBARGH2,6,POTN41,0x00000000,0,1,0,0
BDBARGH2,7,DW#HASPT,0x00000000,0,0,0,0
BDBARGH2,8,DW#RND13,0x00000000,0,0,0,0
BDOLONE2,0,POTN21,0x00000000,0,1,0,0
BDOLONE2,1,POTN52,0x00000000,0,2,0,0
BDOLONE2,2,WAND06,0x00000000,0,4,0,0
BDOLONE2,3,CLCK01,0x00000000,0,0,0,0
BDOLONE2,4,DART05,0x00000000,0,40,0,0
BDOLONE2,5,STAF07,0x00000000,0,0,0,0
BDOLONE2,6,BDBRAC13,0x00000000,0,0,0,0
BDOLONE2,7,CLCK13,0x00000000,0,0,0,0
BDOLONE2,8,DW#HASPT,0x00000000,0,0,0,0
BDCRUC46,0,HELM01,0x00000008,1,0,0,0
BDCRUC46,1,CHAN04,0x00000008,1,0,0,0
BDCRUC46,2,SHLD03A,0x00000008,1,0,0,0
BDCRUC46,3,BLUN04,0x00000009,1,0,0,0
BDCRUC46,4,SLNG02,0x00000008,1,0,0,0
BDCRUC46,5,BULL04,0x00000000,0,40,0,0
BDCRUC46,6,UNICAEL2,0x00000000,0,0,0,0
BDCRUC46,7,POTN52,0x00000000,0,1,0,0
BDCRUC46,8,DW#HASPT,0x00000000,0,0,0,0
BDCRUC47,0,HELM01,0x00000008,1,0,0,0
BDCRUC47,1,CHAN05,0x00000008,1,0,0,0
BDCRUC47,2,SHLD03A,0x00000008,1,0,0,0
BDCRUC47,3,BLUN02,0x00000009,1,0,0,0
BDCRUC47,4,SLNG01,0x00000008,1,0,0,0
BDCRUC47,5,BULL03,0x00000000,0,20,0,0
BDCRUC47,6,UNICAEL2,0x00000000,0,0,0,0
BDCRUC47,7,POTN52,0x00000000,0,1,0,0
BDCRUC47,8,DW#HASPT,0x00000000,0,0,0,0
BDCRUW46,0,WAND02,0x00000008,1,7,0,0
BDCRUW46,1,POTN08,0x00000000,0,2,0,0
BDCRUW46,2,UNICAEL2,0x00000000,0,0,0,0
BDCRUW46,3,BULL09,0x00000000,0,30,0,0
BDCRUW46,4,SLNG02,0x00000008,1,0,0,0
BDCRUW46,5,DAGG01,0x00000009,1,0,0,0
BDCRUW46,6,DW#HASPT,0x00000000,0,0,0,0
BDCRUW47,0,WAND04,0x00000008,1,6,0,0
BDCRUW47,1,POTN52,0x00000000,0,1,0,0
BDCRUW47,2,UNICAEL2,0x00000000,0,0,0,0
BDCRUW47,3,DART03,0x00000000,0,20,0,0
BDCRUW47,4,STAF01,0x00000009,1,0,0,0
BDCRUW47,5,DW#HASPT,0x00000000,0,0,0,0
BDCRUE41,0,HELM01,0x00000008,1,0,0,0
BDCRUE41,1,CHAN04,0x00000008,1,0,0,0
BDCRUE41,2,BOW02,0x00000009,1,0,0,0
BDCRUE41,3,SW1H07,0x00000000,0,0,0,0
BDCRUE41,4,AROW09,0x00000000,0,40,0,0
BDCRUE41,5,UNICAEL2,0x00000000,0,0,0,0
BDCRUE41,6,POTN52,0x00000000,0,1,0,0
BDCRUE41,7,DW#HASPT,0x00000000,0,0,0,0
BDCRUE41,8,DW#RND12,0x00000000,0,0,0,0
BDCRUE41,9,DW#RND26,0x00000000,0,0,0,0
BDCRUE43,0,HELM01,0x00000008,1,0,0,0
BDCRUE43,1,CHAN04,0x00000008,1,0,0,0
BDCRUE43,2,BOW02,0x00000008,1,0,0,0
BDCRUE43,3,SW1H05,0x00000008,1,0,0,0
BDCRUE43,4,AROW08,0x00000000,0,40,0,0
BDCRUE43,5,AROW02,0x00000000,0,40,0,0
BDCRUE43,6,UNICAEL2,0x00000000,0,0,0,0
BDCRUE43,7,POTN52,0x00000000,0,1,0,0
BDCRUE43,8,DW#HASPT,0x00000000,0,0,0,0
BDCRUE43,9,DW#RND12,0x00000000,0,0,0,0
BDCRUE43,10,DW#RND26,0x00000000,0,0,0,0
BDCRUM45,0,BDHELM03,0x00000008,1,0,0,0
BDCRUM45,1,LEAT04,0x00000008,1,0,0,0
BDCRUM45,2,AX1H01,0x00000008,1,0,999,0
BDCRUM45,3,UNICHILL,0x00000000,0,0,0,0
BDCRUM45,4,POTN08,0x00000000,0,1,0,0
BDCRUM41,0,BDHELM03,0x00000008,1,0,0,0
BDCRUM41,1,CHAN04,0x00000008,1,0,0,0
BDCRUM41,2,SHLD01A,0x00000008,1,0,0,0
BDCRUM41,3,SW1H04,0x00000008,1,0,0,0
BDCRUM41,4,POTN08,0x00000000,0,0,0,0
BDCRUM41,5,UNICHILL,0x00000000,0,0,0,0
BDCRUM41,6,DW#HASPT,0x00000000,0,0,0,0
BDCRUM41,7,DW#RND12,0x00000000,0,0,0,0
BDCRUM41,8,DW#RND26,0x00000000,0,0,0,0
BDCRUM48,0,BDHELM03,0x00000008,1,0,0,0
BDCRUM48,1,LEAT04,0x00000008,1,0,0,0
BDCRUM48,2,SW1H01,0x00000008,1,0,999,0
BDCRUM48,3,UNICHILL,0x00000000,0,0,0,0
BDCRUM48,4,POTN08,0x00000000,0,1,0,0
BDCRUM46,0,BDHELM03,0x00000008,1,0,0,0
BDCRUM46,1,SW2H01,0x00000008,1,0,0,0
BDCRUM46,2,UNICHILL,0x00000000,0,0,0,0
BDCRUM46,3,POTN08,0x00000000,0,1,0,0
BDCRUM42,0,BDHELM03,0x00000008,1,0,0,0
BDCRUM42,1,LEAT10,0x00000008,1,0,0,0
BDCRUM42,2,SHLD01A,0x00000008,1,0,0,0
BDCRUM42,3,AX1H04,0x00000000,0,5,0,0
BDCRUM42,4,AX1H01,0x00000008,1,0,999,0
BDCRUM42,5,POTN08,0x00000000,0,1,0,0
BDCRUM42,6,UNICHILL,0x00000000,0,0,0,0
BDCRUM42,7,DW#HASPT,0x00000000,0,0,0,0
BDCRUM42,8,DW#RND12,0x00000000,0,0,0,0
BDCRUM42,9,DW#RND26,0x00000000,0,0,0,0
BDCRUM40,0,BDHELM03,0x00000008,1,0,0,0
BDCRUM40,1,CHAN04,0x00000008,1,0,0,0
BDCRUM40,2,BOW03,0x00000008,1,0,0,0
BDCRUM40,3,SW1H07,0x00000008,1,0,0,0
BDCRUM40,4,AROW01,0x00000000,0,40,0,0
BDCRUM40,5,UNICHILL,0x00000000,0,0,0,0
BDCRUM40,6,POTN08,0x00000000,0,0,0,0
BDCRUM44,0,BDHELM03,0x00000008,1,0,0,0
BDCRUM44,1,LEAT04,0x00000008,1,0,0,0
BDCRUM44,2,BOW03,0x00000008,1,0,0,0
BDCRUM44,3,SW1H07,0x00000008,1,0,0,0
BDCRUM44,4,AROW09,0x00000000,0,20,0,0
BDCRUM44,5,UNICHILL,0x00000000,0,0,0,0
BDCRUM44,6,POTN08,0x00000000,0,1,0,0
BDCRUM43,0,BDHELM03,0x00000008,1,0,0,0
BDCRUM43,1,PLAT10,0x00000008,1,0,0,0
BDCRUM43,2,XBOW02,0x00000000,0,0,0,0
BDCRUM43,3,SW1H08,0x00000008,1,0,0,0
BDCRUM43,4,BOLT03,0x00000000,0,40,0,0
BDCRUM43,5,UNICHILL,0x00000000,0,0,0,0
BDCRUM43,6,POTN52,0x00000000,0,2,0,0
BDCRUM43,7,POTN21,0x00000000,0,1,0,0
BDCRUM43,8,DW#HASPT,0x00000000,0,0,0,0
BDCRUM43,9,DW#RND12,0x00000000,0,0,0,0
BDCRUM43,10,DW#RND26,0x00000000,0,0,0,0
BDCRUM47,0,BDHELM03,0x00000008,1,0,0,0
BDCRUM47,1,LEAT04,0x00000008,1,0,0,0
BDCRUM47,2,BOW05,0x00000008,1,0,0,0
BDCRUM47,3,DAGG01,0x00000008,1,0,0,0
BDCRUM47,4,AROW08,0x00000000,0,20,0,0
BDCRUM47,5,UNICHILL,0x00000000,0,0,0,0
BDCRUM47,6,POTN08,0x00000000,0,1,0,0
BDCRUS54,0,HELM01,0x00000008,1,0,0,0
BDCRUS54,1,CHAN04,0x00000008,1,0,0,0
BDCRUS54,2,SW1H04,0x00000008,1,0,0,0
BDCRUS54,3,UNICAEL,0x00000000,0,0,0,0
BDCRUS54,4,POTN08,0x00000000,0,1,0,0
BDCRUS54,5,SHLD03,0x00000008,1,0,0,0
BDCRUS54,6,DW#HASPT,0x00000000,0,0,0,0
BDCRUS54,7,DW#RND12,0x00000000,0,0,0,0
BDCRUS54,8,DW#RND26,0x00000000,0,0,0,0
BDMALDE2,0,LEAT04,0x00000008,1,0,0,0
BDMALDE2,1,SW1H08,0x00000008,1,0,0,0
BDMALDE2,2,UNIFLAM,0x00000000,0,0,0,0
BDMALDE2,3,POTN52,0x00000000,0,1,0,0
BDMALDE2,4,POTN10,0x00000000,0,3,0,0
BDMALDE2,5,DW#HASPT,0x00000000,0,0,0,0
BDMALDE2,6,DW#RND12,0x00000000,0,0,0,0
BDMALDE2,7,DW#RND26,0x00000000,0,0,0,0
BDCRUW44,0,POTN08,0x00000000,0,1,0,0
BDCRUW44,1,UNICAEL2,0x00000000,0,0,0,0
BDCRUW44,2,DART03,0x00000000,0,20,0,0
BDCRUW44,3,STAF01,0x00000009,1,0,0,0
BDCRUW44,4,DW#HASPT,0x00000000,0,0,0,0
BDCRUW44,5,DW#RND38,0x00000000,0,0,0,0
BDCRUC43,0,HELM01,0x00000008,1,0,0,0
BDCRUC43,1,CHAN04,0x00000008,1,0,0,0
BDCRUC43,2,SHLD11A,0x00000008,1,0,0,0
BDCRUC43,3,BLUN05,0x00000009,1,0,0,0
BDCRUC43,4,SLNG01,0x00000008,1,0,0,0
BDCRUC43,5,BULL02,0x00000000,0,40,0,0
BDCRUC43,6,UNICAEL2,0x00000000,0,0,0,0
BDCRUC43,7,POTN08,0x00000000,0,5,0,0
BDCRUC43,8,DW#HASPT,0x00000000,0,0,0,0
BDCRUC44,0,HELM01,0x00000008,1,0,0,0
BDCRUC44,1,CHAN04,0x00000008,1,0,0,0
BDCRUC44,2,SHLD03A,0x00000008,1,0,0,0
BDCRUC44,3,HAMM02,0x00000009,1,0,0,0
BDCRUC44,4,SLNG01,0x00000008,1,0,0,0
BDCRUC44,5,BULL02,0x00000000,0,40,0,0
BDCRUC44,6,UNICAEL2,0x00000000,0,0,0,0
BDCRUC44,7,POTN08,0x00000000,0,5,0,0
BDCRUC44,8,DW#HASPT,0x00000000,0,0,0,0
BDSALLO2,0,HELM01,0x00000000,0,0,0,0
BDSALLO2,1,PLAT01,0x00000000,0,0,0,0
BDSALLO2,2,SW2H11,0x00000008,1,0,0,0
BDSALLO2,3,UNICAEL2,0x00000000,0,0,0,0
BDSALLO2,4,POTN52,0x00000000,0,1,0,0
BDSALLO2,5,POTN05,0x00000000,0,1,0,0
BDSALLO2,6,DW#HASPT,0x00000000,0,0,0,0
BDSALLO2,7,DW#RND12,0x00000000,0,0,0,0
BDCRUW43,0,POTN08,0x00000000,0,1,0,0
BDCRUW43,1,UNICAEL2,0x00000000,0,0,0,0
BDCRUW43,2,STAF01,0x00000009,1,0,0,0
BDCRUW43,3,DW#HASPT,0x00000000,0,0,0,0
BDDREON2,0,HELM01,0x00000008,1,0,0,0
BDDREON2,1,PLAT04,0x00000008,1,0,0,0
BDDREON2,2,SHLD06A,0x00000008,1,0,0,0
BDDREON2,3,AX1H05,0x00000000,0,0,0,0
BDDREON2,4,AX1H02,0x00000008,1,0,999,0
BDDREON2,5,UNICAEL2,0x00000000,0,0,0,0
BDDREON2,6,POTN52,0x00000000,0,1,0,0
BDDREON2,7,DW#HASPT,0x00000000,0,0,0,0
BDDREON2,8,DW#RND11,0x00000000,0,0,0,0
BDDREON2,9,DW#RND25,0x00000000,0,0,0,0
BDCRUR40,0,HELM01,0x00000008,1,0,0,0
BDCRUR40,1,LEAT04,0x00000008,1,0,0,0
BDCRUR40,2,SHLD01A,0x00000008,1,0,0,0
BDCRUR40,3,SW1H07,0x00000008,1,0,0,0
BDCRUR40,4,UNICAEL,0x00000000,0,0,0,0
BDCRUR40,5,POTN08,0x00000000,0,0,0,0
BDCRUR43,0,LEAT04,0x00000008,1,0,0,0
BDCRUR43,1,SW1H04,0x00000008,1,0,0,0
BDCRUR43,2,POTN08,0x00000000,0,0,0,0
BDCRUR43,3,UNICAEL,0x00000000,0,0,0,0
BDCRUR42,0,LEAT04,0x00000008,1,0,0,0
BDCRUR42,1,XBOW04,0x00000008,1,0,0,0
BDCRUR42,2,HAMM01,0x00000008,1,0,0,0
BDCRUR42,3,BOLT01,0x00000000,0,20,0,0
BDCRUR42,4,UNICAEL,0x00000000,0,0,0,0
BDCRUR42,5,POTN08,0x00000000,0,0,0,0
BDCRUR41,0,LEAT04,0x00000008,1,0,0,0
BDCRUR41,1,BOW05,0x00000008,1,0,0,0
BDCRUR41,2,DAGG01,0x00000008,1,0,0,0
BDCRUR41,3,AROW01,0x00000008,1,20,0,0
BDCRUR41,4,POTN08,0x00000000,0,0,0,0
BDCRUR41,5,UNICAEL,0x00000000,0,0,0,0
BDCRUC42,0,LEAT04,0x00000008,1,0,0,0
BDCRUC42,1,SHLD01A,0x00000008,1,0,0,0
BDCRUC42,2,BLUN07,0x00000009,1,0,0,0
BDCRUC42,3,SLNG01,0x00000008,1,0,0,0
BDCRUC42,4,BULL03,0x00000000,0,20,0,0
BDCRUC42,5,UNICAEL,0x00000000,0,0,0,0
BDCRUC42,6,POTN08,0x00000000,0,2,0,0
BDCRUC42,7,DW#HASPT,0x00000000,0,0,0,0
BDCCKOB1,0,BOW05,0x00000008,1,0,0,0
BDCCKOB1,1,AROW08,0x00000008,1,20,0,0
BDCCKOB1,2,UNICHILL,0x00000000,0,0,0,0
BDCCHOB2,0,BDHELM03,0x00000008,1,0,0,0
BDCCHOB2,1,LEAT04,0x00000008,1,0,0,0
BDCCHOB2,2,AX1H01,0x00000008,1,0,999,0
BDCCHOB2,3,UNICAEL,0x00000000,0,0,0,0
BDCCHOB2,4,POTN08,0x00000008,1,1,0,0
BDCCOGR1,0,BLUN06,0x00000008,1,0,0,0
BDCCOGR1,1,UNICHILL,0x00000000,0,0,0,0
BDAHDREK,0,CLCK14,0x00000000,0,0,0,0
BDAHDREK,1,MINHP1,0x00000000,0,0,0,0
BDAHDREK,2,STAF01,0x00000001,0,0,0,0
BDAHDREK,3,DW#RND06,0x00000000,0,0,0,0
BDFORCW1,0,BOW06,0x00000008,1,0,0,0
BDFORCW1,1,QUIVER01,0x0000000A,1,0,0,0
BDFORCW1,2,UNICHILL,0x00000000,0,0,0,0
BDFORCW1,3,POTN08,0x00000008,1,1,0,0
BDFORCW2,0,HELM01,0x00000008,1,0,0,0
BDFORCW2,1,PLAT01,0x00000008,1,0,0,0
BDFORCW2,2,XBOW02,0x00000008,1,0,0,0
BDFORCW2,3,QUIVER02,0x0000000A,1,0,0,0
BDFORCW2,4,POTN08,0x00000008,1,1,0,0
BDFORCW2,5,UNICAEL,0x00000000,0,0,0,0
BDFORCW2,6,DW#HASPT,0x00000000,0,0,0,0
BDFORCW2,7,DW#RND12,0x00000000,0,0,0,0
BDFORCW2,8,DW#RND25,0x00000000,0,0,0,0
BDFORCW3,0,BDHELM03,0x00000008,1,0,0,0
BDFORCW3,1,LEAT04,0x00000008,1,0,0,0
BDFORCW3,2,BOW02,0x00000008,1,0,0,0
BDFORCW3,3,QUIVER01,0x0000000A,1,0,0,0
BDFORCW3,4,UNICHILL,0x00000000,0,0,0,0
BDFORCW3,5,POTN08,0x00000008,1,1,0,0
BDFORCW4,0,HELM01,0x00000008,1,0,0,0
BDFORCW4,1,CHAN04,0x00000008,1,0,0,0
BDFORCW4,2,BOW01,0x00000008,1,0,0,0
BDFORCW4,3,QUIVER01,0x0000000A,1,0,0,0
BDFORCW4,4,UNICAEL,0x00000000,0,0,0,0
BDFORCW4,5,POTN08,0x00000008,1,1,0,0
BDFORCW4,6,DW#HASPT,0x00000000,0,0,0,0
BDFORCW4,7,DW#RND12,0x00000000,0,0,0,0
BDFORCW4,8,DW#RND26,0x00000000,0,0,0,0
BDFORCW5,0,HELM01,0x00000008,1,0,0,0
BDFORCW5,1,CHAN04,0x00000008,1,0,0,0
BDFORCW5,2,XBOW02,0x00000008,1,0,0,0
BDFORCW5,3,QUIVER02,0x0000000A,1,0,0,0
BDFORCW5,4,UNICAEL,0x00000000,0,0,0,0
BDFORCW5,5,POTN08,0x00000008,1,1,0,0
BDFORCW5,6,DW#HASPT,0x00000000,0,0,0,0
BDFORCW5,7,DW#RND12,0x00000000,0,0,0,0
BDFORCW5,8,DW#RND26,0x00000000,0,0,0,0
BDFORCW6,0,HELM01,0x00000008,1,0,0,0
BDFORCW6,1,CHAN04,0x00000008,1,0,0,0
BDFORCW6,2,BOW04,0x00000008,1,0,0,0
BDFORCW6,3,QUIVER01,0x0000000A,1,0,0,0
BDFORCW6,4,UNICAEL,0x00000000,0,0,0,0
BDFORCW6,5,POTN08,0x00000008,1,1,0,0
BDFORCW6,6,DW#HASPT,0x00000000,0,0,0,0
BDFORCW6,7,DW#RND11,0x00000000,0,0,0,0
BDFORCW6,8,DW#RND25,0x00000000,0,0,0,0
BDHENSLE,0,WAND05,0x00000008,1,20,20,0
BDHENSLE,1,WAND04,0x00000008,1,10,0,0
BDHENSLE,2,POTN52,0x00000000,0,2,0,0
BDHENSLE,3,UNIWATER,0x00000000,0,0,0,0
BDHENSLE,4,BULL07,0x00000000,0,80,0,0
BDHENSLE,5,SLNG04,0x00000000,0,80,0,0
BDHENSLE,6,STAF07,0x00000000,0,0,0,0
BDHENSLE,7,BDRING06,0x0000000A,1,0,0,0
BDHENSLE,8,BDBRAC13,0x00000000,0,0,0,0
BDHENSLE,9,CLCK16,0x00000000,0,0,0,0
BDHENSLE,10,DW#HASPT,0x00000000,0,0,0,0
BDWARMA1,0,POTN11,0x00000000,0,1,0,0
BDWARMA1,1,WAND06,0x00000008,1,10,0,0
BDWARMA1,2,WAND02,0x00000008,1,6,0,0
BDWARMA1,3,POTN52,0x00000000,0,2,0,0
BDWARMA1,4,UNIWATER,0x00000000,0,0,0,0
BDWARMA1,5,AROW02,0x00000000,0,40,0,0
BDWARMA1,6,QUIVER01,0x0000000A,1,1,0,0
BDWARMA1,7,AROW04,0x00000000,0,40,0,0
BDWARMA1,8,DART03,0x00000008,1,80,0,0
BDWARMA1,9,SW1H05,0x00000008,1,0,0,0
BDWARMA1,10,BOW02,0x00000008,1,0,0,0
BDWARMA1,11,BRAC02,0x00000008,1,0,0,0
BDWARMA1,12,HELM13,0x00000008,1,0,0,0
BDWARMA1,13,DW#HASPT,0x00000000,0,0,0,0
BDWARMA1,14,DW#RND26,0x00000000,0,0,0,0
BDWARMA1,15,DW#RND38,0x00000000,0,0,0,0
BDWARMA2,0,POTN11,0x00000000,0,1,0,0
BDWARMA2,1,WAND06,0x00000008,1,10,0,0
BDWARMA2,2,WAND02,0x00000008,1,6,0,0
BDWARMA2,3,POTN52,0x00000000,0,2,0,0
BDWARMA2,4,UNIWATER,0x00000000,0,0,0,0
BDWARMA2,5,AROW02,0x00000000,0,40,0,0
BDWARMA2,6,QUIVER01,0x0000000A,1,1,0,0
BDWARMA2,7,AROW04,0x00000000,0,40,0,0
BDWARMA2,8,DART03,0x00000008,1,80,0,0
BDWARMA2,9,SW1H05,0x00000008,1,0,0,0
BDWARMA2,10,BOW02,0x00000008,1,0,0,0
BDWARMA2,11,BRAC02,0x00000008,1,0,0,0
BDWARMA2,12,HELM13,0x00000008,1,0,0,0
BDWARMA2,13,DW#HASPT,0x00000000,0,0,0,0
BDWARMA2,14,DW#RND26,0x00000000,0,0,0,0
BDWARMA3,0,POTN11,0x00000000,0,1,0,0
BDWARMA3,1,WAND06,0x00000008,1,10,0,0
BDWARMA3,2,WAND02,0x00000008,1,6,0,0
BDWARMA3,3,POTN52,0x00000000,0,2,0,0
BDWARMA3,4,UNIWATER,0x00000000,0,0,0,0
BDWARMA3,5,AROW02,0x00000000,0,40,0,0
BDWARMA3,6,QUIVER01,0x0000000A,1,1,0,0
BDWARMA3,7,AROW04,0x00000000,0,40,0,0
BDWARMA3,8,DART03,0x00000008,1,80,0,0
BDWARMA3,9,SW1H05,0x00000008,1,0,0,0
BDWARMA3,10,BOW02,0x00000008,1,0,0,0
BDWARMA3,11,BRAC02,0x00000008,1,0,0,0
BDWARMA3,12,HELM13,0x00000008,1,0,0,0
BDWARMA3,13,DW#HASPT,0x00000000,0,0,0,0
BDWARMA3,14,DW#RND25,0x00000000,0,0,0,0
BDCLOVI2,0,HELM15_,0x00000008,1,0,0,0
BDCLOVI2,1,CHAN01,0x00000008,1,0,0,0
BDCLOVI2,2,SW1H07,0x00000008,1,0,0,0
BDCLOVI2,3,UNIDAGG,0x00000000,0,0,0,0
BDCLOVI2,4,POTN08,0x00000000,0,1,0,0
BDDAGFX3,0,HELM15_,0x00000008,1,0,0,0
BDDAGFX3,1,CHAN04,0x00000008,1,0,0,0
BDDAGFX3,2,BLUN06,0x00000008,1,0,0,0
BDDAGFX3,3,BLUN07,0x00000008,1,0,0,0
BDDAGFX3,4,UNIDAGG,0x00000000,0,0,0,0
BDDAGFX3,5,POTN52,0x00000000,0,1,0,0
BDDAGFX3,6,DW#HASPT,0x00000000,0,0,0,0
BDDAGFX3,7,DW#RND12,0x00000000,0,0,0,0
BDDAGFX3,8,DW#RND25,0x00000000,0,0,0,0
BDMORLI2,0,HELM15_,0x00000008,1,0,0,0
BDMORLI2,1,CHAN01,0x00000008,1,0,0,0
BDMORLI2,2,SW2H01,0x00000008,1,0,0,0
BDMORLI2,3,UNIDAGG,0x00000000,0,0,0,0
BDMORLI2,4,POTN08,0x00000000,0,1,0,0
BDMORLI2,5,POTN03,0x00000000,0,1,0,0
BDDAGF31,0,HELM15_,0x00000008,1,0,0,0
BDDAGF31,1,LEAT04,0x00000008,1,0,0,0
BDDAGF31,2,BLUN02,0x00000008,1,0,0,0
BDDAGF31,3,POTN08,0x00000000,0,1,0,0
BDDAGF31,4,UNIDAGG,0x00000000,0,0,0,0
BDDAGF31,5,DW#HASPT,0x00000000,0,0,0,0
BDDAGF31,6,DW#RND12,0x00000000,0,0,0,0
BDDAGF31,7,DW#RND25,0x00000000,0,0,0,0
BDDAGF30,0,HELM15_,0x00000008,1,0,0,0
BDDAGF30,1,LEAT01,0x00000008,1,0,0,0
BDDAGF30,2,SLNG01,0x00000008,1,0,0,0
BDDAGF30,3,DAGG01,0x00000008,1,0,0,0
BDDAGF30,4,BULL01,0x00000000,0,40,0,0
BDDAGF30,5,POTN08,0x00000000,0,1,0,0
BDDAGF30,6,UNIDAGG,0x00000000,0,0,0,0
BDDAGF30,7,DW#HASPT,0x00000000,0,0,0,0
BDDAGF30,8,DW#RND12,0x00000000,0,0,0,0
BDDAGF30,9,DW#RND26,0x00000000,0,0,0,0
BDHESTE2,0,POTN26,0x00000000,0,2,0,0
BDHESTE2,1,WAND04,0x00000000,0,6,0,0
BDHESTE2,2,POTN08,0x00000000,0,1,0,0
BDHESTE2,3,UNIDAGG,0x00000000,0,0,0,0
BDHESTE2,4,AROW02,0x00000000,0,40,0,0
BDHESTE2,5,BOW03,0x00000008,1,0,0,0
BDHESTE2,6,SW1H05,0x00000008,1,0,0,0
BDHESTE2,7,DW#HASPT,0x00000000,0,0,0,0
BDHESTE2,8,DW#RND18,0x00000000,0,0,0,0
BDHESTE2,9,DW#RND38,0x00000000,0,0,0,0
BDDAGF32,0,HELM15_,0x00000008,1,0,0,0
BDDAGF32,1,CHAN01,0x00000008,1,0,0,0
BDDAGF32,2,SHLD01A,0x00000008,1,0,0,0
BDDAGF32,3,AX1H01,0x00000008,1,0,999,0
BDDAGF32,4,POTN08,0x00000000,0,1,0,0
BDDAGF32,5,UNIDAGG,0x00000000,0,0,0,0
BDDAGF32,6,DW#HASPT,0x00000000,0,0,0,0
BDDAGF32,7,DW#RND12,0x00000000,0,0,0,0
BDDAGF32,8,DW#RND25,0x00000000,0,0,0,0
BDDANIN2,0,LEAT02,0x00000008,1,1,0,0
BDDANIN2,1,DAGG15,0x00000008,1,0,0,0
BDDANIN2,2,UNIDAGG,0x00000000,0,0,0,0
BDDANIN2,3,POTN08,0x00000000,0,1,0,0
BDDANIN2,4,POTN10,0x00000000,0,1,0,0
BDDANIN2,5,DW#HASPT,0x00000000,0,0,0,0
BDDANIN2,6,DW#RND18,0x00000000,0,0,0,0
BDFIST32,0,HELM09,0x00000008,1,0,0,0
BDFIST32,1,CHAN01,0x00000008,1,0,0,0
BDFIST32,2,XBOW01,0x00000008,1,0,0,0
BDFIST32,3,DAGG01,0x00000008,1,0,0,0
BDFIST32,4,BOLT01,0x00000000,0,40,0,0
BDFIST32,5,POTN08,0x00000000,0,1,0,0
BDFIST32,6,UNIFLAM,0x00000000,0,0,0,0
BDFIST32,7,DW#HASPT,0x00000000,0,0,0,0
BDFIST32,8,DW#RND12,0x00000000,0,0,0,0
BDFIST32,9,DW#RND25,0x00000000,0,0,0,0
BDMIZHE2,0,HELM09,0x00000000,0,0,0,0
BDMIZHE2,1,PLAT01,0x00000008,1,0,0,0
BDMIZHE2,2,SHLD04,0x00000008,1,0,0,0
BDMIZHE2,3,BLUN15,0x00000001,0,0,0,0
BDMIZHE2,4,SLNG02,0x00000008,1,0,0,0
BDMIZHE2,5,BULL03,0x00000000,0,40,0,0
BDMIZHE2,6,BULL03,0x00000000,0,40,0,0
BDMIZHE2,7,UNITEMPU,0x00000000,0,0,0,0
BDMIZHE2,8,POTN52,0x00000000,0,2,0,0
BDMIZHE2,9,WAND11,0x00000000,0,6,0,0
BDMIZHE2,10,POTN34,0x00000000,0,1,0,0
BDMIZHE2,11,DW#HASPT,0x00000000,0,0,0,0
BDMIZHE2,12,DW#RND26,0x00000000,0,0,0,0
BDWTRX3,0,HELM13,0x00000008,1,0,0,0
BDWTRX3,1,PLAT01,0x00000008,1,0,0,0
BDWTRX3,2,HALB02,0x00000008,1,0,0,0
BDWTRX3,3,UNIWATER,0x00000000,0,0,0,0
BDWTRX3,4,POTN52,0x00000000,0,1,0,0
BDWTRX3,5,DW#HASPT,0x00000000,0,0,0,0
BDWTRX3,6,DW#RND12,0x00000000,0,0,0,0
BDWTRX3,7,DW#RND26,0x00000000,0,0,0,0
BDWTR32,0,HELM13,0x00000008,1,0,0,0
BDWTR32,1,CHAN04,0x00000008,1,0,0,0
BDWTR32,2,SHLD05A,0x00000008,1,0,0,0
BDWTR32,3,SW1H04,0x00000008,1,0,0,0
BDWTR32,4,POTN08,0x00000000,0,1,0,0
BDWTR32,5,UNIWATER,0x00000000,0,0,0,0
BDWTR32,6,DW#HASPT,0x00000000,0,0,0,0
BDWTR32,7,DW#RND12,0x00000000,0,0,0,0
BDWTR32,8,DW#RND25,0x00000000,0,0,0,0
BDHALAS2,0,HELM13,0x00000008,1,0,0,0
BDHALAS2,1,PLAT10,0x00000008,1,0,0,0
BDHALAS2,2,SHLD29A,0x00000000,0,0,0,0
BDHALAS2,3,SW1H41,0x00000008,1,0,0,0
BDHALAS2,4,UNIWATER,0x00000000,0,0,0,0
BDHALAS2,5,POTN52,0x00000000,0,2,0,0
BDHALAS2,6,DW#HASPT,0x00000000,0,0,0,0
BDHALAS2,7,DW#RND12,0x00000000,0,0,0,0
BDHALAS2,8,DW#RND25,0x00000000,0,0,0,0
BDMUNSC2,0,HELM01,0x00000009,1,0,0,0
BDMUNSC2,1,PLAT01,0x00000009,1,0,0,0
BDMUNSC2,2,BLUN07,0x00000000,0,0,0,0
BDMUNSC2,3,UNICAEL,0x00000000,0,0,0,0
BDMUNSC2,4,POTN52,0x00000000,0,1,0,0
BDMUNSC2,5,POTN03,0x00000000,0,1,0,0
BDMUNSC2,6,DW#HASPT,0x00000000,0,0,0,0
BDMUNSC2,7,DW#RND12,0x00000000,0,0,0,0
BDKHARM2,0,HELM06,0x00000000,0,0,0,0
BDKHARM2,1,PLAT01,0x00000008,1,0,0,0
BDKHARM2,2,HALB07,0x00000000,0,0,0,0
BDKHARM2,3,UNICAEL,0x00000000,0,0,0,0
BDKHARM2,4,POTN52,0x00000000,0,1,0,0
BDKHARM2,5,POTN05,0x00000000,0,1,0,0
BDKHARM2,6,POTN09,0x00000000,0,1,0,0
BDKHARM2,7,DW#HASPT,0x00000000,0,0,0,0
BDKHARM2,8,DW#RND12,0x00000000,0,0,0,0
BDCRUC48,0,HELM01,0x00000008,1,0,0,0
BDCRUC48,1,CHAN04,0x00000008,1,0,0,0
BDCRUC48,2,SHLD13A,0x00000008,1,0,0,0
BDCRUC48,3,HAMM02,0x00000009,1,0,0,0
BDCRUC48,4,SLNG01,0x00000008,1,0,0,0
BDCRUC48,5,BULL02,0x00000000,0,40,0,0
BDCRUC48,6,UNICAEL2,0x00000000,0,0,0,0
BDCRUC48,7,POTN08,0x00000000,0,1,0,0
BDCRUC48,8,DW#HASPT,0x00000000,0,0,0,0
BDHORMO2,0,BDHELM03,0x00000008,1,0,0,0
BDHORMO2,1,CLCK12,0x00000000,0,0,0,0
BDHORMO2,2,SHLD02A,0x00000008,1,0,0,0
BDHORMO2,3,BLUN05,0x00000008,1,0,0,0
BDHORMO2,4,SLNG02,0x00000000,0,0,0,0
BDHORMO2,5,BULL02,0x00000000,0,20,0,0
BDHORMO2,6,UNICAEL2,0x00000000,0,0,0,0
BDHORMO2,7,POTN52,0x00000000,0,1,0,0
BDHORMO2,8,WAND11,0x00000000,0,3,0,0
BDHORMO2,9,WAND02,0x00000000,0,3,0,0
BDHORMO2,10,DW#HASPT,0x00000000,0,0,0,0
BDHORMO2,11,DW#RND17,0x00000000,0,0,0,0
BDSORAL2,0,POTN08,0x00000001,0,1,0,0
BDSORAL2,1,POTN10,0x00000001,0,1,0,0
BDSORAL2,2,UNIFLAM,0x00000000,0,0,0,0
BDSORAL2,3,BULL02,0x00000001,0,40,0,0
BDSORAL2,4,SLNG02,0x0000000B,1,1,0,0
BDSORAL2,5,STAF02,0x00000001,0,1,0,0
BDSORAL2,6,BRAC01,0x00000008,1,0,0,0
BDSORAL2,7,CLCK09,0x00000008,1,0,0,0
BDSORAL2,8,DW#HASPT,0x00000000,0,0,0,0
BDDOSIA2,0,STAF01,0x00000008,1,0,0,0
BDDOSIA2,1,SLNG01,0x00000008,1,0,0,0
BDDOSIA2,2,BULL02,0x00000000,0,40,0,0
BDDOSIA2,3,BULL02,0x00000000,0,40,0,0
BDDOSIA2,4,UNIDAGG,0x00000000,0,0,0,0
BDDOSIA2,5,POTN52,0x00000000,0,2,0,0
BDDOSIA2,6,DW#HASPT,0x00000000,0,0,0,0
BDHELVD2,0,HELM09,0x00000008,1,0,0,0
BDHELVD2,1,CHAN04,0x00000008,1,0,0,0
BDHELVD2,2,SHLD01A,0x00000008,1,0,0,0
BDHELVD2,3,AX1H01,0x00000008,1,0,999,0
BDHELVD2,4,POTN08,0x00000000,0,1,0,0
BDHELVD2,5,UNIFLAM,0x00000000,0,0,0,0
BDHELVD2,6,DW#HASPT,0x00000000,0,0,0,0
BDHELVD2,7,DW#RND12,0x00000000,0,0,0,0
BDHELVD2,8,DW#RND26,0x00000000,0,0,0,0
BDSTRUN2,0,POTN52,0x00000000,0,1,0,0
BDSTRUN2,1,UNICAEL,0x00000000,0,0,0,0
BDSTRUN2,2,BDDAGG01,0x00000000,0,0,0,0
BDSTRUN2,3,CLCK09,0x00000000,0,0,0,0
BDSTRUN2,4,DW#HASPT,0x00000000,0,0,0,0
BDSTRUN2,5,DW#RND38,0x00000000,0,0,0,0
BDWELEDS,0,IMMUNE2,0x00000000,0,0,0,0
BDWELEDS,1,BDWATERE,0x00000000,0,0,0,0
BDWELEDG,0,IMMUNE2,0x00000000,0,0,0,0
BDWELEDG,1,BDWATERE,0x00000000,0,0,0,0
BDMURS2,0,POTN52,0x00000000,0,1,0,0
BDMURS2,1,BLUN15,0x00000000,0,0,0,0
BDOGREDS,0,BLUN06,0x00000008,1,0,0,0
BDOGREDS,1,POTN08,0x00000008,1,1,0,0
BDSLUG2,0,HELMNOAN,0x00000000,0,0,0,0
BDSLUG2,1,BDSLUG,0x0000000A,1,0,0,0
BDSLUG2,2,POTN52,0x00000000,0,2,0,0
BDSLUG2,3,POTN11,0x00000000,0,1,0,0
BDSLUG2,4,POTN14,0x00000000,0,1,0,0
BDSLUG2,5,CLCK01,0x00000000,0,0,0,0
BDJULAN2,0,BRAC01,0x00000000,0,0,0,0
BDJULAN2,1,SLNG02,0x00000000,0,0,0,0
BDJULAN2,2,STAF01,0x00000000,0,0,0,0
BDJULAN2,3,BULL03,0x00000000,0,40,0,0
BDJULAN2,4,POTN52,0x00000000,0,1,0,0
BDJULAN2,5,POTN08,0x00000000,0,1,0,0
BDJULAN2,6,DW#HASPT,0x00000000,0,0,0,0
BDJULAN2,7,DW#RND17,0x00000000,0,0,0,0
BDRIGAH2,0,HELM15_,0x00000008,1,0,0,0
BDRIGAH2,1,PLAT01,0x00000000,0,0,0,0
BDRIGAH2,2,BDSW2H01,0x00000000,0,0,0,0
BDRIGAH2,3,AX1H04,0x00000000,0,10,0,0
BDRIGAH2,4,POTN52,0x00000000,0,2,0,0
BDRIGAH2,5,POTN05,0x00000000,0,1,0,0
BDRIGAH2,6,POTN14,0x00000000,0,1,0,0
BDRIGAH2,7,DW#HASPT,0x00000000,0,0,0,0
BDRIGAH2,8,DW#RND13,0x00000000,0,0,0,0
BDDAGOFF,0,HELM15_,0x00000000,0,0,0,0
BDDAGOFF,1,CHAN04,0x00000000,0,0,0,0
BDDAGOFF,2,BOW01,0x00000000,0,0,0,0
BDDAGOFF,3,SW1H07,0x00000000,0,0,0,0
BDDAGOFF,4,AROW02,0x00000000,0,40,0,0
BDDAGOFF,5,POTN52,0x00000000,0,1,0,0
BDDAGOFF,6,UNIDAGG,0x00000000,0,0,0,0
BDDAGOFF,7,DW#HASPT,0x00000000,0,0,0,0
BDDAGOFF,8,DW#RND12,0x00000000,0,0,0,0
BDDAGOFF,9,DW#RND26,0x00000000,0,0,0,0
BDLIEUTG,0,HELM01,0x00000000,0,0,0,0
BDLIEUTG,1,PLAT01,0x00000000,0,0,0,0
BDLIEUTG,2,SHLD02A,0x00000000,0,0,0,0
BDLIEUTG,3,BLUN07,0x00000000,0,0,0,0
BDLIEUTG,4,SLNG02,0x00000000,0,40,0,0
BDLIEUTG,5,BULL03,0x00000000,0,40,0,0
BDLIEUTG,6,POTN52,0x00000000,0,1,0,0
BDLIEUTG,7,POTN45,0x00000000,0,1,0,0
BDLIEUTG,8,WAND11,0x00000000,0,4,0,0
BDLIEUTG,9,UNICAEL2,0x00000000,0,0,0,0
BDLIEUTG,10,DW#HASPT,0x00000000,0,0,0,0
BDLIEUTC,0,HELM01,0x00000000,0,0,0,0
BDLIEUTC,1,PLAT01,0x00000000,0,0,0,0
BDLIEUTC,2,HALB07,0x00000000,0,0,0,0
BDLIEUTC,3,POTN52,0x00000000,0,1,0,0
BDLIEUTC,4,POTN06,0x00000000,0,1,0,0
BDLIEUTC,5,UNICAEL2,0x00000000,0,0,0,0
BDLIEUTC,6,DW#HASPT,0x00000000,0,0,0,0
BDLIEUTC,7,DW#RND12,0x00000000,0,0,0,0
BDLIEUTE,0,HELM01,0x00000000,0,0,0,0
BDLIEUTE,1,LEAT15,0x00000000,0,0,0,0
BDLIEUTE,2,SW1H09_,0x00000000,0,0,0,0
BDLIEUTE,3,DART03,0x00000000,0,40,0,0
BDLIEUTE,4,POTN52,0x00000000,0,1,0,0
BDLIEUTE,5,POTN10,0x00000000,0,3,0,0
BDLIEUTE,6,UNICAEL2,0x00000000,0,0,0,0
BDLIEUTE,7,DW#HASPT,0x00000000,0,0,0,0
BDLIEUTE,8,DW#RND11,0x00000000,0,0,0,0
BDLIEUTE,9,DW#RND26,0x00000000,0,0,0,0
BDLIEUTA,0,HELM01,0x00000000,0,0,0,0
BDLIEUTA,1,PLAT04,0x00000000,0,0,0,0
BDLIEUTA,2,SHLD04A,0x00000000,0,0,0,0
BDLIEUTA,3,AX1H17,0x00000000,0,0,999,0
BDLIEUTA,4,AX1H04,0x00000000,0,10,0,0
BDLIEUTA,5,POTN52,0x00000000,0,1,0,0
BDLIEUTA,6,POTN21,0x00000000,0,1,0,0
BDLIEUTA,7,UNICAEL2,0x00000000,0,0,0,0
BDLIEUTA,8,DW#HASPT,0x00000000,0,0,0,0
BDLIEUTA,9,DW#RND11,0x00000000,0,0,0,0
BDLIEUTA,10,DW#RND25,0x00000000,0,0,0,0
BDCRUE55,0,HELM01,0x00000008,1,0,0,0
BDCRUE55,1,CHAN04,0x00000009,1,0,0,0
BDCRUE55,2,XBOW02,0x00000008,1,0,0,0
BDCRUE55,3,SW1H08,0x00000008,1,0,0,0
BDCRUE55,4,BOLT02,0x00000008,1,40,0,0
BDCRUE55,5,UNICAEL2,0x00000000,0,0,0,0
BDCRUE55,6,POTN52,0x00000008,1,1,0,0
BDCRUE55,7,DW#HASPT,0x00000000,0,0,0,0
BDCRUE55,8,DW#RND12,0x00000000,0,0,0,0
BDCRUE55,9,DW#RND28,0x00000000,0,0,0,0
BDLIEUTD,0,HELM01,0x00000000,0,0,0,0
BDLIEUTD,1,CHAN08,0x00000000,0,0,0,0
BDLIEUTD,2,BOW02,0x00000000,0,0,0,0
BDLIEUTD,3,SW1H08,0x00000000,0,0,0,0
BDLIEUTD,4,AROW10,0x00000000,0,40,0,0
BDLIEUTD,5,POTN52,0x00000000,0,1,0,0
BDLIEUTD,6,POTN14,0x00000000,0,1,0,0
BDLIEUTD,7,UNICAEL2,0x00000000,0,0,0,0
BDLIEUTD,8,DW#HASPT,0x00000000,0,0,0,0
BDLIEUTD,9,DW#RND12,0x00000000,0,0,0,0
BDLIEUTB,0,UNICAEL2,0x00000000,0,0,0,0
BDLIEUTB,1,WAND04,0x00000000,0,5,0,0
BDLIEUTB,2,POTN34,0x00000000,0,1,0,0
BDLIEUTB,3,POTN52,0x00000000,0,1,0,0
BDLIEUTB,4,DART11,0x00000000,0,40,0,0
BDLIEUTB,5,STAF02,0x00000000,0,0,0,0
BDLIEUTB,6,CLCK13,0x00000000,0,0,0,0
BDLIEUTB,7,DW#HASPT,0x00000000,0,0,0,0
BDLIEUTF,0,UNICAEL2,0x00000000,0,0,0,0
BDLIEUTF,1,WAND06,0x00000000,0,5,0,0
BDLIEUTF,2,POTN35,0x00000000,0,1,0,0
BDLIEUTF,3,POTN52,0x00000000,0,1,0,0
BDLIEUTF,4,DART03,0x00000000,0,40,0,0
BDLIEUTF,5,STAF18,0x00000000,0,0,0,0
BDLIEUTF,6,CLCK12,0x00000000,0,0,0,0
BDLIEUTF,7,DW#HASPT,0x00000000,0,0,0,0
BDLIEUTF,8,DW#RND38,0x00000000,0,0,0,0
BDPREMAT,0,,0x00000001,0,0,0,0
BDPREMAT,1,PLAT04,0x00000001,0,0,0,0
BDPREMAT,2,MINHP1,0x00000000,0,0,0,0
BDPREMAT,3,SW1H05,0x00000000,0,0,0,0
BDPREMAT,4,SHLD04A,0x00000000,0,0,0,0
BDPREMAT,5,DW#RND06,0x00000000,0,0,0,0
BDPREMAT,6,DW#RND12,0x00000000,0,0,0,0
BDPREMAT,7,DW#RND28,0x00000000,0,0,0,0
BDAUN2,0,MINHP1,0x00000000,0,0,0,0
BDAUN2,1,PLAT01,0x00000000,0,0,0,0
BDAUN2,2,SW1H04,0x00000000,0,0,0,0
BDAUN2,3,DW#RND04,0x00000000,0,0,0,0
BDAUN2,4,DW#RND11,0x00000000,0,0,0,0
BDAUN2,5,DW#RND25,0x00000000,0,0,0,0
BDWTR80,0,HELM13,0x00000000,0,0,0,0
BDWTR80,1,CHAN04,0x00000000,0,0,0,0
BDWTR80,2,HALB01,0x00000000,0,0,0,0
BDWTR80,3,POTN08,0x00000000,0,1,0,0
BDWTR80,4,UNIWATER,0x00000000,0,0,0,0
BDWTR80,5,DW#HASPT,0x00000000,0,0,0,0
BDWTR80,6,DW#RND11,0x00000000,0,0,0,0
BDWTR80,7,DW#RND26,0x00000000,0,0,0,0
BDFIST82,0,HELM09,0x00000008,1,0,0,0
BDFIST82,1,CHAN04,0x00000008,1,0,0,0
BDFIST82,2,SHLD01A,0x00000008,1,0,0,0
BDFIST82,3,SW1H04,0x00000008,1,0,0,0
BDFIST82,4,POTN08,0x00000008,1,1,0,0
BDFIST82,5,UNIFLAM,0x00000000,0,0,0,0
BDFIST82,6,DW#HASPT,0x00000000,0,0,0,0
BDFIST82,7,DW#RND11,0x00000000,0,0,0,0
BDFIST82,8,DW#RND25,0x00000000,0,0,0,0
BDWTR81,0,HELM13,0x00000000,0,0,0,0
BDWTR81,1,CHAN04,0x00000000,0,0,0,0
BDWTR81,2,SHLD01A,0x00000000,0,0,0,0
BDWTR81,3,HAMM01,0x00000000,0,0,0,0
BDWTR81,4,POTN08,0x00000000,0,1,0,0
BDWTR81,5,UNIWATER,0x00000000,0,0,0,0
BDWTR81,6,DW#HASPT,0x00000000,0,0,0,0
BDWTR81,7,DW#RND12,0x00000000,0,0,0,0
BDWTR81,8,DW#RND26,0x00000000,0,0,0,0
BDFIST80,0,HELM09,0x00000008,1,0,0,0
BDFIST80,1,CHAN04,0x00000008,1,0,0,0
BDFIST80,2,SHLD01A,0x00000008,1,0,0,0
BDFIST80,3,SW1H04,0x00000008,1,0,0,0
BDFIST80,4,POTN08,0x00000000,0,1,0,0
BDFIST80,5,UNIFLAM,0x00000000,0,0,0,0
BDFIST80,6,DW#HASPT,0x00000000,0,0,0,0
BDFIST80,7,DW#RND12,0x00000000,0,0,0,0
BDFIST80,8,DW#RND26,0x00000000,0,0,0,0
BDWTR82,0,HELM13,0x00000000,0,0,0,0
BDWTR82,1,CHAN04,0x00000000,0,0,0,0
BDWTR82,2,SHLD03,0x00000000,0,0,0,0
BDWTR82,3,SW1H04,0x00000000,0,0,0,0
BDWTR82,4,POTN08,0x00000000,0,1,0,0
BDWTR82,5,UNIWATER,0x00000000,0,0,0,0
BDWTR82,6,DW#HASPT,0x00000000,0,0,0,0
BDWTR82,7,DW#RND11,0x00000000,0,0,0,0
BDWTR82,8,DW#RND25,0x00000000,0,0,0,0
BDMEL,0,HELM13,0x00000000,0,0,0,0
BDMEL,1,CHAN04,0x00000000,0,0,0,0
BDMEL,2,XBOW05,0x00000000,0,0,0,0
BDMEL,3,DAGG01,0x00000000,0,0,0,0
BDMEL,4,BOLT01,0x00000000,0,20,0,0
BDMEL,5,POTN52,0x00000000,0,1,0,0
BDMEL,6,UNIWATER,0x00000000,0,0,0,0
BDMEL,7,DW#HASPT,0x00000000,0,0,0,0
BDMEL,8,DW#RND12,0x00000000,0,0,0,0
BDMEL,9,DW#RND26,0x00000000,0,0,0,0
BDFIST81,0,HELM09,0x00000008,1,0,0,0
BDFIST81,1,CHAN04,0x00000008,1,0,0,0
BDFIST81,2,XBOW01,0x00000008,1,0,0,0
BDFIST81,3,DAGG01,0x00000000,0,0,0,0
BDFIST81,4,BOLT01,0x00000000,0,20,0,0
BDFIST81,5,POTN08,0x00000000,0,1,0,0
BDFIST81,6,UNIFLAM,0x00000000,0,0,0,0
BDFIST81,7,DW#HASPT,0x00000000,0,0,0,0
BDFIST81,8,DW#RND11,0x00000000,0,0,0,0
BDFIST81,9,DW#RND26,0x00000000,0,0,0,0
BDWTR83,0,HELM13,0x00000000,0,0,0,0
BDWTR83,1,CHAN04,0x00000000,0,0,0,0
BDWTR83,2,BOW03,0x00000000,0,0,0,0
BDWTR83,3,SW1H07,0x00000000,0,0,0,0
BDWTR83,4,AROW01,0x00000000,0,40,0,0
BDWTR83,5,POTN08,0x00000000,0,1,0,0
BDWTR83,6,UNIWATER,0x00000000,0,0,0,0
BDWTR83,7,DW#HASPT,0x00000000,0,0,0,0
BDWTR83,8,DW#RND12,0x00000000,0,0,0,0
BDWTR83,9,DW#RND26,0x00000000,0,0,0,0
BDDAZZO,0,HELM13,0x00000000,0,0,0,0
BDDAZZO,1,PLAT01,0x00000000,0,0,0,0
BDDAZZO,2,MINHP1,0x00000000,0,0,0,0
BDDAZZO,3,HALB02,0x00000000,0,0,0,0
BDDAZZO,4,UNIWATER,0x00000000,0,0,0,0
BDDAZZO,5,POTN52,0x00000000,0,1,0,0
BDDAZZO,6,DW#HASPT,0x00000000,0,0,0,0
BDDAZZO,7,DW#RND12,0x00000000,0,0,0,0
BDDAZZO,8,DW#RND26,0x00000000,0,0,0,0
BDIMOITM,0,MAGE01,0x00000000,0,0,0,0
BDIMOITM,1,IMOENHP1,0x00000000,0,0,0,0
BDCLARA,0,LEAT01,0x00000000,0,0,0,0
BDCLARA,1,DW#RND03,0x00000000,0,0,0,0
BDCLARA,2,DW#RND18,0x00000000,0,0,0,0
BDCLARA,3,DW#RND38,0x00000000,0,0,0,0
BDFISTCE,0,HELM09,0x00000000,0,0,0,0
BDFISTCE,1,PLAT01,0x00000000,0,0,0,0
BDFISTCE,2,SHLD01A,0x00000000,0,0,0,0
BDFISTCE,3,SW1H04,0x00000000,0,0,0,0
BDFISTCE,4,UNIFLAM,0x00000000,0,0,0,0
BDFFSIT2,0,HELM09,0x00000000,0,0,0,0
BDFFSIT2,1,PLAT01,0x00000000,0,0,0,0
BDFFSIT2,2,SHLD01A,0x00000000,0,0,0,0
BDFFSIT2,3,SW1H04,0x00000000,0,0,0,0
BDFFSIT2,4,UNIFLAM,0x00000000,0,0,0,0
BDMERCZ,0,LEAT01,0x00000000,0,0,0,0
BDMERCZ,1,MINHP1,0x00000000,0,0,0,0
BDMERCZ,2,DAGG01,0x00000000,0,0,0,0
BDMERCZ,3,DW#RND04,0x00000000,0,0,0,0
BDMERCZ,4,DW#RND12,0x00000000,0,0,0,0
BDMERCZ,5,DW#RND26,0x00000000,0,0,0,0
BDMERCZ,6,DW#RND38,0x00000000,0,0,0,0
BDFISTCD,0,HELM09,0x00000000,0,0,0,0
BDFISTCD,1,PLAT01,0x00000000,0,0,0,0
BDFISTCD,2,SHLD01A,0x00000000,0,0,0,0
BDFISTCD,3,SW1H04,0x00000000,0,0,0,0
BDFISTCD,4,UNIFLAM,0x00000000,0,0,0,0
BDFISTCF,0,HELM09,0x00000000,0,0,0,0
BDFISTCF,1,PLAT01,0x00000000,0,0,0,0
BDFISTCF,2,SHLD01A,0x00000000,0,0,0,0
BDFISTCF,3,SW1H04,0x00000000,0,0,0,0
BDFISTCF,4,UNIFLAM,0x00000000,0,0,0,0
BDFF1709,0,HELM09,0x00000008,1,0,0,0
BDFF1709,1,CHAN04,0x00000008,1,0,0,0
BDFF1709,2,SHLD01A,0x00000008,1,0,0,0
BDFF1709,3,SW1H04,0x00000008,1,0,0,0
BDFF1709,4,UNIFLAM,0x00000000,0,0,0,0
BDFF1709,5,POTN08,0x00000000,0,1,0,0
BDFF1709,6,DW#HASPT,0x00000000,0,0,0,0
BDFF1709,7,DW#RND12,0x00000000,0,0,0,0
BDFF1709,8,DW#RND26,0x00000000,0,0,0,0
BDCCSAR,0,SW2H05,0x00000000,0,0,0,0
BDCCSAR,1,HELM15_,0x00000000,0,0,0,0
BDCCSAR,2,DW#RND08,0x00000000,0,0,0,0
BDCCSAR,3,DW#RND19,0x00000000,0,0,0,0
BDCCSAR,4,DW#RND29,0x00000000,0,0,0,0
BDCCIRE,0,STAF01,0x00000000,0,0,0,0
BDCCIRE,1,MINHP1,0x00000000,0,0,0,0
BDCCIRE,2,DW#RND07,0x00000000,0,0,0,0
BDCCIRE,3,DW#RND38,0x00000000,0,0,0,0
BDCCIMO,0,LEAT04,0x00000000,0,0,0,0
BDCCIMO,1,BOW05,0x00000000,0,0,0,0
BDCCIMO,2,SW1H07,0x00000000,0,0,0,0
BDCCIMO,3,AROW01,0x00000000,0,20,0,0
BDCCIMO,4,AROW01,0x00000000,0,20,0,0
BDCCIMO,5,WAND12_,0x00000001,0,10,0,0
BDCCIMO,6,POTN14,0x00000000,0,0,0,0
BDCCIMO,7,POTN08,0x00000000,0,1,0,0
BDCCIMO,8,POTN08,0x00000000,0,1,0,0
BDCCIMO,9,POTN08,0x00000000,0,1,0,0
GORION,0,DAGG01,0x00000000,0,0,0,0
GORION,1,POTN08,0x00000000,0,0,0,0
GORION,2,SCRL77,0x00000000,0,0,0,0
GORION,3,SCRL84,0x00000000,0,0,0,0
GORION,4,SCRL3Z,0x00000002,0,0,0,0
GORION,5,CLCK18,0x00000000,0,0,0,0
GORION,6,BELT16,0x00000000,0,0,0,0
BDCCCOR,0,HELM13,0x00000001,0,0,0,0
BDCCCOR,1,LEAT15,0x00000000,0,0,0,0
BDCCCOR,2,MINHP1,0x0000000A,1,0,0,0
BDCCCOR,3,SW1H04,0x00000000,0,0,0,0
BDCCCOR,4,BOW01,0x00000000,0,0,0,0
BDCCCOR,5,AROW01,0x00000000,0,40,0,0
BDCCCOR,6,AROW01,0x00000001,0,40,0,0
BDCCCOR,7,POTN52,0x00000001,0,1,0,0
BDCCCOR,8,POTN17,0x00000001,0,1,0,0
BDCCCOR,9,POTN09,0x00000000,0,1,0,0
BDCCCOR,10,DW#HASPT,0x00000000,0,0,0,0
BDCCCOR,11,DW#RND11,0x00000000,0,0,0,0
BDCCROH,0,MINHP1,0x00000008,1,0,0,0
BDCCCAE,0,BDHELMC2,0x00000001,0,0,0,0
BDCCCAE,1,BDCHANC2,0x00000001,0,0,0,0
BDCCCAE,2,BDSHLDC2,0x00000001,0,0,0,0
BDCCCAE,3,BDSW1HC2,0x00000001,0,0,0,0
BDCCCAE,4,POTN52,0x00000002,0,5,0,0
BDCCCAE,5,POTN14,0x00000002,0,3,0,0
BDCCCAE,6,POTN04,0x00000002,0,2,0,0
BDCCCAE,7,BDKEY02,0x00000002,0,0,0,0
BDBARTLE,0,LEAT04,0x00000000,0,0,0,0
BDBARTLE,1,BDSW1H04,0x00000000,0,0,0,0
BDBARTLE,2,DW#RND03,0x00000000,0,0,0,0
BDBARTLE,3,DW#RND12,0x00000000,0,0,0,0
BDBARTLE,4,DW#RND26,0x00000000,0,0,0,0
BDHALAT2,0,RING97,0x00000000,0,0,0,0
BDHALAT2,1,IMMUNE2,0x0000000A,1,0,0,0
BDHALAT2,2,BDRINGGH,0x00000008,1,0,0,0
BDHALAT2,3,BDDRAGGH,0x0000000A,1,0,0,0
BDDM07,0,WAND05,0x00000000,0,2,2,0
BDDM07,1,POTN08,0x00000000,0,1,0,0
BDDM07,2,DART09,0x00000000,0,20,0,0
BDDM07,3,STAF02,0x00000000,0,0,0,0
BDDM07,4,BRAC01,0x00000000,0,0,0,0
BDDM07,5,DW#HASPT,0x00000000,0,0,0,0
BDDM07,6,DW#RND38,0x00000000,0,0,0,0
BDDM08,0,WAND04,0x00000000,0,3,0,0
BDDM08,1,POTN08,0x00000000,0,1,0,0
BDDM08,2,DART04,0x00000000,0,20,0,0
BDDM08,3,STAF01,0x00000008,1,0,0,0
BDDM08,4,CLCK13,0x00000000,0,0,0,0
BDDM08,5,DW#HASPT,0x00000000,0,0,0,0
BDDM09,0,WAND06,0x00000000,0,3,0,0
BDDM09,1,POTN08,0x00000000,0,1,0,0
BDDM09,2,DART02,0x00000000,0,20,0,0
BDDM09,3,DAGG01,0x00000008,1,0,0,0
BDDM09,4,CLCK11,0x00000000,0,0,0,0
BDDM09,5,DW#HASPT,0x00000000,0,0,0,0
BDDM09,6,DW#RND37,0x00000000,0,0,0,0
BDFFXXII,0,HELM09,0x00000000,0,0,0,0
BDFFXXII,1,PLAT01,0x00000000,0,0,0,0
BDFFXXII,2,SHLD05A,0x00000000,0,0,0,0
BDFFXXII,3,SW1H04,0x00000000,0,0,0,0
BDFFXXII,4,UNIFLAM,0x00000000,0,0,0,0
BDTHRIX,0,,0x00000001,0,0,0,0
BDTHRIX,1,IMMUNE2,0x0000000A,1,0,0,0
BDTHRIX,2,RINGDEMN,0x0000000A,1,0,0,0
BDTHRIX,3,REGHP2R,0x0000000A,1,0,0,0
BDTHRIX,4,BDDCOR01,0x0000000A,1,0,0,0
BDHALATA,0,RING97,0x00000000,0,0,0,0
BDHALATA,1,IMMUNE2,0x0000000A,1,0,0,0
BDHALATA,2,BDRINGGH,0x00000008,1,0,0,0
BDHALATA,3,BDDRAGGH,0x0000000A,1,0,0,0
BDHELDMO,0,HELM01,0x00000008,1,0,0,0
BDHELDMO,1,CHAN04,0x00000008,1,0,0,0
BDHELDMO,2,XBOW02,0x00000000,0,0,0,0
BDHELDMO,3,SW1H07,0x00000008,1,0,0,0
BDHELDMO,4,BOLT02,0x00000000,0,40,0,0
BDHELDMO,5,POTN08,0x00000000,0,1,0,0
BDHELDMO,6,UNICAEL,0x00000000,0,0,0,0
BDHELDMO,7,MINHP1,0x00000000,0,0,0,0
BDHELDMO,8,DW#HASPT,0x00000000,0,0,0,0
BDHELDMO,9,DW#RND12,0x00000000,0,0,0,0
BDHELDMO,10,DW#RND25,0x00000000,0,0,0,0
BDASHA05,0,WAND06,0x00000008,1,4,0,0
BDASHA05,1,POTN52,0x00000000,0,1,0,0
BDASHA05,2,UNICAEL2,0x00000000,0,0,0,0
BDASHA05,3,AROW08,0x00000000,0,40,0,0
BDASHA05,4,SW1H05,0x00000008,1,20,0,0
BDASHA05,5,BOW02,0x00000000,0,0,0,0
BDASHA05,6,DW#HASPT,0x00000000,0,0,0,0
BDASHA05,7,DW#RND26,0x00000000,0,0,0,0
BDASHA02,0,WAND04,0x00000008,1,4,0,0
BDASHA02,1,POTN52,0x00000000,0,1,0,0
BDASHA02,2,UNICAEL2,0x00000000,0,0,0,0
BDASHA02,3,DART03,0x00000000,0,20,0,0
BDASHA02,4,DAGG01,0x00000008,1,0,0,0
BDASHA02,5,DW#HASPT,0x00000000,0,0,0,0
BDASHA04,0,HELM01,0x00000008,1,0,0,0
BDASHA04,1,LEAT05,0x00000008,1,0,0,0
BDASHA04,2,SW1H08,0x00000000,0,0,0,0
BDASHA04,3,UNICAEL2,0x00000000,0,0,0,0
BDASHA04,4,POTN52,0x00000000,0,1,0,0
BDASHA04,5,POTN10,0x00000000,0,4,0,0
BDASHA04,6,DW#HASPT,0x00000000,0,0,0,0
BDASHA04,7,DW#RND12,0x00000000,0,0,0,0
BDASHA04,8,DW#RND26,0x00000000,0,0,0,0
BDASHA06,0,HELM01,0x00000008,1,0,0,0
BDASHA06,1,PLAT01,0x00000000,0,0,0,0
BDASHA06,2,SHLD04A,0x00000008,1,0,0,0
BDASHA06,3,HAMM02,0x00000008,1,0,0,0
BDASHA06,4,SLNG02,0x00000000,0,0,0,0
BDASHA06,5,BULL03,0x00000000,0,40,0,0
BDASHA06,6,UNICAEL2,0x00000000,0,0,0,0
BDASHA06,7,POTN52,0x00000000,0,1,0,0
BDASHA06,8,POTN21,0x00000000,0,1,0,0
BDASHA06,9,WAND11,0x00000008,1,2,0,0
BDASHA06,10,DW#HASPT,0x00000000,0,0,0,0
BDASHA06,11,DW#RND26,0x00000000,0,0,0,0
BDASHA01,0,HELMNOAN,0x00000008,1,0,0,0
BDASHA01,1,HALB07,0x00000008,1,0,0,0
BDASHA01,2,UNICAEL2,0x00000000,0,0,0,0
BDASHA01,3,POTN52,0x00000000,0,2,0,0
BDASHA01,4,POTN11,0x00000000,0,1,0,0
BDASHA03,0,HELM01,0x00000008,1,0,0,0
BDASHA03,1,PLAT10,0x00000008,1,0,0,0
BDASHA03,2,SHLD06A,0x00000000,0,0,0,0
BDASHA03,3,SW1H05,0x00000008,1,0,0,0
BDASHA03,4,UNICAEL2,0x00000000,0,0,0,0
BDASHA03,5,POTN52,0x00000000,0,2,0,0
BDASHA03,6,POTN12,0x00000000,0,1,0,0
BDASHA03,7,DW#HASPT,0x00000000,0,0,0,0
BDASHA03,8,DW#RND12,0x00000000,0,0,0,0
BDASHA03,9,DW#RND27,0x00000000,0,0,0,0
BDBWOOSH,0,MAGE01,0x00000000,0,0,0,0
BDBWOOSH,1,IMOENHP1,0x00000000,0,0,0,0
BDMUGG1,0,LEAT04,0x00000000,0,0,0,0
BDMUGG1,1,SW1H07,0x00000000,0,0,0,0
BDMUGG1,2,DART01,0x00000000,0,40,0,0
BDMUGG1,3,DW#RND04,0x00000000,0,0,0,0
BDMUGG1,4,DW#RND12,0x00000000,0,0,0,0
BDMUGG1,5,DW#RND26,0x00000000,0,0,0,0
BDMUGG2,0,LEAT01,0x00000000,0,0,0,0
BDMUGG2,1,DAGG01,0x00000000,0,0,0,0
BDMUGG2,2,POTN10,0x00000000,0,2,0,0
BDMUGG2,3,DW#HASPT,0x00000000,0,0,0,0
BDMUGG2,4,DW#RND04,0x00000000,0,0,0,0
BDMUGG2,5,DW#RND18,0x00000000,0,0,0,0
BDMUGG3,0,CHAN04,0x00000000,0,0,0,0
BDMUGG3,1,BOW03,0x00000000,0,0,0,0
BDMUGG3,2,AROW01,0x00000000,0,20,0,0
BDMUGG3,3,SW1H04,0x00000000,0,0,0,0
BDMUGG3,4,DW#RND04,0x00000000,0,0,0,0
BDMUGG3,5,DW#RND12,0x00000000,0,0,0,0
BDMUGG3,6,DW#RND26,0x00000000,0,0,0,0
BDNUBER1,0,BDNUBER1,0x00000008,1,0,0,0
BDNUBER2,0,SW1H11,0x00000008,1,0,0,0
BDNUBER2,1,BDNUBER1,0x00000008,1,0,0,0
BDNUBER2,2,SW1H11,0x00000008,1,0,0,0
BDMEPI01,0,BDMEPSUT,0x0000000A,1,0,0,0
BDMEPI01,1,BDMEPSUI,0x0000000A,1,0,0,0
BDMEPL01,0,BDMEPSUT,0x0000000A,1,0,0,0
BDMEPL01,1,BDMEPSUL,0x0000000A,1,0,0,0
BDMEPE01,0,BDMEPSUT,0x0000000A,1,0,0,0
BDMEPE01,1,BDMEPSUE,0x0000000A,1,0,0,0
BDCUTSP6,0,MAGE01,0x00000000,0,0,0,0
BDCUTSP6,1,IMOENHP1,0x00000000,0,0,0,0
BDPUDDBL,0,HELMNOAN,0x00000000,0,0,0,0
BDPUDDBL,1,RING95,0x00000000,0,0,0,0
BDPUDDBL,2,BDPUDDBL,0x00000000,0,0,0,0
BDSHAD02,0,IMMUNE1,0x0000000A,1,0,0,0
BDSHAD02,1,RING95,0x0000000A,1,0,0,0
BDSHAD02,2,SHADOWWP,0x0000000A,1,0,0,0
BDCCORC1,0,LEAT10,0x00000008,1,0,0,0
BDCCORC1,1,STAF01,0x00000008,1,0,0,0
BDWRAT,0,S1-12,0x00000000,0,0,0,0
BDWRAT,1,IMMUNE1,0x00000000,0,0,0,0
BDRAGGEM,0,STAF01,0x00000000,0,0,0,0
BDRAGGEM,1,POTN08,0x00000000,0,1,0,0
BDSICKLY,0,BOW05,0x00000000,0,0,0,0
BDSICKLY,1,SW1H07,0x00000000,0,0,0,0
BDSICKLY,2,AROW12,0x00000000,0,40,0,0
BDSABN,0,HELMNOAN,0x00000000,0,0,0,0
BDSABN,1,CHAN04,0x00000000,0,0,0,0
BDSABN,2,SPER02,0x00000000,0,0,0,0
BDSABN,3,POTN08,0x00000000,0,1,0,0
BDSABN,4,POTN09,0x00000000,0,0,0,0
BDGOBBO1,0,SHLD01A,0x00000000,0,0,0,0
BDGOBBO1,1,AX1H01,0x00000000,0,0,999,0
BDGOBBO2,0,BOW05,0x00000000,0,0,0,0
BDGOBBO2,1,DAGG01,0x00000000,0,0,0,0
BDGOBBO2,2,AROW01,0x00000000,0,40,0,0
BDRIDER1,0,HELMNOAN,0x00000000,0,0,0,0
BDRIDER1,1,SPER01,0x00000000,0,0,0,0
BDRIDER1,2,POTN08,0x00000000,0,1,0,0
BDBATTUK,0,HELM11,0x00000000,0,0,0,0
BDBATTUK,1,LEAT04,0x00000000,0,0,0,0
BDBATTUK,2,BOW01,0x00000000,0,0,0,0
BDBATTUK,3,SW1H01,0x00000000,0,0,999,0
BDBATTUK,4,AROW08,0x00000000,0,40,0,0
BDBATTUK,5,POTN52,0x00000000,0,1,0,0
MEPMAG01,0,IMMCLOUD,0x00000000,0,0,0,0
MEPMAG01,1,MEPMAG,0x00000000,0,0,0,0
BDSPIRIT,0,IMMUNE1,0x0000000A,1,0,0,0
BDSPIRIT,1,RING95,0x0000000A,1,0,0,0
BDSPIRIT,2,BDSPIRIT,0x0000000A,1,0,0,0
BDSHJELL,0,RING95,0x00000000,0,0,0,0
BDSHJELL,1,JELLOC1,0x00000000,0,0,0,0
BDSHJELL,2,BDAMUL24,0x00000000,0,0,0,0
BDHELP04,0,P1-8,0x00000000,0,0,0,0
BDHELP04,1,CATJAG,0x00000000,0,0,0,0
BDPETSG,0,HELMNOAN,0x0000000A,1,0,0,0
BDPETSG,1,IMMUNE1,0x0000000A,1,0,0,0
BDPETSG,2,GOLSTONE,0x0000000A,1,0,0,0
BDPETSG,3,GOLSTO,0x0000000A,1,0,0,0
BDURE6D,0,P1-6,0x00000000,0,0,0,0
BDFIST61,0,HELM09,0x00000000,0,0,0,0
BDFIST61,1,CHAN04,0x00000000,0,0,0,0
BDFIST61,2,SHLD01A,0x00000000,0,0,0,0
BDFIST61,3,SW1H04,0x00000000,0,0,0,0
BDFIST61,4,UNIFLAM,0x00000000,0,0,0,0
BDFIST61,5,POTN08,0x00000000,0,0,0,0
BDFIST61,6,DW#HASPT,0x00000000,0,0,0,0
BDFIST61,7,DW#RND11,0x00000000,0,0,0,0
BDFIST61,8,DW#RND26,0x00000000,0,0,0,0
BDFIST62,0,HELM09,0x00000000,0,0,0,0
BDFIST62,1,CHAN04,0x00000000,0,0,0,0
BDFIST62,2,XBOW04,0x00000000,0,0,0,0
BDFIST62,3,DAGG01,0x00000000,0,0,0,0
BDFIST62,4,BOLT01,0x00000000,0,20,0,0
BDFIST62,5,UNIFLAM,0x00000000,0,0,0,0
BDFIST62,6,POTN08,0x00000000,0,1,0,0
BDFIST62,7,DW#HASPT,0x00000000,0,0,0,0
BDFIST62,8,DW#RND11,0x00000000,0,0,0,0
BDFIST62,9,DW#RND26,0x00000000,0,0,0,0
BDFIST63,0,HELM09,0x00000000,0,0,0,0
BDFIST63,1,CHAN04,0x00000000,0,0,0,0
BDFIST63,2,BOW03,0x00000000,0,0,0,0
BDFIST63,3,SW1H07,0x00000000,0,0,0,0
BDFIST63,4,AROW01,0x00000000,0,40,0,0
BDFIST63,5,AROW01,0x00000008,1,40,0,0
BDFIST63,6,UNIFLAM,0x00000000,0,0,0,0
BDFIST63,7,POTN08,0x00000000,0,1,0,0
BDFIST63,8,DW#HASPT,0x00000000,0,0,0,0
BDFIST63,9,DW#RND12,0x00000000,0,0,0,0
BDFIST63,10,DW#RND25,0x00000000,0,0,0,0
BDFISTM3,0,WAND06,0x00000000,0,20,0,0
BDFISTM3,1,POTN52,0x00000000,0,1,0,0
BDFISTM3,2,UNIFLAM,0x00000000,0,0,0,0
BDFISTM3,3,DART02,0x00000000,0,80,0,0
BDFISTM3,4,STAF01,0x00000000,0,0,0,0
BDFISTM3,5,BRAC01,0x00000000,0,0,0,0
BDFISTM3,6,CLCK11,0x00000000,0,0,0,0
BDFISTM3,7,DW#HASPT,0x00000000,0,0,0,0
BDMEPHIW,0,IMMCLOUD,0x00000000,0,0,0,0
BDMEPHIW,1,S1-3,0x00000000,0,0,0,0
