cre_key,cre_status,cre_sha256,kill_xp,ea,name_strref,current_hp,max_hp,state_hex,state_dead,deathvar,dialogue,cre_override,cre_class,cre_race,cre_general,cre_default
BDREFGM2,ok,0d924cd15486417d1d9b838f6e55cffaabd5d756499e178b10e76904320070b5,15,128,252888,8,8,0x00000000,0,BDREFGM2,BDREFGM2,BDCRWDE,NONE,NONE,NONE,NONE
BDREFGM3,ok,1e7a7f123179b31717955b7a038f3b3dee89e1533b709845f9a0987872330275,15,128,252888,8,8,0x00000000,0,BDREFGM3,BDREFGM3,BDCRWDE,NONE,NONE,NONE,NONE
BDREFGM4,ok,cc2e25382d1a94fef09dba955135896364190ede06347d9bfb0f1501e567e9c0,15,128,252888,8,8,0x00000000,0,BDREFGM4,BDREFGM4,BDCRWDE,NONE,NONE,NONE,NONE
BDREFGM5,ok,119eb807a65e2ee7513a9c4cdaa08ba5f4b9752bb8747e94b571d627067cbed6,15,128,252888,8,8,0x00000000,0,BDREFGM5,BDREFGM5,BDCRWDE,NONE,NONE,NONE,NONE
BDREFGM6,ok,2ddbee71cbd6635490dce87461f011456a95a2e5ef8f6e062e986362df71c2aa,15,128,252888,8,8,0x00000000,0,BDREFGM6,BDREFGM6,BDCRWDE,NONE,NONE,NONE,NONE
BDREFGF4,ok,47362928e7b1debe804ba174e7a4cc356a187d4a62bb5abd18250714b5241433,15,128,252888,8,8,0x00000000,0,BDREFGF4,BDREFGF4,BDCRWDE,NONE,NONE,NONE,NONE
BDREFGF5,ok,826ff3137745babd6bf97d6f1b9085ea66c88300835bcd6c0d707a7b18d2157f,15,128,252888,8,8,0x00000000,0,BDREFGF5,BDREFGF5,BDCRWDE,NONE,NONE,NONE,NONE
BDREFGF6,ok,47bfc80d05998fb00c5e14692e98e0066ab4009c458bfc3766938a6f1f80b62a,15,128,252888,8,8,0x00000000,0,BDREFGF6,BDREFGF6,BDCRWDE,NONE,NONE,NONE,NONE
BDREFGF7,ok,55bcaef300eb54a8aa047f2cf7e482e8967bec1a1df0b57a96404a487cbad7dc,15,128,252888,8,8,0x00000000,0,BDREFGF7,BDREFGF7,BDCRWDE,NONE,NONE,NONE,NONE
BDNOBF1,ok,6fa86ba6c7e77ef75a40688506dfd24474a3d8482ccd55ef12851ae17e272342,15,128,209420,8,8,0x00000000,0,BDNOBF1,,BDCRWDF,NONE,NONE,NONE,NONE
BDNOBF6,ok,11164bb376005b2de1014ede5667de0c3a402cecf0e62a9c24346583b9a961d5,15,128,209420,8,8,0x00000000,0,BDNOBF6,,BDCRWDE,NONE,NONE,NONE,NONE
BDNOBF7,ok,34b4a15660aeba137f9447a3ba68bb79ce0c56c9c6a5fc22368566152b3e2244,15,128,209420,8,8,0x00000000,0,BDNOBF7,,BDCRWDE,NONE,NONE,NONE,NONE
BDNOBM3,ok,526551047a5e274848c20b48d69bcc34291b680d0992f718c16940c57a9ea307,15,128,209418,8,8,0x00000000,0,BDNOBM3,,BDCRWDE,NONE,NONE,NONE,NONE
BDNOBM5,ok,073ada3f2b60bdc6553db861a196a1455d9a27c830e9351eac7a7e6710d618d9,15,128,209418,8,8,0x00000000,0,BDNOBM5,,BDCRWDE,NONE,NONE,NONE,NONE
BDNOBM6,ok,69bbea78ac319ae5436624a7d1fd9c476c0c267501962540645430aa31a1bbfd,15,128,209418,8,8,0x00000000,0,BDNOBM6,,BDCRWDE,NONE,NONE,NONE,NONE
BDNOBM7,ok,2592349b15f7df3c6e76708e71d7418b84fdeca37a87ec7b4d58ae1f07a24690,15,128,209418,8,8,0x00000000,0,BDNOBM7,,BDCRWDE,NONE,NONE,NONE,NONE
BDREFGF1,ok,abd4e39a988a86921f5124ef8b86f4f48ec8cbd6f0bbae1ddb6977fe5771822c,15,128,252888,8,8,0x00000000,0,BDREFGF1,BDREFGF1,BDCRWDE,NONE,NONE,NONE,NONE
BDNOBF3,ok,3631c1d33548425bf38a7d97b258f75718ed79db37a0d7fc8762a9799d158021,15,128,209420,8,8,0x00000000,0,BDNOBF3,,BDCRWDE,NONE,NONE,NONE,NONE
BDNOBM2,ok,8d3aeea59090d8e5730ee79d1755e7a3097a5a6a4f9ffd822386a1208bc0018f,15,128,209418,8,8,0x00000000,0,BDNOBM2,,BDCRWDE,NONE,NONE,NONE,NONE
BDFISTCC,ok,96fc2ee5b811f2463968af629e6adafe3d0ec9d67409456535c516bfdc6a584b,420,128,213833,60,60,0x00000000,0,BDFISTCC,BDFISTCC,BDFISTCC,,BDSHOUT,BDFIGH01,
BDFISTCL,ok,d107b400eaa23cf8e2d5f33a7c518ea955d0ca200b20a658f7efac46ff75c609,420,128,213833,60,60,0x00000000,0,BDFISTCL,BDFISTCC,BDFISTCC,,BDSHOUT,BDFIGH01,
BDSCHAEL,ok,a604335332564e0e0ab8168acc6fdf1d03fadf29c9ef4ea8f88b9810c6bd1680,3000,128,235625,90,90,0x00000000,0,BDSCHAEL,BDSCHAEL,BDSCHAEL,,BDSHOUT,BDFIGH01,
HORSE,ok,5b6061bba5860000733669628aee8fa97c8b72085ad06e44d54883bb048eb674,1,128,6630,10,10,0x00000000,0,None,NONE,NONE,NONE,NONE,NONE,NONE
BDTEERA,ok,7d4f90c6173c53ad0237c1708033c50ca02efff5cf8beafe227ce943a5793abe,15,128,259707,8,8,0x00000000,0,BDTEERA,BDTEERA,BDTEERA,NONE,NONE,NONE,NONE
BDQUILA,ok,a7bf53d2e2db5e7787c8fadb6c6827ffa92346a970be2a0e76e8f8b052f7574d,15,128,259706,8,8,0x00000000,0,BDQUILA,BDQUILA,BDQUILA,NONE,NONE,NONE,NONE
BDDOG,ok,64bdd011b75021ce21fdc4ebd253938232f303cae31b0496e0e7e2cb27f5b829,0,128,255008,8,8,0x00000000,0,BDDOG,,,NONE,NONE,NONE,DW2MP2MO
BDBOY,ok,866c29b7d1d5ac62dc9fc33c65e45050c073a6090c591777c1fc1b3c41f96a4b,7,128,209404,8,8,0x00000000,0,BDBOY,,BDCRWDE,NONE,NONE,NONE,
BDGIRL,ok,f18cd208445242605ef8ebd22c47a58c8933f6b426541d1e9c90687e0e89cdb6,7,128,209406,8,8,0x00000000,0,BDGIRL,,BDCRWDE,NONE,NONE,NONE,
BDREFUGE,ok,71902a44364109fa3ff8a26ce3ea88b2100fc99936ec1b4ac8707a999cdb8362,7,128,252888,8,8,0x00000000,0,BDREFUGE,BDREFUGE,BDCRWDE,,NONE,NONE,
SEAGUL,ok,5aab71402d376c625072cc6c1fa78eee7e04652110fce2c2aa67c33044d23565,0,128,4294967295,8,8,0x00000000,0,None,NONE,NONE,NONE,RANDFLY,NONE,NONE
BDGARACH,ok,839a6267d85c9983cf471dbd315008f46a5bb1abab2a8e319e422a45b55dc522,15,128,258349,8,8,0x00000000,0,BDGARACH,BDGARACH,BDGARACH,NONE,NONE,NONE,NONE
BDPERREN,ok,ec5de9d905306aa5866d76d07e92ced23b1d8bfbd6b06a3cdbc1e9c0f19b50d9,7,128,258350,8,8,0x00000000,0,BDPERREN,BDPERREN,BDPERREN,,NONE,NONE,
BDREFGM1,ok,218ce685cfab326447dfc0132a9e0b9cd9e92a9ded6924a5a7fa5406f401f61b,15,128,252888,8,8,0x00000000,0,BDREFGM1,BDREFGM1,BDCRWDE,NONE,NONE,NONE,NONE
BDREFGF2,ok,1071b9d0246a5fe868ad5246b9d9c362d197dae9f164430b0a3b3dcbee3f5edd,15,128,252888,8,8,0x00000000,0,BDREFGF2,BDREFGF2,BDCRWDE,NONE,NONE,NONE,NONE
BDNOREST,ok,eb50cd5e0b52ee1d92081a70733daeecf64c2f6b3e1e8eaed50ef2b7e6643fb1,0,128,4294967295,8,8,0x00000000,0,BDNOREST,NONE,BDNOREST,NONE,NONE,NONE,NONE
BDSITM06,ok,f83c491f22cd289ba9ffaf158037c21229d74ab23121a8f61b35e5a7ff2e7985,15,128,209430,8,8,0x00000000,0,BDSITM06,,BDCRWDE,,NONE,NONE,NONE
BDSITM07,ok,efa182b5f80a6bad5ce5930dcc856c7842fb02a3b8cdd2e32eff367cebd4d396,15,128,209430,8,8,0x00000000,0,BDSITM07,,BDCRWDE,,NONE,NONE,NONE
BDREFGM7,ok,bb5b1270528faade10fbe030841869ea81f09be3c9905408fd56db79b6c02e27,15,128,252888,8,8,0x00000000,0,BDREFGM7,BDREFGM7,BDCRWDE,NONE,NONE,NONE,NONE
BDREFGF3,ok,61a3e96e083967c73e14ff31cdc3cc91d9dac8a0c888d42cdac893c30d386196,15,128,252888,8,8,0x00000000,0,BDREFGF3,BDREFGF3,BDCRWDE,NONE,NONE,NONE,NONE
BDNOBF2,ok,02fb22e6445380834e9eb9783ac86e9b324d69f934211d6c9bf34318d5dc519c,15,128,209420,8,8,0x00000000,0,BDNOBF2,,BDCRWDE,NONE,NONE,NONE,NONE
BDNOBF4,ok,30e30b5b586dab312cb095313120045fc046ac789367e7c5590363ad46eadc7b,15,128,209420,8,8,0x00000000,0,BDNOBF4,,BDCRWDE,NONE,NONE,NONE,NONE
BDNOBM1,ok,b19340338a7a66d88fdf69de7072e0957fd72cfe99e5ac2d7e270c5c6ab3e0e9,15,128,209418,8,8,0x00000000,0,BDNOBM1,,BDCRWDM,NONE,NONE,NONE,NONE
BDCOMF3,ok,4c7136cc2a53c979a1fdc6be322ff93b84ac05c6d18643eeaa622199e93c5f19,15,128,209428,8,8,0x00000000,0,BDCOMF3,,BDCRWDE,NONE,NONE,NONE,NONE
BDCOMF6,ok,65442f0df5bbaab33c19f9fa4ade89f3cd71fde1d78b9d52f1e8f10882caf5ec,15,128,209428,8,8,0x00000000,0,BDCOMF6,,BDCRWDE,NONE,NONE,NONE,NONE
BDCOMM1,ok,5e909cf46bb3b43b49d1917efd3b8f0562fdbd5bb20df240f79c440ee77b697e,15,128,209430,8,8,0x00000000,0,BDCOMM1,,BDCRWDE,NONE,NONE,NONE,NONE
BDFFVIDA,ok,b06ab8a5cb2dcf5f226eab1a36be48d6557200e44c9ae76eb8fa3a8a8c647b38,420,128,259874,60,60,0x00000000,0,BDFFVIDA,BDFFVIDA,BDFFVIDA,,BDSHOUT,BDFIGH01,
BDFATMAN,ok,08cca4480cfd84f040afeb9ec7b3cb134332db4be06ba87f5fc3346081ba71cc,15,128,209430,8,8,0x00000000,0,BDFATMAN,,BDCRWDE,NONE,NONE,NONE,NONE
BIRD,ok,a0215ba5df8bd9420e71c40b5d9dcc21ad652c210db1d6aaf032ed2915a0efe2,0,128,13718,8,8,0x00000000,0,None,NONE,NONE,NONE,RANDFLY,NONE,NONE
BDTANORM,ok,7ea4b8456bdeffc8764e78d21cefed63602cb2f4894d47a1690904623001c1f6,15,128,259875,8,8,0x00000000,0,BDTANORM,BDTANORM,BDTANORM,NONE,NONE,NONE,NONE
BDPROST1,ok,18bf95839553bf0771af134fb42f0a8713cc0e7d52043a2ff1e04b2572c7265e,15,128,209414,7,7,0x00000000,0,BDPROST1,BDPROST1,BDPROST1,,NONE,NONE,
BDSENNA,ok,b24d99a8fdb5036d95d865ab69cc57522ae600cc3ac5b72d1c87c0ee07d42d36,15,128,259868,8,8,0x00000000,0,BDSENNA,BDSENNA,BDSENNA,NONE,NONE,NONE,NONE
BDBGUARD,ok,d76c555c063c7822acef45d935c69bd91f6aae83e2f46ba7e764b7fa4e3df9b3,0,128,259867,96,96,0x00000000,0,BDBGUARD,BDBGUARD,BDBGUARD,,,,BDFIGH01
BDCOMF1,ok,5120379c41757300c06658d36bc502926955723b23af13ff9ca732d350cafbad,15,128,209428,8,8,0x00000000,0,BDCOMF1,,BDCRWDE,NONE,NONE,NONE,NONE
BDUNCONS,ok,5ff5e6ec4d0608ff485e0f5d50b57220c9378cf3b6536212b9df9ad326613c3b,7,128,263367,8,8,0x00000001,0,BDUNCONS,,,,NONE,NONE,
BDCOMM3,ok,59de07f09d4b4928f911bed8ebc7287eca5bc98abe02a6c54ef2302323574e7f,15,128,209430,8,8,0x00000000,0,BDCOMM3,,BDCRWDE,NONE,NONE,NONE,NONE
BDCOMF2,ok,8c2bb037b9fde0051f755a43287f2893e72a1d61ddd81bab00dc208cd66e8bad,15,128,209428,8,8,0x00000000,0,BDCOMF2,,BDCRWDE,NONE,NONE,NONE,NONE
BDFATWOM,ok,f8d40db5a9e8a747101df3fe4792250f698958cd64144a5d07f2e6e3e6cd6fec,15,128,209428,8,8,0x00000000,0,BDFATWOM,,BDCRWDE,NONE,NONE,NONE,NONE
BDNOBM4,ok,17eea9cfe733252c3baea5842777fc8392e5947b6df5cec53e94c5d7e7c402ec,15,128,209418,8,8,0x00000000,0,BDNOBM4,,BDCRWDE,NONE,NONE,NONE,NONE
BDNOBF5,ok,598207bda0625f31d074bcdd90c40947140ec5bfb8b64dcd440464d2eeb4ba4d,15,128,209420,8,8,0x00000000,0,BDNOBF5,,BDCRWDE,NONE,NONE,NONE,NONE
CAT,ok,f215448e459fcdf1e562ef8dc2f135b5b62ef9ca9e9981e0d1c4491aef792b4f,1,128,12793,8,8,0x00000000,0,cat,NONE,NONE,NONE,NONE,HUNTER,WDRUNSGT
BDCOMM2,ok,ede69d723d5463fb8223fa8bc5088118e8fdbbb7a99eba60f027fe0e832d550b,15,128,209430,8,8,0x00000000,0,BDCOMM2,,BDCRWDE,NONE,NONE,NONE,NONE
BDCOMF7,ok,359230eb182009f3753a1ca48cab9897b912ce47d15e5b38c5baa1301a4206ff,15,128,209428,8,8,0x00000000,0,BDCOMF7,,BDCRWDE,NONE,NONE,NONE,NONE
BDCOMM6,ok,8cd7855825fc7c5a743cc658c7a026e0898aa0ff3912a615ca6ff518aefce7a6,15,128,209430,8,8,0x00000000,0,BDCOMM6,,BDCRWDE,NONE,NONE,NONE,NONE
BDCOMM7,ok,712cc5910d68996469a1753ab40c5346d2ffed51ad0b6620a1aafc8c652d4a40,15,128,209430,8,8,0x00000000,0,BDCOMM7,,BDCRWDE,NONE,NONE,NONE,NONE
BDCOMM4,ok,657350d2f507d5d6ef4878ec185b68d0bca6715c50b6ebadeed45cad56740252,15,128,209430,8,8,0x00000000,0,BDCOMM4,,BDCRWDE,NONE,NONE,NONE,NONE
BDCOMF5,ok,75cbb23a9ad72871e1e10e8abd9eb5ac685b2ae3198cdc7ecc3e4e318a0e5cb8,15,128,209428,8,8,0x00000000,0,BDCOMF5,,BDCRWDE,NONE,NONE,NONE,NONE
BDCOMM5,ok,e757cc2496f0e6a48c7e2b47877e895c6c7c83ed4d0aa44aa8fe0e350cfec10d,15,128,209430,8,8,0x00000000,0,BDCOMM5,,BDCRWDE,NONE,NONE,NONE,NONE
BDCOMF4,ok,c7c88b160929cfcaba0346ffd0831567985e630f3a303d8216b9ade250142790,15,128,209428,8,8,0x00000000,0,BDCOMF4,,BDCRWDE,NONE,NONE,NONE,NONE
BDSITM01,ok,e2f6575bf92764c8d2ade17c76c18921764aae9ead1d78ae941625c9e6861e31,15,128,209430,8,8,0x00000000,0,BDSITM01,,BDCRWDE,,NONE,NONE,NONE
BDFISTXX,ok,21f5ebacf874e4708116af82e8bdf2568c7b7a3a0111fb4ef99a516d37755d35,420,128,213833,60,60,0x00000000,0,BDFISTXX,,BDFISTXX,,BDSHOUT,BDFIGH01,
BDROLFF,ok,9b3a4f0d747ad1db5e68bbfd129821bf9d7d7b9d2acbe004d7df2da07e8f7e3a,15,128,261082,8,8,0x00000000,0,BDROLFF,BDROLFF,BDROLFF,NONE,NONE,NONE,NONE
BDKIERAN,ok,35aef2d3698217bd3a31f6f35126c519ace806e2b250f7608353b2327876d68e,15,128,261083,8,8,0x00000000,0,BDKIERAN,BDKIERAN,BDKIERAN,NONE,NONE,NONE,NONE
BDBELT,ok,c88f6684e8c653f0a5c391afd8a076afd095f4ce2b4405a6f3b42864fd525df6,6000,128,212704,190,190,0x00000000,0,BDBELT,BDBELT,BDBELT,,BDSHOUT,BDFIGH01,
BDENTAR,ok,faea49e95b3af686ffcd2ce227fb6b6c8a6fb1afc00c9b8aeda7b6fa79341131,6500,128,212290,203,203,0x00000000,0,BDENTAR,BDENTAR,BDENTAR,NONE,BDSHOUT,BDFIGH01,
BDBENCE,ok,08b123131d583b920798a69560409603885b586d3c8ced8213c0a7d099875d09,1400,128,236696,90,90,0x00000000,0,BDBENCE,BDBENCE,BDBENCE,,BDSHOUT,BDFIGH01,
BDGU1697,ok,4e83b2cefba7a40511c3bd8155e540fd21115071b0b6183a9393ad25e54b6ab7,420,128,270404,60,60,0x00000000,0,BDGU1697,BDGU1697,,,BDSHOUT,BDFIGH01,
CUTSPY,ok,dbe6bb99edd21b732d696703b810c12816a9036bb45b53f72e037c96675d85e4,0,128,4294967295,8,8,0x00000000,0,cutspy,NONE,NONE,NONE,NONE,NONE,NONE
BDFF1697,ok,758aa0e76d0c57cbac4e790b40d7838e10a51fcae25baa8409e67b2ded9518ee,420,128,213833,60,60,0x00000000,0,BDFF1697,BDFF1697,,,BDSHOUT,BDFIGH01,
BDSITM02,ok,50ccbb4297511063104c1ef35de668e81f5b2080e5147187268e423622e16aae,15,128,209430,8,8,0x00000000,0,BDSITM02,,BDCRWDE,,NONE,NONE,NONE
BDSITM03,ok,86953dd65615098915f50c6e86d4c521ea39fe035796bb1bab9b28b90035b499,15,128,209430,8,8,0x00000000,0,BSSITM03,,BDCRWDE,NONE,NONE,NONE,NONE
BDSITM04,ok,d4308b708cb9246f770674c4b986f96084ce767bc92c9f4a4c914e820fdcc872,15,128,209430,8,8,0x00000000,0,BDSITM04,,BDCRWDE,,NONE,NONE,NONE
BDSITM05,ok,33a59a768ef4d1a55f005afbc012b7607835cef0d0c00856514e1550d8ec4df8,15,128,209430,8,8,0x00000000,0,BDSITM05,,BDCRWDE,,NONE,NONE,NONE
BDSITW01,ok,193f5bf03c61c13f8007acbf8426f777855e717941fdeb5eaa62e52938b7e730,15,128,209428,8,8,0x00000000,0,BDSITW01,,BDCRWDE,,NONE,NONE,NONE
BDRAT,ok,8c3b33521cc9a276a8c8417289aeb9b49850bf7a50f41e1047531b542ac57d88,1,128,213722,8,8,0x00000000,0,BDRAT,NONE,NONE,NONE,WDRUNSGT,NONE,NONE
COW,ok,fcd594393e2026e16e0c9e652de4aca1523c0b106cb59539b5f7104af4acb945,1,128,6411,8,8,0x00000000,0,None,NONE,NONE,NONE,NONE,NONE,NONE
CHICKE,ok,a5bffeed5cdf3105b099691e4b85ce18e6eb665216f680d826b8b454659436b0,1,128,6631,8,8,0x00000000,0,None,NONE,NONE,NONE,NONE,NONE,WDRUNSGT
BDDEAD,ok,b31258a2c8109e90c3cf772f13d35dad5574f7361f2eef54de402d6f766e1b54,0,128,217309,2,2,0x00000800,1,BDDEAD,,NONE,NONE,NONE,NONE,NONE
BDDIRLA,ok,cade37befb0e27a85a3c4965d0d401e28e8ace729375773428663aa03c8e058c,250,128,258352,50,50,0x00000000,0,BDDIRLA,BDDIRLA,LUISGANG,,,,DW2MM2AR
BDGOLT,ok,fb375e26a55c2b7c728c1c5f60fd5ede431def4464aa317ad1255dcc58e974e8,400,128,258354,48,48,0x00000000,0,BDGOLT,BDGOLT,LUISGANG,,,NONE,DW2RP2TH
BDLLUIS,ok,c9d1d0805bbeb55b373366351a5789ffc4ff7005e12f070bee2b766d3242cda7,450,128,258353,70,70,0x00000000,0,BDLLUIS,BDLLUIS,LUISGANG,,,BDLLUIS,DW2MS2GE
BDASERY,ok,f44503047412e10d5a80a924a1729df581620d30f40daa617f899c6a730ac26b,400,128,258355,70,70,0x00000000,0,BDASERY,BDASERY,LUISGANG,,,,DW2MC2GE
BDROBEL,ok,170e9c0cc418f55bccfaff9fb12366f4cf9b4a299e8bcd4331a0012afc265b89,15,128,263836,8,8,0x00000000,0,BDROBEL,BDROBEL,BDROBEL,NONE,NONE,NONE,NONE
BDAILEEN,ok,8e5831d8d669d5cf3d63c9d196367825ac16e3c1e50fbacf216e0a8e85920ff5,15,128,258365,8,8,0x00000000,0,BDAILEEN,BDAILEEN,BDAILEEN,NONE,NONE,NONE,NONE
BDSITRE1,ok,be42eb1cb8b1e0502bbc03cc116e53f7612c7438c44572cc8d2574646136bb37,15,128,252888,8,8,0x00000000,0,BDSITRE1,,BDCRWDE,,NONE,NONE,NONE
BDREFUG1,ok,68f10b810bb5bda1bea110eab00e5d755fc71e16a39310fa8cf74aef1873586d,7,128,212797,8,8,0x00000001,0,BDREFUGE,BDREFUGE,BDCRWDE,,NONE,NONE,
BDSITRE2,ok,deb75784558667c4c5a46c3c7eda38d30546dc0301769a5b3441ce26e2c873ad,15,128,252888,8,8,0x00000000,0,BDSITRE2,,BDCRWDE,,NONE,NONE,NONE
BDSITRE3,ok,806b87802f02566ebf0c7218acf50e9761e70063aeda57a4964ca6c7402aae23,15,128,252888,8,8,0x00000000,0,BDSITRE3,,BDCRWDE,,NONE,NONE,NONE
BDRIGGS,ok,64d367ae85b737ee2b1bfda6c9eabfea6d9ea1ba4572b5a4bf1097a4fb851553,420,128,261430,60,60,0x00000000,0,BDRIGGS,BDRIGGS,BDRIGGS,,BDSHOUT,BDFIGH01,
BDBYZON,ok,a0741c6349bfa6ad6ed7bb15b84565e8eff6ae441c671bea8f02b48417641d5f,15,128,261431,8,8,0x00000000,0,BDBYZON,BDBYZON,BDBYZON,NONE,NONE,NONE,NONE
SQUIRR,ok,d2a95310e561a3e0138e41028c461056bd70ac06f3870560dbbeac91d0a55574,1,128,12796,8,8,0x00000000,0,None,NONE,NONE,NONE,PREY,NONE,WDRUNSGT
BDURE1A,ok,aeb0d1852f6e14449630be9f1e07bc26ee85e7745f0a585813786bccbb0d6d45,120,255,256988,30,30,0x00000000,0,BDURE1A,,,BDENSHTV,,,BDFIG00
BDURE1B,ok,ca4055d4888cf5c7938d0050c37f56b454cf8e1e741e340b6638276eca420c06,120,255,256989,30,30,0x00000000,0,BDURE1B,,,BDENSHTV,,,BDARCH00
BDURE1C,ok,97bbf6e4d1563f42050afd495048532156bb47c7b350e44ea412a1f8bcaa6e81,175,255,256990,24,24,0x00000000,0,BDURE1C,,,BDENSHTV,,,BDPRI00
TROLL01,ok,1191a4f668b1444c1eadb6489e893a36eeb6fb49523da57b4d7c8cb0a44e492c,1400,255,225773,54,54,0x00000000,0,TROLL01,,GENSHT01,TROLL01,BDENSHTV,,BDFIG00
VULTUR,ok,80858d7366608566cd3929fb1022b011f0b2fa28c55fa9e8636695cc3ea35537,0,128,213719,8,8,0x00000000,0,None,NONE,NONE,NONE,RANDFLY,NONE,NONE
BAT_OUT,ok,fbbf9667915da5d10875dae2933d4df6f8515561498a572eb81777b5ef1b1605,0,128,209908,8,8,0x00000000,0,None,NONE,NONE,NONE,RANDFLY,NONE,NONE
BDORC1D,ok,7903c1d3ea25bd32e722d69af2e7d333611c1026efe326836dbbaf4e6e47fcad,0,127,256988,1,1,0x00000800,1,,,,,,,
BDORC2D,ok,913d1d5b2354c0b2e5e175fff89d23566189bd169407b930097c6efcf432ecba,0,127,256989,1,1,0x00000800,1,,,,,,,
BDTROL1D,ok,cd9f286f05c1a0aefaaec2375d84f46e28c8fc244879d71227e30778fd9e12e0,0,127,225773,1,1,0x00000A00,1,,,,,,,
BDTROL2D,ok,b668092f944e324162ed90bc1d787b94897375ea415dbf30834c7a7426ad2c16,0,127,269024,1,1,0x00000A00,1,,,,,,,
BDBEETBM,ok,2031791f25a819887ddb262acbafe4871f5b33a237aab80173aa8843d41e4e5a,120,128,256351,18,18,0x00000000,0,BDBEETBM,,,,BDBBCLD,,
BDWOLF02,ok,7d0e7208055d33f6af4159a3a3179bf76017a06838b092db6cc1ad6bc1700913,65,128,206629,24,24,0x00000000,0,BDWOLF02,,,BDGRSHTV,HUNTER,BDANIMN,BDNONIN
NEDEER1,ok,b3f722c07c2327f21b8e8d12b63eabfb2df17fe863a6fa11adf4e8fff2e0e169,65,128,227644,18,18,0x00000000,0,None,NONE,GENSHY,PREY,NONE,NONE,WDRUNSGT
ORC01_,ok,9d64a9c928a2695cb33f8ab8501c5e3b58f8318ed8acd4987b017360f43fdefa,120,255,256988,30,30,0x00000000,0,ORC01,,,BDENSHTV,,,BDFIG00
TROLLSM,ok,24aa957fe268348eed574e9104ab14862b1f335639d938513f52baa31136aec3,750,255,269024,32,32,0x00000000,0,TROLLSM,,TROLL01,BDENSHTV,,,BDFIG00
TROLFR01,ok,c47a25a8bd68aee700208b88ad520114e69c9f7d2db818494297e1a61288320b,650,255,256985,45,45,0x00000000,0,TROLFR01,,TROLL01,BDENSHTV,,,BDFIG00
CORPSE1,ok,d6e5a08090837a0488d98e2105acb25a0dfb30a3d9f95b64d36fe5e6fdd0a552,0,127,223068,10,10,0x00000800,1,None,NONE,NONE,NONE,NONE,NONE,NONE
CATDEAD,ok,924d76e810062e2f705f153c9e49e5f03e866ff336c8f96dd5f14927bae818ca,1,128,212793,0,1,0x00000800,1,None,NONE,NONE,NONE,NONE,NONE,WDRUNSGT
MRCOLWIF,ok,7bf1be6ea7b3f67fe20749b1f102950f85189b5430cb8976a936301777742453,15,128,209428,7,7,0x00000800,1,None,FTOBE2,DW#INNHL,RUNENEMY,NONE,NONE,WDRUNSGT
SKELDED,ok,67d88bd49c2e7050496ee3b2e562843afe4d44693176bfa275a3552d83d7fb80,0,128,4294967295,0,1,0x00000800,1,skelded,NONE,NONE,NONE,NONE,NONE,NONE
BDBATNC,ok,e174eda1e8e9b73e798aa6ba00de05681cca9e3f92c0d302ceda74e2592a80fe,0,128,209908,8,8,0x00000000,0,BDBATNC,,,,,,RANDWALK
BDDEADOG,ok,b6a801aac4dc4e6ef810ba820274e8a0717a3692ca7779392b86594cb624223f,35,255,208761,9,9,0x00000800,1,BDDEADOG,,,NONE,NONE,NONE,
BDRATNC,ok,1126bcc1ce3db61f562e358c56415df3c92ff3c91139d527a36c61cad9caf6c4,0,128,213722,8,8,0x00000000,0,BDRATNC,,,,PREY,,RANDWALK
TROLLGI,ok,7422bc3a651ce45fa3c7683778ddbebadf9043d72a0362f73b65507367f63398,1600,255,269025,64,64,0x00000000,0,TROLLGI,,TROLL01,BDENSHTV,,,BDFIG00
DEAD1,ok,751eb38c8add6ea1909a12c1ad24616e0b8705ed204a058e0414b94df66a464c,2,128,213826,2,2,0x00000800,1,None,MINERN,NONE,NONE,NONE,NONE,NONE
CORPSE2,ok,f463b8bf4e077dc0cc233cac1a752dacccf9c3c9eabe7e6413f8a340f0b82613,0,127,223068,10,10,0x00000800,1,None,NONE,NONE,NONE,NONE,NONE,NONE
DEAD2,ok,ba2293a122dce1b1667aaabb1826cc613dbd489783fd16b67b30c3e65a323617,65,128,209453,16,16,0x00000800,1,None,AMNIS,NONE,NONE,NONE,NONE,NONE
BDURE2A,ok,a6f12d595e56dcc54e07ef02479c9bccc04bd3016e072bf0221a9bb358663548,3500,255,269035,78,78,0x00000000,0,BDURE2A,,BDURE2A,BDENSHTV,,,BDTHF00
BDURE2B,ok,820ef1209e948c80c7578a498e6c42e53df16f5b412d1a89ff68d74497b5b82d,2000,255,211748,96,96,0x00000000,0,BDURE2B,,,BDENSHTV,,,BDFIG00
BDURE2C,ok,c03c7e35d5198970447559ae5c4665e4b75e1bf10548bb7c2298a8f38da936dc,1500,255,211748,70,70,0x00000000,0,BDURE2C,,,BDENSHTV,,,BDFIG00
BDURE2D,ok,94aeced16d8300d14b96edffaa88b7275a860a6fa870e87b2c3614f9ff1f3005,750,255,211748,60,60,0x00000000,0,BDURE2D,,,BDENSHTV,,,BDARCH00
BDURE2E,ok,b33a3ca76c0b4657f76cd1951f4a6806c4b1d02ba003cd68a24de24750aad730,750,255,211748,60,60,0x00000000,0,BDURE2E,,,BDENSHTV,,,BDARCH00
RABBIT,ok,97e6c62ac15300f31e341b8d21023139727431a9684f40713016cfe4f75c0fbe,7,128,47164,8,8,0x00000000,0,None,NONE,NONE,PREY,NONE,NONE,WDRUNSGT
BDURE4A,ok,bfc7e1ccd441e8525df47a04c1c213d8153d7aa0f0fef34abe026bb624900577,8000,128,269133,88,88,0x00000000,0,BDURE4A,BDURE4A,BDURE4B,BDGRSHTV,BDDRGGRY,,BDFIG00
BDURE4B,ok,427e11d79bffbaacddb7482173825540f9836c322eb330b7f5b6030e2b5897cc,3000,128,269026,98,98,0x00000000,0,BDURE4B,,BDURE4B,BDGRSHTV,,,BDFIG00
BDURE4C,ok,5db4a9e8cf306a4ad369b18906d49ba99e79d30ba2293dc858ce562fdf0324bb,3000,128,269026,98,98,0x00000000,0,BDURE4C,,BDURE4B,BDGRSHTV,,,BDFIG00
BDGIANHI,ok,982e977d1d45c347e48850bd143335666704f7e32de4e37b8575e348e4a84ada,3000,255,269026,98,98,0x00000000,0,BDGIANHI,,,BDENSHTV,,,BDFIG00
GRHOG01,ok,318f7873c936b5e608ca91bdcde6f7b72fceb030ba8ecad33cfa03ddec4264ba,1,128,49227,8,8,0x00000000,0,None,NONE,NONE,PREY,NONE,NONE,WDRUNSGT
BDELF1D,ok,d8f9b5ebe54c3405c0398579c21fb9d096a3f5b9f1b3bb3b1f83760d0a05073e,0,127,1097,1,1,0x00000800,1,,,,,,,
BDELF2D,ok,d8f9b5ebe54c3405c0398579c21fb9d096a3f5b9f1b3bb3b1f83760d0a05073e,0,127,1097,1,1,0x00000800,1,,,,,,,
BDELF3D,ok,91b3166d87d8d2962746c82440a98a630fb4c37b04dcf864ed1263afebaa3cec,0,127,1097,1,1,0x00000A00,1,,,,,,,
BDELF4D,ok,cf67b319e3c5ca05041345ce7cb2224cf839cd10bac7cd0f23eea5a496527d0a,0,127,1097,1,1,0x00000A00,1,,,,,,,
BDGOB03,ok,c45452dc82f638cec39bd7abd9d30cd0c8e73c221539c72c987e817c6568e893,250,255,269069,48,48,0x00000000,0,BDGOB03,,,BDENSHTV,,,BDFIG00
BDGOB04,ok,37de9109817d15cf7c90e7ac5e1ca5506d2e5c2a60a8dd33ef2387ffb5e56049,500,255,269068,40,40,0x00000000,0,BDGOB04,,,BDENSHTV,,,BDGOB04
BDGOB02,ok,1f86d92f2e6c628e6164c11730ea5238dd2f9ce3068db06929ddc768ff5e1ba9,15,255,269070,10,10,0x00000000,0,BDGOB02,,,BDENSHTV,,,BDFIG00
BDGOB01,ok,bc7d859bac6ba462e104df3364c84005c527a73cf5285759ffdbad69151a3083,15,255,269071,10,10,0x00000000,0,BDGOB01,,,BDENSHTV,,,BDARCH00
ANKHEG,ok,7f3c26aa69d0ce6ab60ce7fc198f0b36d8b168f7af48517f074f19ab75294ec3,975,255,208736,64,64,0x00000000,0,ankheg,,ANKHEG,NONE,NONE,NONE,NONE
BDSNAKEH,ok,be7bda5ae3b07f7a1d0fa2b3ebffa5b93a6b8f8f88ea5c62d83d8b12aa67b7ac,175,128,244150,17,17,0x00000000,0,BDSNAKEH,,,BDGRSHTV,HUNTER,BDANIMN,BDNONIN
BDGOB07,ok,a1f483de6142708cf8239ed6204467049338e3e8afa1a79c757900634506e338,30,255,270539,20,20,0x00000000,0,BDGOB07,,,BDENSHTV,,,BDARCH00
BDGOB08,ok,f3a8133e8619d89522c440fa35bc9cc5dc8ae8e3f843dfa0788bd3b4d43fc183,30,255,270540,20,20,0x00000000,0,BDGOB08,,,BDENSHTV,,,BDFIG00
BDGOB05,ok,93d208bdab001a1673da1fda7af2160afe3dac3a3ce05108b01e41506d959e9c,175,255,269515,48,36,0x00000000,0,BDGOB05,,,BDENSHTV,,,BDFIG00
BDURE3A,ok,3e379d48329b3c84778dd67f6d25f507bedc1753b7afb34085e29eda23002cea,0,127,1097,1,1,0x00000800,1,,,,,,,
BDMYCRD,ok,e647a3052637574d982164b7d298fb92e9741f9a7be729ab5c4728f2172100b1,420,255,269072,40,40,0x00000000,0,BDMYCRD,,,BDENSHTV,,BDMYCRD,BDFIG00
BDMYCBL,ok,1dcfeabf5ff4c6205a2002fe10123c3b345c8c9a2617d7ad1d90c652b878e5c7,650,255,269077,48,48,0x00000000,0,BDMYCBL,,,BDENSHTV,,BDMYCRD,BDFIG00
BDSHRIE2,ok,d1f9fe01cdb57eb549d7ceb5e37aac20f70bf45c7fc11619b08f4db12430dbc5,120,255,258103,24,24,0x00000000,0,BDSHRIE2,,,,BDSHRIE2,,
BDBEETBH,ok,c7498a9b31e58f1f9b639d55fdbe51959d3943e1010331d79ef4321054953a97,175,255,256352,40,40,0x00000000,0,BDBEETBH,,,BDENSHTV,,,BDNONIN
BDGASS5,ok,47a08c7ea6ff7cb564e75d019979671c7bd5177a46bcf2b649707ed72f422ac7,125,255,25160,40,40,0x00000000,0,BDGASS5,,BDGASS,,,BDSHOUT,BDFIGH01
BDFFDEAD,ok,871b2575c13856baac364f52e4c467985832687887cc9c893a27c41de5178cf0,420,128,213833,50,50,0x00000800,1,BDFISTCC,BDFISTCC,BDFISTCC,,BDSHOUT,BDFIGH01,
BDPATRES,ok,7142b0da59a35b4852594a171f3b276ca63944b2739fd2113b8d3c951e5b7fa0,5000,128,235949,48,48,0x00000000,0,BDPATRES,BDPATRES,BDPATRES,BDFIST,BDSHOUT,BDMAGE01,NONE
BDPFAUG,ok,b9e15da59df2a77b33a9378a4fd8701e8cf771555f6d00b37d67435a785eb287,2000,128,235948,80,80,0x00000000,0,BDPFAUG,BDPFAUG,BDPFAUG,BDFIST,BDSHOUT,BDFIGH01,
BDRAYPHU,ok,f12a588a00333eb7cd4c70c14b9080c2697b233efa7d96355ba182a6deeac50a,1000,128,235950,60,60,0x00000000,0,BDRAYPHU,BDRAYPHU,BDRAYPHU,BDALLY1,BDFIGH01,NONE,NONE
BDFISTX1,ok,6fbc4832619f1c98277787099bdfeec807de21bcfc47447d9c248b6115a41984,975,128,238688,80,80,0x00000000,0,BDFISTX1,BDFISTEX,BDFISTEX,,BDSHOUT,BDFIGH01,
BDFISTX2,ok,652593da024b9fbf3f670adf0da05ab988e36c9a953f69fb40249379eec577d8,650,128,238688,80,80,0x00000000,0,BDFISTX2,BDFIST20,,BDFIST,BDSHOUT,BDFIGH10,
BDAUDAM,ok,c8d6fc6f6ff6e7bc723c8dd2790f54e415d365fba687d87a4d44a795191f94a7,420,128,258205,70,70,0x00000000,0,BDAUDAM,BDAUDAM,BDFAMILY,,BDSHOUT,BDFIGH01,
BDROHMA,ok,ab1ebad1f7fa1f7660adada9c863bbed267800b4e089271cc0c6d7198fcb5213,7,128,235627,8,8,0x00000000,0,BDROHMA,BDROHMA,BDFAMILY,,,,
BDBELEGA,ok,dbcfc3d9f3e511ec358d0fa1f0504e3a4478f6f1068bb37ecf7ae69e43a0c79f,2000,128,245187,50,50,0x00000000,0,BDBELEGA,BDBELEGA,BDBELEGA,,BDSHOUT,BDCLMA01,
BDIMOEN,ok,37fa6fe6935f223e23ed24add0c3a66d583678be567c16cb93a646e52f509aac,0,128,16453,46,46,0x00000000,0,IMOEN2,BDIMOEN,BDIMOEN,,,,
BDTIAX,ok,f586aadf0e5c5772a98ae2f0e819cf05a9bd3a423b5f75d07a879f09bdaaee4e,0,128,6253,42,42,0x00000000,0,BDTIAX,BDTIAX,BDTIAX,,,,DW#PR19
BDFRITZ,ok,ba67e8cc8be0bea66c8d4bfd3029c81a89746ce837a6c45ee87e595bd0209443,175,128,258351,40,40,0x00000000,0,BDFRITZ,BDFRITZ,BDFRITZ,,NONE,NONE,DW2MS2GE
BDJENKS,ok,05065e7d1cdb432dc04c810a5fcf38a9b8dc20912d2589c49fbc7fcb2cdc5526,420,128,259876,60,60,0x00000000,0,BDJENKS,BDJENKS,BDJENKS,,BDSHOUT,BDFIGH01,
BDFFSIT1,ok,4e7f5b1d6725db038630bea5ac5d8114647b99f11c7d91f6e5b7b05ff69353ed,420,128,213833,60,60,0x00000000,0,BDFFSIT1,BDFISTCC,BDFISTCC,,BDSHOUT,BDFIGH01,
BDSLEEP1,ok,45d8d42241aece7b4573470c242c7f9257214864388c977ff9ca5ddb9c6f813b,0,128,212804,8,8,0x00000001,0,None,NONE,,NONE,NONE,NONE,NONE
BDSLEEP3,ok,f8ad7b492342bdc051d6ccf1bc8966e0a67bad840fee51cdda4fab10763392c4,0,128,212805,8,8,0x00000001,0,None,NONE,,NONE,NONE,NONE,NONE
BDFFGIRL,ok,895e9982c0854b32ed707ec1c77d18980f6c7f3c8e1d3feb9e3656c17555b407,420,128,213833,60,60,0x00000000,0,BDFFGIRL,,BDFISTCC,,BDSHOUT,BDFIGH01,
BDTHUG07,ok,fd127b7658444b154aaa7db3d9ca53d17337531b851784f3bb928b8a017ddb14,65,128,221975,10,10,0x00000000,0,BDTHUG07,,,,NONE,NONE,DW2MM2GE
BDSAIL01,ok,396ef4db82d3cd4936961812abb942dc866f2c6b1d88aa75ab8adc69dea1c692,750,128,244684,60,60,0x00000000,0,BDSAIL01,BDSAIL01,BDSAILOR,NONE,NONE,NONE,DW2MM2GE
BDSAIL04,ok,488113caa02c0846dcedfc2a69df0aeab27cc691edb03ffccd46fa8e45aee48a,750,128,244684,60,60,0x00000000,0,BDSAIL04,BDSAIL04,BDSAILOR,NONE,NONE,NONE,DW2MM2GE
SLEEPFAT,ok,bacff49948d86cdcc2d18bafab6948f9bc470da233f234cb7d0592e2349df1a8,0,128,212804,8,8,0x00000001,0,None,NONE,DW#INNHL,NONE,NONE,NONE,NONE
BDCHARRA,ok,5c14960db087d738898f57c4f9aaef8738aad5c71d5530ce4b855b512913b1b2,15,128,249456,8,8,0x00000000,0,BDCHARRA,BDCHARRA,BDCHARRA,,NONE,NONE,
BDNANTRI,ok,d856f05fab15067e98ddf833caca3aa1dca94af0ca02278ffd35626807ba65e3,920,128,212872,80,80,0x00000000,0,bdnantri,BDNANTRI,BDNANTRI,NONE,NONE,NONE,DW2MP2GE
BDNATHBA,ok,747c6442e5ec7b1e62cd7015c40054397921881ad6f89b8a1ad23e6414a93bef,50,128,245186,8,8,0x00000000,0,bdnathba,BDNATHBA,,,BDSHOUT,BDMAGE01,BDNATHBA
BDKATHEE,ok,9217e9454c45ca93b40f4977c56db6ed46635d5ac193f0716c5323cef021e63b,50,128,244724,8,8,0x00000000,0,bdkathee,BDKATHEE,,NONE,BDSHOUT,BDMAGE01,BDKATHEE
BDLUCILL,ok,d91721dd852ba091ac17f9ef7e2bc9876739115b19e1b675bbd9d9be9948fd60,750,128,244688,60,60,0x00000000,0,BDLUCILL,BDLUCILL,BDLUCILL,BDSAILOR,NONE,NONE,DW2MM2GE
BDSAIL03,ok,a260fc8ee264fa12bfdbb64617410f0b5080808b7016186f1a9a6ab936df8f87,750,128,244684,60,60,0x00000000,0,BDSAIL03,BDSAIL03,BDSAILOR,NONE,NONE,NONE,DW2MM2GE
BDAUTINN,ok,0068fd5da37b21455c6f110fcce101b27edb7a95bff3193b82a453c4136c41ad,750,128,244687,60,60,0x00000000,0,BDAUTINN,BDAUTINN,BDAUTINN,BDSAILOR,NONE,NONE,DW2MM2GE
BDSAIL02,ok,b38ca9a83a7d658209f177a7d78bc7a2dc0f317984115fd2efd3574ddea2e9c8,750,128,244684,60,60,0x00000000,0,BDSAIL02,BDSAIL02,BDSAILOR,NONE,NONE,NONE,DW2MM2GE
BDITHTYL,ok,78bc8dacabb273de14a7ae19d6b3b51a8090714f02b2d8a140886c8e0879d74e,1000,128,212868,48,48,0x00000000,0,bdithtyl,BDITHTYL,BDITHTYL,,BDMAGE01,,DW2RP2GE
BDCOOK01,ok,5e2abb7cbaeae9ad82be08689c2d6436abbae8aee6caaba6cf25cafdbb9cdd3d,5,128,212895,8,8,0x00000000,0,BDCOOK01,,BDCOOK01,NONE,,NONE,
BDSITW02,ok,6049eac662e5e42404e2214906aaed065715376f47db0a4b3e9e2374a0364c57,15,128,209428,8,8,0x00000000,0,BDSITW02,,BDCRWDE,,NONE,NONE,NONE
BDSITW03,ok,570fcc4c4a4dfb4cbb058b93563fbf783f477316edfc67542dfde14be383d1c0,15,128,209428,8,8,0x00000000,0,BDSITW03,,BDCRWDE,,NONE,NONE,NONE
BDSITW04,ok,05cf54f2e682e09b592f7c81c2da1ede3d7830ab5555f85362525ae4d218bf68,15,128,209428,8,8,0x00000000,0,BDSITW04,,BDCRWDE,,NONE,NONE,NONE
BDOZIL,ok,921f99923a0d155869739b4b7cdb101621a760a4b29eb07fd9efc2822ff26006,100,128,258046,40,40,0x00000000,0,BDOZIL,BDOZIL,,NONE,NONE,NONE,DW2MS2GE
BDHASTUS,ok,18f6cb5f00d6b06dd70e15b01e1c0aa28026bd724a1e7fe04859452836728951,100,128,258048,40,40,0x00000000,0,BDHASTUS,BDHASTUS,,NONE,NONE,NONE,DW2RP2GE
BDBERAHL,ok,7888e698ab1dd234ce65955a278ef3bed1025995561bb8f5f581d291c36d8b8e,100,128,258047,40,40,0x00000000,0,BDBERAHL,BDBERAHL,BDBERAHL,NONE,NONE,NONE,DW2MS2GE
BDTHUG03,ok,54e2b6215516ce2caad47e9752fdb11e4bc9538661dfc429f3595fc047d7f218,120,128,252888,40,40,0x00000000,0,BDTHUG03,BDPOOL18,,NONE,NONE,NONE,DW2MP2GE
BDTHUG05,ok,ce210ff075ba2f8b158fe3f6f8c3057297739f31e68c112ea085c16ecc845403,120,128,252888,40,40,0x00000000,0,BDTHUG05,BDPOOL18,,NONE,NONE,NONE,DW2MP2GE
BDTHUG04,ok,db8de5ae92804c766dddacdce4229aebb41dc7391d762e8c36e6b4342e4f0cef,120,128,252888,40,40,0x00000000,0,BDTHUG04,BDPOOL18,,NONE,NONE,NONE,DW2MP2GE
SLEEPDW,ok,dbc3e076a661c3c8f2c06f7f3239680d845b95ab755df0f8548f9c3ad051bfa6,0,128,12808,8,8,0x00000001,0,None,SLEEPDW,DW#INNHL,NONE,NONE,NONE,NONE
SLEEPEL,ok,fb57ed5b07d5f621e5cef4faec3acb233acda618526e71536f8169d28bab2ff9,0,128,212809,8,8,0x00000001,0,None,NONE,DW#INNHL,NONE,NONE,NONE,NONE
BDMAXWEL,ok,1327d210f9309cb32fd5ff262eb50b76ffa249ff0626bd5a29111622d59ebeee,15,128,244719,8,8,0x00000000,0,BDMAXWEL,BDMAXWEL,BDMAXWEL,SHOUT,NONE,NONE,DW2MP2GE
BDTHERTO,ok,817527d2f82ed2b638629acf5e9b503dd0f383877842db175dbb1535b2bee1a1,15,128,244721,8,8,0x00000000,0,BDTHERTO,BDTHERTO,BDTHERTO,SHOUT,NONE,NONE,DW2MM2GE
BDARAYA,ok,4cbd56e6b075c8a09539893512de608c67ccfc4015c8653d22ffe2c884a5df58,15,128,244720,8,8,0x00000000,0,BDARAYA,BDARAYA,BDARAYA,SHOUT,,NONE,DW2MM2GE
BDDELEND,ok,b719f232a3817ee27d9df90b564fa3bb201fdcffb325dd1c932d3bf0c65e833c,15,128,245194,8,8,0x00000000,0,BDDELEND,BDDELEND,BDDELEND,NONE,,NONE,
BDGARRIC,ok,37205298444c532efdbd7c665ac95b5dec4489d5aec89d9aa553677429a83e84,0,128,9496,36,36,0x00000000,0,BDGARRIC,BDGARRIC,BDGARRIC,,NONE,,DW#MG38
BDALYTH,ok,8beded4521cfce627aac13d131f0cdc933916f1f3cfd7f4bd9d6c0177d81315f,750,128,212823,70,70,0x00000000,0,bdalyth,BDALYTH,BDALYTH,NONE,NONE,NONE,DW2MM2GE
BDBART0_,ok,82badbc855c219668b689bd6be61472c140301e24912aabb6eea3fdf414f744b,15,128,209422,8,8,0x00000000,0,BDBART01,BDBART0_,BDBART01,,NONE,NONE,
BDHGUARD,ok,395c6fddbd3f671290d0ae586c956d145d57ba2e43112d2600b0856b1190bfc3,900,128,213852,100,100,0x00000000,0,BDHGUARD,BDHGUARD,BDHGUARD,,NONE,NONE,DW2MS2GE
BDFAN01,ok,6aaf7d1429434fdd5d9094d467e75b9049f51798dd44333182aabb27f445dda9,15,128,209430,8,8,0x00000000,0,bdfan01,BDFAN01,,,,,NONE
BDFAN02,ok,15b7f5cda11ed42b139cb5bf5a7593b1dd432fc349e17adbeba192c5fc75a477,15,128,209430,8,8,0x00000000,0,bdfan02,BDFAN02,,,,NONE,
BDZAVIAK,ok,fabafb188d48b164fd3f1c0031f20825a864cd9dcefeb39470b01ac46340760a,2500,128,245219,32,32,0x00000000,0,BDZAVIAK,BDZAVIAK,BDZAVIAK,,,,DW#MG41
BDALALAI,ok,855fc39a808b561243bdae3476c033fefe75074aa617003dd4372a97ca669e94,6000,128,245240,128,128,0x00000000,0,BDALALAI,BDALALAI,BDMISC01,BDALALAI,BDENSHTV,,BDFIG00
BDIRINA,ok,f69ed7aebd24afe9584c4bdf2bd7935ee7432ce646460f7216b799052dfc0b90,15,128,245495,10,10,0x00000000,0,BDIRINA,BDIRINA,BDIRINA,NONE,,NONE,DW2MM2GE
BDCORAN,ok,eb2cbd9d5d150240e4dfd3487c9b19d5c4774c89f4ce881221d251674948b517,0,128,9472,48,48,0x00000000,0,BDCORAN,BDCORAN,BDCORAN,,,,DW2RS2TH
BDSERVW1,ok,d6e7c6e0b9007ca75fa339c17266f6c058b706f70f18804178f68b21b184f2f7,7,128,212891,8,8,0x00000000,0,BDSERVW1,BDSWENCH,RANDWALK,,NONE,NONE,
BDTHUG01,ok,6c48219b5a886a0c17485fd87954c5d66653365453ddd2f845c746763126af4f,65,128,221975,10,10,0x00000000,0,BDTHUG01,BDTHUGS,BDTHUG01,,NONE,NONE,DW2MM2GE
BDTHUG02,ok,d9cf75e5a0ccf050704096fdd305de916299980af9856ecfa1d23d7d2b873dff,65,128,221975,10,10,0x00000000,0,BDTHUG02,BDTHUGS,BDTHUG02,,NONE,NONE,DW2MM2GE
BDSLEEP4,ok,3e738a67cc6bf8ce5ed2d67a2c4ad2a1cacb53feaf080eb143ec89f4f0fd5ceb,0,128,212805,8,8,0x00000001,0,None,NONE,,NONE,NONE,NONE,NONE
BDSLEEP2,ok,26a4c6e0992c5e05f06fd313a43698f450ff8804c957b5a59d2d46056f897db6,0,128,212804,8,8,0x00000001,0,None,NONE,,NONE,NONE,NONE,NONE
BDSITRE4,ok,51b51f2de30cd2d3507670f76b3daa1c05fb6f6ec61e3ccd32dbf5a7b602f06f,15,128,252888,8,8,0x00000000,0,BDSITRE4,,BDCRWDE,,NONE,NONE,NONE
BDSITRE5,ok,c03d258535e044ce3da291eb37259c02fc8274a360172958cb8169c8b841d9fc,15,128,252888,8,8,0x00000000,0,BDSITRE5,,BDCRWDE,,NONE,NONE,NONE
BDPRIEST,ok,b5eb23d73b4349eff9dcc89aa63e7916a85234efbd0165cf904c885e5427c0e7,15,128,228290,8,8,0x00000000,0,BDPRIEST,BDPRIEST,,BDPRIEST,NONE,NONE,DW2MM2GE
BDLON,ok,f0845a35f18a76ff2ab54e4d1b873e3f9a872a167fdb2fbfcca1e1e7b1732514,800,128,260194,48,48,0x00000001,0,BDLON,BDLON,BDLON,NONE,,NONE,
BDBERTA,ok,abe149569d2a753cde684185b824ad524cdd7d40455bff76bf7412dc8710a759,300,128,260193,40,40,0x00000000,0,BDBERTA,BDBERTA,,BDBERTA,NONE,NONE,DW2MM2GE
BDPRIES1,ok,bc3f97820c36b467144835161bd13743f8dc56d246a8377ed13d6e49bbc2a211,15,128,228290,8,8,0x00000000,0,BDPRIES1,BDPRIEST,,BDPRIES1,NONE,NONE,WDRUNSGT
BDBLOCK,ok,f40c87e7723a8278df6338774db103df2ad8f227eacec472bd5e25a03b2a617c,0,128,209428,90,90,0x00000000,0,bdblock,NONE,NONE,NONE,NONE,NONE,
BDWYRMLI,ok,73ea6ef52a60e9f36ca848b0a716c5cae7c08db196458a646bd1b76e2fc847bc,1400,255,245617,56,56,0x00000000,0,BDWYRMLI,,,,BDWYRMLI,,
BDWYRML1,ok,857a12e67c1ff32aa12776c05704c53a46b3fa1be6d3897126bb80f9e17da1bd,1400,255,245617,56,56,0x00000000,0,BDWYRML1,,,,BDWYRMLI,,
SPIDWR,ok,3e6183470bfc5331a88420e8e9a7722779808af97dd9d0f3ce31df32821b6183,1400,255,209383,27,27,0x00000000,0,None,,DW#GPSHM,NONE,NONE,NONE,DW#SPIDG
SPIDSW,ok,65403ad07161bacd47bcfacc2f9c9d0718144cc18a14df35395e528d92621ef1,2000,255,209378,45,45,0x00000000,0,None,,DW#GPSHM,NONE,NONE,NONE,DW#SPIDS
SPIDPH,ok,8bc823b452bb8de432919ace01fb6224133bfdceb6ed5a26be89d591875a82ac,1400,255,209369,44,44,0x00000000,0,None,,DW#GPSHM,PSPIDER,NONE,NONE,
SPIDGI,ok,4954f1437587b15fd6104933bdc8e9edb104daf624b5e1b4f552d0639f7fdfc2,450,255,206410,35,35,0x00000000,0,None,,DW#GPSHM,NONE,,NONE,DW#SPIDG
BDSPID7L,ok,3bd90707b21130de424aff3945841786ddac17e700dc278d45935f6e41938428,2000,255,258081,45,45,0x00000000,0,BDSPID7L,,,,,,DW2MP2MO
SPIDSM0_,ok,4f6395c1380dae06aad90e9bf1aefe65a95556f3b111d6709260e23eff2e7d9c,65,255,269412,8,8,0x00000000,0,SPIDSM01,,,BDENSHTV,,,BDNONIN
SPIDPHAS,ok,ed390ceaae5b9369faf20c2a49cbea6656cf707f846bcd42f5641abf46e80f71,4000,255,223958,84,84,0x00000000,0,None,,DW#GPSHM,PSPIDER,NONE,NONE,
BDSPIDGA,ok,b0d16e74138248d8d6390e3496a98dc31b66f1ccda2b53101a9e6e89bb2cbb81,3000,255,270567,72,72,0x00000000,0,BDSPIDGA,,,BDENSHTV,BDSPIDGA,,BDNONIN
SPIDHU,ok,46bc8681bebf34bbe54fc352f1e4cfc96796f8af3b08437e5d17ba553a4e7189,270,255,209367,18,18,0x00000000,0,None,,DW#GPSHM,NONE,NONE,NONE,DW#SPIDS
BDWOLF,ok,00fc0a3207c053a0783697a6113383ad0584dc338fb9cdd46dad94323c59465c,65,255,206629,24,24,0x00000000,0,BDWOLF,,,,WOLF,,DW2MP2MO
BDWOLFVA,ok,b0b18198851de518080b4397c5b16330c2ca2b979632586b1922c144e4813909,2000,255,208778,52,52,0x00000000,0,BDWOLFVA,,,BDENSHTV,,,BDNONIN
BDBARRE3,ok,9b4dbfc8b4ffd8fda15ed03b028388bde5250794a3a04e05648616ed58d43371,0,128,262542,8,8,0x00000000,0,BDBARRE3,BDBARREL,,,,,
BDBARRE2,ok,f54893c655daaf0185ee079590388f1560cd12fc3d191dd0d537b6edcd7d2ab8,0,128,262542,8,8,0x00000000,0,BDBARRE2,BDBARREL,,,,,
BDBARRE1,ok,024c8c20aa852bc810894a2350c2c61416644a2316c99a1ca5cf3eb0c8f5acd6,0,128,262542,8,8,0x00000000,0,BDBARRE1,BDBARREL,,,,,
BDBARRE4,ok,91d8f332a8c5ba6db3fb746b713a425f7f4a3a06eefbe7ec5ef855309d2d8803,0,128,262542,8,8,0x00000000,0,BDBARRE4,BDBARREL,,,,,
BDBARRE5,ok,e2519833bed55bd3e7793b3a5845f347a3f8c2175d2f44dbc2f1aab644704d8c,0,128,262542,8,8,0x00000000,0,BDBARRE5,BDBARREL,,,,,
BDFFDOPP,ok,9b6a1d7c3f4589fa02e7928e4376b4d6a8491e7169a969a31d4d07cfad459164,175,128,248418,60,60,0x00000000,0,BDFFDOPP,BDFFDOPP,BDFFDOPP,,,,
BDOPHYLL,ok,812308f11a7b55ba8a3b2fe6a6b7829fcccbdfbfaf32ca70aa5079968ba22539,35,128,258040,20,20,0x00000000,0,bdophyll,BDOPHYLL,BDOPHYLL,,NONE,NONE,DW2MM2GE
BDPORIOS,ok,763c0ae09442285510ad6b6f4406cfad5273abe02c61b7dacf6e3bc4f68760e7,750,128,256534,20,20,0x00000000,0,BDPORIOS,BDPORIOS,,BDENSHTV,BDPORIOS,,
BDKORDEO,ok,21b501199140fc1d166715474245f8f6d9b1d320902b13d92af3064071cee52b,175,128,209358,20,20,0x00000000,0,BDKORDEO,BDTOMB5,,BDENSHTV,BDSHTAUN,,BDFIG00
BDKORDE5,ok,68d65d21f8bb7d7061356f8eaad4f000729e96f4e35fa3b792d9993693cb7d5d,175,128,211748,19,19,0x00000000,0,BDKORDE5,,,BDENSHTV,BDSHTAUN,,BDARCH00
BDKORDE6,ok,94415537b68afddf4b30701d04bca13873274cef3263dd8e838b1ac2a69a299e,300,128,248417,36,36,0x00000000,0,BDKORDE6,,,BDENSHTV,BDSHTAUN,,BDFIG00
BDKORDE7,ok,07ffe345cad367edc920762ebf7b6e32d78745ac5d07bf547efd6a2cce250d9d,175,128,211748,19,19,0x00000000,0,BDKORDE7,,,BDENSHTV,BDSHTAUN,,BDARCH00
BDAMMON,ok,fc7c524564bb936c9a0fdd7e1a549500501d063964e5cf9a54aea18632114e4f,350,128,245603,20,20,0x00000000,0,BDAMMON,BDAMMON,,BDENSHTV,BDAMMON,,BDARCH00
BDFF1000,ok,36104381f527517facba624d0f0fb9b9ed2d7613403bd69ae72ab962279b4620,250,128,240868,72,72,0x00000000,0,BDFF1000,BDFF1000,BDSHFFIS,,,,
BDFF1001,ok,54732ba73c732d5c9dc41df569e33611d6b66941623e34ddf7c50a818fff0059,15,128,209443,60,60,0x00000000,0,BDFF1001,BDFF1001,BDSHFFIS,,,,
BDFF1002,ok,c7d22574a1eb186577b2b527fc3f9454b5be74daf696996656c29acb6082585e,15,128,209443,60,60,0x00000000,0,BDFF1002,BDFF1002,BDSHFFIS,,,,
BDSHIS04,ok,46e998774bab52f19a1422dfd3af8e203e0a179872d2883b7255124445c4de77,750,255,256533,48,48,0x00000000,0,BDSHIS04,,,BDENSHTV,BDSHTAUN,,BDFIG00
BDSHIS03,ok,3a32ea7706f2b4e7940c98584f9116a7884b727190ad2ec7a405d745fe65e765,400,255,256532,36,36,0x00000000,0,BDSHIS03,,,BDENSHTV,BDSHTAUN,,BDARCH00
BDSHIS02,ok,99cd12a2dcfff9e0df7d466a8b7b3a16a18d82653621dc2f253dba4bf85a0cb4,150,255,211748,24,24,0x00000000,0,BDSHIS02,,,BDENSHTV,BDSHTAUN,,BDARCH00
BDSHIS01,ok,bd3e1099c0e21a0519a477b75106217b4daaf3559b0914ef4746f00fb2d35da6,300,255,248417,36,36,0x00000000,0,BDSHIS01,,,BDENSHTV,BDSHTAUN,,BDFIG00
BDOGRE01,ok,069dfd7d7ebc0e210e8be50524c3a14cd989b73a103455d80f84665fb6bb9336,270,255,206313,33,33,0x00000000,0,BDOGRE01,,,BDENSHTV,,,BDFIG00
BDSHIS05,ok,ee52034557b6b61fae48850dffe90cc0070dc39e9e09ea69ed07618e6ba85321,300,255,248417,24,24,0x00000000,0,BDSHIS05,,,BDENSHTV,BDSHTAUN,,BDPRI00
BDSHIS06,ok,31b6b1657329ff75342f6f628aa698562c506fca0961ee65453cc738bfce42a8,450,255,248417,40,40,0x00000000,0,BDSHIS06,,,BDENSHTV,BDSHTAUN,,BDFIG00
BDSHME01,ok,5a8babddf443502c65b6438fcc4a84ee93a4bfe372071730623ad3c7114628f5,180,255,211748,30,30,0x00000000,0,BDSHME01,,,BDENSHTV,BDSHTAUN,,BDFIG00
BDSHIS07,ok,0158d625b9e3ab06a6e6f4fab1f1422ec3ed239a3b0ac90520f78a5b285c282c,350,255,248417,30,30,0x00000000,0,BDSHIS07,,,BDENSHTV,BDSHTAUN,,BDTHF00
BDKORDE4,ok,cc0cd4002aa24ab35c59ecd8e3dbe64ebbb12e522d218c98171449fe0615534b,300,128,248417,30,30,0x00000000,0,BDKORDE4,,,BDENSHTV,BDSHTAUN,,BDTHF00
BDKORDE9,ok,3bb467bec52d3c4f68dcaeba279331b8a37da4961518a44ec0074305bd5fa87b,400,128,269558,50,50,0x00000000,0,BDKORDE9,,,BDENSHTV,BDSHTAUN,,BDFIG00
BDKORDE8,ok,48321082350233401e44509cd17e94900b73709fbaf094c912eaa2dd48a55de3,500,128,269558,50,50,0x00000000,0,BDKORDE8,,,BDENSHTV,BDSHTAUN,,BDARCH00
BDSKGR02,ok,336f9e147cc67941bec79de9d51f18b40850528100d50bcd2d59d6bc440692c1,400,255,264464,60,60,0x00000000,0,,,,BDENSHTV,,,BDNONIN
BDSKGR00,ok,9ae294ee80ddf475c0205bc8845813b48427362a9b9b867ed7038c15a0698c80,65,255,208765,8,8,0x00000000,0,,,,BDENSHTV,,,BDNONIN
BDSKGR04,ok,6a5fb2f077227d5384befe7cbd7dd6307b8b0d91167bdae5a9ae26cb41fceeba,250,255,264462,40,40,0x00000000,0,,,,BDENSHTV,,,BDARCHNI
BDHALBAZ,ok,281efe3dbb244f714aabb7b9b8b6c5767324d2836a110b2ce2730cc94fa708aa,4000,128,217495,72,72,0x00000000,0,BDHALBAZ,BDHALBAZ,BDHALBAZ,,,BDMAGE02,
BDGOLEMF,ok,1b4ce25840bc8cf453ca719a81b66bedb470a6839f459865633df111ef263178,2000,128,262542,72,72,0x00000080,0,BDGOLEMF,BDGOLEMF,BDGOLEMF,NONE,NONE,NONE,WDASIGHT
BDSWORD,ok,e8a865806c785e22b80309a05234730600a8138e8444b42c4346ce755bc78b37,1000,128,262542,40,40,0x00000080,0,BDSWORD,BDSWORD,BDSWORD,NONE,NONE,NONE,WTASIGHT
BDKAZZRE,ok,44cadb240fd29e0b649ed05b9f3c862d92af144afa286463a40775622b07cc1e,5000,128,262636,80,80,0x00000000,0,BDKAZZRE,BDKAZZRE,BDKAZZRE,BDSHOUT,,,BDMONK01
BDSKGR05,ok,c8775dcaa87b10df5b6b23dd09eaed934559c12f548b89f9faf0f298a760f47b,300,255,264466,40,40,0x00000000,0,,,,BDENSHTV,,,BDNONIN
BDSKGR06,ok,51dc96e861b0c1daf3590565906698f7e8e0300445dee6664f90471b4adf49e1,300,255,264466,40,40,0x00000000,0,,,,BDENSHTV,,,BDARCHNI
BDUNSLGU,ok,066382555dde3ef8d039c396e2c7cb15bbd8cfc79b0119fbf6d8d81f6c811a6b,4000,255,266934,58,58,0x00000000,0,,,,BDENSHTV,BDUNSLGU,,BDFIG00
BDSHSOUL,ok,a9efbc906c177b24d16fea7877f6314d751e9575b371b659e7bac1528588b9df,1100,255,264467,56,56,0x00000000,0,,,,BDENSHTV,,,BDSHSOUL
BDKORME1,ok,d51199f2ede89199603a5e2d8b794e1c4d0bcacab7e3fb6906b2eef3ac893ac0,400,128,211748,35,35,0x00000000,0,BDKORME1,BDKORME1,,BDENSHTV,BDSHTAUN,BDKORME1,BDTHF00
BDKORME2,ok,867ff92c90dabdb3c83bdb043349abc6c8d36c7f9e22de83a123fe3c440ca135,400,128,211748,40,40,0x00000000,0,BDKORME2,BDKORME2,,BDENSHTV,BDSHTAUN,BDKORME1,BDARCH00
BDSKGR07,ok,476c68d9c508fb58d023bcab15781182d5592f3727912d40ea51e7221fef5ed3,900,255,264465,20,20,0x00000000,0,,,,BDENSHTV,,,BDSKGR07
BDSHKORL,ok,f207b318ecaa746a93829bdc16368268686d135f4479fcd5f5941d06fa19baa1,2500,128,245909,32,32,0x00000000,0,BDKORLAS,BDKORLAS,BDENSHTV,BDSHKORL,,,
BDBEETBR,ok,1a8756a60a6e3d7f90437d542057cd473b27906d058dea81c84b78944cc5a0c9,175,128,256352,40,40,0x00000000,0,BDBEETBR,,,,BDBEETBR,,
BDSKGR01,ok,db7e31c4ed39b9dd486b1c92bbbb17e36343670eaa225738629a8dd0b38f5cfb,750,255,264461,60,60,0x00000000,0,,,,BDENSHTV,,,BDNONIN
BDWIGHT1,ok,7d7ac2c47559e4c05331c61bbd978c6a4b3360df7d5b58f9d4c93c061aea177d,1000,255,250538,35,35,0x00000000,0,BDWIGHT1,,,BDENSHTV,,,BDFIG00
BDSHAD04,ok,b92c841a6b814466718565b06173d03ca83d06fc81a9a9cf2eb145d861fcbd72,420,255,225764,40,40,0x00000000,0,BDSHAD02,,,BDENSHTV,,,BDNONIN
BDKORME3,ok,d4b5d40d15f4e96086fa08b416c964b56a707ab9bd428c6f279f1f35b8364185,250,128,269558,40,40,0x00000000,0,BDKORME3,,,BDENSHTV,BDSHTAUN,,BDFIG00
BDKORME4,ok,f2338d2cc72e462acf58938d0a3c41cb50c763f44300f65f99954e4d66d007fb,250,128,269558,48,48,0x00000000,0,,,,BDENSHTV,BDSHTAUN,,BDARCH00
BDBEETFM,ok,3933c944a34de6faa3c1b09691756a69ba1068c4b898a07be2f41afea83546b5,35,128,266148,10,10,0x00000000,0,,,,,,HUNTER,BDNONIN
GHAST,ok,f68858009f702eb9b9d82cbcf488b7a32a4fdbaf1a9c35eb00efe9ff86dbec52,650,255,209348,32,32,0x00000000,0,None,,DW#GPSHM,,NONE,NONE,DW2MP2GE
BDSHZOM1,ok,c43cfc2bc06408c924582a015775a3a922ddbf3765ca73943f1253cce5b583ba,65,255,215920,16,16,0x00000000,0,,,,BDENSHTV,,,BDNONIN
BDSHKFAM,ok,464a60024ceb5d6788d98e157e351446981d591dc1701ddb670d8bf809d7de37,175,255,269557,24,24,0x00000000,0,BDSHKFAM,,,BDENSHTV,,MEPDUS,BDFIG00
BDOGRE02,ok,fda097f6308623c6f7f4f734c15237a5f0750be403f07dec323d042f2977a931,650,255,217561,50,50,0x00000000,0,BDOGRE02,,,BDENSHTV,,,BDFIG00
BDSHME02,ok,05945926687ba5d71f8c5fcae16c5f7c847fd80ec50be7e8176f00345f7cf123,175,255,211748,36,36,0x00000000,0,BDSHME02,,,BDENSHTV,BDSHTAUN,,BDFIG00
BDSHME03,ok,cd2bf9e32d974d6ba1328ee0abfe24209d29097c93cef79086fe66e4c5960080,150,255,219697,36,36,0x00000000,0,BDSHME03,,,BDENSHTV,,,BDFIG00
BDKORME7,ok,eb85828831867a53e81ab79927e11a2e8272515a9eb11f3303194b79e19243f4,150,128,211748,24,24,0x00000000,0,BDKORME7,,,BDENSHTV,BDSHTAUN,,BDFIG00
BDKORME5,ok,2667d4aa7dd4c2a75d2149e71ab04f45b0ce874346ef89282e82a1e25797f163,150,128,211748,24,24,0x00000000,0,BDKORME5,,,BDENSHTV,BDSHTAUN,,BDARCH00
BDKORME6,ok,509850c783b44b313d906af9a03e4bdf4f6b5fda6d1252f1abc14c72ff1572cf,150,128,211748,16,16,0x00000000,0,BDKORME6,,,BDENSHTV,BDSHTAUN,,BDARCH00
BDWIGHT2,ok,fba1034108e029c0427fab80cec28da3f89d47d3a73e7dba5cef9851600bad9c,1200,255,264749,40,40,0x00000000,0,BDWIGHT2,,,BDENSHTV,BDWIGHT2,,BDFIG00
BDWIGHT3,ok,85602185083ea7f06c2d3ca3205d0c243ff669ca60d377c313b5e203bf4b525a,1400,255,264750,48,48,0x00000000,0,BDWIGHT3,,,BDENSHTV,,,BDFIG00
BDMUMM01,ok,5b86bc8ddbcaa48b63a00595cc3907a0287bcdbea870a9b7c7c7aa851880e78a,3000,255,247452,51,51,0x00000000,0,BDMUMM01,,,BDENSHTV,BDMUMM01,,BDFIG00
BDWRAI02,ok,4693d610b13202834d1fb90cc6221a8debe37a4b2feec4f24d9af2784d91c662,2000,255,230290,48,48,0x00000000,0,BDWRAI02,,,BDENSHTV,,,BDFIG00
BDSHADGR,ok,4a0023e09604578007078c47e4aefb322a3d7c3df5a25452aac20257214e40cc,3000,255,270338,72,72,0x00000000,0,BDSHADGR,,,BDENSHTV,,,BDFIG00
BDBONBAT,ok,b844d3a9202688832b9132f3343ae72142d1f68b431b1e6de00cbb3fc5615791,975,255,264633,40,40,0x00000000,0,,,,BDENSHTV,,,BDNONIN
BDSHIS08,ok,1ae4353bd8e3e7ae29cbe1dc18fbad94f798779bfc65dcc7a5ae33025a14e60e,450,255,269558,35,35,0x00000000,0,BDSHIS08,,,BDENSHTV,BDSHTAUN,BDSHIS08,BDARCH00
BDSHIS09,ok,811c36abb3944d86d4ce7a93213c4c08c6252839bf9ee466b3d694eff4279777,300,255,248417,30,30,0x00000000,0,BDSHIS09,,,,BDENSHTV,BDSHTAUN,BDTHF00
BDSHIS10,ok,b5f3a85619bd918fed42d1735ad69532a16746438d76bc9e85511f2b353e3bae,500,255,269558,50,50,0x00000000,0,BDSHIS10,,,,BDENSHTV,BDSHTAUN,BDARCH00
BDKORME8,ok,6cf77f5cbcb68b9da463b071d8cf05bcc6746ff59b087fd9270c7f7ac06d9561,500,255,269558,50,50,0x00000000,0,BDKORME8,,,,BDENSHTV,BDSHIS08,BDARCH00
BDKORME9,ok,0850f6c4d6c20e2facb00db692891d50ea70216d3396d7a0676a09dd375c54be,400,255,248417,48,48,0x00000000,0,BDKORME9,,,,BDENSHTV,BDSHTAUN,BDPRI00
BDSKGR03,ok,bf7b02a2919fe5e2257e6bc00c17b4fb8d2b6ea3b9d6612a7bbd684cc10d92e5,1000,255,264463,90,90,0x00000000,0,,,,BDENSHTV,,,BDNONIN
BDGHASTG,ok,ea07b3a478e5261d59cc37d7aa8ee599a41dfb127e2330714ea08f0210c838d1,975,255,270569,56,56,0x00000000,0,BDGHASTG,,,BDENSHTV,BDGHASTG,,BDFIG00
BDMKHI7,ok,0f8be302d1f1cb513b288cbe62398c4e0f7e012784e66eed1f9f4e53c6afb8c3,0,128,244149,56,56,0x00000000,0,MKHIIN,BDMKHIIN,BDMKHIIN,BDMKHIIC,,,BDBCRW
BDTCRWD1,ok,085a7ab05f9788a0368897692c671e3fe6eeaa6613cf26b9a7190d1883c9101a,15,128,244148,8,8,0x00000000,0,BDTCRWD1,BDTCRWD1,BDBCRW,,,,
BDTCRWD2,ok,7919359a62c629d8cac841a1de99a7af343f6e0eb162a91427c70a6e0d4f7cf9,15,128,244148,8,8,0x00000000,0,BDTCRWD2,BDTCRWD2,BDBCRW,,,,
BDTCRWD3,ok,768ea8acedc186730922b6ca19a71a8430e18a9a5cfdcaecc08c895da12f56a3,15,128,244148,8,8,0x00000000,0,BDTCRWD3,BDTCRWD3,BDBCRW,,,,
BDTCRWD4,ok,5dafacfcea355ffa80567261dee26ceefa52a2629deb0e74f1f153b4181a312d,15,128,244148,8,8,0x00000000,0,BDTCRWD4,BDTCRWD3,BDBCRW,,,,
BDBDOG,ok,f7e044f4743995fbd793634428310f9ca4d981989ee65bb00d79f06f45213dc3,35,128,208761,9,9,0x00000000,0,BDBDOG,,BDBDOG,,,,DW2MP2MO
BDGAUTH,ok,032a927a53ae6fdc3a975d1091bd8923b8713f91a71161d7ba7dd1a3854ab63e,6000,128,245241,56,56,0x00000000,0,BDGAUTH,BDGAUTH,BDMISC01,BDGAU01,BDENSHTV,GAUTH01,BDFIG00
BDPRIN,ok,8612202e995375b7d3cd1205335a2e8c7c1e52db1a333bba3176aea2bdeacee8,900,128,245616,60,60,0x00000000,0,BDPRIN,BDPRIN,BDPRIN,,NONE,NONE,DW#MG39
BDMENHIR,ok,999daceedad256c3a86f6b0f6361de78b1ad08504499f27bbd344c9c6f81f811,0,128,245608,8,8,0x00000010,0,NONE,NONE,NONE,NONE,NONE,NONE,NONE
BDMENGO,ok,3f0f9af5f6396193e3eb28dfbcb4629d6077ae2686e2ca86d2b0dd1d513bf843,8000,255,226740,112,112,0x00080000,0,NONE,NONE,GENSHT01,NONE,NONE,NONE,DW2MC2MO
BDWRAI01,ok,386412e3ca1e03e44722903312f3dbb56b1c6903fdb85481c3c1e95d9ebb26a1,2000,255,230290,48,48,0x00080000,0,BDWRAI01,NONE,NONE,NONE,NONE,NONE,DW2MS2GE
BDTAKOS,ok,c5f1be52f093e1c861f0249290b1426fc3e55439d4dd1b158edf53d5e6fea4b6,50,128,245628,30,30,0x00000000,0,BDTAKOS,BDTAKOS,BDTAKOS,,,,DW2MP2GE
BDREFG1,ok,72ffae41290bfa6dd95633bf91f5004299f1d5aa6f0f39f6f8f044b5ba35b5bf,15,128,252888,8,8,0x00000000,0,BDREFG1,BDREFG1,BDREFG,RUNENEMY,,,WDRUNSGT
BDREFG2,ok,becebf2139c4469ee3ee0c237d94c67ace682d322b53f49abdc3a5b2dd8ce689,15,128,252888,8,8,0x00000000,0,BDREFG2,BDREFG2,BDREFG,RUNENEMY,,,WDRUNSGT
BDREFG3,ok,97ce8040e42a52975e7678dbfc1f641fe835db2c9d39c1d12e00fb4e6547fdad,15,128,252888,8,8,0x00000000,0,BDREFG3,BDREFG3,BDREFG,RUNENEMY,,,WDRUNSGT
BDREFG4,ok,5be0a80f73c9530bfdda65f763156ccba3f12e395556a6c5b544a0a5648f00bf,7,128,252888,4,4,0x00000000,0,BDREFG4,BDREFG4,BDREFG,RUNENEMY,,,WTRUNSGT
BDDGOB1,ok,58c6759e3b888b3a0368c8e126060b8d71e7569477173f81c97774b7f40164a1,0,128,256496,72,72,0x00000800,1,BDDGOB1,,,,,,
BDDGOB2,ok,b229ced4ad3ebff414c19c73f234192460bb1a2a148c3a052b31662fc9faa7de,0,128,256497,72,72,0x00000800,1,BDDGOB2,,,,,,
BDDGOB3,ok,1847625f4ee14676eb50907c36f24d7a64b62f71edc6842c660b5b67b7b6cc7b,0,128,256498,72,72,0x00000800,1,BDDGOB3,,,,,,
BDDGOB4,ok,77351b93b4dac4774d2a1aa466d7fa3bcbb35f1588381beb018c2aa55af665db,0,128,256499,72,72,0x00000800,1,BDDGOB4,,,,,,
BDHEROD,ok,7424e55d051956c96e7ecdcb016d86097e7d0d430fa3ddc584076f4c0563276a,15,128,256589,8,8,0x00000000,0,BDHEROD,BDHEROD,BDHEROD,BDSTEAL,DW#INNHL,RUNENEMY,NONE
BDTELERI,ok,bfa9012a645ef55a1b6d851f48a85d988f92dc80e68cd6c28cdf14026503a8f0,800,128,256588,48,48,0x00000000,0,BDTELERI,BDTELERI,BDTELERI,,,BDMAGE01,
BDVESSAN,ok,0ddce25e8b47d8359abde278e8bbf6ff533bcd5df15fbf58e871ba6eab21969d,15,128,256590,8,8,0x00000000,0,bdvessan,BDVESSAN,BDVESSAN,,DW#INNHL,RUNENEMY,NONE
BDBRIELL,ok,54006a8923d3fce5e9b5ba2fbde7b18399b8b656c564190450e9f3cc28929abb,650,128,256591,70,70,0x00000000,0,BDBRIELL,BDBRIELL,BDBRIELL,BDFIST,BDSHOUT,BDFIGH01,
BDPETR01,ok,997447171eec18c2c23190b349c0c86ae0d93a89d58ff1da9e7155b5028e07be,15,128,210896,8,8,0x00000080,0,bdpetr01,BDPETR01,BDPETR01,DW#INNHL,RUNENEMY,NONE,
BDPETR02,ok,296d9b7ca9d57b655b2dafdf3ba72b7f1f0a30ebf2fa2eb77e702ac0c9680bc6,15,128,210896,8,8,0x00000080,0,bdpetr02,BDPETR02,BDPETR02,DW#INNHL,RUNENEMY,NONE,
BDPETR03,ok,50f7b5e952e5b5fe4e9a9b5416cedf6fb92d5e8b6261df18fda68b215da9bc5d,15,128,210896,8,8,0x00000080,0,bdpetr03,BDPETR03,BDPETR03,DW#INNHL,RUNENEMY,NONE,
BDPETR04,ok,655b768744e0dbfdc4b7518ba098bf74a04d6eb0c125e33f589ef8d24c18cccb,15,128,210896,8,8,0x00000080,0,bdpetr04,BDPETR04,BDPETR04,DW#INNHL,RUNENEMY,NONE,
BDPETR05,ok,da849a5e6eed4352b6df111cc7ebdd591d5e6da309d3e146ce1a0a6262afe22d,15,128,210896,8,8,0x00000080,0,bdpetr05,BDPETR05,BDPETR05,DW#INNHL,RUNENEMY,NONE,
BDDARAN,ok,6e483f1251ff04931a530b99b466aba1189a9c58b47036fa118a098a46fd6d1d,175,128,263989,43,43,0x00000000,0,BDDARAN,BDDARAN,BDDARAN,,BDSHOUT,BDFIGH01,
ZOMBIE,ok,3cbac1e48cbcec27e9dc14dbfa0012bd88c77130a6effb6214b0b7bdc5470348,65,255,215920,16,16,0x00000000,0,None,ZOMBIE,DW#GPSHM,NONE,NONE,NONE,DW2MC2MO
BDBANNO,ok,a3bcfa953dcb9e4017ec0b39bf6f2ef0dff9f389e8875cf3c005d1df4bc5d75c,15,128,265506,8,8,0x00000000,0,BDBANNO,BDBANNO,BDBCRW,,,,DW2MM2GE
BDTHAIRD,ok,0b92d5279fb30e6c6c627504020f42ec61360b58f991c0171748cc28946a38aa,0,128,265718,84,84,0x00000000,0,BDTHAIRD,BDTHAIRD,BDTHAIRD,BDASC2,BDSHOUT,BDFIGH01,NONE
BDSORALI,ok,bc6d306118736a6485ddded544536fd3978a508216745131a37c006346cc82f2,2000,128,265719,36,36,0x00000000,0,BDSORALI,BDSORALI,,BDASC2,BDSHOUT,BDMAGE01,NONE
BDMIZHEN,ok,8e43fe43dbd6e8222ec4cebe2618a4b22976c86728559d00e48cac392a33e645,2000,128,256405,108,108,0x00000000,0,BDMIZHEN,BDMIZHEN,BDMIZHEN,BDASC2,BDSHOUT,BDFCLE01,
BDFIST22,ok,39b4910593b92be12bb98bfcc377a292a1b5194b902296d096e8cc1b99c557f6,420,128,209443,70,70,0x00000000,0,BDFIST22,BDFIST20,,BDFIST,BDSHOUT,BDFIGH10,
BDFIST21,ok,47dfc25a0d77ed4f37ce03118fde96fc4a4ca1cdb4bb296ea06e25f969188086,420,128,209443,70,70,0x00000000,0,BDFIST21,BDFIST20,,BDFIST,BDSHOUT,BDFIGH10,
CORWIN7,ok,268c6fe82bba4af8286460a83e9d6072d9e566b4a95b9f93d026c0074b116d3d,0,128,235625,60,60,0x00000000,0,CORWIN,BDCORWIN,BDCORWIN,BDFIST,BDSHOUT,BDFIGH01,
GLINT7,ok,664600105d778817ba82d194903cedccc00a96923a7f39a20960e53fbd9a6ab4,0,128,252055,42,42,0x00000000,0,GLINT,BDGLINT,BDGLINT,BDGLINTC,,,
BDIVANN,ok,54a9ffa11290a3637e1702744982436909c6c26abc876999b124295da9f73314,1400,128,236697,90,90,0x00000000,0,BDIVANN,BDIVANN,,BDCRUS10,BDSHOUT,BDFIGH01,
BDWILHM,ok,3a0c859152103761f8f94cd25c8e1bea6a06a0a918e46d320e7fc561c82f2a1e,650,128,237099,64,64,0x00000000,0,BDWILHM,BDWILHM,NONE,BDCRUS10,BDSHOUT,BDMONK01,NONE
BDCRUS10,ok,f16ddfe3fa7bc0ab677a9c264df80fd7a6f3e46cd353f6051a9d92242786c23d,975,128,270217,80,80,0x00000000,0,BDCRUS10,BDCRUS10,,BDCRUS10,BDSHOUT,BDFIGH01,
BDCRUS11,ok,eaa415fd2361a72503bd74d62320c4403c040c64dc4006d1d1cd658054cc7c88,1400,128,270218,63,63,0x00000000,0,BDCRUS11,BDCRUS10,,BDCRUS10,BDSHOUT,BDCLER01,
BDCRUS12,ok,cbda02c2e808b997632076c283ae278f0496c211ffa5b0bdb891d9a6932104d9,2000,128,270219,72,72,0x00000000,0,BDCRUS12,BDCRUS10,,BDCRUS10,BDSHOUT,BDDRUI01,
BDCRUS13,ok,f1e9e27b6bc12a61988f61bb8d58a52fdac57c8a6df541b4039fc91f89eef289,2000,128,270220,36,36,0x00000000,0,BDCRUS13,BDCRUS10,,BDCRUS10,BDSHOUT,BDMAGE01,
BDCRUS14,ok,adfec4a5ce3eac1ab7d2904818faf833ad89bb58081013f7b56fa0d4cbec344f,650,128,270221,70,70,0x00000000,0,BDCRUS14,BDCRUS10,,BDCRUS10,BDSHOUT,BDFIGH01,
BDCRUS15,ok,7cb7a1b89dff34681173ea3cfb180b2cd6c4c267202cc1b09dfa50ec105a2361,420,128,237099,42,42,0x00000000,0,BDCRUS15,BDCRUS10,,BDCRUS10,BDSHOUT,BDTHIE01,
BDJAYVIS,ok,1ad23aef430d87a89e55bad33c5f854d577ef9c917732a6432e4c804a3e53db0,650,128,236700,40,40,0x00000000,0,BDJAYVIS,BDJAYVIS,BDCUTSCE,,,,
BDCCHOB1,ok,c54e5e99f0df0b89a2f90e7cb9bef7332f60af756d95845a1d93f99036f9033f,420,128,258654,70,70,0x00000000,0,BDCCHOB1,,,,,,
BDCCSAR1,ok,e01dae39ece60c7d5118f5f515f01bb0440cd35aa7a9c8eda45df03f50d42205,0,128,238687,96,96,0x00000000,0,BDCCSAR1,,,NONE,NONE,NONE,
BDFIST23,ok,474f7389c52423ad67a34bdc485af8b7fffd20bae4802c5f36ef77b333a8b9e3,420,128,244725,70,70,0x00000000,0,BDFIST23,BDFIST20,,BDFIST,BDSHOUT,BDFIGH10,
BDFIST26,ok,15280c2d74aa5df4d7621b1af76d0f504ed5cf13e1eff59ca801407b7f48f009,650,128,267503,70,70,0x00000000,0,BDFIST26,BDFIST20,,BDFIST,BDSHOUT,BDFIGH27,
BDFIST25,ok,1e7fa89729c3e64d098e30a49b580c6d128d25ffa5edb80ef917cc4a75fd5123,420,128,244725,70,70,0x00000000,0,BDFIST25,BDFIST20,,BDFIST,BDSHOUT,BDFIGH10,
BDCHICBR,ok,62a0c0f2490ef6f4f895ec71c257b0ff71fdc840e069149981893a0a09908940,1,128,268953,10,10,0x00000000,0,BDCHICBR,NONE,NONE,NONE,NONE,NONE,WDRUNSGT
BDCHICWI,ok,8c35f2aba2dace0ca015d88cb91cb858ee943edfd716cf3b6839ed71d237ea5c,1,128,268954,10,10,0x00000000,0,BDCHICWI,NONE,NONE,NONE,NONE,NONE,WDRUNSGT
BDRATDIE,ok,f0b24d11d72dc24e460765405cd3ea7c0a588762a918fb0895d78c90c975f609,1,128,213722,1,1,0x00000800,1,BDRAT,NONE,NONE,NONE,WDRUNSGT,NONE,NONE
BDCHUNKS,ok,ad01711a33f9669672f24c240921b8487c51a5112d6093ec2cb28318fb28d8de,1,128,213722,1,1,0x00000800,1,BDRAT,NONE,NONE,NONE,WDRUNSGT,NONE,NONE
BDTCRWD5,ok,6e9b71dfec2b7cd0f4d260afed2241ca8852c89e0b01bb7304b9e2507bf8a29c,15,128,244148,8,8,0x00000000,0,BDTCRWD5,BDTCRWD3,BDBCRW,,,,
BDTCRWD6,ok,84ae11e5fe5a18b67ffd51c8eff20e893178df229fc22952d05c6f273a45bf83,7,128,209404,8,8,0x00000000,0,BDTCRWD6,BDPOOL15,BDBCRW,NONE,NONE,NONE,
BDKEG,ok,c1a2cd4fefbe28ca061c38e9b74b43743dfd1a6a39a76a7e47733b6ca0163958,0,128,270124,10,10,0x00000000,0,BDKEG,,,,,,
BEARBR,ok,03446c2e1fb90a7c3a435ae2ad27ac48899caf6903f7d1ab189d175e18a7a7c2,420,128,6409,41,41,0x00000000,0,None,,SUMSHT02,NONE,BEAR,HUNTER,DW2MC2MO
BDBEARBR,ok,76834fb90d2e1a8f02bfa9eb08510d07c43384ceb84901b96353f9918904f0d5,420,255,267119,48,48,0x00000000,0,BDBEARBR,,,BDENSHTV,,,BDNONIN
PHEAS01,ok,9358d0c1e314fdfb735f207994d31d09c4e498c4a0ec5a24cf08cb92280c2ea1,1,128,58018,8,8,0x00000000,0,None,NONE,NONE,GENSHY,PREY,NONE,WDRUNSGT
MOOSE01,ok,a6790e61d49d6b00659706599b80ffad1b5ebe86da2188bc6a9eb3fe25ebbd6c,65,128,269525,12,12,0x00000000,0,MOOSE01,,,,PREY,,WDRUNSGT
BDWOLFDI,ok,05ddce00d9a031e99e999bdd3a4b043b12eea19305749d2f8f89e3765e9efa7f,175,255,208772,40,40,0x00000000,0,BDWOLFDI,,,,DIREWOLF,,DW2MP2MO
BDWORG,ok,f090f3a74e21c9945134f1e0298924ab2322117cdaabbd949af17fdb2556f370,120,255,208770,27,27,0x00000000,0,BDWORG,,,BDENSHTV,,,BDNONIN
BDSPIDHU,ok,45da0aeee9c74b8fa5e5caa3c616e438a68fe59f796cfd769d06ba7881a71890,120,255,209367,18,18,0x00000000,0,BDSPIDHU,,,,,,DW2MP2MO
BDSPIDGI,ok,98d0292a2a99d8dfc0ad849399b358492923ce5339098d486865a6e2849f1cbf,420,255,206410,40,40,0x00000000,0,BDSPIDGI,,,,,,DW2MP2MO
BDBEARBL,ok,dec8f02578468eb7a5183d6bb2549ca27a9000f8c2fec8bfebaeab067fc37b4f,120,128,206626,27,27,0x00000000,0,BDBEARBL,,,BEAR,,,DW2MC2MO
BDBEARBN,ok,a4a12e2d7bb97396f6181cfa7d2e6639a406061d38f9243be9364cce49329ffa,270,128,206409,48,48,0x00000000,0,BDBEARBR,,,BEAR,BDENRAGE,,DW2MS2MO
BDBANDAM,ok,f5458165fda582eb1a98ffe265e482fbb015e6fac1f5f73447b500340492638f,15,255,267114,10,10,0x00000000,0,BDBANDAM,,SHOUT,,,,DW2RS2GE
JELLOC,ok,29a76c8fdc9c41892227ea7003cbcb84b3fc191c96ed495b110b00faead6b277,270,255,9389,48,48,0x00000000,0,None,,NONE,NONE,,NONE,DW2RC2MO
BDSEMAHL,ok,4c843ef511930307a751236c2ffc741e25ce3f19cadd0d2feff91944ba7c05b3,6000,128,263992,43,130,0x00000000,0,BDSEMAHL,BDSEMAHL,BDSEMAHL,,BDSHOUT,,BDFIGH01
BDDCLER1,ok,380f395d00d3945f9581c18ec6776d778a9ec041d9504b7c06a1abc602bb25d4,975,128,263990,64,64,0x00000000,0,BDDCLER1,BDDCLER,,BDDCLER,BDSHOUT,BDCLER01,NONE
BDDCLER2,ok,0757bae552d9e48700d123190aa614ad5346419f273e88d743155055fbbf1137,975,128,263990,64,64,0x00000000,0,BDDCLER2,BDDCLER,,BDDCLER,BDSHOUT,BDCLER01,NONE
BDDCLER3,ok,2dee8bb391eb44c20e2c62f79c6f8e610cd70d5b4dc5da8b2f7c71be03db491b,975,128,263990,63,63,0x00000000,0,BDDCLER3,BDDCLER,,BDDCLER,BDSHOUT,BDFCLE01,NONE
BDDEEP,ok,f6d8c3de3c9787178f6c766167ed199ab9158d6d9cb849372ced073388979d54,2000,128,263991,80,80,0x00000000,0,BDDEEP,BDDEEP,BDDEEP,BDDCLER,BDSHOUT,BDCLER01,NONE
BDWIGHT,ok,b77c8c9a6116947db60fd90fff371e0dce26adad5a2c0e84b43c74ac3148a9d2,1000,255,250538,35,35,0x00000000,0,BDWIGHT,,,BDENSHTV,,,BDFIG00
BDGHAST,ok,1260e3156484bcb3fd1495b3439c32a0e036fc258e3adf32ca913dc7cb7629de,650,255,209348,32,32,0x00000000,0,BDGHAST,,,BDENSHTV,,,BDNONIN
BDUMBER1,ok,0b7f49b3555e29c217ec45b57c85756285a30d3065a7dd9ab0c7a93bd1deec51,4000,255,226761,72,72,0x00000000,0,BDUMBER1,,,BDENSHTV,BDUMBER1,,BDFIG00
GHOUL,ok,b6451bf00bd18b11f112750f4cf2cad5144ec483d8a616db0365c32dec00809e,175,255,206315,16,16,0x00000000,0,None,,DW#GPSHM,NONE,GHOUL,NONE,DW2MC2GE
CARRIO,ok,c42f64a230de335bf78ce8a8242f4ae0f92fc8620d779e840251cabb488aa842,975,255,9360,35,35,0x00000000,0,None,,DW#GPSHM,CCRAWLER,NONE,NONE,NONE
BDCCRAW1,ok,4c807bd8e2adc24b3bc075721bbd8f533e256f82773b31c13a92e7b87973f07b,420,255,209360,25,25,0x00000000,0,BDCCRAW1,,,BDENSHTV,,,BDCCRAWL
BDMCARRI,ok,fd07673690990fd39f7ef0fd13708d5e1beec945a968a0a9d148b582ff585aac,650,255,225542,42,42,0x00000000,0,BDMCARRI,,,BDENSHTV,,,BDCCRAWL
BDOTYG02,ok,25b2689cef548f7de2361aace51ff54a9460c0e2ecf190097598f2f1217ecc0c,1400,255,269030,64,64,0x00000000,0,BDOTYG02,,,BDENSHTV,,,BDFIG00
BDOTYG01,ok,7579934a15c4b8b30e6a505b568f61cf2782676994ea7525e44eb2ac96cd84b6,5000,255,270551,96,96,0x00000000,0,BDOTYG01,,,BDENSHTV,,,BDFIG00
BDDODWD,ok,80cb966f422e80521bc9338cb4a859efcc57433c11020bf69c0358b09831c81f,0,127,263990,1,1,0x00000800,1,,,,,,,
BDDLICH,ok,94d55887b5dfa4efc4db8e3d0e009ada456d40881738e36d6950a66c49fa5f14,22000,128,245470,90,90,0x00000000,0,BDDLICH,BDDLICH,NONE,NONE,NONE,BDLICH,DW2MP2GE
BDCOLDH,ok,71465eeb2d39819631b82c6bfa4e42e24d4f9484201e82e17cef6740c69e9701,0,128,263993,72,72,0x00000000,0,BDCOLDH,BDCOLDH,,,BDMISC02,BDLICH01,
BDSCRY,ok,a088cec3a5afd882628b52d208d92e60dae0bf64b1703e2c8c576b3609378f05,0,128,264500,8,8,0x00000010,0,BDSCRY,BDSCRY,NONE,NONE,NONE,NONE,NONE
BDBRONZE,ok,39c9710c8d25233ee5b70e0cae82680bb7b97bf006085a687cf9d0ad659698ee,5000,255,264752,90,90,0x00000000,0,BDBRONZE,,,BDENSHTV,,,BDNONIN
BDDEAD01,ok,766ac766f7993d9e1ce28a921d0f1adc19048119d67833997fccb074082f60b5,800,255,264751,70,70,0x00000000,0,BDDEAD01,,,BDENSHTV,,,BDNONIN
BDSKGR08,ok,8542d8543f28ffa5f4bf81ee9eff1b0c5d8fa9b52eb49daa3b15ab1ccc591df8,4000,255,208767,90,90,0x00000000,0,,,,BDENSHTV,,,BDFIG00
BDWIGHDD,ok,d50a9022664434dd74bb32a782d3ac172cc87f7d128e2cdd219b6ec98cfed3af,1200,255,264749,40,40,0x00000000,0,BDWIGHDD,,,BDENSHTV,BDWIGHT2,,BDFIG00
BDTHARAN,ok,d63b356f456b2d3194e55b5257d1529c90988fabae65cbd947f761584415979e,650,128,249458,80,80,0x00000000,0,BDTHARAN,BDTHARAN,BDTHARAN,BDFORT,BDSHOUT,BDFIGH01,
BDYMORI,ok,4b6a488aa5f63cce7a25aa5f43905cc8d627709e17a6d15d5b17fa6c2c87f4e3,175,255,250538,55,55,0x00080000,0,BDYMORI,,,,,,DW2MM2GE
BDBRESS,ok,245d3ea08b03d9d1f46193e358b1d1b0d1ce6e3b6ab174b49083450096b1a1f3,1,128,250830,10,10,0x00000000,0,BDBRESS,,BDHORSES,,,,
BDTART,ok,0e667830f52774d3fc37785df01ef54eca40fc958642f7a2e3f8786dcea4bdae,1,128,250829,10,10,0x00000000,0,BDTART,,BDHORSES,,,,
BDSENDER,ok,c813df90bb053cd5533f3724349e4116497841aa1caabc464b536612cc6ab96b,15,128,250127,8,8,0x00000000,0,BDSENDER,BDSENDER,BDSENDER,BDFORT,BDSHOUT,,
BDMEROME,ok,b3a0008efba7d39c768a4b03aae6ec2c9dd000b0189775c2083d9ffb0e50fc4f,7,128,250128,1,1,0x00000000,0,BDMEROME,BDMEROME,BDSENDER,BDFORT,BDSHOUT,NONE,
BDTHIRRI,ok,c0a546ae0f7dc06bd09d87ff60514efe24060d8de411b8f0bdd5aa414d7d82cf,650,128,249454,28,28,0x00000000,0,BDTHIRRI,BDTHIRRI,BDTHIRRI,BDFORT,BDSHOUT,BDSTEAL,BDMAGE01
BDELANDR,ok,9dc60b21fe5d145ca724443e1b3a6926d5dd3bcf2221fed91ef7832ba5b353da,420,128,249455,24,24,0x00000000,0,BDELANDR,BDELANDR,BDELANDR,BDFORT,BDSHOUT,BDMAGE01,
BDWELL01,ok,0a14e84affc38ee4cf45e49d540b1464e1f13ec631f1b0b7b69f9f1639faeaa3,0,29,258692,80,80,0x00000000,0,BDWELL01,BDWELL01,,,,,
BDGUAR22,ok,cecc7443fa739bb4afb2315e097fa5e0a06788cc1c562c6b69aced2721e69a6e,420,128,237099,70,70,0x00000000,0,BDGUAR22,BDCRUS,BDGUAR20,BD2000EN,BDSHOUT,BDFIGH10,
BDGUAR21,ok,565c94c9273620d65eedf047318bb6c846c0cd5a67e2db9dc2dddcdf8b35d926,420,128,237099,70,70,0x00000000,0,BDGUAR21,BDCRUS,BDGUAR20,BD2000EN,BDSHOUT,BDFIGH10,
BDGUAR20,ok,20bec05f58e4b6ac01b0956cb02f27a741bc1cc80566d20536cb615a729c32c3,420,128,237099,70,70,0x00000000,0,BDGUAR20,BDCRUS,BDGUAR20,BD2000EN,BDSHOUT,BDFIGH10,
BDGUAR23,ok,e0ab52f604db74a0dcf85232dc267c2a8ef55757c10bdb95a3faae1a809f5e4f,420,128,237099,70,70,0x00000000,0,BDGUAR23,BDCRUS,BDGUAR20,BD2000EN,BDSHOUT,BDFIGH10,
BDGUAR24,ok,a9d1c8fd65e1092dfc8725af9498f75aa39520f1ff6802eef851d0d58838ba1a,420,128,237099,70,70,0x00000000,0,BDGUAR24,BDCRUS,BDGUAR20,BD2000EN,BDSHOUT,BDFIGH10,
BDBARGHE,ok,11e1ca994023ffab094c9b061b32a5cb7569a15a6260a0ba9a8f17dbb335ea7d,3000,128,235623,120,120,0x00000000,0,BDBARGHE,BDBARGHE,,,BDSHOUT,BDFIGH20,
BDHORMOR,ok,998224e381fb2825458dc21e31b3a1c7583c3cf4eeac4ebd21e80337f18389cd,3000,128,238226,84,84,0x00000000,0,BDHORMOR,BDHORMOR,BDHORMOR,BDDSC,BDSHOUT,BDCLMA20,
BDOLONEI,ok,6c9ccd3c3f6f42960dfeacc1d071c959cc2f679ed2e12f5fdadc4f1238825c54,5000,128,237096,52,52,0x00000000,0,BDOLONEI,BDOLONEI,,,BDSHOUT,BDMAGE20,
BDVICHAN,ok,efb51ebc824887d2ac117f60c967f39e53b3b93ec13f2cf6e9d954b338c6ff14,1400,128,237095,36,36,0x00000000,0,BDVICHAN,BDVICHAN,BDVICHAN,BD2000EN,BDSHOUT,BDMAGE21,
BDBSENT1,ok,c01241d67ed0285a54a09a6fddb82d119404fbcebd42e488d62269b56d5e3f3a,650,128,237099,70,70,0x00000000,0,BDBSENT1,BDBSENT1,BDBSENT1,BD2000EN,BDSHOUT,BDFIGH10,
BDMUNSCH,ok,9edf5172bc6e6b6c49ef28ae5a4e4a0b582a0613bd732289d20e310287574f72,975,128,237098,96,96,0x00000000,0,BDMUNSCH,BDMUNSCH,BDMUNSCH,BD2000EN,BDSHOUT,BDFIGH21,
BDKHARM,ok,b1e1f09e4de56578fc40a184194fc1de30b170e08c42e413b6f46a343a82bda8,1400,128,237097,90,90,0x00000000,0,BDKHARM,BDKHARM,BDKHARM,BDDSC,BDSHOUT,BDFIGH22,NONE
BDCRUR27,ok,531104335bc224e5d03cd9aa5ef9ed4544ad82ef8da43be850fae3ad9f757cec,275,128,245494,60,60,0x00000000,0,BDCRUR27,BDCRUS,BDCRUR26,BD2000EN,BDSHOUT,BDFIGH10,
BDCRUR26,ok,7dff6759795984d9099e4df4044694f91b44374efa20c670b5aa16eee05c0369,275,128,245494,60,60,0x00000000,0,BDCRUR26,BDCRUS,BDCRUR26,BD2000EN,BDSHOUT,BDFIGH10,
BDCRUR28,ok,290fc62b4ae08c313eea01e7556daddea4977175d1f18487ce3a3b8f9f4b1495,275,128,245494,60,60,0x00000000,0,BDCRUR28,BDCRUS,BDCRUR26,BD2000EN,BDSHOUT,BDFIGH10,
BDCRUS95,ok,de2ec0831cbe98a4cb5aad07b255e003491d3322316c2a24d931d104c97882a0,650,128,258654,48,48,0x00000000,0,BDCRUS95,BDCRUS,BD5200EN,,BDSHOUT,BDTHIE01,
BDCRUS98,ok,fdb707e8b9f6e225b93259ba221b80715c5a41bcf29c8a62166291bbb8c2fd68,275,128,245494,60,60,0x00000000,0,BDCRUS98,BDCRUS,BD5200EN,,BDSHOUT,BDFIGH11,
BDCRUR29,ok,429ce9e5ac623dcfec2d5d42865fc221886c96a09bb34f535f978268c404eb28,275,128,245494,40,40,0x00000000,0,BDCRUR29,BDCRMERC,BDCRUR26,BD2000EN,BDSHOUT,BDTHIE10,
BDCRU100,ok,b2f82d20f9573d669c6afbf35dc0c9d8eefbc86c5390d0264cb04fbf6c5b5b78,275,128,245494,36,36,0x00000000,0,BDCRU100,BDCRUS,BD5200EN,,BDSHOUT,BDTHIE10,
BDCRU102,ok,7ece2e36ddbdad6c41ca777c92db244b8fbf605073c42cf9787f733fa525ca05,420,128,258654,70,70,0x00000000,0,BDCRU102,BDCRUS29,BD5200EN,,BDSHOUT,BDFIGH10,
BDCRU116,ok,06941e5338dc3e9c74dd576f24e4eeba225ef1332d7f2ba3af00d8fdb1cac048,420,128,258654,42,42,0x00000000,0,BDCRU116,BDCRUS29,,,BDSHOUT,BDFTHI20,
BDCRU101,ok,01c76241250e82c7bc0032b6957328088769106ce6d2fab0717eb1f2ad23dd38,420,128,258654,70,70,0x00000000,0,BDCRU101,BDCRUS29,BD5200EN,,BDSHOUT,BDFIGH11,
BDCRUS25,ok,b4ae8b4b379aee2de9af81a3e478bcf40d837b7fe9b75b81f69dbef28984c39e,420,128,258654,70,70,0x00000000,0,BDCRUS25,BDCRUS29,,BD2000EN,BDSHOUT,BDFIGH10,
BDCRU104,ok,15c12a6be6273dc02074ca2c824c7a5ab0d3dbc340d7bbe8812680bf03a368aa,650,128,258654,70,70,0x00000000,0,BDCRU104,BDCRUS29,BD5200EN,,BDSHOUT,BDFIGH10,
BDCRU103,ok,9e22837727c3ede563243ff2b877da4b4e9d846e68c7101d8c082ad09df9bfe9,650,128,258654,70,70,0x00000000,0,BDCRU103,BDCRUS29,BD5200EN,,BDSHOUT,BDFIGH10,
BDTROLL1,ok,973e350aaddd55c3c6e69bde088d93e78fbb8546776dbf68a3236eceb21787ee,1400,128,256625,64,64,0x00000000,0,BDTROLL1,BDTROLL1,BDTROLL1,NONE,NONE,,WTATROLL
BDTROLL2,ok,dc4100ef234b583707938d980193af8acc1c0a5c61029e13561d23a1192c9812,1400,128,256625,64,64,0x00000000,0,BDTROLL2,BDTROLL2,BDTROLL1,NONE,NONE,,WTATROLL
BDBRIDG1,ok,db49ed93a3a46b8ac4dbd9592c09954a37adc1caa2b636dfa3f87b698db3da51,275,128,237100,60,60,0x00000000,0,BDBRIDGE,BDBRIDGE,BDBRIDGE,BD2000EN,BDSHOUT,BDFIGH23,
BDBRIDGE,ok,d090d7570d619a82f3d3efcc50cf3ade469caee6c5c2b3d2d9ce37ea1cbedc60,275,128,237100,60,60,0x00000000,0,BDBRIDGE,BDBRIDGE,BDBRIDGE,BD2000EN,BDSHOUT,BDFIGH10,
BDCRUS93,ok,b8f249ece6a40c611e50d8d00e8dca3b06b2505bca2dc868c4cec351bfa9b2de,420,128,236698,70,70,0x00000000,0,BDCRUS93,BDCRUS,BD5200EN,,BDSHOUT,BDFIGH10,
BDCRUS96,ok,fb546f0973ea16967e5be6dcee3ad29099900b3be69291ed141e595cbbbe77fa,420,128,236698,70,70,0x00000000,0,BDCRUS96,BDCRUS,BD5200EN,,BDSHOUT,BDFIGH11,
BDCRUX34,ok,4e3196f1f9d8e31abdd1902cab927086747c8b705858021e2cfbd4b18bee613a,975,128,238687,80,80,0x00000000,0,BDCRUX34,BDCRUS,,,BDSHOUT,BDFIGH10,
BDCRUS39,ok,134f3ac94c52f2c900a4ffefd6c6d3984bb2c77bcd58f7a92f5bc88c0cbee478,420,128,236699,70,70,0x00000000,0,BDCRUS39,,,BDDSC2,BDSHOUT,BDFIGH10,
BDCRUS97,ok,a21fb2ef943506a6a5ebad6432e21115dafcb24c35ea4e0bcf28b5c4609c0ce5,420,128,236698,70,70,0x00000000,0,BDCRUS97,BDCRUS,BD5200EN,,BDSHOUT,BDFIGH11,
BDCRUS90,ok,50a85a3730e6370686dfecd7f08d84fd332172643893e79a00863c1645f537a1,420,128,236698,70,70,0x00000000,0,BDCRUS90,BDCRUS,BD5200EN,,BDSHOUT,BDFIGH11,
BDCRUE31,ok,133bcc5573466cc0fc33548932e4057c419c7f201e04aded8060be0b18d616f4,650,128,240885,70,70,0x00000000,0,BDCRUE31,BDCRUS,,BDDSC2,BDSHOUT,BDFIGH25,
BDCRUE34,ok,f08b4da63158a730fb4c779ac970af462fd177a03e81d03d61ebe953c8ed8bac,650,128,240885,84,84,0x00000000,0,BDCRUE34,BDCRUS,,,BDSHOUT,BDFIGH26,
BDCRU114,ok,61deb430753764bf1fa6c037380ee4b6b68481ebafd3ce4daf42a8816830046a,420,128,258654,42,42,0x00000000,0,BDCRU114,BDCRUS,,,BDSHOUT,BDTHIE10,
BDCRU115,ok,be2cdc278f4056c13bec0527c922d155eef05bcd9cbf0d3d69b408f16d32ce7e,275,128,258654,60,60,0x00000000,0,BDCRU115,BDCRUS29,,,BDSHOUT,BDFIGH10,
BDCRUS24,ok,481f67af73b49355830c2466c5c229adbfba4eb2538f74d7098da3624b604181,420,128,236699,70,70,0x00000000,0,BDCRUS24,BDCRUS,,BD2000EN,BDSHOUT,BDFIGH10,
BDCRUS23,ok,2707d2ebffaace6c77d178abceef11f50751085c7ce3abb2f288b6a5a54d302c,420,128,236699,70,70,0x00000000,0,BDCRUS23,BDCRUS,,BD2000EN,BDSHOUT,BDFIGH10,
BDCRUS37,ok,0bb8c55d1cedd9d401713b499e834751ae56f62ab881d53325e5ed0b412aa69f,420,128,236699,42,42,0x00000000,0,BDCRUS37,,,BDDSC2,BDSHOUT,BDFIGH24,
BDCRUS22,ok,899d41655439299536a9ddda1030e68dc4765f941efd6ea947a1db141e8e708f,420,128,236699,70,70,0x00000000,0,bdcrus22,BDCRUS,,BD2000EN,BDSHOUT,BDFIGH10,
BDMARI,ok,c7b7c544949842c97069d7440e023454eaf0fbfb1fcb15e02ef86f6634193a8c,420,128,237912,70,70,0x00000000,0,BDMARI,BDMARI,BDMARI,BDFORT,BDSHOUT,BDFIGH01,
BDESTEBA,ok,fe260ab62311a17d26afbf97d6b01f95e53e6005c5134a5ecd1a409f3fbd13bf,650,128,237911,70,70,0x00000000,0,BDESTEBA,BDESTEBA,BDMARI,BDFORT,BDSHOUT,BDFIGH01,
BDCHICKW,ok,4f746a6d3935923f6b5e0817f0637435a8b9d04b13916410637d9c6470ff2a48,1,128,206631,8,8,0x00000000,0,BDCHICKW,BDCHICKW,,,,,WDRUNSGT
BDBFOR10,ok,b641aabe60d30c637e72d3a704b2449461da4b4c856d7dfb40319b883aaf4cf0,420,128,258709,70,70,0x00000000,0,BDBFOR10,BDBFORT9,BDTBUDDY,BDFORT,BDSHOUT,BDFIGH01,
BDBFOR11,ok,d295589a11d1a3e4e4a22151049bc988d0c2fa8110d3a621bef5c02c6e92840e,420,128,258709,70,70,0x00000000,0,BDBFOR11,BDBFORT9,BDTBUDDY,BDFORT,BDSHOUT,BDFIGH01,
BDBFOR12,ok,318afda02c279f03863c4127f5ba2ccf06d28b40f2443ac5796f18f899511584,420,128,269742,50,50,0x00000000,0,BDBFOR12,BDBFORT9,,BDFORT,BDSHOUT,BDFTHI01,
BDBFOR13,ok,f996bb16ad66fbc7ef4d604910bd1eeeeca252d071487a1d6ec0cf4ac86ae1c2,420,128,269741,70,70,0x00000000,0,BDBFOR13,BDBFORT9,,BDFORT,BDSHOUT,BDPAL01,
BDBFOR14,ok,2a43ca31143c2940edc420e889124df4dfba0475ecdea03aeb98f103a99b9dcc,420,128,258709,70,70,0x00000000,0,BDBFOR14,BDBFORT9,,BDFORT,BDSHOUT,BDFIGH01,
BDBFOR15,ok,0fd48ec825ff836358e4a89836060f7076845ca9bfb67bd6b55aeae98dd89e20,975,128,269742,64,64,0x00000000,0,BDBFOR15,BDBFORT9,,BDFORT,BDSHOUT,BDCLER01,
BDBFOR16,ok,d94029a8424f2d0a2e8a4bbd6816da5027f032d0274bd47688b6467d6b94118d,275,128,258709,60,60,0x00000000,0,BDBFOR16,BDBFORT9,,BDFORT,BDSHOUT,BDFIGH01,
BDGUAR2X,ok,5201a141888d364bf73559b813478fed0174e9c0ae75e9fbf748470b2a87d33f,650,128,238687,80,80,0x00000000,0,BDGUAR2X,BDGUAR20,BDGUAR20,BD2000EN,BDSHOUT,BDFIGH10,
BDGOB06,ok,f45110b91d1234245f0984d2cc057aae55b62f63725d723d8f3718151b70973f,200,255,269518,48,48,0x00000000,0,BDGOB06,,,BDENSHTV,,,BDFIG00
BDHOBG01,ok,27ebe1c7fcca18110ee537e074ecd25e05409e66efbd00011a008f8f25f0c2b3,65,255,269516,40,40,0x00000000,0,BDHOBG01,,,BDENSHTV,,,BDFIG00
BDHOBG02,ok,c695ce97192de1943417a5df395a8bc89f6a30d9824c74606c239c78e9191450,35,255,269517,16,16,0x00000000,0,BDHOBG02,,,BDENSHTV,,,BDARCH00
BDHOBG05,ok,5fd4331ff39f741d8e7d8d96af5d965c48e7a80384b1b9e275baa13dfbb38ab3,45,255,270573,30,30,0x00000000,0,BDHOBG05,,,BDENSHTV,,,BDFIG00
BDTARGET,ok,4569b49e033cd23e45e7d5d75bb18831add994500a0928338f1bdba052792db1,0,128,0,1000,1000,0x00000000,0,bdtarget,NONE,BDTARGET,NONE,NONE,NONE,NONE
BDCRU02D,ok,caecc542f07a4984d15b8fca1d89260b3d02fa895c43ff7b62bfbfafbe6f9770,0,128,245494,30,30,0x00000800,1,BDCRU02D,,,,,,
BDCRU01D,ok,b8fef95db46b6aa55cd779f39ba56edff8c4a21e37eceaaffe95d9640b9a9934,0,128,236698,60,60,0x00000800,1,BDCRU01D,,,NONE,NONE,NONE,
BDDHORSE,ok,9a2c89f97b49a42c5409ed702f2f2950a7c8fbe46adb8985248546b3ca1e478e,1,128,206630,10,10,0x00000800,1,None,NONE,NONE,NONE,NONE,NONE,NONE
BDCRU07D,ok,21fd32b94f62f23cbadfa225f1857d4830078962c39aa13a2375f64d4433b26a,0,128,236699,56,56,0x00000800,1,BDCRU07D,,,NONE,NONE,NONE,
BDCRU05D,ok,ff5612c382adf0b31e39736ffa292e1062f64589bdb89fcb8cda4b32c61d1a91,0,128,236699,70,70,0x00000800,1,BDCRU05D,,,NONE,NONE,NONE,
BDHOBG04,ok,8c08edc2fea0a793499a07b6967eff2f3497e4e6523f858064ab2b75f6cc1888,45,255,270572,24,24,0x00000000,0,BDHOBG04,,,BDENSHTV,,,BDPRI00
BDHOBG03,ok,e5ea50c6ccf7a18f3f99a37cb1ef7a9d29e7c2a8882d1054571ed7ff8f710e8a,50,255,270571,40,40,0x00000000,0,BDHOBG03,,,BDENSHTV,,,BDARCH00
BDBEETMH,ok,39f60b4b5fc654183b34976a2ae921bcbf47a964e5c881961baef4c1c9075c4a,120,255,256351,18,18,0x00000000,0,BDBEETMH,,,,BDBEETBM,,
BDKEGX,ok,791b3af6d04785bc2a58560d441ff8e5aeb3cf48d464348fc628094260975156,0,128,270124,120,120,0x00000000,0,BDKEGX,,BDKEGX,,,,
BDBANDIT,ok,cf352dad306da4620486cf4142bef235acbdf430e3691d6dda0aa946177fdc6b,65,255,213838,10,10,0x00000000,0,Bandit,BANDIT,SHOUT,BANDIT,NONE,NONE,DW2RS2GE
BDBOAR02,ok,21452b80129b60d34206809bf527fe0212f6f23af1e8f7e53bbbb6fb8021cb3a,175,255,260495,27,27,0x00000000,0,BDBOAR01,,,BDENSHTV,,,BDNONIN
JELLYGR,ok,fcbad60f9fc4d6f10e019436a43dbab6a86cf5339811f6aa00aa1bd6d80506b0,65,255,217547,16,16,0x00000000,0,None,,NONE,NONE,NONE,NONE,DW2MC2MO
BDWYNAN,ok,c2a88c4888d61482d244e897e1d36a6fc535b195543a13f32dfa74d85d1fe0b7,2000,128,249453,40,40,0x00000000,0,BDWYNAN,BDWYNAN,BDWYNAN,BDFORT,BDSHOUT,BDMAGE01,NONE
BDBF1,ok,63dc48ae5bddda09740f3fc17b78093e30b1caeebe0c948b0ecb9763fb85f073,650,128,270434,70,70,0x00080000,0,BDBF1,BDBF1,BDBF1,BDFORT,BDSHOUT,BDFIGH01,
BDBF2,ok,63cc503deda7b728829b5817e264759b087a270491d8a5cbae24a54995f24b73,650,128,257276,56,56,0x00080000,0,BDBF2,BDBF2,BDRAYLER,BDFORT,BDSHOUT,BDCLER01,
BDBF3,ok,129d3435002396071f75c782fab1b94f0a9df6ca0c300c2241e05c2156c6418c,0,128,249457,0,60,0x00080000,0,NONE,NONE,NONE,BDFORT,BDSHOUT,BDFIGH01,NONE
BDBF4,ok,0231bc430ed067007366bcb1936c5d0ff5c5d07bcabf8b47368b7986f77da9fe,0,128,250510,0,60,0x00080000,0,NONE,NONE,NONE,BDFORT,BDSHOUT,BDFIGH01,NONE
BDBF5,ok,7044e6b7e50b42afe03b9c62953e3cffa4ad108dc8126b5b11efca8e6b22fc12,0,128,250511,0,60,0x00080000,0,NONE,NONE,NONE,BDFORT,BDSHOUT,BDFIGH01,NONE
BDJUNIA,ok,e9699d3485504c6982631430e829bb0e2aeec1f022565a99ae1b30bbfcc78fa6,975,128,250512,72,72,0x00000000,0,BDJUNIA,BDJUNIA,BDJUNIA,BDFORT,BDSHOUT,BDCLER01,
BDJEGG,ok,9942183621e5c4eff7e64e5405303edd59213a2fa55ac351277e275b53145d47,420,128,255813,60,60,0x00000000,0,BDJEGG,BDJEGG,BDJEGG,BDFORT,BDSHOUT,BDFIGH01,
BDROARK,ok,eb4e401e589e5d9f054e4fa282a507e4403e5e01027659f57930fc738877c30b,650,128,255814,69,70,0x00000000,0,BDROARK,BDROARK,BDROARK,BDFORT,BDSHOUT,BDFIGH01,
BDBFORT4,ok,57671833312a834cc41de629d7791d933efef4ce29e47688a764b52f481c3fdf,650,128,237101,70,70,0x00000000,0,BDBFORT4,BDBFORT4,BDBFORT4,BDFORT4,BDSHOUT,BDFIGH01,
BDFRAIR,ok,15fa26bc67d03fe390b37c6db3895b1f0f8bdd2d17b81499a418582d7b2e3b4d,3000,128,250832,80,80,0x00000000,0,BDFRAIR,BDFRAIR,BDFRAIR,BDFORT,BDSHOUT,BDCLER01,
BDBFORT9,ok,9cca8f3775af2cf439164efa3e60a8b82afc3e3d50f0e9546141605ef2412e05,420,128,258709,70,70,0x00000000,0,BDBFORT9,BDBFORT9,,BDFORT,BDSHOUT,BDFIGH01,
BDBFORT,ok,6d52f8ffb4966dacf7c437b9fcc189f2e94de4b6ee71773cfb73bfe09a525a6d,650,128,255816,70,70,0x00000000,0,BDBFORT,BDBFORT,,BDFORT,BDSHOUT,BDFIGH01,
BDBFIND1,ok,23d9b1f4f45962f1f000ba88c20f52b6623a1f6c7b862f3811e983cc51d20816,420,128,258709,70,70,0x00000000,0,BDBFORT9,BDBFIND,BDREFBF,BDFORT,BDSHOUT,BDFIGH01,
BDBFIND2,ok,7c930e5fafca9b1a0843e449cb7ccd2e93fb1c80613fe6d1791c91051f626f56,420,128,258709,70,70,0x00000000,0,BDBFORT9,BDBFIND,BDREFBF,BDFORT,BDSHOUT,BDFIGH01,
BDHOACH,ok,f6a0cb980d482f8723b580986c344ada6d7edac9ad36f8b416f50eb3f91bbe2d,1,128,256259,8,8,0x00000000,0,BDHOACH,BDHOACH,BDREFBF,,WTRUNSGT,,NONE
BDNAZRAM,ok,a516e74f5f7f3e24ede393d0885262a99cc6c113d1648bf5063fad039b210b69,10000,128,262499,83,83,0x00000000,0,BDNAZRAM,BDNAZRAM,BDMISC01,BDSTEAL,BDENSHTV,BDDJINNO,BDFIG00
BDDAGF22,ok,6b22f2c1ab5267695352e1912c292a3f49f9e06ba0cfe032efa158f8e032ca4f,420,128,256198,70,70,0x00080000,0,BDDAGF22,BDDAGF22,BDDAGF,BDASC2,BDSHOUT,BDFIGH01,
BDDAGF21,ok,23ca2672caa0ec8d79ba32378a2bdde099a57c5b9598dec3ee6c97f8d560161c,420,128,256197,70,70,0x00080000,0,BDDAGF21,BDDAGF21,BDDAGF,BDASC2,BDSHOUT,BDFIGH01,
BDDOSIA,ok,f573613ac88389b9d681cd191d72e4cf474477f9d3b9ff6b903411d26ef82e4c,1400,128,258632,64,64,0x00000000,0,BDDOSIA,BDDOSIA,BDDOSIA,,BDSHOUT,BDCLER01,
BDHYRETH,ok,a6d8f7809c79ceab8029d637112a3b89d474c383726fb0372830da3bcb9d7930,65,128,258631,3,16,0x00000000,0,BDHYRETH,BDHYRETH,BDHYRETH,,NONE,NONE,DW2MM2GE
BDHALASA,ok,320a696533d68028a80b0e28d1ef8edfc62ccba0134d1014d3014032144754c0,1400,128,258256,90,90,0x00000000,0,BDHALASA,BDHALASA,BDMARCH,,BDSHOUT,BDFIGH01,
BDMORLIS,ok,79896d4d6792d50e2fcebe1a1537b4c39e5ae623f9bdfe241a867ca4a94bde5e,420,128,258257,60,60,0x00000000,0,BDMORLIS,BDMORLIS,BDMORLIS,NONE,NONE,NONE,
BDHESTER,ok,f19f18bc25c9bb4d807780d88604fef1dc8726f00c919b969861c9a8b3c2380f,975,128,258259,48,48,0x00000000,0,BDHESTER,BDHESTER,BDHESTER,,,,
BDGARROL,ok,d1e671cc0de3cf79b61a5adb76f4e7238b3eb13b9f43e879db66e4a88ccebf3b,300,128,258260,50,50,0x00000000,0,BDGARROL,BDGARROL,BDGARROL,,NONE,NONE,
BDTAIELD,ok,230d7218e0af22ca1291330bcb4e7d3574009f5986009358331ea73d054727b3,600,128,258261,60,60,0x00000000,0,BDTAIELD,BDTAIELD,BDTAIELD,,,,
BDDANINE,ok,6818298646c6bf78c3a69a2a54e6d9f17fe7a6bb63a226ff280145d848ec5815,420,128,258258,42,42,0x00000000,0,BDDANINE,BDDANINE,BDDANINE,NONE,NONE,NONE,
BDCLOVIS,ok,fc220f8c8425b30917d5fd99ca5e57ae2b843cb8fa1f1fc2badca7f3d9f65510,420,128,258262,60,60,0x00000000,0,BDCLOVIS,BDCLOVIS,BDCLOVIS,,,,
BDINFEC2,ok,92afcb5607daeed5d366bb92b20e967155f082f6c7b68cbf4207b64a84460422,420,128,261490,70,70,0x00000000,0,BDINFEC2,BDINFECT,,,,,BDREFG
BDINFEC3,ok,fa846b0807d32c0e3b283ebbb7bb933e7530617f14affa529346e762bd673255,175,128,261490,60,60,0x00000000,0,BDINFEC3,BDINFECT,,,,,BDREFG
BDINFEC1,ok,c7e7a0b43c18dbcfc5bd5cb1ff8fcc11bda60a6a1df436e98717abab04dec8f6,175,128,261490,60,60,0x00000000,0,BDINFEC1,BDINFECT,,,,,BDREFG
BDYESTIM,ok,ca41eded667b5a0d33183e1fcdfade0a608d49ca23cf3ba8ccff4fbad6077742,175,128,261492,60,60,0x00000000,0,BDYESTIM,BDYESTIM,,BDREFG,,,
BDZIDRAN,ok,b7d0c35107273a9aae1eb94b0b334402d979cbb88f9746708ee9c1ed5915c407,420,128,261493,70,70,0x00000000,0,BDZIDRAN,BDZIDRAN,,,,,BDREFG
BDINFEC7,ok,fe735b05bf65128be6a71f34cada94fffca906052a6da2c135ca18b3a517c07c,175,128,261490,60,60,0x00000000,0,BDINFEC7,BDINFECT,,,,,BDREFG
BDXERRA,ok,12064b0e49aba00a123b823b5120c550396f9b5de0146c2cc538f115a8286a1a,175,128,261491,60,60,0x00000000,0,BDXERRA,BDXERRA,,,,,BDREFG
BDINFEC4,ok,f5dada50cce2b81135fcdaa7f2c0056d98a669761787706ae2bb354c74ce70ac,420,128,261490,70,70,0x00000000,0,BDINFEC4,BDINFECT,,,,,BDREFG
BDINFEC5,ok,641c4c75077a1d7203066826301e27b575fa0641581ca952ae66561dce539754,175,128,261490,60,60,0x00000000,0,BDINFEC5,BDINFECT,,,,,BDREFG
BDINFEC6,ok,d46406c6c9ce29d1c38825eeedc6299f2bb40250d5ab1a3d81834d341a861fff,420,128,261490,70,70,0x00000000,0,BDINFEC6,BDINFECT,,,,,BDREFG
BDFIST97,ok,2c912585d1af585798ead0272c34eb733c47a8f1f484a9b1efb93c0546044916,420,128,209443,70,70,0x00000000,0,BDFIST90,BDFIST,BDASC2,,BDSHOUT,BDFIGH01,
BDFIST98,ok,722e664380ae9ee12b7e1748ebd956dc93d20291795e9d036462e864dc006f4f,420,128,209443,70,70,0x00000000,0,BDFIST90,BDFIST,BDASC2,,BDSHOUT,BDFIGH01,
BDFIST99,ok,28623cd9a1217097e3ede14eb6ef8419764106cae1a53aa74372c0b6e6d94d00,420,128,209443,70,70,0x00000000,0,BDFIST99,BDFIST,BDASC2,,BDSHOUT,BDFIGH01,
BDMALDEN,ok,751f5712106d4eb7814da3a318afd2047c71e1ea3a5e32879ca80cc3cb1459b0,650,128,261732,59,59,0x00000000,0,BDMALDEN,BDMALDEN,,BDASC2,BDSHOUT,BDFTHI01,
BDCOASEN,ok,44a767a9ce95cf5da4f40c82d505f82ea809f378992e43881360cca1a8a4d085,420,128,251893,70,70,0x00000000,0,BDCOASEN,BDCOASEN,BDCOASEN,BDASC2,BDSHOUT,BDFIGH01,
BDCOASE2,ok,d5f262630722473a05bbef0386c301285b4bcde75fff992d36884cb6abda188b,420,128,251893,70,70,0x00000000,0,BDCOASE2,BDCOASEN,BDCOASEN,BDASC2,BDSHOUT,BDFIGH01,
BDWILCH,ok,4679d320196f187b7932e41e54fec61544c345a31722bd65d37791fc6cddccdb,975,128,238542,80,80,0x00000000,0,BDWILCH,BDWILCH,BDCOASEN,BDASC2,BDSHOUT,BDFIGH01,
BDWAIZAH,ok,60d5c958afce7a0d82541842c2902cefe3bf180b37f7a42a15b03777f19c07c6,420,128,260299,70,70,0x00000000,0,BDWAIZAH,BDWAIZAH,BDWAIZAH,BDASC2,BDSHOUT,BDTHIE01,
BDNEDERL,ok,a34c106764b6cdd362908acff6fe6d17f204a0b81b8c4cdd45929b4cd5c9af4c,4000,128,237430,130,130,0x00000000,0,BDNEDERL,BDNEDERL,BDNEDERL,BDASC,BDSHOUT,BDFIGH01,
BDSTONEH,ok,5f23ae634b6429b35a7828bdf62cd178f50f493220b3782a96dd196ce840a3b4,4000,128,238238,130,130,0x00000000,0,BDSTONEH,BDSTONEH,BDSTONEH,BDASC,BDSHOUT,BDFIGH30,
BDDELANC,ok,d1354953b1b2c0f7263ebdb904c43f1dd8c6ca7ba5c74c78ef8a7395457130f3,2000,128,237431,100,100,0x00000000,0,BDDELANC,BDDELANC,BDDELANC,BDASC,BDSHOUT,BDFIGH28,
BDFRAT,ok,7925dc14db683f3875e0447c5885a676e92a64cf46b5a3af78175c8a54b29638,1,128,213722,8,8,0x00000000,0,BDFRAT,BDFRAT,NONE,BDREFG,WDRUNSGT,NONE,NONE
BDSIMONE,ok,824310c152a2dd6141f7c9ac53b29a3312171c0cc7ab09c5d513274c22635234,975,128,261495,80,80,0x00000000,0,BDSIMONE,BDSIMONE,,,BDSHOUT,BDFIGH01,
BDHELVDA,ok,aee5ee26113f453e66612865f8e543e4b30992d8a7e154da3fefaac904f0118d,420,128,261512,70,70,0x00000000,0,BDHELVDA,BDHELVDA,,,BDSHOUT,BDFIGH01,
BDWTR61,ok,6c2a2b78ee82389bf8e0d7a8be19cfd6f68e4e9767a9be834e951022b82af7b6,5000,128,240900,102,102,0x00000000,0,BDWTR61,BDWTR,BDASC2,,BDSHOUT,BDFMAG01,
BDWTR40,ok,0878b3b54f49255c1200c09fd9a8f921aaa4e43df1bc558252b4f13e39157418,650,128,238686,70,70,0x00000000,0,BDWTR40,BDWTR,,BDASC2,BDSHOUT,BDFIGH01,
BDWTR41,ok,52fbaae4b58de052c3a5fbc0274c0c23bf19619ff9e9672a3cbea2d341391b4b,650,128,238686,70,70,0x00000000,0,BDWTR41,BDWTR,,BDASC2,BDSHOUT,BDFIGH01,
BDWTR52,ok,25f9d775d60936fe1efc0855d72fe3658f5a3de52c64c0095c557b7081078ec1,650,128,238686,70,70,0x00000000,0,BDWTR52,BDWTR,,BDASC2,BDSHOUT,BDFIGH01,
BDWTR51,ok,6fffc4cf9e509bf9a34cfc28d5a81c6eb66f554d0c210ff6dbd3742723ccbc5e,650,128,238686,70,70,0x00000000,0,BDWTR51,BDWTR,,BDASC2,BDSHOUT,BDFIGH01,
BDWTR43,ok,825e495a16610670148015444c6f019584191125af5af758e34d36f782bb4b68,650,128,238686,70,70,0x00000000,0,BDWTR43,BDWTR,,BDASC2,BDSHOUT,BDFIGH01,
BDWTR56,ok,e1b87a4a9c4161565db1e5f6d2507e8ca8c5a566fb1d6e8b106a22292632a3cc,650,128,238686,70,70,0x00000000,0,BDWTR56,BDWTR,,BDASC2,BDSHOUT,BDFIGH01,
BDWTR53,ok,d08aa3276375422ddc3ed36ced5225f61a265716b72a6df21c5be3f47023f389,650,128,238686,70,70,0x00000000,0,BDWTR53,BDWTR,,BDASC2,BDSHOUT,BDFIGH01,
BDWTR45,ok,2e82d5e20262f8e44d7d0cdc99fa5dea1b919c99e9e139c7d07f1db13628d95e,650,128,238686,70,70,0x00000000,0,BDWTR45,BDWTR,,BDASC2,BDSHOUT,BDFIGH01,
BDWTR42,ok,bba3211fc781f702df2583154cb3d26efbd8705820a92ab35ec6e7047d016406,650,128,238686,70,70,0x00000000,0,BDWTR42,BDWTR,,BDASC2,BDSHOUT,BDFIGH01,
BDWTR55,ok,4bec23a896583af86f0719e9b2754434b4549fe1095ae1bf5ce9e88179869413,650,128,238686,70,70,0x00000000,0,BDWTR55,BDWTR,,BDASC2,BDSHOUT,BDFIGH01,
BDWTR46,ok,6008b608adfc92d890ae8e95d03f1f1921a225954cdc202db7284dda3a017a63,650,128,238686,70,70,0x00000000,0,BDWTR46,BDWTR,,BDASC2,BDSHOUT,BDFIGH01,
BDWTR50,ok,dacb0e6c8854bf196dc1f79a06129b713c0a6fd02f5ca4ae7fd085f6b6c36440,650,128,238686,70,70,0x00000000,0,BDWTR50,BDWTR,,BDASC2,BDSHOUT,BDFIGH01,
BDWTR54,ok,fd2a00aedba3f5627d68828600d95d5dd0248dcda82e7554fd0719a76b0d3a06,650,128,238686,70,70,0x00000000,0,BDWTR54,BDWTR,,BDASC2,BDSHOUT,BDFIGH01,
BDWTR44,ok,d2d72195ef11a9cf9bce0777f355a150c44bbc5dfb739db393ed7f457c049321,650,128,238686,70,70,0x00000000,0,BDWTR44,BDWTR,,BDASC2,BDSHOUT,BDFIGH01,
BDDAGF50,ok,e1d763a3cd0a1504c01ca40f893f2ac870f71f43524b9bc77fb20224c05ad29f,650,128,238690,70,70,0x00000000,0,BDDAGF50,BDDAGF,,BDASC2,BDSHOUT,BDFIGH01,
BDDAGF54,ok,eae1f27c7776a26b2655fb9d4e1fd5af00120c8263d081adb1f4e5d5d88df476,650,128,238690,70,70,0x00000000,0,BDDAGF54,BDDAGF,,BDASC2,BDSHOUT,BDFIGH01,
BDDAGF40,ok,48e22dad9d32af80b6707cf6d5298e69bc003e16dfdb0414dfb5009a7f4e43a5,650,128,238690,70,70,0x00000000,0,BDDAGF40,BDDAGF,,BDASC2,BDSHOUT,BDFIGH01,
BDDAGF52,ok,571d9739d2fe1d0633a12455ccf13039a26001fa1efa72826dbdbb2e25010f68,650,128,238690,70,70,0x00000000,0,BDDAGF52,BDDAGF,,BDASC2,BDSHOUT,BDFIGH01,
BDDAGF51,ok,16845eacf830fbc317f0b118e4bba04df1abbecd6b796f49cc21fcfc570bbfdb,650,128,238690,70,70,0x00000000,0,BDDAGF51,BDDAGF,,BDASC2,BDSHOUT,BDFIGH01,
BDDAGF46,ok,43f38517e3f3f47c1f2958e7420968c00e7690009bff876af04c7ec5ff723c57,650,128,238690,70,70,0x00000000,0,BDDAGF46,BDDAGF,,BDASC2,BDSHOUT,BDFIGH01,
BDDAGF53,ok,aec1520596831b0d009f5b0ab42913a62a00a360eaeedb910d3b4b0d668d35bc,650,128,238690,70,70,0x00000000,0,BDDAGF53,BDDAGF,,BDASC2,BDSHOUT,BDFIGH01,
BDDAGF60,ok,2774dc4af2ada4ab73202b085b02f590f15e2635fcf5f1539b4cdbe7ef9f323a,650,128,238690,70,70,0x00000000,0,BDDAGF60,BDDAGF,BDASC2,BDDAGF49,BDSHOUT,BDFIGH01,
BDDAGF59,ok,a976972db2458bbed42da4d37fb1907bd0b3ab3c00b111d36023bf56dbcebf55,650,128,238690,70,70,0x00000000,0,BDDAGF59,BDDAGF,BDASC2,BDDAGF49,BDSHOUT,BDFIGH01,
BDDAGF49,ok,2c892a1b3b6e41ccbba145fff6fd15224380077c9c00f8c0454cbde48687adca,650,128,238690,70,70,0x00000000,0,BDDAGF49,BDDAGF,BDASC2,BDDAGF49,BDSHOUT,BDFIGH01,
BDWTR49,ok,7bef6aa079e650d296c0adf548ad5ad5903182e16f1eb3c7d9e99a778886deca,650,128,238686,70,70,0x00000000,0,BDWTR49,BDWTR,BDASC2,BDDAGF49,BDSHOUT,BDFIGH01,
BDFIST91,ok,2c912585d1af585798ead0272c34eb733c47a8f1f484a9b1efb93c0546044916,420,128,209443,70,70,0x00000000,0,BDFIST90,BDFIST,BDASC2,,BDSHOUT,BDFIGH01,
BDFIST92,ok,1c566b92ad3e98f31151d203f751c9fdb3981e71b2e6d2b9f76df3e22c036054,420,128,209443,70,70,0x00000000,0,BDFIST90,BDFIST,BDASC2,,BDSHOUT,BDFIGH01,
BDFIST93,ok,d39fcc87654e98c12faa6e5a1a51f7419fd6b7fe4960e7e08abe5048afc00333,420,128,209443,70,70,0x00000000,0,BDFIST90,BDFIST,BDASC2,,BDSHOUT,BDFIGH01,
BDFIST94,ok,fdca1e00db671bffdef371d1937d679d69ce9c27f89f77e562090772256a6381,420,128,209443,70,70,0x00000000,0,BDFIST90,BDFIST,BDASC2,,BDSHOUT,BDFIGH01,
BDFIST95,ok,6cb7bbba26f07f4eeb742850fd18848c9b75be96894fc83c92eeac36bd03cb75,420,128,209443,70,70,0x00000000,0,BDFIST90,BDFIST,BDASC2,,BDSHOUT,BDFIGH01,
BDFIST96,ok,e90de6ccbb0acd8bcce3b67198a089b4c6a41597592e3ceb09aef624fe728233,420,128,209443,70,70,0x00000000,0,BDFIST96,BDFIST,BDASC2,,BDSHOUT,BDFIGH01,
BDDAGF42,ok,71892b41f16e3224c37b26cd350dd5989f40e44f58c0e1d353471d7e34721593,650,128,238690,70,70,0x00000000,0,BDDAGF42,BDDAGF,,BDASC2,BDSHOUT,BDFIGH01,
BDWTR58A,ok,faf9518ad74ad21728c1fddee75bdfacc3901b54a174062177cfa662cde4d806,650,128,238686,70,70,0x00000000,0,BDWTR58A,BDWTR,BDASC2,BDWTR58,BDSHOUT,BDFIGH01,
BDWTR58B,ok,7eedc6966d793502767e72aad915f4613264cfd3a353b7a1811900ef5aa04d02,650,128,238686,70,70,0x00000000,0,BDWTR58B,BDWTR,BDASC2,BDWTR58,BDSHOUT,BDFIGH01,
BDWTR58C,ok,e22d79c6c83cdd8470c4fde29914d090a751d7f2a2b26a5c21a0569b526d0ea9,650,128,238686,70,70,0x00000000,0,BDWTR58C,BDWTR,BDASC2,BDWTR58,BDSHOUT,BDFIGH01,
BDWTR48A,ok,b34b7619e503db2cc1623504a256a49da56f6bcaebd89a229839a8fc476214a5,650,128,238686,70,70,0x00000000,0,BDWTR48A,BDWTR,BDASC2,BDWTR48,BDSHOUT,BDFIGH01,
BDWTR48B,ok,1a1bdeb8cd2ab35466af40fb7eb46e61c83418b8c79ca577a96fd33f3f036844,650,128,238686,70,70,0x00000000,0,BDWTR48B,BDWTR,BDASC2,BDWTR48,BDSHOUT,BDFIGH01,
BDWTR48C,ok,8e464d5e89edadb033abf829da193d645e0069f87328692f49aac1896626d1d3,650,128,238686,70,70,0x00000000,0,BDWTR48C,BDWTR,BDASC2,BDWTR48,BDSHOUT,BDFIGH01,
BDREFX1,ok,8ebc17408e117a0c899bd1afb21f33ba8d1577d6f91eae5c327d3814c116ecd6,15,128,252888,8,8,0x00000000,0,BDREFX1,BDREFG,,BDREFG,,,
BDREFY2,ok,a9d78fbd2abcf20d02c09b2d46ea0f8c05e2f1ed07888b4850a098dcf199bfc7,7,128,252888,4,4,0x00000000,0,BDREFY2,BDREFG,,BDREFG,,,
BDREFX3,ok,62ae9eae789b04008ba64d94f3071ed087854af02e62675e0b1674d4757c1748,15,128,252888,8,8,0x00000000,0,BDREFX3,BDREFG,,BDREFG,,,
BDREFY4,ok,a53de1e0c1f6a3517ea931df64345f0e89781976e3b589a18aebdc7e9fc49df4,7,128,252888,4,4,0x00000000,0,BDREFY4,BDREFG,,BDREFG,,,BDWTR41
BDREFX5,ok,09d6560bf6a646d78a503fe4f1aacf7636ceb25ce03d090ed8b39569c5eacb84,15,128,252888,8,8,0x00000000,0,BDREFX5,BDREFG,,BDREFG,,,
BDREFY6,ok,53b6cb719d23a84e270c0e7d45cdef358b4f30d64234573176aabd07906b5b6e,15,128,252888,8,8,0x00000000,0,BDREFY6,BDREFG,,BDREFG,,,
BDREFX7,ok,bc7e7b614696503c92c5f14f8e45d2b521b58ae8a0aa2b975b40b886e6b266b8,15,128,252888,8,8,0x00000000,0,BDREFX7,BDREFG,,BDREFG,,,
BDREFY8,ok,de371f7e2f719c4280a4d9e31b67c69f8e226b6b7e37ecf034545e0a08e79fe6,15,128,252888,8,8,0x00000000,0,BDREFY8,BDREFG,,BDREFG,,,
BDREFX10,ok,3f49ec0a9f3e575e020d003387ea4f7a6ad8aa9f272f1f6cb9c9bd2f84b9add1,7,128,252888,8,8,0x00000000,0,BDREFX10,BDREFG,NONE,BDREFG,NONE,NONE,
BDREFX9,ok,b373889163f47d3745504e56a420a1a4e75f582977aa6e5f7420e052c37c5c32,7,128,252888,8,8,0x00000000,0,BDREFX9,BDREFG,NONE,BDREFG,NONE,NONE,
BDREFY1,ok,bc21f434d9bb5140ddef788bdc7ea18f338bbb5f2fd74b39dd6a7080a1ff834d,7,128,252888,4,4,0x00000000,0,BDREFY1,BDREFG,,BDREFG,,,
BDREFY10,ok,459c534294b56a0084342c4588537cd46f0f089371518c10d52413126556824e,7,128,252888,8,8,0x00000000,0,BDREFY10,BDREFG,,BDREFG,,NONE,
BDREFX6,ok,b4e0aa52981eea0356007790462f111ef4ba2b1abcae3a2ff195d8a6877106f2,15,128,252888,8,8,0x00000000,0,BDREFX6,BDREFG,,BDREFG,,,
BDREFY7,ok,cec69bd164ab6112ff677bf2aa560de5ed4a1d728c267e0380da5236314a72f0,15,128,252888,8,8,0x00000000,0,BDREFY7,BDREFG,,BDREFG,,,
BDREFY5,ok,5fb8ce35eb3f4e126440a65790f579c6e708913cdce6b2df09974ff6f15b8da4,7,128,252888,4,4,0x00000000,0,BDREFY5,BDREFG,,BDREFG,,,
BDCAMPF1,ok,9eed0737277fb894c6e3a16da310043a09e6643f6ad2e9a0456dbee0e857d3eb,15,128,264836,8,8,0x00000000,0,BDCAMPF1,BDCAMPF,,BDREFG,NONE,NONE,NONE
BDCAMPF4,ok,34d34966ec9faab7914861bea0c15eb6af01c1074be211a8d2b2db39c59d735f,15,128,264836,8,8,0x00000000,0,BDCAMPF4,BDCAMPF,,BDREFG,NONE,NONE,NONE
BDCAMPF5,ok,266c89adfc920355ccd630d82de38ffc8c648910aa5c71dc9d386006a11c4e9a,15,128,264836,8,8,0x00000000,0,BDCAMPF5,BDCAMPF,,BDREFG,NONE,NONE,NONE
BDCAMPF2,ok,06c9bf795e80bc09cd221ec63010b5fee452be690857ed7d23128c98ce3e258b,15,128,264836,8,8,0x00000000,0,BDCAMPF2,BDCAMPF,,BDREFG,NONE,NONE,NONE
BDCAMPF3,ok,a634d46772e7ff08882a1aa1fb70ee6c14ed1ab5fa4aef9f8c7208614921beed,15,128,264836,8,8,0x00000000,0,BDCAMPF3,BDCAMPF,,BDREFG,NONE,NONE,NONE
BDCAMPF6,ok,8d562db66dc2c39b2e57b42b347ca5704bb4266deeb7e76995cffedb859edf5d,15,128,264836,8,8,0x00000000,0,BDCAMPF6,BDCAMPF,,BDREFG,NONE,NONE,NONE
BDDSSEN2,ok,eb1a35996dbb4fe0319162e31b874f0297d08571ffaf775b32d93e7bf5cc23ef,650,128,237099,70,70,0x00000000,0,BDDSSEN2,BDDSSEN1,BDDSSEN,BDDSC2,BDSHOUT,BDFIGH01,
BDDSSEN,ok,d4f02c9669aef03ab76bf156a9ff7597cce4d02f68b0a84db90fd610239133a3,1400,128,258649,90,90,0x00000000,0,BDDSSEN,BDDSSEN,BDDSSEN,BDDSC2,BDSHOUT,BDFIGH01,
BDCRU118,ok,31327c6d5aa0517175c8a40a39c74408ae26af3a196d7ebf2a6a422b7aeeee99,420,128,258654,70,70,0x00000000,0,BDCRU118,BDCRUS29,,,BDSHOUT,BDFIGH01,
BDDSSEN1,ok,92f2c2d0f8924a21547cc25302f3a1bafa0ecb84f025d54dd32ddc9b1d028341,650,128,237099,70,70,0x00000000,0,BDDSSEN1,BDDSSEN1,BDDSSEN,BDDSC2,BDSHOUT,BDFIGH01,
BDDSSEN5,ok,90a03101f9690e675623e6f0f87dbcf84b2a4a4fcf11cc8900254f5a50d81c7d,2000,128,237099,86,86,0x00000000,0,BDDSSEN5,BDDSSEN1,BDDSSEN,BDDSC2,BDSHOUT,BDDRUI01,
BDDSSEN6,ok,36b8b161afc2d9516a7d87d55cf81ef42b93d0c5903c874bf2af73a4af1fd199,2000,128,237099,65,65,0x00000000,0,BDDSSEN6,BDDSSEN1,BDDSSEN,BDDSC2,BDSHOUT,BDFMAG01,
BDCRU117,ok,e8ad32fca64196f3f329f651e9b2fc8a4ecb963a0cfbdeea1d1f06d7c226d27d,420,128,258654,70,70,0x00000000,0,BDCRU117,BDCRUS29,,,BDSHOUT,BDFIGH01,
BDDSSEN3,ok,2ca42944078008888fc3e31e87ed587fbff604fe86df07415ff8e128156b045f,650,128,237099,70,70,0x00000000,0,BDDSSEN3,BDDSSEN1,BDDSSEN,BDDSC2,BDSHOUT,BDFIGH01,
BDDSSEN4,ok,257fbb89ab0e994f42343853a14dbfed164559a7d4658833fc7edb0ba20738c5,650,128,237099,70,70,0x00000000,0,BDDSSEN4,BDDSSEN1,BDDSSEN,BDDSC2,BDSHOUT,BDFIGH01,
BDSKIE,ok,1828bb57e5310a9abb77bfe2071f55a2862a04a39e8a5f8bcd7c111b1e7247d4,0,128,9483,42,42,0x00000000,0,BDSKIE,BDSKIE,BDSKIE,,,,
BDCRUM31,ok,9bf0d520b50932bc24a4aeb429e79759c2dcdb5cf098e4a3b8a801895554fdc6,420,128,258654,70,70,0x00000000,0,BDCRUM31,BDCRUM30,BDCRUM30,BDDSC2,BDSHOUT,BDFIGH01,
BDCRUM32,ok,51c89b7eed507ca4608e29118b075ce2c7b30001aff5d9a7db57ce0b38274599,420,128,258654,70,70,0x00000000,0,BDCRUM32,BDCRUM30,BDCRUM30,BDDSC2,BDSHOUT,BDFIGH01,
BDCRUM30,ok,4bc87422b0fceb340132dc6ccb9f123663e0d6bf1cfb05c9f4ba461a1ce5e63c,420,128,258654,70,70,0x00000000,0,BDCRUM30,BDCRUM30,BDCRUM30,BDDSC2,BDSHOUT,BDFIGH01,
BDFAMARI,ok,c4918f463a6ca0cce938a28792fe9b79d0332882f6b3813bf09793748872bcb2,650,128,258653,45,45,0x00000000,0,BDFAMARI,BDFAMARI,BDFAMARI,BDDSC2,BDSHOUT,BDFIGH37,
BDFAMAR1,ok,49023730aa8ab3f56a1274b1bb91e4c58c6f41259f668b418e00ac3049da7e78,420,128,258654,70,70,0x00000000,0,BDFAMAR1,BDCRUS,BDFAMARI,BDDSC2,BDSHOUT,BDFIGH01,
BDFAMAR2,ok,e6874385b5066d6212b94157bec3b19c1d760546c70be1470974e31193c90496,420,128,258654,70,70,0x00000000,0,BDFAMAR2,BDCRUS,BDFAMARI,BDDSC2,BDSHOUT,BDFIGH01,
BDFAMCRU,ok,176e07bade114ff2f1494e3d9ad746a12fc129f90926106e7148acbf0a33a691,1400,128,258657,90,90,0x00000000,0,BDFAMCRU,BDFAMCRU,BDFAMCRU,BDDSC2,BDSHOUT,BDFIGH01,
BDSINDRE,ok,d389e9e6c58fc17c52caa8561c149c89fa798f474539209309df86945f2e03e8,2000,128,258686,80,80,0x00000000,0,BDSINDRE,BDSINDRE,BDSINDRE,BDDSC2,BDSHOUT,BDCLER01,
BDULORI,ok,4cbc8d43664dd9599ff754523d94467ea7b7915dbc90442df363e35834f0494b,1400,128,225772,65,65,0x00000000,0,BDULORI,BDULORI,BDULORI,NONE,NONE,,WTATROLL
BDSINDR2,ok,2852687a6955009ba802afecf8dc587adc7aa9247ab00b04722f0b6f61c89077,420,128,258687,57,70,0x00000000,0,BDSINDR2,BDSINDR2,BDSINDRE,BDDSC2,BDSHOUT,BDFIGH01,
BDSINDR3,ok,d85d0bfb82f28e7127ddeab2a9bd5a70f55e77b6506b533231c6c9162b47e1c0,420,128,236699,70,70,0x00000000,0,BDSINDR2,BDSINDR2,BDSINDRE,BDDSC2,BDSHOUT,BDFIGH01,
BDLEOPAS,ok,03b13e31985cd90e81ac03cbb74c8d813a233de39803ab7594a1299d35dca99a,1400,128,258726,90,90,0x00000000,0,BDLEOPAS,BDLEOPAS,BDTRIAL,BDDSC2,BDSHOUT,BDFIGH10,
BDCRUS36,ok,498d8981aac7c3972c350ccc05805b0bf2f6e978924db3f361a7094cc3499e73,420,128,236699,70,70,0x00000000,0,BDCRUS36,BDCRUS,BDTRIAL,BDDSC2,BDSHOUT,BDFIGH01,
BDCRUS35,ok,c9108c0bce9d0ca219a793b7e8cfa9e16c0e987b5d8f70b7155ae1579178bb7a,420,128,236698,70,70,0x00000000,0,BDCRUS35,BDCRUS,BDTRIAL,BDDSC2,BDSHOUT,BDFIGH01,
BDCORINT,ok,687e4546a4a1848bccfd516cda33cd384e45e934e1119b6987a0769160f4b3c2,420,128,258724,70,70,0x00000000,0,BDCORINT,BDCORINT,BDTRIAL,BDDSC2,BDSHOUT,BDFIGH11,
BDVALIS,ok,dcba59f51e92c994104dd181bd3f53badc77775ffcb2e412cd4d78109ed9c128,420,128,258725,70,70,0x00000000,0,BDVALIS,BDVALIS,BDTRIAL,BDDSC2,BDSHOUT,BDFIGH10,
BDRAVOC,ok,32cbe55cbab72da58a356f7b7c4ccbaf148ebea84947069df81cb3c89bc2f407,650,128,258729,70,70,0x00000000,0,BDRAVOC,BDRAVOC,BDTRIAL,BDDSC2,BDSHOUT,BDFIGH11,
BDDELTON,ok,19a5d4600547194110f8493feb4e724a9aba436557016af0ab949b2699275aea,975,128,258727,32,32,0x00000000,0,BDDELTON,BDDELTON,BDTRIAL,BDDSC2,BDSHOUT,BDMAGE39,
BDDAMARR,ok,48671a2f4ac64fd8d9adb6d7d074874fcb64b36323af7e7a599cce9a407c87c1,650,128,258728,70,70,0x00000000,0,BDDAMARR,BDDAMARR,BDTRIAL,BDDSC2,BDSHOUT,BDFIGH10,
BDLEOSIS,ok,4a8e7f2e50ee0e724ade0d133d8163791c18238d81552e070045d5953e6d59f6,420,128,236699,70,70,0x00000000,0,BDLEOSIS,BDLEOSIS,,BDDSC2,BDSHOUT,BDFIGH01,
BDMERC02,ok,5f7eef7b28fd6f979afa04d4a2625b8e715778908ca8bec0b895a5d8386c4a8c,420,128,258654,70,70,0x00000000,0,BDMERC02,BDMERC02,,BDDSC2,BDSHOUT,BDFIGH01,
BDCRUS29,ok,43e56689e9a44ae38f1a1b01d64d92f04b277b68754cc66079da19e6375243d5,975,128,236699,96,96,0x00000000,0,BDCRUS29,BDCRUS,,BD2000EN,BDSHOUT,BDFIGH01,
BDMERC03,ok,c55c84df9d9f268cd2f420593d414e774cb8160b586d22fbf6d45b7c10776294,420,128,258654,70,70,0x00000000,0,BDMERC03,BDMERC03,,BDDSC2,BDSHOUT,BDFIGH01,
BDTRISTI,ok,9fa059e937a19776c56cb0ee02f3d954f8bf6fe6a5584073743085bd01cb369a,2000,128,258826,100,100,0x00000000,0,BDTRISTI,BDTRISTI,,BDDSC2,BDSHOUT,BDPAL01,
BDCRUX31,ok,0136b51cdc6ce92cc57ff73b3c9f7077f012bcd3fb3aa1ee19801f4a6721f076,975,128,238687,80,80,0x00000000,0,BDCRUX31,BDCRUS,,BDDSC2,BDSHOUT,BDFIGH01,
BDCRUE30,ok,e696fa47e3c6c07c9f4c22c8f066205befcd3dd3d9c63901cc4c7944a72968a1,650,128,240885,84,84,0x00000000,0,BDCRUE30,BDCRUS,,BDDSC2,BDSHOUT,BDFIGH01,
BDCRUX30,ok,e8c4f1f51e6409230a54a1e3d0948ad0a954b7fe5801cdcfb9b1ca24ba928110,975,128,238687,80,80,0x00000000,0,BDCRUX30,BDCRUS,,BDDSC2,BDSHOUT,BDFIGH01,
BDCRUE33,ok,f228520f5d509db18fd0d3787fe072edb339c51e5e73343973862179254fc84f,650,128,240885,84,84,0x00000000,0,BDCRUE33,BDCRUS,,BDDSC2,BDSHOUT,BDFIGH01,
BDZARE,ok,55e3717fe57e0ae6ec36480454774ee9adee43b52661e9c97dc61edf27dc548b,275,128,258825,60,60,0x00000000,0,BDZARE,BDZARE,,BDDSC2,BDSHOUT,BDFIGH10,
BDCRUR30,ok,606e121af517e6dc8c691f85036b312353438b85d492d5e7d555ad3642d7ec2d,275,128,245494,60,60,0x00000000,0,BDCRUR30,BDCRUREC,,BDDSC2,BDSHOUT,BDFIGH01,
BDKJARVA,ok,5900b2484f0ec2afdd54b689130d70b5f2f936cbacea5a0999fa7eae13d56d7a,420,128,256402,60,60,0x00000000,0,BDKJARVA,BDKJARVA,BDKJARVA,BDDSC2,BDSHOUT,BDFIGH01,
BDQING,ok,dbe32e364d9fddae9adcbbb76208213001c6dc904de49737d74f5cb88ce9f1f1,420,128,256403,60,60,0x00000000,0,BDQING,BDQING,BDQING,BDDSC2,BDSHOUT,BDFIGH01,
BDDENELD,ok,0c2c3b380ebe08a5b5f4b269efc15ea180dab8005ba6bb48ed25e90399a66ed5,2000,128,256404,60,60,0x00000000,0,BDDENELD,BDDENELD,BDDENELD,BDDSC2,BDSHOUT,BDMAGE01,
BDCRUS38,ok,ac2e3d920eee2f9e546952c4cc776a62ed26befd21ecbeafc94546f5430cea4b,420,128,236699,70,70,0x00000000,0,BDCRUS38,,,BDDSC2,BDSHOUT,BDFIGH01,
BDCRUS20,ok,33c1921690a491eeadfede4acb480acf5040b537dee4a242036ef752b749dc8e,420,128,236699,70,70,0x00000000,0,BDCRUS20,BDCRUS,,BD2000EN,BDSHOUT,BDFIGH01,
BDDREON,ok,7a38a96e617fea70564e0bb8bb1a2165341824bb9d13879e48a917001da1fc0a,1400,128,260298,90,90,0x00000000,0,BDDREON,BDDREON,BDDREON,BDDSC2,BDSHOUT,BDFIGH01,
BDSALLO,ok,7967671c23baf9444e5d27ccd18f2a613b80052ffe0c3d8debbefb80b94f4eef,1400,128,261285,90,90,0x00000000,0,BDSALLO,BDSALLO,,BDDSC2,BDSHOUT,BDFIGH01,
BDNAN,ok,975e12969688b2d28a7761b4c2bd4e9f06cdfe4cb8bc59237c0f73acf3a31bc3,420,128,261283,70,70,0x00000000,0,BDNAN,BDNAN,,BDDSC2,BDSHOUT,BDFIGH01,
BDPEDRO,ok,acfcafaa3bb2ef9e74f02cc8ed7431c209200ad0abc054dbdf8647631ac908c3,420,128,261284,70,70,0x00000000,0,BDPEDRO,BDPEDRO,,BDDSC2,BDSHOUT,BDFIGH01,
BDCRUR33,ok,06aeff1935fa8a15e2bd84026d29e4d43a8d60cab28a9e4b425b70eaa7ee43b0,275,128,245494,60,60,0x00000000,0,BDCRUR33,BDCRUREC,BDTRIAL,BDDSC2,BDSHOUT,BDFIGH01,
BDCRUR31,ok,2ea62d07a6b1459505f506734ea25a9f46e5b3f33a845d9c7cfe15cd7d9c8aff,275,128,245494,60,60,0x00000000,0,BDCRUR31,BDCRUREC,,BDDSC2,BDSHOUT,BDFIGH01,
BDCRUR34,ok,1ace198edc073df39f125fc609318d72089d99c6fec267a639bc7aba2382be2c,420,128,245494,60,60,0x00000000,0,BDCRUR34,BDCRUREC,,BDDSC2,BDSHOUT,BDFIGH01,
BDCRUR32,ok,100ee0e3ccf3b2e456ea08371c3e59dec7a7d0d9a8e67634f29d97bd5d90062f,275,128,245494,60,60,0x00000000,0,BDCRUR32,BDCRUREC,,BDDSC2,BDSHOUT,BDFIGH01,
BDCRUS33,ok,5976856b7efeb859847c1d1ba8786291e2ba1a184b9bde6f76e76394d15e91b3,420,128,236699,70,70,0x00000000,0,BDCRUS33,BDCRUS,BDCRUS32,BD4300EN,BDSHOUT,BDFIGH01,
BDMAPGUA,ok,48f5c52bd2d30104925b0f812de30b2ae93f36868b4181345e251c5f455b1981,420,128,236699,70,70,0x00000000,0,BDMAPGUA,BDMAPGUA,,BDDSC2,BDSHOUT,BDFIGH01,
BDCRU111,ok,8bec09cdb0d5a13b85e22ee1a728701e2c171efe67669f2921377063a076adc3,1400,128,262255,90,90,0x00000000,0,BDCRU111,BDCRUS29,,,BDSHOUT,BDFIGH01,
BDCRUE32,ok,8db4a27b256b4cf994cceaed6960c6f1c30b825aea9d94d06e86e3077daaca58,650,128,240885,84,84,0x00000000,0,BDCRUE32,BDCRUS,,BDDSC2,BDSHOUT,BDFIGH01,
BDCRU112,ok,1691bdc8dea411e2b11f4360fd105e932150835ac917ea4267c76ab2f8d10a3c,1400,128,269739,90,90,0x00000000,0,BDCRU112,BDCRUS,,,BDSHOUT,BDFIGH01,
BDGOLSTO,ok,0bbc508b27c80906cb6216a9540066b63d9da02d001d464ae5cde62f50dace4d,8000,128,223325,112,112,0x00000000,0,BDGOLSTO,,GENSHT01,,,GOLSTO01,BDFIGH01
BDCRUS32,ok,50941130604757f65a040dd2b459595da0ad2d43250f1f25a4249da1e30a339d,420,128,256562,54,54,0x00000000,0,BDCRUS32,BDCRUS,,,BDSHOUT,BDFTHI01,
BDFF1271,ok,23cfa668fe9d79b2f2e063e1ec0317baeb3a3be77598b011fb471517abfc3c9b,975,128,247433,80,80,0x00000000,0,BDFF1271,BDFF1271,,BDASC,BDSHOUT,BDFIGH01,
BDWTR62,ok,68f26833706356d25b4b971a4889b896632de8417ee7a60ce980c5ca13e10f8e,650,128,238686,70,70,0x00000000,0,BDWTR62,BDWTR62,BDWTR62,,BDSHOUT,BDFIGH01,
BDFIST64,ok,d62e9458a5d1dc27390c9a7014ca8749ea0ca32476ac5d205f60261c6f09e88a,650,128,209443,70,70,0x00000000,0,BDFIST64,BDFIST64,BDFIST64,,BDSHOUT,BDFIGH01,
BDDAGF61,ok,8cf1a2aa1a23f1a58e4891b6f25e26bf0dc5da0b36848e496ac88bf239a307bf,420,128,238690,70,70,0x00000000,0,BDDAGF61,BDDAGF61,BDDAGF61,,BDSHOUT,BDFIGH01,
BDFIST30,ok,01f18a462a6743a9ff5b88f0a2d94af4a77ffa9f69546397f10fb458315629af,420,128,209443,70,70,0x00000000,0,BDFIST30,BDCOAL,BDADS3,BDASC,BDSHOUT,BDFIGH10,
BDFIST31,ok,a5a34c46b9644c53d3c60b0858c36dd4cf6a08eedb4b630edbdb01167cd7e8ec,1400,128,240868,64,64,0x00000000,0,BDFIST31,BDCOAL,BDADS3,BDASC,BDSHOUT,BDCLER24,
BDFIST36,ok,cbafcb262e4a6289c35c8474398103048f60b2a82bc9c48eb51b88eba182c939,420,128,209443,70,70,0x00000000,0,BDFIST36,BDCOAL,BDADS1,BDASC,BDSHOUT,BDFIGH10,
BDFIST38,ok,b0d4ef430239d8039472408b892a76296cecc87981d27753206410b3553008bc,420,128,209443,70,70,0x00000000,0,BDFIST38,BDCOAL,BDADS1,BDASC,BDSHOUT,BDFIGH10,
BDWTR31,ok,e20662ca1b32839449a41d9b8cddc6d079ce92d67c04e2905508f050d2e815c5,420,128,238686,70,70,0x00000000,0,BDWTR31,BDCOAL,BDADS4,BDASC,BDSHOUT,BDFIGH10,
BDFISTX3,ok,a6661e05bd609421e98ae3e91cf4d06db2fabacc82b717059b82e4cff647938e,975,128,238688,80,80,0x00000000,0,BDFISTX3,BDCOAL,BDADS3,BDASC,BDSHOUT,BDFIGH10,
BDBELBEN,ok,61512fb58d258b44cefb13db27a3a37909b54a0c5d825f476ef7a84a012976c7,1400,128,238546,108,108,0x00000000,0,BDBELBEN,BDBELBEN,BDBELBEN,,BDSHOUT,BDFIGH01,
BDCRU121,ok,27fecad0b5da8fca36f224932ce3fc35eec826e02b892c235f579ed94cf0cc99,1400,128,240884,72,72,0x00000000,0,BDCRU121,BDCRUS,,,BDSHOUT,BDCLER01,
BDCRUS99,ok,b82b779b375b1beb39d3cd2af0a2d8a1e62721f84ed770361ca49b021c592659,420,128,236699,70,70,0x00000000,0,BDCRUS99,BDCRUS,BD5200EN,,BDSHOUT,BDFIGH01,
BDCRUSX2,ok,24c5ddb0232d8f11d670d62501d47df4786a7d24f9c4b84361b918e8114147ca,650,128,238687,80,80,0x00000000,0,BDCRUSX2,BDCRUS,,BD2000EN,BDSHOUT,BDFIGH01,
BDCRU120,ok,0aa6e63048da131678278008307ed312061315445d82746756a2e2fffe426afd,1400,128,240884,72,72,0x00000000,0,BDCRU120,BDCRUS,,,BDSHOUT,BDCLER01,
BDCRUS34,ok,61637cb8ec75cd54cc6c29bd5e747a98bd645e584774ea4f87dd1ce6fcba5a00,420,128,236699,70,70,0x00000000,0,BDCRUS34,BDCRUS,BDCRUS32,BD4300EN,BDSHOUT,BDFIGH01,
BDCRU122,ok,38a9554d1f5369bd4427675f72a0aa3acaa1cdd2916cb9df1524d4100764340b,1400,128,238237,36,36,0x00000000,0,BDCRU122,BDCRUS,,,BDSHOUT,BDMAGE01,
BDBJARN,ok,71ac5936773cd2129fddcefe46563e815cc8c445a70173c087cf04f114d1b739,1400,128,256586,64,64,0x00000000,0,BDBJARN,BDBJARN,BDBJARN,NONE,NONE,,WTATROLL
BDCRU123,ok,0d2da481303bbbfc986345dabf1b0f9a480a6ef021f6124189baceca17c7a816,1400,128,238237,36,36,0x00000000,0,BDCRU123,BDCRUS,BD5200EN,,BDSHOUT,BDMAGE01,
BDIDYLET,ok,da36a1e26b4cf22163785a3b6c71a4ca1e07758f69e95128626e904e1bd1e00e,15000,128,270396,170,170,0x00000000,0,BDIDYLET,BDIDYLET,BDMISC01,BDIDYLET,BDENSHTV,BDDEVAG,BDFIG00
BDDARNAS,ok,86bba4bec7c858c282076303f9acf2b90d91c407de1545d07ba734bb3d126418,2000,128,240912,120,120,0x00000000,0,BDDARNAS,BDDARNAS,BDAVERNU,,BDSHOUT,BDFIGH01,
BDCRUS50,ok,c4e1297bce470e733e988cef1e30efc31e7685d5e76444dfb2513ae565b39743,1400,128,240885,25,108,0x00000000,0,BDCRUS50,BDCRUS50,BDAVERNU,,BDSHOUT,BDFIGH01,
BDCRVAL,ok,b3d5dac13575b10cc6546713bc9170eaeffc4bd07b85209ece6c8210c11040f0,1400,128,238687,35,90,0x00000000,0,BDCRVAL,BDCRVAL,BDAVERNU,,BDSHOUT,BDPAL01,
BDLEMURE,ok,21ba19ad80d0c088789db6d8e8309f5082e3d84a018f38c306879707bad1bc6a,120,255,240914,16,16,0x00000000,0,BDLEMURE,BDLEMURE,,BDENSHTV,BDLEMURE,,BDNONIN
BDIMP,ok,ddcc3f08d4dc812c39554aaae79e95a33fe538cb2917f95d35f96b08b153c580,1400,255,240915,18,18,0x00000000,0,BDIMP,,,BDENSHTV,BDIMP,,BDFIG00
BDILLARU,ok,39b945e918ec79ac83c49c726f4c7e1075853c8df6bcd1010b9e1953660f3764,9000,255,240913,72,72,0x00000000,0,BDILLARU,BDILLARU,BDILLARU,BDENSHTV,BDERINYE,,BDARCH00
BDLEMURD,ok,52f861f481cda01231bfe3658124c5aa1f49f49f3bf8724ac3c43f707f0be1a4,175,255,240914,50,50,0x00000800,1,BDLEMURE,BDLEMURE,BDLEMURE,,BDSHOUT,BDFIGH01,
BDIMPD,ok,9b10e31416bda054c2f6b99fbaebf96e7fbdbf70df142f8c281370cc52b9334c,420,255,240915,40,40,0x00000800,1,BDIMP,BDIMP,BDIMP,,BDSHOUT,BDFIGH01,
BDABIS2D,ok,44b666e0ae0f99ca06475af6b7d702e0681cdcdccbd34968b0ab4d03e712b3e9,420,255,265366,40,40,0x00000800,1,BDIMP,BDIMP,BDIMP,,BDSHOUT,BDFIGH01,
BDCRUS5D,ok,ccdf8e109863d69ae067835817c424b03bc94184c668de20426bcf8fcb58287d,1400,128,240885,80,80,0x00000800,1,BDCRUS5D,,BDAVERNU,,BDSHOUT,BDFIGH01,
BDABIS3D,ok,e0296f36f1126604090f2a106cb6faf9ee857a92fc5ffd397db4204a007afb0d,420,255,265366,40,40,0x00000800,1,BDIMP,BDIMP,BDIMP,,BDSHOUT,BDFIGH01,
BDCRUS6D,ok,f1dca2c664db0450736156e9b714bfc373de9038b8e27ca0ce1447be95b0e29f,1400,128,240885,80,80,0x00000800,1,bdcrus6d,,BDAVERNU,,BDSHOUT,BDFIGH01,
BDCRUS7D,ok,b85eea39c39653c7c866373de1dad72646d935d7240a08b69cbb1899337b0348,1400,128,240885,80,80,0x00000800,1,bdcrus7d,,BDAVERNU,,BDSHOUT,BDFIGH01,
BDCRUS8D,ok,16d8f8b7fd8898d77d6afcb59f914b500b47919ecb4cc715324db4491e278f8d,1400,128,240885,80,80,0x00000800,1,bdcrus8d,,BDAVERNU,,BDSHOUT,BDFIGH01,
BDABIS1D,ok,0199cdc48e0af7d7f2256ecc14a10b81f2183a259fa97ba74892f1418a52f441,420,255,265366,40,40,0x00000800,1,BDIMP,BDIMP,BDIMP,,BDSHOUT,BDFIGH01,
BDABIBLA,ok,8a3d3b66daa8ca49f61e099d0ef32651dd32740f7c595ace7593c271f70fddb8,7000,255,270031,33,33,0x00000000,0,BDABIBLA,,,BDENSHTV,BDABISHA,,BDFIG00
BDABIGRE,ok,ee802f4c63c3ab5144a4eee01e9c836f5fc440e2ead383ca0b3d636307fe571a,8000,255,270030,42,42,0x00000000,0,BDABIGRE,,,BDENSHTV,BDABISHA,,BDFIG00
BDHELCAT,ok,0fef1a811b170a304ff44558251fffd042c7e21e7555872878ab15d5499d28c6,5000,255,270054,58,58,0x00000000,0,BDHELCAT,,,BDENSHTV,BDHELCAT,,BDFIG00
BDABIRED,ok,4f028b0966dbc5be7c7b07a4752a088fc7abf7b1bc6041b7e6be30f9262b81bf,9000,255,270029,51,51,0x00000000,0,BDABIRED,,,BDENSHTV,BDABISHA,,BDFIG00
BDHAMATU,ok,0685fa5c252caff710640e5bd6957c17ba9c812870610ceddf3ff4740de2acfa,6000,255,270536,56,56,0x00000000,0,BDHAMATU,,,BDENSHTV,BDHAMATU,,BDFIG00
BDBONEFI,ok,3b8d3b7a6d66ba24abee0287129d642753c2bde735c1ab048b962855647d9604,7000,255,270057,40,40,0x00000000,0,BDBONEFI,,,BDENSHTV,BDBONEFI,,BDFIG00
BDXHOST,ok,a6f14d3a82f2ed073beecebc35d3f735b2e52a06196c3d993045c91d9cb71f6a,12000,128,245474,104,104,0x00000000,0,BDXHOST,BDXHOST,BDMISC01,BDXHOST,BDENSHTV,BDGLABRE,BDFIG00
BDAUN,ok,68ea778023301c3a76f56d29d673c9cd77352911a799b6e6c64b4dec300b25f4,650,128,235953,70,70,0x00000000,0,BDAUN,BDAUN,BDAUN,,,NONE,
BDHEPHER,ok,b844eba4da317ea746747b9871b77bddf976a604e9a53e2474ffba5af0b1b8b7,9000,128,235951,84,84,0x00000000,0,BDHEPHER,BDHEPHER,BDHEPHER,,BDSHOUT,BDCLMA01,
BDBELHIF,ok,c8a019d8de6573e37393c0d9f3edc8884a27c6340912a41eba8a237bb3891bc1,45000,128,235952,350,350,0x00000000,0,BDBELHIF,BDBELHIF,BDBELHIF,,,,
BDCAELA3,ok,35fbd8bdc2c6b3670c271fb183f18e4906cee40eeccace1569c218ef861f3cc2,15000,128,235624,180,180,0x00000000,0,BDCAELAR,BDCAELAR,BDCAELAR,,,BDCAELAC,
BDCRUE52,ok,3fc9238c209e680d2de772067dd24671c706243074852465a4c108975c6c3e85,2000,128,240885,120,120,0x00000000,0,BDCRUE52,BDCRUS,BDPLOT50,,BDSHOUT,BDFIGH01,
BDCUT57B,ok,142b3a7ebcad6e5d05651a46a0c7677ddc57421f98c33bbfcfa17cf3913bd012,120,255,240914,400,400,0x00000000,0,BDLEMURE,BDLEMURE,,BDENSHTV,BDLEMURE,,BDNONIN
BDCRUE53,ok,882ecaed4853ecde78949d3522d1d3805f92dfc1352ac5997013237e84b052f3,2000,128,240885,120,120,0x00000000,0,BDCRUE53,BDCRUS,BDPLOT50,,BDSHOUT,BDFIGH01,
BDCRUE54,ok,085d5300d07b327746aec3e9d87f15465f40a53bf27cbf82ad9cf51371b270da,2000,128,240885,120,120,0x00000000,0,BDCRUE54,BDCRUS,BDPLOT50,,BDSHOUT,BDFIGH01,
BDCUT57A,ok,b7e44c8028bf1e5aa09c27cd7bb52775c35fda5be923794c4d508ab02833fd1b,8000,255,270030,400,400,0x00000000,0,BDABIGRE,,,BDENSHTV,BDABISHA,,BDFIG00
BDCRUE50,ok,936450dd13dabbc677e9b02925817656a4a3e601a41e01633336691970730bd8,2000,128,240885,120,120,0x00000000,0,BDCRUE50,BDCRUS,BDPLOT50,,BDSHOUT,BDFIGH01,
BDCUT57C,ok,2e3991790eb73abe8fb02e6d2280513d5c698330c5f4d6b8a36d26b058b22113,7000,255,270031,400,400,0x00000000,0,BDABIBLA,,,BDENSHTV,BDABISHA,,BDFIG00
BDCRUE51,ok,f415b1363d2d4e97425b261465b390ef57140cf30a090b5d9b288757e3440758,2000,128,240885,40,40,0x00000000,0,BDCRUE51,BDCRUS,BDPLOT50,,BDSHOUT,BDFIGH01,
BDDYINGM,ok,e1b6267bfb7048043c5772e9273b7ca3f6a6ceb7b7a0337af492653f2ef3a570,420,128,270488,5,40,0x00000021,0,BDDYINGM,BDDYINGM,,BDENSHTV,,BDMYCRD,BDFIG00
BDJAMVEN,ok,35ae1323433a768960623c22522e0641e60328a5e2bb8cfbdf5f15fe2465cad5,3000,128,247434,86,86,0x00000000,0,BDJAMVEN,BDJAMVEN,BDENTANG,,BDSHOUT,BDDRUI01,
BDCHORST,ok,ba9c70939f302af6c51a383fe7950b334a8e5854c1b6698a9ac98ed73e5e3b3f,3000,128,247435,88,88,0x00000000,0,BDCHORST,BDCHORST,BDENTANG,,BDSHOUT,BDDRUI01,
BDDEADM,ok,4c1b6a745a1b9f636d318af269d335422d7f924e9736e6dbb336c917b4391b34,120,128,225692,5,40,0x00000800,1,BDDEADM,NONE,NONE,NONE,NONE,NONE,NONE
BDARBING,ok,bf39806ccc8983807ecabdf408f359d72c6d2505b5cedf78e258a0d054f57f3f,1400,128,243888,70,70,0x00000000,0,BDARBING,BDARBING,BDARBING,BDOGREPC,,NONE,DW2MC2BE
BDCHESKI,ok,eeec431f41a02630bab479f9bfbd5ffddabaf19d1c6faf8599c165386b2dc7d7,1400,128,243889,70,70,0x00000000,0,BDCHESKI,BDCHESKI,BDCHESKI,BDOGREPC,,NONE,DW2MC2BE
BDMURS,ok,15d9b52e25930116f82cef6f6a54f3593a81f734f5dd99cbdef66ad0ae7d9306,2000,128,243890,72,72,0x00000000,0,BDMURS,BDMURS,BDMURS,NONE,,NONE,DW2MC2GE
BDOGREF,ok,ee1a7a2f85aaef1e582b18a9cec320231c7b8cd1f8899f115823701d9cd324dd,270,128,206313,32,32,0x00000000,0,BDOGREF,BDOGREF,BDOGREF,NONE,,NONE,DW2MC2GE
BDOGREM,ok,3e9df629590990fee18a3ee1cba526a8f9f9f2c0450a2991b86a62f58385b961,650,128,206313,50,50,0x00000000,0,BDOGREM,BDOGREM,BDOGREM,NONE,,NONE,DW2MC2GE
BDENTRAN,ok,31a0c07212b850c3d796346d1559bb2c5ac7e92f95c6f6c221f4a53346b03486,4000,128,266606,104,104,0x00000000,0,BDENTRAN,BDENTRAN,BDENTRAN,,BDSHOUT,,BDFIGH01
BDGUAR50,ok,5cbc43ffd5ee6d59fcf95d9d17114bef3e9152bad653edfe873cfe5da91e094c,975,128,237099,70,70,0x00000000,0,BDGUAR50,BDGUAR50,BDENTRAN,,BDSHOUT,BDFIGH01,
BDGUAR51,ok,ac143e6732c811835646740692c68f09b04c601efa50e018e5342edfb28452f6,975,128,237099,70,70,0x00000000,0,BDGUAR51,BDGUAR50,BDENTRAN,,BDSHOUT,BDFIGH01,
BDGUAR52,ok,e0c6f317d14d3b33f5c705fb0e332078b2bcd01357d612182a80ef280c6cc526,975,128,237099,70,70,0x00000000,0,BDGUAR52,BDGUAR50,BDENTRAN,,BDSHOUT,BDFIGH01,
BDGUAR53,ok,dafbfc1f5005654b314eebf52aaaec292f858dd9bea16590298b8508b4d32569,650,128,236698,70,70,0x00000000,0,BDGUAR53,BDGUAR50,BDENTRAN,,BDSHOUT,BDFIGH01,
BDGUAR54,ok,c4a838f5054fa8965e236426c1b8f6dc87eb11db5da47965ee733ea05265542d,650,128,236698,70,70,0x00000000,0,BDGUAR54,BDGUAR50,BDENTRAN,,BDSHOUT,BDFIGH01,
BDRIGAH,ok,cfa3a76d946ee5398fabe6038e3fe708b0180a8d1663d157a7da20b4e1b31b2e,2000,128,262593,120,120,0x00000000,0,BDRIGAH,BDRIGAH,BDRIGAH,,BDSHOUT,BDFIGH01,
BDJULANN,ok,729265c27863227319aca4d1bd6f7524c3ca2d02635bd681228c3758865fb94a,4000,128,262592,92,92,0x00000000,0,BDJULANN,BDJULANN,BDJULANN,,BDSHOUT,BDCLMA01,
BDCRUS86,ok,fd62b87f5dee889407aa73b6e291ae8289225497ddfe86ab7c2f2063e4ebd28e,650,128,236699,70,70,0x00000000,0,BDCRUS86,BDCRUS,BD5100EN,,BDSHOUT,BDFIGH01,
BDCRUDOG,ok,c524e0512805a4b7c19f873ea9c3f08d59870b475534363a6d51a790fea8fbaa,15,128,255008,8,8,0x00000000,0,BDDOG,,,NONE,NONE,NONE,DW2MP2MO
BDCRSIT1,ok,87b2282369e14d575f1b49655b7e8ccc613c3e4790a831633e234a77a6079ed5,650,128,236699,70,70,0x00000000,0,BDCRSIT1,BDCRUS,NONE,,BDSHOUT,BDFIGH01,
BDCRUS94,ok,47eb3ae1bf364d2d9702efaffc704a4636aecbaff913a39706f8cad4ab2e7629,420,128,236699,70,70,0x00000000,0,BDCRUS94,BDCRUS,BD5200EN,,BDSHOUT,BDFIGH01,
BDWYVR03,ok,3846c107bf61292e45dbb53965adbde7dd82257ee57f8be853da52901804c6ad,2000,255,223128,88,88,0x00000000,0,BDWYVR03,,BDWYVR03,BDENSHTV,,,BDNONIN
BDWYVR02,ok,25648906db8352b2ea9ebf7e55bd41becc0920fcb76b20a28c2c119374542a06,450,255,210310,40,40,0x00000000,0,BDWYVR02,,,BDENSHTV,,,BDNONIN
BDWYVR01,ok,31276038c72f0bea0f32a9d7b8ce17272041632c8c38f6c339a3f3d509f8e927,1400,255,209398,63,63,0x00000000,0,BDWYVR01,,,BDENSHTV,,,BDNONIN
ORC02_,ok,e5e09d9663504e260709a03c732d9e9fe8a7cc181f3c96dbedd276f4960c775f,120,255,256989,30,30,0x00000000,0,ORC02,,,BDENSHTV,,,BDARCH00
ORC04_,ok,7e1e2bea822b6ff46e6c641937d8463177a9f496d7f4466c651c54eed530a470,150,255,269487,60,60,0x00000000,0,ORC04,,,BDENSHTV,,,BDFIG00
ORC05_,ok,379c128544aa08059a94c47faf1611985bac866d080c90aea00f57e584bbe800,420,255,270578,48,48,0x00000000,0,ORC05,,,BDENSHTV,,,BDSHM00
ORC07,ok,564a0903b459e0c407dc11c77877e939468e995483911ec1c46896a695a9a8e1,175,255,270589,40,40,0x00000000,0,ORC07,,,BDENSHTV,,,BDARCH00
ORC06_,ok,9529e075df66fdb155a49379fa7d4d1aa3690ffcff25d7aa01b86dc5b463b8ca,135,255,270586,35,35,0x00000000,0,ORC06,,,BDENSHTV,,,BDFIG00
BDDISPBE,ok,e9518f2101c1c4ac0f318795403a7467a55f7517fc10a635b868b83f084bb354,975,255,270541,48,48,0x00000000,0,BDDISPBE,,,BDENSHTV,,,BDNONIN
BDDISPBP,ok,b8cac3a32c2881eb37127e9e68555dd6aa70741e37b2fa4ecef5ab0dc499c5bc,1200,255,270542,72,72,0x00000000,0,BDDISPBP,,,BDENSHTV,,,BDNONIN
BEARBL,ok,42ecbb212a95a1c8f40ed7b0ef7090322fac9f80546e691e03e5992a27b91659,175,128,6626,25,25,0x00000000,0,None,,SUMSHT02,NONE,BEAR,HUNTER,DW2MC2MO
BEARCA,ok,6995de4df765c7fc1112c64815c22b6552c70079410b3e39b2511210567b06fb,650,255,209343,50,50,0x00000000,0,bearca,,NONE,NONE,CBEAR,NONE,DW2MC2MO
CATLIM01,ok,5f60af6aca5d32dc30fc2ecd2584f520558ddd4c64ee273f0525c370845418e8,270,128,269524,32,32,0x00000000,0,CATLIM01,,,BDGRSHTV,HUNTER,BDANIMN,BDNONIN
HOBGOB,ok,f0eedd9d2b435c7ca1664bd8047d6f08afa12f53be469f7cdf69d6f62ab72897,35,255,206318,8,8,0x00000000,0,None,,DW#GPSHT,NONE,,NONE,DW2MS2GE
OGRE,ok,9d5d3d5b85c4a8f1bbaf15ff14baf01527ef6ec4e2b99943883d9d121ddb445e,270,255,206313,32,32,0x00000000,0,Ogre,,DW#GPSHT,NONE,,NONE,DW2MC2GE
GNOLL,ok,59f3e5212eafa4dcff1b57ad04dcb4395256c9b0d6dbc5bdcb4d7e5e1a69d496,35,255,206627,16,16,0x00000000,0,None,,DW#GPSHT,NONE,,NONE,DW2MM2GE
BDSTRUNK,ok,164c70a8b3740dba3558e3275539f605c09ee62eeb1bad9e4b19b042751fa55c,5000,128,243895,52,52,0x00000000,0,BDSTRUNK,BDSTRUNK,BDSTRUNK,BD5100EN,BDSHOUT,BDMAGE01,NONE
BDWE1STR,ok,02dfe13728dbdfa28e84b352e4ce419e0f271a1f941ff9d9f68f7170e5918d6d,5000,128,243896,80,80,0x00000000,0,BDWE1STR,NONE,BDWE1STR,NONE,NONE,NONE,DW2MC2MO
BDVIDYAD,ok,98f43806193aa39327ae952cbdd2e67f4723ab58a13b8dae47d38f391a092c9e,10000,128,245246,79,79,0x00000000,0,BDVIDYAD,BDVIDYAD,BDMISC01,BDVIDYAD,BDENSHTV,BDRAKS01,BDFIG00
BDFERRUS,ok,2ad25db7e8050d4a4a1b0ebec745566d23de395a3d12cfe03e6c2f60d798babc,4000,128,248431,102,102,0x00000000,0,BDFERRUS,BDFERRUS,BDFERRUS,,BDSHOUT,BDDRUI01,
BDPCRUS,ok,212948e354bab80ca42d40a94283cd882ba7ea5ee132c37a4c59691e83ff581f,10,128,249328,6,20,0x00000000,0,BDPCRUS,BDPCRUS,BDENTAN2,BDENEMY1,BDFIGH01,NONE,NONE
BDRCRUS,ok,a18e560b1465b0e9c43c74166451aaee13513c823d58dba3c23e7dbbcf07389c,20,128,236698,20,20,0x00000000,0,BDRCRUS,BDRCRUS,BDENTAN2,BDENEMY1,BDFIGH01,NONE,NONE
BDGURGLE,ok,d414f4e75c3f0614ee1555b716e150d199471dd5acf7563644ac97e20312c29a,2000,128,244727,100,100,0x00000000,0,BDGURGLE,BDGURGLE,BDGURFLO,,BDSHOUT,BDFIGH01,
BDFLOSS,ok,85f66f3bc1ca2a7e5ffc1d5fd2b304a19e83e990e36ebb50b33111bc3b969107,2000,128,244728,100,100,0x00000000,0,BDFLOSS,BDFLOSS,BDGURFLO,,BDSHOUT,BDFIGH01,
BDETTIN,ok,985eebac42bf9209ad82d9f7a70ba7fb622e572d5748b3bd7c879f84c1db99a9,4000,255,245620,80,80,0x00000000,0,BDETTIN,BDETTIN,,,,BDETTIN,
BDGUAR5A,ok,270a8cf5471bb15e40d74537a3d7e11540392fd9bc4cf9309b6693edbd9537cc,420,128,237099,70,70,0x00000000,0,BDGUAR5A,BDGUAR5,BDTURIN,,BDSHOUT,BDFIGH01,
BDGUAR5B,ok,5b7e1e99c9097079715d7942e259d57be1dd82642ee44fb7f586a4a426aad9d2,420,128,237099,70,70,0x00000000,0,BDGUAR5B,BDGUAR5,BDTURIN,,BDSHOUT,BDFIGH01,
BDTURIN,ok,f7c3be0bb891d748af6b5c3d45234e868115a5f147cf63bed9516b2f3e06e709,975,128,256772,90,90,0x00000000,0,BDTURIN,BDTURIN,BDTURIN,,BDSHOUT,BDFIGH01,
BDANJI,ok,f72fe313468d6287c7b840ab83d1fb6f07de7648a8978f582b0c0066897b2b3b,420,128,256771,70,70,0x00000000,0,BDANJI,BDANJI,BDSPENSS,,BDSHOUT,BDFIGH01,
BDSPENSS,ok,58a91d3dec0d019dd9c884d8142bd6c65ed81dc5cdb0793fa48be59a722a7252,420,128,256770,70,70,0x00000000,0,BDSPENSS,BDSPENSS,BDSPENSS,,BDSHOUT,BDFIGH01,
BDBARDYL,ok,469698e9e16f76234061a5c9ae71047e5bb55728cb1f7c8041649d161d7e3f7d,420,128,256769,42,42,0x00000000,0,BDBARDYL,BDBARDYL,BDSPENSS,,BDSHOUT,BDTHIE01,
BDSHAPUR,ok,7c031e48284d3c3698660bdf0349d95ca1a480da9e01dbc7a0e13abb21220fb0,4000,128,251941,90,90,0x00000000,0,BDSHAPUR,BDSHAPUR,BDSHAPUR,,BDDRCL01,BDSHOUT,
BDDROWFI,ok,c241f6bc50d7f0a1309f9f7139649b636d863acb6af8fcb817286866d0db167b,3000,128,251944,132,132,0x00000000,0,BDDROWFI,BDDROW,,,BDSHOUT,BDDRFI01,
BDDROWFT,ok,3ccd1a1f42d006f72295071c498d9e0757a4f328849cb80074915cb42e010ce5,1400,128,251943,59,59,0x00000000,0,BDDROWFT,BDDROW,,,BDSHOUT,BDDRFT01,
BDDROWFM,ok,c947e6a3e9d3c6a0cf6ec6781bc0689da2665d787027d02bbe6c2b34347d38a7,3000,128,251942,67,67,0x00000000,0,BDDROWFM,BDDROWFM,,,BDSHOUT,BDDRMA01,
BDDRIDRF,ok,af988786983f10ca3c67ce39e219c4b7bc83c4065ecd81d90ce191eb5313cf3e,3000,128,251945,63,63,0x00000000,0,BDDRIDRF,,,,BDSHOUT,BDDRCL01,
BDDRIDRM,ok,74230d43a1eebd04795ac2d7195b83383e00b68b332ff269c2fad3789f666ab1,1400,128,251945,51,51,0x00000000,0,BDDRIDRM,,,,BDSHOUT,BDDRMA01,
BDTHERLI,ok,3d9b42fcb89c7dd645f3eb40f80a87c16add3abb23e763258c5f05cac7bd3d14,975,128,251946,96,96,0x00000000,0,BDTHERLI,BDTHERLI,BDTHERLI,,BDSHOUT,BDFIGH01,
BDCRUCM7,ok,047c4a0122c3eaffb695c91bb3223194556fe8aaa467d47bedcabb5fd28296e8,650,128,240884,56,56,0x00000000,0,BDCRUCM7,BDCRUS,,,BDSHOUT,BDCLER01,
BDCRUMF7,ok,dd438144f305414376518d00bb4da9db54e774cba7205995471a7a15b61462be,650,128,238237,28,28,0x00000000,0,BDCRUMF7,BDCRUS,,,BDSHOUT,BDMAGE01,
BDCRUSM5,ok,7da8af163f5dbec9fe073fc7af0d83e886e3e0ce486497947eb0b3ca4de40192,420,128,258654,84,84,0x00000000,0,BDCRUSM5,BDCRUS,,,BDSHOUT,BDFIGH01,
BDCRUSF5,ok,ad739b85226acd664fb414925ddef7b9a88db9e907b7ca62a9d4d4819068234e,420,128,258654,70,70,0x00000000,0,BDCRUSF5,BDCRUS,,,BDSHOUT,BDFIGH01,
BDCRUAM5,ok,9a2b00be1d0a0e88f696089c08ef2d42fa6484fd18a970e618becf6ebdf5977f,420,128,236699,84,84,0x00000000,0,BDCRUAM5,BDCRUS,,,BDSHOUT,BDFIGH01,
BDCRUAF5,ok,a14e2bdcf50ecbe0d4a840e611beb366090ac86e3ad2fac94cf98f485d47d61e,420,128,236698,84,84,0x00000000,0,BDCRUAF5,BDCRUS,,,BDSHOUT,BDFIGH01,
BDANKH01,ok,093470ba2e8316e19d386175d78ccb1ff593328a676ecf511c546f7ccfe888a2,1400,255,208441,80,80,0x00000000,0,BDANKH01,,,BDANKH01,ANKHEG,,
BDKAELET,ok,ccbaacd9f75ad2613baca668ec36584149d57386dc3a0cd2ae6ed59ebe630910,650,128,251947,45,45,0x00000000,0,BDKAELET,BDKAELET,BDDROWRU,,BDSHOUT,BDDROWCL,
BDUMAR,ok,8ee14552ba90871188ecdf0082e4f0bee47ac486806e0e8c336b6cb28560e846,420,128,251948,35,35,0x00000000,0,BDUMAR,BDUMAR,BDDROWRU,,BDSHOUT,BDDROWMA,
BAT_IN,ok,bb6d07bfbcf1a311c4448db693395e54becfa6b36e1f07e71d84e2976b6a4e1a,1,128,209908,4,4,0x00000000,0,None,NONE,NONE,NONE,NONE,NONE,WDRUNSGT
BDBELLOW,ok,b63864e3581135496b6262b64e51d2bb8d5f36fa647c8970ce8ff9be5279cbf1,0,128,229137,70,70,0x00000000,0,BDBELLOW,BDBELLOW,BDBELLOW,,NONE,NONE,BPASIGHT
BDCONCOC,ok,c2816ea92f4500e64e8795e59ed98c6b88add6f0b43c4bf777dd9ef201c9d1ca,0,128,229136,48,48,0x00000000,0,CONCOCTOR,BDCONCOC,BDCONCOC,BDMDEST,,,DW2MC2MO
BDLADLE,ok,ca053c842113ba63bef713a51243ec5f3fb9aeeedb4169ee1b5a24a2a8c15154,650,128,262025,80,80,0x00000000,0,BDLADLE,BDLADLE,BD5100EN,,BDSHOUT,BDFIGH01,
BDCRUS92,ok,91740f438cf0eed97192a8610326e3b3a5c2e0ed7af8959a5e870617474db880,1400,128,238237,36,36,0x00000000,0,BDCRUS92,BDCRUS,BD5200EN,,BDSHOUT,BDMAGE22,
BDCRUS91,ok,42aa6ac753f667a07c42f0ba790890e0a76f3985cc0dde1135ae604b362771ea,420,128,236699,70,70,0x00000000,0,BDCRUS91,BDCRUS,BD5200EN,,BDSHOUT,BDFIGH01,
BDCRUS89,ok,3537162a2557a6d4fd4f564d8af5c643a207a7f44cb6c1cdc8ee51dcf16fae5c,120,128,267497,40,40,0x00000000,0,BDCRUS89,BDCRUS,BD5100EN,,BDSHOUT,BDFIGH01,
BDCRUS87,ok,6ed33330f7266d340988c928e41f811e6e8da207bf4f912bbf374827fe9893cf,120,128,267497,40,40,0x00000000,0,BDCRUS87,BDCRUS,BD5100EN,,BDSHOUT,BDFIGH01,
BDCRUS88,ok,54c93b9c9d7ed9d55da67e7fd0c42198344d138ef062df942b77287ce4b5ffdd,120,128,267497,40,40,0x00000000,0,BDCRUS88,BDCRUS,BD5100EN,,BDSHOUT,BDFIGH01,
BDSAHGD1,ok,8a855ffc104f6caadf909ba38355ddab86d5a86824a2d3c474d91655329198b8,650,128,267498,80,80,0x00000000,0,BDSAHGD1,BDSAHGD,BD5100EN,,BDSHOUT,BDFIGH01,BDSAHGD
BDSAHGD2,ok,e0a1ec5ddee09186ef8a65640acac703f86f330cbb9b32509aabcf61df1abcd6,420,128,267498,70,70,0x00000000,0,BDSAHGD2,BDSAHGD2,BD5100EN,,BDSHOUT,BDFIGH01,BDSAHGD
BDSAHGD3,ok,397e0214b51c322e0023b6dc6226532a20ceaba8f316289389a71bd52932e5d3,420,128,267498,70,70,0x00000000,0,BDSAHGD3,BDSAHGD,BD5100EN,,BDSHOUT,BDFIGH01,BDSAHGD
BDCRUS80,ok,cf26a61353fc3fb38cb01a2886f622df156d5cc7bf422109e61242f1e91722b0,420,128,267498,70,70,0x00000000,0,BDCRUS80,BDGUARPT,BD5100EN,,BDSHOUT,BDFIGH01,BDCRUS80
BDCRUS81,ok,d2e04338ce3444224baec310c839429601128e11be35422ab618835de08ca853,420,128,267498,70,70,0x00000000,0,BDCRUS81,BDGUARPT,BD5100EN,,BDSHOUT,BDFIGH01,BDCRUS80
BDCRUS82,ok,fc9a5728b9e90a4b973c68bc1c26fbde18fbef4c34c75695b913e456825e44fb,420,128,267498,70,70,0x00000000,0,BDCRUS82,BDGUARPT,BD5100EN,,BDSHOUT,BDFIGH01,BDCRUS80
BDCRUS83,ok,2878e710c6b048eba27a4578cd5eb1ef5b2eb036cd0070452ecd4f7df33a59ee,650,128,267498,70,70,0x00000000,0,BDCRUS83,BDGUARPT,BD5100EN,,BDSHOUT,BDFIGH01,BDCRUS83
BDCRUS84,ok,48869212deb078f8d590e4896acebcb4de042ccfd0af8e55290c92afc1da8fc3,420,128,267498,70,70,0x00000000,0,BDCRUS84,BDGUARPT,BD5100EN,,BDSHOUT,BDFIGH01,BDCRUS83
BDCRUS85,ok,4dc479efbde980241e6852a6a6cbc90abdacd01fff0483e1b85669255bf455aa,420,128,267498,70,70,0x00000000,0,BDCRUS85,BDGUARPT,BD5100EN,,BDSHOUT,BDFIGH01,BDCRUS83
BDHAMADC,ok,6f948a617f2160554e0adc0811ad66154dfa9b4b436ef58c001e68d2658ea21f,650,255,269411,32,32,0x00000000,0,BDHAMADC,,,BDENSHTV,,,BDHAMADC
BDTREANT,ok,b03c52952a864ecbe5b45ebb9880a93449619a0998c413632777e6fbf3413434,4000,255,269410,72,72,0x00000000,0,,,,BDENSHTV,,,BDFIG00
BDNYMP02,ok,e510545ebc7dc60d7d0f029892d6a8f88fe5f737bab67fbb90052b8846f2ee73,1400,255,270581,56,56,0x00000000,0,BDNYMP02,,,BDENSHTV,,,BDNYMP01
BDSHAMB,ok,4592f46eab763b01be80ddadedac5e1955b68fc945adbe8bdd057a1807ca22cf,6000,255,225682,64,64,0x00000000,0,BDSHAMB,,,BDENSHTV,,,BDFIG00
BDDROWAS,ok,10ac66e89df2e0d74a874b96cbf3699ce302aee789b364210462af6524e4536e,1400,128,270608,54,54,0x00000000,0,BDDROWAS,BDDROW,,,BDSHOUT,BDDRFT01,
BDDROWF2,ok,1f406938e51b11872c7f4c2873f56287f8914d703b9fa7305f6b81b8e9d3661c,1400,128,270609,108,108,0x00000000,0,BDDROWF2,BDDROW,,,BDSHOUT,BDDRFT01,
BDWORIS,ok,8ed9be0e8120c3ea0add11a6f0655bb5ae33049e257f82bd4b4b18696c2daadd,4000,128,245625,100,100,0x00000000,0,BDWORIS,BDWORIS,,,SHOUT,BDWORIS,
BDLITLA,ok,d132916a2fcfde234a0c989fdd7e758e044ac49b292e3f193c0df0f36ee14588,4000,128,245626,51,51,0x00000000,0,BDLITLA,BDLITILA,,,SHOUT,BDLITLA,
BDSOTUK,ok,48faaa8c4593d3d68ad84f559c5f6607835ba15f143fedd81f92655d864078f1,4000,128,245627,60,60,0x00000000,0,BDSOTUK,BDSOTUK,,,SHOUT,BDSOTUK,
BDGHOSTM,ok,03b97ca94ad3de55f77f9c2d1f1d310c13601c68d424ab1a8fc3dc4f9d010f3d,4000,128,223219,80,80,0x00000000,0,BDGHOSTM,,,,SHOUT,BDGHOST,
BDGHOSTF,ok,b35e6ee25e3253c8be2b92068afcd2d6620cc2485229568aa75e7a58e97fd4ac,4000,128,223219,80,80,0x00000000,0,BDGHOSTF,,,,SHOUT,BDGHOST,
BDRHONDA,ok,beffccdc725e4e2597d336d18631d8034545721d3bf758cec83c113e386104a9,175,128,238545,45,45,0x00000000,0,BDRHONDA,BDRHONDA,BDRHONDA,,BDSHOUT,WTRUNSGT,NONE
BDSLUG,ok,609e0a1c742c8f952e641f49a3ecb7bff8e620bad93c76c36eefe1b22102e1a6,6000,128,261514,90,90,0x00000000,0,BDSLUG,BDSLUG,BDSLUG,BDSOGR,BDSHOUT,BDFIGH01,
BDSOGR1,ok,7eb5c30a4d0c2d56ffd6d3baa1a0852977cf81dc618f983540d70ba12e3cb910,2000,128,206313,84,84,0x00000000,0,BDSOGR1,BDSOGR,,BDSOGR,BDSHOUT,BDFIGH01,
BDSOGR2,ok,44786c95d9ab2e5ad1a531b903a2d2446ec528a1de671cbbefe29a3bdb13bdf9,2000,128,206313,84,84,0x00000000,0,BDSOGR2,BDSOGR,,BDSOGR,BDSHOUT,BDFIGH01,
BDEINER,ok,6bbbb313a553da0b41358de0beb1041e6ddb4800d7d80baf469ed3908eab84b1,2000,128,238543,110,110,0x00000000,0,BDEINER,BDEINER,BDEINER,BD5200EN,BDSHOUT,BDFIGH01,
BDBERTOR,ok,4acb3e1dbf205702a7485f2842e1459e1a5972b9f55dec2963a06e7f6f029564,2000,128,238544,110,110,0x00000000,0,BDBERTOR,BDBETROR,BDBERTOR,BD5200EN,BDSHOUT,BDFIGH01,
BDPOLVI,ok,42b6e447a4f9dbc37e7bb6fc8382da80771f957773e6968760b56c6e48a1e1ce,2000,128,256711,80,80,0x00000000,0,BDPOLVI,BDPOLVI,BDPOLVI,BD5200EN,BDSTEAL,BDSHOUT,BDCLER01
BDCRU105,ok,b528742135526de78a898ff105992f8c521e1e3a9acab4583812a81a195ce412,975,128,258649,90,90,0x00000000,0,BDCRU105,BDCRUS,BD5200EN,,BDSHOUT,BDFIGH01,
BDCRU109,ok,601b07fe8f91f26762c67b6e2a5a76b21ea71dac9fd3e6724121028f2e9a86e5,1400,128,238237,36,36,0x00000000,0,BDCRU109,BDCRUS,BD5200EN,,BDSHOUT,BDMAGE23,
BDCRU107,ok,c32df1d0322acd551ba88f8dffb051e950d6af090717a51a3c96890b6d341058,1400,128,240884,72,72,0x00000000,0,BDCRU107,BDCRUS,BD5200EN,,BDSHOUT,BDCLER21,
BDCRU108,ok,8a4d8ba39206d19691cfba4298c9dc3f69d09785b1e25aba924a805f077ee4d4,975,128,236699,72,72,0x00000000,0,BDCRU108,BDCRUS,BD5200EN,NONE,BDSHOUT,BDMONK01,NONE
BDCRU106,ok,3a8d5184226884ca7196b3cd125607600abf66244206deeb912a747b6d22e565,1400,128,240884,72,72,0x00000000,0,BDCRU106,BDCRUS,BD5200EN,,BDSHOUT,BDCLER20,
BDZHADRO,ok,a1965e6c0181e7295f8c3ac4e8be7db08f00560d3f08526e48edf085e01f57ec,22000,128,245469,90,90,0x00000000,0,BDZHADRO,BDZHADRO,BDMISC01,BDPHSTOP,BDENSHTV,BDLICH01,
BDENDLES,ok,fdb4b50c72f9d10d3f0b6b7d587eb725eb6ce6ada7bb25e778707837b56e57e9,9000,128,245471,104,104,0x00080000,0,BDENDLES,BDENDLES,SHOUTDLG,,BDENSHTV,,BDFIG00
BDKHERR,ok,adca7cfb2430447eda8c1ab5e34af9ffc2f6c40c0749897b2b440b2a43056578,5000,128,257695,52,52,0x00000000,0,BDKHERR,BDKHERR,BDKHERR,BDDMSH,BDSHOUT,BDMAGE01,NONE
BDDM01,ok,d6afcf3aebc54ff3606c909973711d233c67aa6866b0c634b8a5a4a1aafd213a,2000,128,257693,36,36,0x00000000,0,BDDM01,BDDM01,BDDMSH,NONE,BDSHOUT,BDMAGE01,NONE
BDDM02,ok,e04bd6f9b45f15c98dbc3b76074aa1312007ada13f6ad00b815c4db456f6310c,2000,128,257693,36,36,0x00000000,0,BDDM02,BDDM02,BDDMSH,NONE,BDSHOUT,BDMAGE01,NONE
BDDM03,ok,f44a9f3a5ae9f22448a7222c7e6b949e99d725682d36cad56ef72ca0575e4edf,975,128,257693,28,28,0x00000000,0,BDDM03,BDDM03,BDDMSH,NONE,BDSHOUT,BDMAGE01,NONE
BDDM04,ok,2c889e2dc8558092eb21da814487c3f375d28b6f23e79ba2eeac4289af8c885b,1400,128,257693,32,32,0x00000000,0,BDDM04,BDDM04,BDDMSH,NONE,BDSHOUT,BDMAGE01,NONE
BDDM05,ok,bdcb7d14c850a854a5b7009aadbfeedc7ec953f0d6f068f0d6c9d2b96264f69b,1400,128,257693,32,32,0x00000000,0,BDDM05,BDDM05,BDDMSH,NONE,BDSHOUT,BDMAGE01,NONE
BDDM06,ok,cae34f6ea0d219125f9f885a8183671eb8eef9bccd22d19f8220aae2289b40b9,3000,128,257693,40,40,0x00000000,0,BDDM06,BDDM06,BDDMSH,NONE,BDSHOUT,BDMAGE01,NONE
BDSAC01,ok,fc4c40079eff7ead15d272d5f960d2b908e1426391ac7e2b969c6ca9599a7f44,1,128,257694,20,20,0x00000000,0,BDSAC01,BDSAC01,BDSAC,,BDSHOUT,,NONE
BDSAC02,ok,e92e3747f13d22453d488c66e022695c3aa9b22c9c82c200c19101c8337c8a39,1,128,257694,20,20,0x00000000,0,BDSAC02,BDSAC02,BDSAC,,BDSHOUT,,NONE
BDZOMBIE,ok,4168179b87f3d2409af3d84c216f47e44082683662bb495efb1d0ddc47490643,65,128,215920,16,16,0x00000000,0,NONE,ZOMBIE,NONE,NONE,BDSHOUT,BDFIGH01,
BDUNSEN,ok,696229d378bad8de853a4a21bf770f2ead520477c67ef25492d17d2f25e6e759,900,128,266067,70,70,0x00000000,0,BDUNSEN,,,,BDSHOUT,,BDFIGH01
C0MNEV01,ok,6c2b5f5712f1e9b8e7419b39592c33d7739c1ea7e713b9c6e894e1ee76199ccf,0,255,349417,64,64,0x00000000,0,C0MNEV01,,BDPLAYER,NONE,NONE,BDMONK01,
BDFIST60,ok,fb84fd60df3a30f61812c61b2ba596a1887d945a1212e07f91d5b06c0df9f150,420,255,209443,70,70,0x00000000,0,BDFIST60,BDFIST60,BDFIST60,,BDSHOUT,BDFIGH01,
BDCORPSE,ok,9984bafadb8158dc8e87e1299f39b58a9d1560eec02ee4780a15795906557bd4,15,128,209426,0,7,0x00000800,1,BDCORPSE,,,NONE,,NONE,
BDISABEL,ok,dc7959a72d2191226cf319d7ee3e77d9e1eda81fdb57f6f9d610d281ef56a7aa,1400,128,249324,96,96,0x00000000,0,BDISABEL,BDISABEL,BDISABEL,BD123IAI,BDSHOUT,BDFIGH01,
BDIKROS,ok,311289c81a09713fc5393f15f19d2ad1515e63a26100bf0c04d606116277820a,2000,128,249325,36,36,0x00000000,0,BDIKROS,BDIKROS,BDIKROS,BD123IAI,BDSHOUT,BDMAGE01,
ORC03_,ok,e0f4258e2e7f2f8ac1cd66c92faf98ff3e92e9c91d6b4e574b3c3237d5b51bc8,175,255,256990,24,24,0x00000000,0,ORC03,,,BDENSHTV,,,BDPRI00
BDOTILDA,ok,871a2712b2c7bea40ee53d98188c70bd20ee4c1082672599a104b3e35894dfe5,975,128,256492,90,90,0x00000000,0,BDOTILDA,BDOTILDA,BDOTILDA,BDFIST,BDSHOUT,BDFIGH01,
BDFIST24,ok,3070fa3337e508d5ea1f039d2ec491ec405eff9c5d00957d8bd916c7b9b45616,650,128,240868,64,64,0x00000000,0,BDFIST24,BDFIST20,,BDFIST,BDSHOUT,BDCLER22,
VOGHIL7,ok,1fb3d17df3f02f4befe678559ab2be2c5a9bc9de938d76b4d6456a7a9ee3d262,0,128,235626,42,42,0x00000000,0,VOGHILN,BDVOGHIL,BDVOGHIL,BDVOGHIC,BDSHOUT,BDBARD01,
BDBFORT7,ok,e377b91827fa7c7d03d8327a0a2794619fc14c3087176ddc4c090c98f3f2a58e,420,128,250488,50,50,0x00000000,0,BDBFORT7,BDBFORT7,BDFORTX,,BDSHOUT,BDFIGH01,
BDBFORT8,ok,3cd486db7c33de78867d481ea9bdd730c079ff03d9491bfc05c6349033ba4b2f,420,128,250488,60,60,0x00000000,0,BDBFORT8,BDBFORT7,BDFORTX,,BDSHOUT,BDFIGH01,
BDOGRE03,ok,c713ef286dcfada2809b288fb5a755978d5f3fecd305c6f4e943badbe7778a92,650,255,209354,35,35,0x00000000,0,BDOGRE03,,,BDENSHTV,,BDOGRE03,BDFIG00
TROLSP01,ok,bf6d5101aa2beb87b9ed4a3966ee04b728f8cc2315bade59581fe4003d77403b,1500,255,269483,64,64,0x00000000,0,TROLSP01,,TROLL01,BDENSHTV,,,BDFIG00
CATJAG01,ok,58cd649397e63631937e9f9088016f3c52e46bbbb9954e00b79d72f32e5cb897,420,128,269523,33,33,0x00000000,0,CATJAG01,,,BDGRSHTV,HUNTER,BDANIMN,BDNONIN
BDURE7A,ok,bd8119f6ba554a4091f2aee83850cbff64885a8229ce8726622157d6f4cafaa9,15,128,252888,8,8,0x00000000,0,BDURE7A,BDURE7A,BDURE7A,NONE,NONE,NONE,WTRUNBE
BDURE7B,ok,7cd0831c4a2a580e5f3bbfd71858cdba7855585433804a8a4e79e8fc0fc0cc2d,15,128,252888,8,8,0x00000000,0,BDURE7B,BDURE7B,BDURE7A,,,,WTRUNBE
BDURE7C,ok,2f19b488806014c63c57676e5daee6b841a08f1a894c543be63cd6d726800aa4,7,128,209406,8,8,0x00000000,0,BDURE7C,BDURE7C,BDURE7A,NONE,NONE,NONE,WTRUNBE
BDURE10A,ok,0fe273eb74ba1013655ebb531fb0db38c007d5cc706c5623482a5e856979b0b6,15,128,213825,10,10,0x00000000,0,BDURE10A,BDURE10A,BDURE10A,,BDSHOUT,NONE,DW2RS2GE
BDURE10B,ok,c8da6e0e904ace0449a2ae3f82393ba1fa557917732c61c52f35398f0968fab4,65,128,213838,10,10,0x00000000,0,BDURE10B,BDURE10B,BDURE10B,,BDSHOUT,,DW2RS2GE
BDURE10C,ok,99852ff7041b639f142dcb8b3a64565939bc30faa239894787c11357578aacf8,65,128,213838,10,10,0x00000000,0,BDURE10C,,BDURE10B,,BDSHOUT,NONE,DW2RS2GE
BDOGRE06,ok,51f727345854b10aed233ce8b0cf7f0c4d9e4c86b7d6e0a973bd1d4454e932f3,975,255,270594,84,84,0x00000000,0,BDOGRE06,,,BDENSHTV,,,BDFIG00
BDOGRE04,ok,1778c60d723313738372b468b0dce9956c5bd8f94cf22a8457f7106f426116d5,270,255,270592,50,50,0x00000000,0,BDOGRE04,,,BDENSHTV,,,BDFIG00
BDOGRE05,ok,1a4fde6e6f044285d3da888a2640a7c9c720f274ac0aeaa578da8f12e0a5c8ac,420,255,270593,48,48,0x00000000,0,BDOGRE05,,,BDENSHTV,,,BDSHM00
BDBOAR01,ok,e3f6deb02110de0a680d71bd7f12377817ffe0d94318deae4f574d99b5182011,175,255,260496,27,27,0x00000000,0,BDBOAR01,,,BDENSHTV,,,BDNONIN
BDTROLSH,ok,48e04d20e298df7ad01ed87eb7d2d75a4645e70cacda28339f971f70bef23e09,2000,255,270595,56,56,0x00000000,0,BDTROLSH,,TROLL01,BDENSHTV,,,BDSHM00
BDSPIDER,ok,3d3b87a05a3fa92753e33c9a47cc8b8d85ad8a1db5d75483a85693922c61ebd9,65,255,269412,8,8,0x00000000,0,BDSPIDER,,,,,,BDSPIDER
WOLFDI,ok,7c8df172f082911b40673063b8bfa8faf2c4394f47194120d62b46cbe3b74b85,125,255,8772,33,33,0x00000000,0,wolfdi,,DW#GPSHM,NONE,DIREWOLF,HUNTER,DW2MP2MO
BDBUGB01,ok,353134ad08d921fb68b3d4b99a237a65709d974514e45d4769cdc427c577903e,175,255,264503,40,40,0x00000000,0,BDBUGB01,NONE,NONE,NONE,BDSHOUT,BDFIGH01,NONE
BDCOOGAN,ok,6c24da407f1434817ceb95c3edd325e48d1c0042bacb4f49c986deef69d8f821,420,128,270085,70,70,0x00000000,0,BDCOOGAN,BDCOOGAN,INITDLG2,,BDSHOUT,BDFIGH01,
BDBUGB10,ok,bda85024fb38f6d396fe499a3ddc4e88010e622e70e2f50ca62064d75f3d3338,270,255,264504,50,50,0x00000000,0,BDBUGB10,NONE,NONE,NONE,BDSHOUT,BDFIGH01,NONE
BDBUGB02,ok,885e31367b03fa2e5bf0285ef5a14a84a2a1742feb3bb821e20b9d53795c9406,175,255,264503,40,40,0x00000000,0,BDBUGB02,NONE,NONE,NONE,BDSHOUT,BDFIGH01,NONE
BDBUGB20,ok,59db516f6dbe10bf57788bf8e4a342a46770dc899afd6b60b6ecd21df9ee6947,650,255,269236,48,48,0x00000000,0,BDBUGB20,NONE,NONE,NONE,BDSHOUT,BDCLER01,NONE
BDBUGB12,ok,78dfe19669e6a0a3215d8874cf80d6e74f7b3d7ba7f562bd1a4ea01c2e2a07d0,420,255,270556,60,60,0x00000000,0,BDBUGB12,NONE,NONE,NONE,BDSHOUT,BDFIGH01,NONE
BDBUGB04,ok,d1ed96f0e965c21e2c2736620a19a66338c5cc329620e078bb69fb28033bfd11,270,255,270555,35,35,0x00000000,0,BDBUGB04,NONE,NONE,NONE,BDSHOUT,BDFTHI01,NONE
BDMORENT,ok,217cc453fef015d1b6a10f636ff49d797087d9b6736ce89a7d7b86e868cc4a07,13000,128,264533,112,112,0x00000001,0,BDMORENT,BDMORENT,BDMORENT,,,,BDFIG00
BDBUGB03,ok,5305c02e2e355804706018b7a13339288edf912392d8312bf044fe7df033e94e,175,255,264503,40,40,0x00000000,0,BDBUGB03,NONE,NONE,NONE,BDSHOUT,BDFIGH01,NONE
BDBUGB11,ok,aaea979246a2c4bb8549de23e35649b7ebb7b5ddb4d46580c90aeb82a4f4e3be,270,255,264504,50,50,0x00000000,0,BDBUGB11,NONE,NONE,NONE,BDSHOUT,BDFIGH01,NONE
BDSNORGA,ok,b4f0b88e5e88d50087e84e05c12be39766e128d7a0457d2f702f927edeb11e19,975,255,264505,70,70,0x00000000,0,BDSNORGA,BDSNORGA,SHOUTDLG,NONE,BDSHOUT,BDFIGH01,NONE
BDSHADOW,ok,89e75d4391c890140ba63e65d029778d845622365e163f03ecc9667a50c7be74,3000,128,270338,72,72,0x00000000,0,BDSHADOW,BDSHADOW,BDMISC01,BDSHADOW,,BDSHOUT,BDFIGH01
BDBUGB21,ok,7aaf6217e0449b92d1e85e8b156efe8c3c4f54f2128e4eb8c8b88c918c1556b1,975,255,270557,56,56,0x00000000,0,BDBUGB21,NONE,NONE,NONE,BDSHOUT,BDCLER01,NONE
BDMADELE,ok,08803192e4a88030100086e5874b11076637bb4a8207c1ea79903dbe537b89a5,650,128,264343,56,56,0x00000000,0,BDMADELE,BDMADELE,BDMADELE,,,,
WORG,ok,de59fb2b2f86c37a92dc981a39726a3b573c39780b1f92584bf83655485b0e45,120,255,208770,26,26,0x00000000,0,None,,DW#GPSHM,NONE,NONE,NONE,DW2MP2MO
BDCULT01,ok,ae3e8236e506d6646b8b8a20e925f11e3de0e1977407d0c8cadcebf1c49012c4,420,128,264345,56,56,0x00000000,0,BDCULT01,BDCULT,,BDCULT,BDSHOUT,BDMONK01,NONE
BDCULT03,ok,acb55f077b7087ee5efac95a301f2c466d32bc3defcb8dcee7856fc16a10f92a,420,128,264345,42,42,0x00000000,0,BDCULT03,BDCULT,,BDCULT,BDSHOUT,BDTHIE01,
BDCULT21,ok,672bb3234ab0dcdb9932c91f1bf94b50f90824f0fd6f84e6f1cbe8b1855d763f,420,128,264347,70,70,0x00000000,0,BDCULT21,BDCULT,,BDCULT,BDSHOUT,BDFIGH01,
BDCULT04,ok,ce913c2de89399409eee545f837fe192dd1ba30b7fc7d46b0033f7018cbfe7b0,420,128,264345,42,42,0x00000000,0,BDCULT04,BDCULT,,BDCULT,BDSHOUT,BDTHIE01,
BDCULT02,ok,c3621bc4dd9b35699202819781bac71b52f45a9395a5082222ea270d7546c6f0,420,128,264345,56,56,0x00000000,0,BDCULT02,BDCULT,NONE,BDCULT,BDSHOUT,BDMONK01,NONE
BDCULT22,ok,cb325c95ea70fa13a2326f722e353126b0764d7ead4ef165e2a6b8a266d2d496,420,128,264347,70,70,0x00000000,0,BDCULT22,BDCULT,,BDCULT,BDSHOUT,BDFIGH01,
BDZIATAR,ok,243d9151b1b0ba02300516fd365816beca15583173cf7625349f2137bd2da4b1,3000,128,264349,81,81,0x00000000,0,BDZIATAR,BDZIATAR,BDZIATAR,,BDSHOUT,BDHALFGR,
BDCULT23,ok,966b639cf81388b8d69c1949bc0db0386a16f580d60f92a12eb45d36938e1af8,650,128,264347,54,54,0x00000000,0,BDCULT23,BDCULT,,BDCULT,BDSHOUT,BDFTHI01,
BDCULT24,ok,e72ecf8e0f330012c584d6bb08440eed8c4caccc62ee7420dd9fb0f27e9827b8,420,128,264347,48,48,0x00000000,0,BDCULT24,BDCULT,,BDCULT,BDSHOUT,BDFTHI01,
BDCULTX,ok,252a517fe67a948e3d2470f7d0b86cf472b7fd665a4c1c530b69286ae2b0e2a6,420,128,264345,56,56,0x00000000,0,BDCULTX,BDCULTX,BDCULTX,,BDSHOUT,BDMONK01,NONE
UMBHUL01,ok,43316db0795ee6ff94f7982a35e16b2f9c8f207252e5466659a26db863519073,4000,255,3020,74,74,0x00000000,0,None,,GENSHT01,NONE,NONE,UMBHUL01,DW2MC2MO
BDAKANNA,ok,27810b13194369464b3182e0a293ee3cafcfed88f88fa78cb00868ff82490e93,4000,128,264352,66,66,0x00000000,0,BDAKANNA,BDAKANNA,BDAKANNA,,BDSHOUT,BDCLTH01,
BDASHIRU,ok,99c4aad084704b02f4503f06dcddcc413d9a6b83ecddef6d2593eba79bbc3009,6000,255,264327,96,96,0x00000000,0,BDASHIRU,NONE,,NONE,NONE,NONE,BDASHIRU
BDDARSKH,ok,3b2d3d689f60b357cfe995a5479f3caf23f8f9b65985e2a064167cfba7d068a8,9000,255,264356,68,68,0x00000000,0,BDDARSKH,BDDARSKH,SHOUTDL2,NONE,NONE,BDFLAY01,
BDKHARMY,ok,46c15dee3f7553b9faa3d29c352555e3a4448add28f95403f478bee6af2b3a4f,420,128,264383,60,60,0x00000000,0,BDKHARMY,BDKHARMY,BDKHER,,BDSHOUT,BDFIGH01,NONE
BDKHER1,ok,358e4bd615ae12f4ecc2e3bc49145a580d4d802316f25e0f202892fd840c4d9d,420,128,245494,60,60,0x00000000,0,BDKHER1,BDCRUS,BDKHER,,BDSHOUT,BDFIGH01,
BDKHER2,ok,55d5b3a9f7ea2b63fafe234516068e7573758082553e1a8eb57b1382b292f1d2,420,128,245494,60,60,0x00000000,0,BDKHER2,BDCRUS,BDKHER,,BDSHOUT,BDFIGH01,
BDCULTD1,ok,ddf96c4c2d622e4a668ab8d4ff05235544eaa4db9a586eff961c57c08b53905b,420,128,264345,40,40,0x00000800,1,BDCULTD1,,,,,,
BDCULTD2,ok,2f0d4af6965713a7a6962c332066dbf33d5abaf821772c7aab2e4f11dc0f6c2e,420,128,264345,35,35,0x00000800,1,BDCULTD2,,,,,,
BDCULTD4,ok,a5cb8ae1ff0fe95994372f8c4304fc9d778e7df452dac9b2596d4f98cdb61105,420,128,264347,55,55,0x00000800,1,BDCULTD4,,,,,,
BDCULTD3,ok,5adfc59be85fb78378e5e41d49a0e7d4981ace0a9079aa38c48a18b728f3b4df,420,128,264347,55,55,0x00000800,1,BDCULTD3,,,,,,
BDCULT41,ok,a633cd0ababa2200f4f08b5643175383df221e1d7d8c897b587833d89032e65e,1400,255,270222,90,90,0x00000000,0,BDCULT41,BDCULT,,,BDSHOUT,BDFIGH01,
BDCULT42,ok,629d531d7e96e7aa2b7d9b3b8ac0111e8dfdb7fd443026f23fc113026f5bc215,2000,255,270223,40,40,0x00000000,0,BDCULT42,BDCULT,,,BDSHOUT,BDMAGE01,
BDCULT43,ok,6ba36ef8455683aafd8120599a9d2b33606f8c1989d5acd10d4900aac71edaa8,1400,255,270224,90,90,0x00000000,0,BDCULT43,BDCULT,,,BDSHOUT,BDFIGH01,
BDCULT44,ok,363dca21b759edd760d828bba996cfc4b04a890c72312beb229a9288ea378f7e,1400,255,270225,90,90,0x00000000,0,BDCULT44,BDCULT,,,BDSHOUT,BDFIGH01,
BDNEOTHE,ok,851257ffa713a5a628f72b0f65e83468fe31faeefccd721f0125063f90c5f525,20000,255,264350,128,128,0x00000000,0,BDNEOTHE,,,,BDNEOTHE,NONE,NONE
BDCULT25,ok,29358a19824072aaf3331479e34f8019acc0c04f24ed35fa21106295786dd960,1400,128,270583,74,74,0x00000000,0,BDCULT25,BDCULT,,BDCULT,BDSHOUT,BDFMAG01,
BDCULT26,ok,376abfc5a9c8a574650196428c23d637d170b7dc5847f694eb2704bef0619884,1400,128,270583,74,74,0x00000000,0,BDCULT26,BDCULT,,BDCULT,BDSHOUT,BDFMAG01,
BDCULT27,ok,f294b80ab9bd4b75afe1210bea358ee9f5273e1b551cbbc82dfd6a769c121786,2000,128,270584,36,36,0x00000000,0,BDCULT27,BDCULT,,BDCULT,BDSHOUT,BDMAGE01,
BDCULT28,ok,fa3898723d05ee2e8b62d082e275fcda515e2a9581bb6ec0bdc4d2b1192d267a,2000,128,270584,36,36,0x00000000,0,BDCULT28,BDCULT,,BDCULT,BDSHOUT,BDMAGE01,
BDCULT30,ok,599a513cf889cb97f44b5100539134e50405da875166308b3f9a44be48491002,1400,128,270585,72,72,0x00000000,0,BDCULT30,BDCULT,BDCULT30,NONE,BDSHOUT,BDMONK01,NONE
STALKE_,ok,f09cd24f9d133ba3a5c42f3eee44adcdd2cbcc78e51dc71b41f55439be03aeb8,3000,255,210312,64,64,0x00000000,0,None,NONE,NONE,NONE,NONE,NONE,DW1MELMO
BDCRAWMU,ok,dcc4bc997971ac3e1614f99a713952cd767b4786bda96e5e124053ab34ba9a74,420,255,225542,48,48,0x00000000,0,BDCRAWMU,,NONE,CCRAWLER,NONE,NONE,NONE
BD328OSO,ok,5d210f0659f5a94a80477ee7eaed77792bc8e5d880bd4a98bd9813d9dd487db7,900,255,209343,66,66,0x00000000,0,,,NONE,NONE,BEAR,NONE,DW2MC2MO
BDGIANHL,ok,af9215d627d327f28011532e761e2da6e3fbdb981409acc69c0c2eea3d813bae,3500,255,269135,130,130,0x00000000,0,BDGIANHL,,,BDENSHTV,,,BDFIG00
BDOROG01,ok,189905e8777a68955fcf3e1c6a6bbbf5caf697853cd68f422669ef60cd051417,150,255,269543,30,30,0x00000000,0,BDOROG01,,,BDENSHTV,,,BDFIG00
BDOROGSG,ok,6cda86c733fb3c97729e2942d998e8bcbaaeb5cce957ed340fc769cc932fa379,250,255,269544,60,60,0x00000000,0,BDOROGSG,,,BDENSHTV,,,BDFIG00
BDOROG03,ok,9e9cf9e1c0ddd6f0c0aa4833026027cd5f604ecafc9faf904a3f73d11594a528,650,255,269545,40,40,0x00000000,0,BDOROG03,,,BDENSHTV,,,BDPRI00
BDOROG02,ok,14f9c9a0a573fc03147efc6eacacc24d4675d5bce9f4a07f5e6dc03e3e762435,175,255,269546,50,50,0x00000000,0,BDOROG02,,,BDENSHTV,,,BDFIG00
BDDEADTH,ok,85f40a490815f3c33f337b7215040c278cecc9091f46c11edda687d750787785,0,127,223068,10,10,0x00000800,1,BDDEADTH,NONE,NONE,NONE,NONE,NONE,NONE
SPIDSW01,ok,9d68c5c96131751b4961bdee3060d807d9a742f9b79a2fd05d9c2d8f54c7bd4c,2000,255,9378,45,45,0x00000000,0,None,,DW#SPHLP,NONE,NONE,NONE,DW#SPIDS
PETTIN,ok,dc0d0393398ac52414e000739d45ed1d449063454716b11fdf074268c1986675,3000,255,249431,80,80,0x00000000,0,PETTIN,,,BDENSHTV,,,BDFIG00
BDHORST,ok,7cf7bb0783500decf3f2579c599f19c2bd6263c2b7e248771f1663413b4481d1,15,128,270071,8,8,0x00000000,0,BDHORST,BDHORST,,BDSTEAL,DW#INNHL,RUNENEMY,BDHORST
BDSTALIA,ok,0114b36a58973efcf1f574453beadc62300158f35a22265b5f49c6fbb8c23682,15,128,270072,8,8,0x00000000,0,BDSTALIA,BDSTALIA,,BDSTEAL,DW#INNHL,RUNENEMY,
BDNUBER,ok,030ac483b19b6c29f9715fba2c8f5ea44efd1d286b3ed559bc2be0fa03ecc732,15,128,270088,8,8,0x00000000,0,BDNUBER,BDNUBER,BDNUBER,,,,WTRUNSGT
BDOROG1D,ok,731b4398ab118b0b090f8a89d4ceb5ab9ceef0e6e3b58164980c06be855cfd89,0,127,269543,1,1,0x00000800,1,,,,,,,
BDOROG2D,ok,c845e87443ddced8030ba5dd84e6bdb7cd33699d2528566f48efd882bfc4ba84,0,127,269545,1,1,0x00000800,1,,,,,,,
BDHAMADR,ok,eb57ac11fa4210ba5d30ecb8eaa2c2eefba59b9a5ad313e73669eb5065945dba,650,255,220655,32,32,0x00000000,0,BDHAMADR,,,BDENSHTV,,,BDHAMADC
BDGNALER,ok,0740b51b0c586bd0fef5ba7794218764f32f8a231de306460e6eb9c92fe18b06,650,128,270120,70,70,0x00000000,0,BDGNALER,BDGNALER,,,BDSHOUT,BDFIGH01,
BDKAMBAL,ok,c1de7378e64171ed5c90bac728fef7b73976511434b770f366c0b8246de2027f,420,128,270121,70,70,0x00000000,0,BDKAMBAL,BDKAMBAL,,,BDSHOUT,BDFIGH01,
BDEARTHE,ok,894763afa7b1212583060ffbe09fd9e136e643ce63ac0ff9643839494553af05,11000,128,225620,128,128,0x00000000,0,BDEARTHE,BDEARTHE,BDMISC01,BDEARTHE,BDENSHTV,BDEARTHG,BDFIG00
BDRAEANN,ok,c4e5ad3882b21833cf1eeffd7c1341370330c0c0018beb48719e195ce127fbca,2500,128,245242,59,59,0x00000000,0,BDRAEANN,BDRAEANN,BDMISC01,BDRAEANN,BDENSHTV,,BDTHF00
BDOROG04,ok,15ddff5900c9d7934e2c4a7d93b2f0dd9928a821864771240c6d64ff4cc22368,650,255,270577,48,48,0x00000000,0,BDOROG04,,,BDENSHTV,,,BDSHM00
BDOROG05,ok,d91eba2fcc00d30164127a4b5cf0b3d567758365c546d8833f30cffe61358fa6,150,255,270579,35,35,0x00000000,0,BDOROG05,,,BDENSHTV,,,BDFIG00
BDNYMP01,ok,9a5c7a0500f5aaf7e37d4f161e2c3c55dbbcd85712778edacbd80b9c1611e70b,1400,255,225728,56,56,0x00000000,0,BDNYMP01,,,BDENSHTV,,,BDNYMP01
BDONORO,ok,a703f019043808d82571d7ab6056532fcd5b54a350c3f8136386d7c72cb05499,120,128,261488,24,24,0x00000000,0,BDONORO,BDONORO,,,,BDSTEAL,DW2MC2GE
BD302BAS,ok,5d4772adced87ed8716e2f7f60fec48856674a05fef80f7133a3739f6a712f67,7000,255,209396,80,80,0x00000000,0,NONE,,NONE,NONE,GBASILSK,NONE,NONE
BDGRIZHU,ok,274f6101f03cef2170bf437fba7d15bc194566727e0199a94ca660825ea03b50,420,128,267119,48,48,0x00000000,0,BDGRIZHU,,,BDGRSHTV,HUNTER,BDANIMN,BDNONIN
BDLORDDU,ok,5d477ec3a36da54716cd13c0d62023cdec58e05fd6cd9b07f33b63b801ce43dc,15,128,270033,8,8,0x00000000,0,BDLORDDU,BDLORDDU,BDLORDDU,NONE,NONE,NONE,WTRUNBE
BDCHALME,ok,3938aeb7c9ae8f30a14ea7b6635cb92e1cc16af77a7fd6e58d680f5f9ede66bb,15,128,270034,10,10,0x00000000,0,BDCHALME,BDCHALME,BDCHALME,NONE,NONE,NONE,WTRUNBE
BDWRAIT1,ok,9f0d5c70e3b420cc6f9d62e49020b45ff03b1a989c64352a57e568c64152301f,1400,255,230290,48,48,0x00000000,0,BDWRAI01,,,,,,DW2MS2GE
VAMFLM01,ok,031c091ea3882d8e14a2e95da5cea3f3f2345ff3fa8879d2e1de906ea05d75bb,8000,255,269486,67,67,0x00000000,0,VAMFLM01,,,BDENSHTV,,BDVAMP01,BDFIG00
BDWOLFDR,ok,e295c7511258eeb255b082a01a9d017ff7781d97d283ba1f243ae664de265030,420,255,209338,40,40,0x00000000,0,BDWOLFDR,,,BDENSHTV,,,BDFIG00
WOLF,ok,8303cea2f60d34c4dc23400603480360b6babc37806c416c81818fcd0c04a3c8,65,255,206629,24,24,0x00000000,0,None,,DW#GPSHM,NONE,WOLF,NONE,DW2MP2MO
BDDWARF,ok,696ed798dbd547966e272afa1f519d7276a00d0a26bfcc70e7d3ddbf38c2531a,7,128,209430,8,8,0x00000000,0,BDDWARF,,,NONE,NONE,NONE,
BDZELMA,ok,6a6fd42823411bf3b5e420415e7f3b8084a133b6f10c1d4eaf3e9f36090eff9d,500,128,259866,60,60,0x00000000,0,BDZELMA,BDZELMA,INITDLG,BDZELMA,NONE,NONE,DW2MP2TH
BDTHUG06,ok,c0d64ff9c6b343062743783dfefbe3a975386827f04d69d1022a9e9d4f933bfa,65,128,221975,8,8,0x00000000,0,BDTHUG06,,BDTHUG06,,NONE,NONE,
BDFIST1A,ok,7f247eadb8eba085a0b6ffbfbbc54d7f81b71b1148e73aefc2294982b20fd5e3,175,29,213833,60,60,0x00000000,0,BDFIST1A,BDFIST1A,BDFIST1A,,,BDSHOUT,BDFIGH01
BDURE4D,ok,ed200623740f18ad5a26f0d735523fbf44d04b1c4113a7213a89750807481ca4,3500,255,269135,130,130,0x00000000,0,BDURE4D,,BDURE4B,BDENSHTV,,,BDFIG00
BDURE4E,ok,5d5495df11b3ca0595e7ff8a89467ce66096ca49eb1f71501314b4a245c5b517,3000,255,269026,98,98,0x00000000,0,BDURE4E,,BDURE4B,BDENSHTV,,,BDFIG00
BDSERV1,ok,4d3acee445e3a1aabd06b2ce58c413b53f550a639f924c0d3a63bf3b8c337a24,15,128,213879,10,10,0x00000000,0,BDSERV1,BDSERV1,BDSERV1,NONE,NONE,NONE,NONE
BDGASS1,ok,c29108ff5b0b17e50ef05791ee5fe651a5512192a7e98d3d5b1167a6b15c7acd,125,255,25160,24,24,0x00000000,0,BDGASS1,BDFKSER1,BDGASS,,,,
BDGASS2,ok,2c5f6359ddd3c745a2009bac1bade39caf8953fdee6731eeeb9ae7ab970f7a18,100,255,25160,18,18,0x00000000,0,BDGASS2,BDFKSER1,BDGASS,,,,
BDGASS3,ok,a2aa363885e464e701b1b69a59814bb59ce766c6d418d4bebad2d564e07875fd,75,255,25160,20,20,0x00000000,0,BDGASS3,BDFKSER1,BDGASS,,,,
BDFISTEX,ok,06d3930c25525aae42dc4b74212df2acfd756f55374afc6f2e801f41a0d8afe4,650,128,209443,70,70,0x00000000,0,BDFISTEX,BDFISTEX,BDFISTEX,,BDSHOUT,BDFIGH01,
SAFANA7,ok,71a159f3d75a16a01a099d284333b5a98b08f838bd8bc3a0948342e9e7835f66,0,128,9478,42,42,0x00000000,0,SAFANA,BDSAFANA,BDSAFANA,BDSAFANC,,,
DYNAHE7,ok,a8853ab43a8378c155e787d2337d3e5e793a16c744b93c61fd4d853432db2411,0,128,9470,28,28,0x00000000,0,DYNAHEIR,BDDYNAHE,BDDYNAHE,BDDYNAC,,,
MINSC7_,ok,f9cb80bad7d55ce39f772e21efa0e4f53970026daec71f5dc163e165f82de1fb,0,128,9501,72,72,0x00000000,0,MINSC,BDMINSC,BDMINSC,BDMINSCC,,,
VICONI7,ok,6da25657bf17fc882417b5f1c8d23313af5cdbaff5080c8262d4744885662bda,0,128,6132,56,56,0x00000000,0,VICONIA,BDVICONI,BDVICONI,BDVICONC,,,
BDLIIA,ok,f3fd8c28327eebae9bccf7dba7ab028fdeb329cb82cbed54d88b2ab6eea70473,6000,128,212732,64,64,0x00000000,0,BDLIIA,BDLIIA,BDLIIA,,BDSHOUT,BDMAGE01,
CSRNOBM,ok,3fbcfdeedd97669be85d0a2bfdce03928b022f1ed3151ce00f4d7a29b3a5e81c,15,128,209418,8,8,0x00000000,0,,CSRNOB,CSRNOBX,,,,
CSRNOBF,ok,1dbf890813e669bfd5f06276e69802a77dea68a5e534eeff9717e43aa08473a7,15,128,209420,8,8,0x00000000,0,,CSRNOB,CSRNOBX,,,,
CSRFFGD,ok,aa38a78fc3342f4223a0b66fbb88d35ebcf0111e0e8e391ca3c2f1e2f7048189,420,128,209443,70,70,0x00000000,0,,CSRFFGD,CSRNOBX,,,,
CSRFFGX,ok,d457bc77939791e2b714294db3f6f12859651001a71933b9fd4971480b2a0135,420,128,209443,70,70,0x00000000,0,,CSRFFGD,CSRFFGX,,,,
CSRFISTD,ok,047b6f94fc8c5b7cf889201ffd3785b706f22332f819e4b0efe575de5fb2d2a4,175,29,213833,60,60,0x00000000,0,csrfistd,,,,,,
BDELTAN,ok,1d97977d8bd295a44df64021a12f2b3b56f3e34c5b66e63ec6b3254826816f74,12000,128,212291,200,200,0x00000000,0,BDELTAN,BDELTAN,BDELTAN,NONE,BDSHOUT,BDFIGH01,NONE
BDJOSPIL,ok,0cba06edfb127438927e5816d79b95b98a93facc27fb3c4c8de5645604b4926c,1400,128,230657,100,100,0x00000000,0,BDJOSPIL,BDJOSPIL,BDJOSPIL,NONE,NONE,NONE,NONE
CSRIMO,ok,1c74d0de63cc13d0141ec08d2c2ab939510b5653a62620789d860b6fc6853d0e,0,128,16453,12,12,0x00000000,0,IMOEN2,CSRIMOEN,CSRIMOXP,,NONE,,
CSRSERV,ok,369d8cc30e8ef37f5f0dd82bf1d956e1ecb3e69a62d8612116250e3ba4798d7f,15,128,213879,10,10,0x00000000,0,csrserv,CSRSERV,NONE,NONE,NONE,NONE,NONE
BDFENSTE,ok,3241e88bb6cc8fa997d4b0f1644c823bbf0a3c390773b4b6d56671e81b6379fa,15,128,234426,33,33,0x00000000,0,BDFENSTE,BDFENSTE,BDFENSTE,,,,
BDIMDEAD,ok,2dd08fc7bee0bd109db5feb00d6c16b2a1a416e0a58f71d2dec6eaa4ac236982,0,128,16453,37,37,0x00000800,1,IMOEN2,BDIMOEN,BDIMOEN,,,,
BDDAUSTO,ok,ed884d402111ec6c57df3451568a22a3f98af63b2ceb8ba6bb99e60ec8240992,600,128,258402,70,70,0x00000000,0,BDDAUSTO,BDDAUSTO,BDDAUSTO,NONE,NONE,NONE,DW2MM2PA
BDSCHAE2,ok,d7ca50ed88aee383fd1ec31adbb191030da3727cf4365276ec9d069a1e4f000a,3000,128,235625,90,90,0x00000000,0,BDSCHAE2,BDSCHAE2,BDSCHAE2,,BDSHOUT,BDFIGH01,
BDIRENI,ok,99208f92a561ca85e7190a16ce54e18531e5c713035a3dc9d1aad778f05e9920,26000,128,237432,96,96,0x00000000,0,BDIRENI,BDIRENI,BDIRENI,,,,DW2MC2GE
RASAAD7,ok,2f88c3eedaf15924c3d5e62d97a9d5d12f5c223b76c5aee44e581246248fc3c7,0,128,82029,56,56,0x00000000,0,RASAAD,BDRASAAD,BDRASAAD,BDRASAAC,,,
BDBEETRH,ok,d211589e7a4faaf511084d5d43fdfe9ad20fb5bb72dba2547c2d091cdd76fe2e,4000,128,251952,96,96,0x00000000,0,BDBEETRH,,,,BDBEETRH,,
CSRHASS,ok,f42baa2d1dbcee3af2a4bc7778ce738c723c6f35b003c50767569006b4c1ade8,1400,128,354804,60,60,0x00000000,0,csrhass,,CSRKFIN,DW#GPSHT,,BDSHTAUN,DW#PR303
CSRVHAS,ok,e8c96deb2be3aef28cdba0e9acd2a0841cec530b8328bfb6ab9443f866655ad5,1400,128,354805,90,90,0x00000000,0,csrvhas,,CSRKFIN,DW#GPSHT,CSRVHASB,,DW1MELGE
CSRPORI,ok,012f57d64d3a90b8f7cd1e456a409c9939775ab97e68df8753c62fa6de6bca96,975,128,256534,33,33,0x00000000,0,csrpori,,CSRKFIN,DW#GPSHT,,,DW#MG13
CSRSILL,ok,b401c5b164c5239570e050d17d4ad15dc2f301d6368e31b254e89e663c6e9d82,975,128,354806,50,50,0x00000000,0,csrsill,,CSRKFIN,DW#GPSHT,BDSHTAUN,,DW1MELTH
CSRGRIT,ok,056dc8950a5ed23d4ef6bb485dac536d76152f368c187dda8f16371ecbe96775,175,128,354807,24,24,0x00000000,0,csrgrit,,CSRKFIN,BDENSHTV,,MEPDUS,BDFIG00
CSRKORL,ok,5d29a22bdd63dabcb9999c5d44c2eb4b61bad468dd805bb5e74e664d57aefb0d,4500,128,245909,55,55,0x00000000,0,BDKORLAS,BDKORLAS,BDKORLAS,DW#GPSHT,CSRKORLS,,DW#MG437
BDFIST1B,ok,ea357a396b150e9ba1c78972a7c7db611abcfe36e940925eee6f5a01dfa7f871,175,29,213833,60,60,0x00000000,0,BDFIST1B,BDFIST1B,,,,BDSHOUT,BDFIGH01
BDFIST1C,ok,94ec6e67babb614ac52088310b1ec4f1c27f9ebe484a9aced2b41fb3e8bbc5c6,175,29,213833,60,60,0x00000000,0,BDFIST1C,BDFIST1A,BDFIST1A,,,BDSHOUT,BDFIGH01
DORN7,ok,c8d90bb573d5804802d95298324f4021be687aad8201e75382d29b7de63cf128,0,128,80763,60,60,0x00000000,0,DORN,BDDORN,BDDORN,BDDORNC,,,
BAELOT7,ok,28e3b006c1bd1e58c20ee7837d510f874d5214c0b70b96848298d5529b55aa04,0,128,229084,28,28,0x00000000,0,BAELOTH,BDBAELOT,BDBAELOT,BDBAELOC,BDBCRW,,
EDWIN7_,ok,1d178e9cf5e737826b4c9f5d125abc823a7eee7741594dc62ce0225c9e8d35fc,0,128,271,28,28,0x00000000,0,EDWIN,BDEDWIN,BDEDWIN,,BDSHOUT,BDMAGE01,
NEERA7,ok,a336f541e073015b5b663bbcf4b8cdebf07be844eb3cfc597812c17649efda7c,0,128,87442,28,28,0x00000000,0,NEERA,BDNEERA,BDNEERA,BDNEERAC,BDFORT,,
KHALID7,ok,ac14afa2a5e6218dc87dc18d404b22487a49f4a9bcfef7f0dda98a1c7bdd24ff,0,128,3138,84,84,0x00000000,0,KHALID,BDKHALID,BDKHALID,BDKHALIC,BDFORT,BDSHOUT,BDFIGH01
JAHEIR7_,ok,17708df01d12cece0eb0bac74c4c7af7a63e28d0e054e5f6288814340635cd29,0,128,9456,54,54,0x00000000,0,JAHEIRA,BDJAHEIR,BDJAHEIR,,BDSHOUT,BDCLER01,
BDMUMMY,ok,a6dab223517db0a51807ab7f39d0cb6767dbede5b8ef1853f33e4024bd657b93,5000,128,264318,72,72,0x00000000,0,BDMUMMY,BDMUMMY,BDMUMMY,BDENSHTV,BDMUMM01,,BDFIG00
BDBATOUT,ok,de571688fc3c84cc03e342a901e5020ace86f68c9a6d7df9ce4b1610825cb9f1,0,128,209908,8,8,0x00000000,0,BDBATOUT,NONE,BDBATOUT,NONE,,NONE,NONE
BDSHIMOE,ok,0fa9e81f168e4e303af3288741ca6989936696b605e56f07c36328d7e1ae37f6,0,128,16453,42,42,0x00000000,0,IMOEN2,BDIMOEN,BDSHIMOE,,,,
BDKAG,ok,a47955954fe19069c281f7b15fbdab94d34b56aac07162120d0c335211f1039d,120,128,255810,19,19,0x00000000,0,BDKAG,BDKAG,BDCAPER,NONE,,NONE,DW2MC2GE
BDSETHYL,ok,d37b61b884132a184e3aeb7ac2e4e7c4fca42491e0355665c60de7c9d5e292f1,200,128,255811,24,24,0x00000000,0,BDSETHYL,BDSETHYL,BDCAPER,,,,BDMAGE01
BDYASHNA,ok,117d11a682f9acfaf0f59fe57bfbc10afab323b49d28cc83907c3e0f942559e4,95,128,255809,24,24,0x00000000,0,BDYASHNA,BDYASHNA,BDCAPER,NONE,,NONE,DW2RS2GE
BDWISTAK,ok,d8bbe1569b6c7f35978c86036981d34494b1cfca0c71d7d0976ce53ad7cdf235,450,128,255812,35,35,0x00000000,0,BDWISTAK,,BDCAPER,NONE,,NONE,DW2MP2MO
L#2BRIST,ok,bc308b1416a391a020a68affc2ad9f7f8a41dee1238ebf3d483084ee8da07037,0,128,304468,70,70,0x00000000,0,L#BRIST,L#2BRIST,L#2BRIST,NONE,NONE,NONE,L#BRIST
BDCROMMU,ok,8ab95611b6308f93f1b1c1a64e1c63ca0bbec2c940de99f5bb3d996b0ae018df,2000,128,245629,24,24,0x00000000,0,BDCROMMU,BDCROMMU,BDCROMMU,,,,DW#MG37
BDMIMIC,ok,1aad807396f53498281532397dcd5f54ba07b8fedc80ceb54d9caf47202c9537,3000,255,270403,80,80,0x00000000,0,BDMIMIC,,,,BDMIMIC,,
BDSDDD13,ok,df2ea3c79c602e2f3c94db654a6eae0d7bbabe86c849fce25f0d4083ad661f19,0,128,213718,8,8,0x00000000,0,BDSDDD13,NONE,NONE,NONE,NONE,NONE,BDSDDD13
BDCRUSBF,ok,d71965e8adae859a2228976ce9e8e8067af3bfbc0f33afcabcb85fcfe567a96d,975,128,236699,70,70,0x00000000,0,BDCRUSBF,BDCRUSBF,,BD2000EN,BDSHOUT,BDFIGH01,
BDBFORT2,ok,5ac60791cb48ab6d362efce04f762c0ea35434c890e68e028d546ef571e28836,420,128,238235,70,70,0x00000000,0,BDBFORT2,BDBFORT2,BDBFORT2,BDFORT,BDSHOUT,BDFIGH01,
BDCRUS28,ok,c60dc3af73fd61d4f71bd548a83b651c5ad5347427fb073f0db312f2dd165549,420,128,258654,84,84,0x00000000,0,BDCRUS28,BDCRUS29,,BD2000EN,BDSHOUT,BDFIGH01,
BDFIST27,ok,e0b940e2c0b98f9a828ad5e060a9180265aadcd60a569e6ccb3ae38aa38e2a20,2000,128,268950,84,84,0x00000000,0,BDFIST27,BDFIST20,,BDFIST,BDSHOUT,BDCLER23,
BDFISTM2,ok,0a04d8aa15726b7af47b8bdadd0b37ef482ba7e3fafe4e3d378570c64ee3f5c1,2000,128,246365,40,40,0x00000000,0,BDFISTM2,BDFIST,,BDFIST,BDSHOUT,BDMAGE25,
BDREND,ok,8f58107f739d597d8dc13a667e0f557e73d21afb195cbd8f34e2e19e98ab4e0f,420,128,256495,70,70,0x00000000,0,BDREND,BDREND,BDIRREGU,BDFIST,BDSHOUT,BDFIGH01,
BDFARRL,ok,2b2297f591f0f36e4aae0bc6633d1fdc10aaa3eb2d12e8e6b0017b4ec65e6b21,420,128,256493,84,84,0x00000000,0,BDFARRL,BDFARRL,BDIRREGU,BDFIST,BDSHOUT,BDFIGH01,
BDDUGRAF,ok,e58234ee4917c6e26e0b96b785f81cd67a14a48e51eb39a9e8c154b776aded94,420,128,270552,70,70,0x00000000,0,BDDUGRAF,BDDUGRAF,BDDUGRAF,,BDSHOUT,BDFIGH01,BDDUGRAF
BDCRUBBM,ok,12cb952924ea50134710a913185c51ec5ee4147bca5117c62b4b86fe2c901f0e,2000,128,238237,40,40,0x00000000,0,BDCRUBBM,BDCRUBBM,BDCRUBB,,BDSHOUT,BDMAGE01,
BDCRUBB1,ok,8a7542193e247bab8cfc6b8cf1a190abb2239d0310487e8e97285c48fdea249f,420,128,236699,70,70,0x00000000,0,BDCRUBB,BDCRUBB1,BDCRUBB,,BDSHOUT,BDFIGH01,
BDCRUBB2,ok,86519ccbedbdf695a231b56f571531e4e5d99e9782bef4f6329af9fe5fe4a981,420,128,236698,70,70,0x00000000,0,BDCRUBB,BDCRUBB2,BDCRUBB,,BDSHOUT,BDFIGH01,
CUTSPY2,ok,e68d3eafb02bcd82b2f579ba674614d02c9cbfd8cc251f176e57e91cf08f1ea8,0,128,4294967295,8,8,0x00000000,0,cutspy2,NONE,NONE,NONE,NONE,NONE,NONE
BDBFSENT,ok,06845810aef5cb501fbb3d886b506c4cedd85d8ca9e895cb962b0a1aa555100d,650,128,265137,70,70,0x00000000,0,BDBFSENT,BDBFSENT,,,BDSHOUT,BDFIGH01,
BDKAVA,ok,27f239e9ed0665739a9920309ccedb0794c28d8ea036a951009c23ca7a3271dd,420,128,256494,70,70,0x00000000,0,BDKAVA,BDKAVA,BDIRREGU,BDFIST,BDSHOUT,BDFIGH01,
BDDOGW01,ok,e0685c9c223da47de4dcd5f5efd30ea1310d04010f57dc4aa6cd18158d279283,35,128,258693,9,9,0x00000000,0,BDDOGW01,BDDOGW01,,INITDLG,,,DW2MP2MO
BDWELL02,ok,918c10cada98eb213c31e8dc032f58ba15eb910bb1b88dab50e9f975d21ea679,3000,128,258696,96,96,0x00000000,0,BDWELL02,BDWELL02,,SHOUTDL2,,,DW2MC2GE
BDFEYR,ok,f5805f1aadf61a0f8902b5d161eb92f6302d440d29feb7cdacc32fe3c84f2c32,13000,255,270405,128,128,0x00000000,0,BDFEYR,,BDFEYR,,,,
C02AURA,ok,49033c891528f7440653e1ab2de0b37d987093a65262d497872ba7fb847dd7a6,0,128,307451,48,48,0x00000000,0,C0Aura,C02AURA,C02AURA,BDDEFAI,,,
BDPHOSSE,ok,db51f56eabb2384f4bde14a96923cb48cb8bd65cf3d483931a64bb8ee1dfc9df,975,128,237427,50,50,0x00000000,0,BDPHOSSE,BDPHOSSE,BDPHOSSE,BDASC2,BDSHOUT,BDTHIE10,
BDDAGFX1,ok,b069db075120448fbc514e408d82efbf237a6f6c6bcf6652ab252c8d1870d3ea,975,128,240866,80,80,0x00000000,0,BDDAGFX1,BDDAGFX1,,BDASC2,BDSHOUT,BDFIGH01,
BDPRITCH,ok,7effcba3748ae9997cae7b55c49609af596d07a446a137fb8c25b6bcd99f8e3c,650,128,256393,70,70,0x00000000,0,BDPRITCH,BDPRITCH,BDPRITCH,BDASC2,BDSHOUT,BDFIGH01,NONE
BDWILHEL,ok,d191bece1a894068a4651ca260be43391f35553b5dc36d461eb6571d273517b9,420,128,260681,56,56,0x00000000,0,BDWILHEL,BDWILHEL,BDWILHEL,BDASC2,RUNENEMY,,
BDTRUST2,ok,eb1e168986e3b231501d9734952ce44d679ab544df8d58985bb3b078d8c4c170,650,128,261313,70,70,0x00000000,0,BDTRUST2,BDTRUST2,BDWTRDH,BDASC2,BDSHOUT,BDFIGH01,BDTRUST2
BDCUTID,ok,47b9fafa05480f0b4ac5116b45d3aa7fa04f74e02e1c066c260f1a61009b4de7,0,128,4294967295,8,8,0x00000000,0,BDCUTID,NONE,NONE,NONE,NONE,NONE,NONE
BDCRU03D,ok,75862455faa670651487c3babf6db0ec907491b3d7c28b423fd796e3c2e2a860,0,128,258649,70,70,0x00000800,1,BDCRU03D,,,NONE,NONE,NONE,
BDCRU06D,ok,66319139983d599f83af39170a8a2925a54724c9c375edfc2cf07de87d0bc976,0,128,236699,70,70,0x00000800,1,BDCRU06D,,,NONE,NONE,NONE,
BDCRU08D,ok,b14497cf4b0b8c643b04bae75cb179559b60fb8617a865cf77ccdf6d70f46eaf,0,128,236699,64,64,0x00000800,1,BDCRU08D,,,NONE,NONE,NONE,
BDCRU04D,ok,187de877446c293854754b25aa538b35002fceea581f63ab9d938a33ae841d65,0,128,245494,42,42,0x00000800,1,BDCRU04D,,,NONE,NONE,NONE,
BDCOA01D,ok,e928957936df975ebe0874abee232ae92821d86b5b30744b2514247dd6061296,420,128,238690,60,60,0x00000800,1,BDCOA01D,,,,,,
BDCOA02D,ok,51935b5befbff20b1ca0809db48f0fe47c4e270366c17a2b61797d4e7912cf83,420,128,238690,55,55,0x00000800,1,BDCOA02D,,,,,,
BDCOA03D,ok,13420c0a94ebb46955ad9815344c19b207419c231f638a4cfffd8fb2a801d2c9,975,128,240866,65,65,0x00000800,1,BDCOA03D,,,,,,
BDCOA04D,ok,9fdd3a4fcce2bd44aac94001408ea619737791bdbbf0f3a0cc53e4adc717dddb,650,128,244725,55,55,0x00000800,1,BDCOA04D,,,,,,
BDCOA05D,ok,abec1c8ac963268436ecf67a9b193d34ca6200f54556cbebfd755187127490fd,420,128,209443,55,55,0x00000800,1,BDCOA05D,,,,,,
BDCOA06D,ok,37f845075b90c80f601e9e0268e4d9bc625027c9b1d853f53a81f1a66ebdc690,650,128,238686,55,55,0x00000800,1,BDCOA06D,,,,,,
BDGARRUS,ok,d28937f4319012a2961b9545fc485a2ec805db1c7bf862abe3620d61b4bbbfc3,975,128,260330,90,90,0x00000000,0,BDGARRUS,BDGARRUS,BDBTEAM1,BDBCOAL,BDSHOUT,BDFIGH01,
BDTEAM11,ok,fe3708042a1799866673b4ec667cfbf4ae567eef8f381478223109d00835aa98,420,128,260331,70,70,0x00000000,0,BDTEAM11,BDBTEAM,BDBTEAM1,BDBCOAL,BDSHOUT,BDFIGH01,
BDTEAM12,ok,02b0540482e81c11a734d96430aa43bc153ac2bf99ac847657b5422812dd5808,420,128,260331,70,70,0x00000000,0,BDTEAM12,BDBTEAM,BDBTEAM1,BDBCOAL,BDSHOUT,BDFIGH01,
BDTEAM13,ok,743311700a3ec92032588e58270de0d967a1675abf6eb7a9c343cc8cdebb7849,420,128,260331,70,70,0x00000000,0,BDTEAM13,BDBTEAM,BDBTEAM1,BDBCOAL,BDSHOUT,BDFIGH01,
BDSTYSIC,ok,d6fdd4c2ed76d075f0d217d4f4ef4dbacf651d56467bc9ec1047e7bca5e5dc6b,1400,128,260334,90,90,0x00000000,0,BDSTYSIC,BDSTYSIC,BDBTEAM2,BDBCOAL,BDSHOUT,BDPAL01,
BDTEAM21,ok,c5d6d3ef74339fc35233dc04678c2ea7f9792c838606942688346d3a757e5ebc,420,128,260335,70,70,0x00000000,0,BDTEAM21,BDBTEAM,BDBTEAM2,BDBCOAL,BDSHOUT,BDFIGH01,
BDTEAM22,ok,9c000e310dac4ad26d56917c494c9e599a2f0a1d4e7ac7bf311b307086fbf1e2,420,128,260335,70,70,0x00000000,0,BDTEAM22,BDBTEAM,BDBTEAM2,BDBCOAL,BDSHOUT,BDPAL01,
BDTEAM23,ok,d1ce2bac5e62ed29b451b4a550d588d525d88e41832a05a3c29429edb18eaf91,420,128,260335,70,70,0x00000000,0,BDTEAM23,BDBTEAM,BDBTEAM2,BDBCOAL,BDSHOUT,BDPAL01,
BDMORDAU,ok,4c7544013aad6547b89de69e2d366c54ad5b595db8d7e22bd0824dc9b76472b5,3000,128,260336,78,78,0x00000000,0,BDMORDAU,BDMORDAU,BDBTEAM4,BDBCOAL,BDSHOUT,BDFMAG01,
BDTEAM41,ok,fd82a4707d8551b8e1a440f11fb77bfd3b9347e3296eb33df8c65cc8f8cc7000,2000,128,260337,68,68,0x00000000,0,BDTEAM41,BDBTEAM,BDBTEAM4,BDBCOAL,BDSHOUT,BDFMAG01,
BDTEAM42,ok,c76c1d5d640f874617a5ee60278718d4d672368459e746606d28af333a73980c,2000,128,260337,68,68,0x00000000,0,BDTEAM42,BDBTEAM,BDBTEAM4,BDBCOAL,BDSHOUT,BDFMAG01,
BDTEAM43,ok,7eb49350abd73e3eba434d301fb23253def9e160983d6ef4b1e1acaff43a7dd0,1400,128,260337,49,49,0x00000000,0,BDTEAM43,BDBTEAM,BDBTEAM4,BDBCOAL,BDSHOUT,BDFMAG01,
BDAUZIEL,ok,5eaaa5681fb411075d6b5b86522e6aca9b4187de3246cf42005d1d64c0843511,975,128,260332,82,82,0x00000000,0,BDAUZIEL,BDAUZIEL,BDBTEAM3,BDBCOAL,BDSHOUT,BDFTHI01,
BDTEAM31,ok,7f59778ba2608a2b5098fa4901af4e2c8b0a5b6b0b98c5784c9b93453208cd4b,650,128,260333,78,78,0x00000000,0,BDTEAM31,BDBTEAM,BDBTEAM3,BDBCOAL,BDSHOUT,BDFTHI01,
BDTEAM32,ok,b951cbe5a3cdfdef36beea345479c8321a6b55beb2d1258bae82ab4a7c73ddf6,650,128,260333,78,78,0x00000000,0,BDTEAM32,BDBTEAM,BDBTEAM3,BDBCOAL,BDSHOUT,BDFTHI01,
BDTEAM33,ok,ecbf83dc5ba3a10181ffbd9cbe0ef888e5d385c96c87e76e20d88fbd90ebc9cb,650,128,260333,78,78,0x00000000,0,BDTEAM33,BDBTEAM,BDBTEAM3,BDBCOAL,BDSHOUT,BDFTHI01,
BDANDRUS,ok,8b5eb2cb42997d4753bd7944145b8a1c61810ab47aeea6de7d2594e88aa8c90d,5000,128,255007,48,48,0x00000000,0,BDANDRUS,BDANDRUS,BDANDRUS,BDBCOAL,BDSHOUT,BDMAGE01,
BDKEG2,ok,859b95ce87a8b67e205b11493a61eddb7a7816e90788ff7054251f3536a9f01b,0,128,270124,10,10,0x00000000,0,BDKEG2,,,,,,
BDDEEP2,ok,9ff887ef7db48ecd370ba7cddf33550357560e842fd6c1b4da738f10bc440dce,2000,128,263991,80,80,0x00000000,0,BDDEEP2,BDDEEP,BDBTEAM5,BDBCOAL,BDSHOUT,BDCLER01,NONE
BDTEAM53,ok,4fec719d7c2a2b58c6e62d866c38be89c95ae61c5ca8e4dcd3947c66d28884c2,420,128,269181,70,70,0x00000000,0,BDTEAM53,BDBTEAM,BDBTEAM5,BDBCOAL,BDSHOUT,BDFIGH01,NONE
BDTEAM51,ok,f7526d8f3d553c2d4b782e1a77f61cab9d127c7f77bdf5638ec83ba158d7a132,975,128,263990,64,64,0x00000000,0,BDTEAM51,BDBTEAM,BDBTEAM5,BDBCOAL,BDSHOUT,BDCLER01,NONE
BDTEAM52,ok,f79f33b805b4f85610a281797c9f4f157b94c036f45af5fae5422f4ab1e9d710,420,128,269180,70,70,0x00000000,0,BDTEAM52,BDBTEAM,BDBTEAM5,BDBCOAL,BDSHOUT,BDFIGH01,NONE
BDTEAM60,ok,747ff06702bca744a1664e996b86821c629e24fbddcd521c27362e458678abd6,2000,128,264465,32,32,0x00000000,0,BDTEAM60,BDTEAM,BDBTEAM6,BDBCOAL,BDSHOUT,BDMAGE01,
BDTEAM62,ok,16f749f97ef3e26cdc543c5665c0995732ec13fcbfd97921c2545155c19571de,650,128,264461,60,60,0x00000000,0,BDTEAM62,BDTEAM,BDBTEAM6,BDBCOAL,BDSHOUT,BDFIGH01,
BDTEAM63,ok,46622b1c868636826a8c6128ba98c85909e7fc4845449e72fe0d2fa5be10117c,420,128,264462,50,50,0x00000000,0,BDTEAM63,BDTEAM,BDBTEAM6,BDBCOAL,BDSHOUT,BDFIGH01,
BDTEAM61,ok,c242c0c96b357705dc82ef7fb381adac7ac6e6c4ba43fb147d152292e4f8ef29,1400,128,264463,90,90,0x00000000,0,BDTEAM61,BDTEAM,BDBTEAM6,BDBCOAL,BDSHOUT,BDFIGH01,
BDTAIEL2,ok,75199f33b10e047177bd4bdd8bd69e310f84c4bf4dfe5dd7bcddfdbbac99a0fc,420,128,258261,60,60,0x00000000,0,BDTAIEL2,BDTAIELD,BDBTEAM1,BDBCOAL,BDSHOUT,BDFIGH01,
BDGARRO2,ok,a8c2abbf95c30670ef30802d97471135aa24b5ebf24defd40cede79cbb62d3fe,420,128,258260,48,48,0x00000000,0,BDGARRO2,BDGARROL,BDBTEAM4,BDBCOAL,BDSHOUT,BDFMAG01,
BDZIDRA2,ok,65f9519d25f52c9c02969d4ee6b559a61bf2d568bab467354f809107dd1b457d,420,128,261493,70,70,0x00000000,0,BDZIDRA2,BDBTEAM,BDBTEAM2,BDBCOAL,BDSHOUT,BDFIGH01,
BDTEAM34,ok,6b969199190568ff354c7b1e73ff90cce8bd7b81f9462dda7ca5f0b4b1bdf8fc,650,128,260333,78,78,0x00000000,0,BDTEAM34,BDBTEAM,BDBTEAM3,BDBCOAL,BDSHOUT,BDFTHI01,
BDMESSE1,ok,d16cc9ac47aad179fbf43cbfb29e155ac4be4048518b39523599521025a99855,420,128,269149,70,70,0x00000000,0,BDMESSE1,BDMESSEN,BDMESSEN,BDBCOAL,BDSHOUT,BDFIGH01,
BDMESSE2,ok,c2f5ef3d41208d5b4db6aeead8b7fae59a165228e2ed4796cfee45a7902e5ca5,420,128,261313,70,70,0x00000000,0,BDMESSE2,BDMESSEN,BDMESSEN,BDBCOAL,BDSHOUT,BDFIGH01,
BDMESSE3,ok,7089cf0d2b643a18a75d9a8984098f0979e4d495a1518cea491528775c9a8730,420,128,269149,70,70,0x00000000,0,BDMESSE3,BDMESSEN,BDMESSEN,BDBCOAL,BDSHOUT,BDFIGH01,
BDWAVE46,ok,ce8989175b29a1adc0a1f4bd6d99482f08bd3d5dd5f44941e96f7c853a668f98,975,255,270231,67,67,0x00000000,0,BDWAVE4,,,BDBWAVE,BDSHOUT,BDFTHI01,
BDWAVE47,ok,943482c1a560adb23ce69886567890143e6906ecc57754790542f49972c3f372,975,255,270232,90,90,0x00000000,0,BDWAVE4,,,BDBWAVE,BDSHOUT,BDPAL01,
BDGRIMGO,ok,d1f14f6d210d5ecbe9a85b45263b8b38cf34530c6f5f5e74c1f96a384860a35d,5000,255,255006,94,94,0x00000000,0,BDGRIMGO,BDGRIMGO,SHOUTDLG,BDBWAVE,BDSHOUT,BDFCLE01,
BDWAVE45,ok,1eb4f6f6392ebcdffbeffc90184406b2d1147bd470f0ad5dd034830563d3c7ad,975,255,270230,90,90,0x00000000,0,BDWAVE4,,,BDBWAVE,BDSHOUT,BDFIGH01,
BDWAVE41,ok,a23d33cf227677ea14510cc35d7ad935eb7056618f7dece69cadc3a62b2c4907,1400,255,270226,56,56,0x00000000,0,BDWAVE4,,,BDBWAVE,BDSHOUT,BDFMAG01,
BDWAVE43,ok,92214da620e222cf61a1de0698db2417427b596cecc84f3dc986abf54be0a5f6,2000,255,270228,72,72,0x00000000,0,BDWAVE4,,,BDBWAVE,BDSHOUT,BDDRUI01,
BDWAVE42,ok,3c568c62984b3243f1f820393981acc6becafc6eebc759009aa1662ad3e93a27,975,255,270227,65,65,0x00000000,0,BDWAVE4,,,BDBWAVE,BDSHOUT,BDFIGH01,
BDWAVE44,ok,ed055487fbd748c5577328f72c6b1fc129e30020ebee102fcfda4360abd0ea38,2000,255,270229,36,36,0x00000000,0,BDWAVE4,,,BDBWAVE,BDSHOUT,BDMAGE01,
BDWAVE53,ok,85857fd2756716f00095a50ddfbdd3ab6d44eba64724f2ccc4a14391546f8844,420,255,236699,70,70,0x00000000,0,BDWAVE5,,,BDBWAVE,BDSHOUT,BDFIGH01,
BDWAVE50,ok,47dacc2289c1676f1491e1f2ded371d2aedc36cd6508776909cf3a84f670622c,420,255,236699,70,70,0x00000000,0,BDWAVE5,,,BDBWAVE,BDSHOUT,BDFIGH01,
BDWAVE54,ok,4ad7999bf3b47ea3e19548ed0e00c948fc3520ae3a8e999ebd4cfb9cc3cdf1e8,420,255,236699,70,70,0x00000000,0,BDWAVE5,,,BDBWAVE,BDSHOUT,BDFIGH01,
BDWAVE51,ok,66075b90f0b06e45620222df9d58d2053803182ba7263447b9e8260030ed63e3,420,255,236699,70,70,0x00000000,0,BDWAVE5,,,BDBWAVE,BDSHOUT,BDFIGH01,
BDWAVE52,ok,bb7943f0ff2840289c65496f491043dd2e5129d512b9792d5cf87ada1e1f5351,420,255,236699,70,70,0x00000000,0,BDWAVE5,,,BDBWAVE,BDSHOUT,BDFIGH01,
BDWAVE21,ok,59f0fcbc2a9e5325bb17aee73bc8e68c4109459f3730a34df5b509bf17709d3a,3000,255,238237,44,44,0x00000000,0,BDWAVE2,,,BDBWAVE,BDSHOUT,BDMAGE01,
BDWAVE22,ok,9f6d1f4e9a73b0195326e9d46fbff069718de4e0e57f446fe95ed85e369bb378,2000,255,238237,48,48,0x00000000,0,BDWAVE2,,,BDBWAVE,BDSHOUT,BDCLMA01,
BDWAVE23,ok,20219ff81ee620ee25ab93b04e384b6a1770741e12f03fd30a27a72a5b7ca396,3000,255,238237,44,44,0x00000000,0,BDWAVE2,,,BDBWAVE,BDSHOUT,BDCLMA01,
BDWAVE24,ok,73e17197369054eb40256c106bec3b42b333bf116af807c7c343f5fa0c887bda,3000,255,238237,66,66,0x00000000,0,BDWAVE2,,,BDBWAVE,BDSHOUT,BDBARD01,
BDWAVE25,ok,eed1e003a71fb853bc3b52a289f811b36189d19db7ab8aeb781a785cf19371fa,3000,255,238237,40,40,0x00000000,0,BDWAVE2,,,BDBWAVE,BDSHOUT,BDMAGE01,
BDCUVIER,ok,634c2515df66f0ec87f7e60584942ece7d25c04a8347dc47fd400b574136a8eb,5000,255,255004,94,94,0x00000000,0,BDCUVIER,BDCUVIER,,BDBWAVE,BDSHOUT,BDFMAG01,
BDWAVE26,ok,42eebd070409f9e84a68c165fc5530abca9fe77f135adc494cf450447fafb354,2000,255,238237,54,54,0x00000000,0,BDWAVE2,,,BDBWAVE,BDSHOUT,BDFMAG01,
BDWAVE27,ok,982ec9d4ac2df63c0ce014bb0c94d555cef5f942092d4899ab623040bc4996b2,2000,255,238237,40,40,0x00000000,0,BDWAVE27,,,BDBWAVE,BDSHOUT,BDMAGE01,
BDWAVE28,ok,561d8fc051c90087ba19175f0edb0f4e0fab76a6a72bdc3f9e254d3eaa1a3832,2000,255,238237,48,48,0x00000000,0,BDWAVE27,,,BDBWAVE,BDSHOUT,BDMAGT01,
BDWAVE31,ok,28fcd843482495055f7115a0a3834b06f2c0a0dc7cc9b02b4abc25c585a8dd4d,420,255,240885,70,70,0x00000000,0,BDWAVE3,,,BDBWAVE,BDSHOUT,BDFIGH01,
BDWAVE32,ok,4e40fce5875a8944c4df08d774eec1ec8f163a7c4990abdc709f074efdd5f185,420,255,269536,70,70,0x00000000,0,BDWAVE3,,,BDBWAVE,BDSHOUT,BDPAL01,
BDWAVE35,ok,6a18da91ad1909b0e3b4bd0db2862f013cfced46ac40581a275fd40e5b8f19e1,420,255,240885,70,70,0x00000000,0,BDWAVE3,,,BDBWAVE,BDSHOUT,BDFIGH01,
BDWAVE34,ok,7bed715ee26b2294a1e94f26b18eba994f04f9da37d8090acc5c909bf72d5bab,975,255,240884,64,64,0x00000000,0,BDWAVE3,,,BDBWAVE,BDSHOUT,BDCLER01,
BDRHAYLA,ok,80a035f490bfdaf2d21cea3256e1e801145ea65e01b3e002cfac35b25419a4fc,3000,255,255005,72,72,0x00000000,0,BDRHAYLA,BDRHAYLA,,BDBWAVE,BDSHOUT,BDBARD01,
BDWAVE33,ok,2d879bc73c1af9dd3daf5afae27928298a145b79fdc9ab942e668bb1efb47d4d,420,255,269536,70,70,0x00000000,0,BDWAVE3,,,BDBWAVE,BDSHOUT,BDPAL01,
BDWAVE36,ok,4dc4f268a6b959b958c6d5c199e478bf5372bd692b2847f0a0963b4a4648c9d5,3000,255,270587,110,110,0x00000000,0,BDWAVE36,,,BDBWAVE,BDSHOUT,BDFCLE01,
BDJEGG2,ok,2790efa2c0760edd4811dcea8ddf0469bd982ef117e9ec4a83f292652c2dda50,420,128,255813,60,60,0x00000000,0,BDJEGG,BDJEGG,BDJEGG,BDASC2,BDSHOUT,BDFIGH01,
BDPETSG2,ok,496b0b0d547d3f31d09ca408388cd687a44cb4759a689248ef5c7a3da0bc93f2,0,128,269183,80,80,0x00000000,0,BDPETSG2,BDPETSG,BDADS2,BDASC,BDSHOUT,GOLSTO01,
BDWTR47,ok,a7388f7b56c1f7bdd1ec86f19e28f292dd8aa7fc4e21fcfd5de3bec3c1d9b908,650,128,212858,56,56,0x00000000,0,BDWTR47,BDWTR,BDWTR47,BDASC2,BDSHOUT,BDFIGH01,
BDWTR57,ok,9cc1b1e5301bcdaecb19096e809af6f6e101327accc132c35b37495893b046b7,650,128,212858,56,56,0x00000000,0,BDWTR57,BDWTR,BDWTR47,BDASC2,BDSHOUT,BDFIGH01,
BDDAGF47,ok,08acf8b8025625503a7211ac70a4569e7fa04c6dd2ae40550385024e439fd4a8,650,128,238690,56,56,0x00000000,0,BDDAGF47,BDDAGF,BDDAGF57,BDASC2,BDSHOUT,BDFIGH01,
BDDAGF57,ok,5c55ab07fe94788742721784911439427cfb4824f670888e93a335e874b9051b,650,128,238690,56,56,0x00000000,0,BDDAGF57,BDDAGF,BDDAGF57,BDASC2,BDSHOUT,BDFIGH01,
BDWTR90,ok,d3dd2b24b4de9e4ae174930d866a17fdcd32ef042103d453c6808be53b12f1b3,650,128,238686,56,56,0x00000000,0,BDWTR90,BDWTR,,BDASC2,BDSHOUT,BDFIGH01,BDWTR90
BDFIST83,ok,0d7e408d3b360e7f2feea0371292c5c669bc12b4986ac02ce88ec953b953f394,420,128,209443,70,70,0x00000000,0,BDFIST83,BDFIST,BDASC2,,BDSHOUT,BDFIGH01,BDFIST83
BDDAGF72,ok,d1d5be032f328474abbd9bf695d7592f29d4c2e73118c8222660d53e40c7721b,650,128,238690,70,70,0x00000000,0,BDDAGF72,BDDAGF,,BDASC2,BDSHOUT,BDFIGH01,BDDAGF70
BDWTR92,ok,55101252b05da6ae033d8a588e0f9f3dfc79c32a7e5ed1bbaf379042061b5cc7,650,128,238686,70,70,0x00000000,0,BDWTR92,BDWTR,,BDASC2,BDSHOUT,BDFIGH01,BDWTR90
BDWTR93,ok,7f0cc4de56d9e250fd30f2b7afc9ddd46c371b790802422a982e4c34e6bbe383,650,128,238686,70,70,0x00000000,0,BDWTR93,BDWTR,,BDASC2,BDSHOUT,BDFIGH01,BDWTR90
BDFIST84,ok,8fc84ef882d2168819e994beb7c311c0a1f7efbf4c6a755336d8aaa5492498f6,420,128,209443,70,70,0x00000000,0,BDFIST84,BDFIST,BDASC2,,BDSHOUT,BDFIGH01,BDFIST83
BDWTR94,ok,515e41010474fd83b5fc3ae0307abfeb659fa1dfcecbeafee0a80eb64b573036,650,128,238686,70,70,0x00000000,0,BDWTR94,BDWTR,,BDASC2,BDSHOUT,BDFIGH01,BDWTR90
BDDAGF70,ok,e21e6fffdb806b99ec83043b70c01e8593912c34370e69197eaf6d31dff70707,650,128,238690,70,70,0x00000000,0,BDDAGF70,BDDAGF,,BDASC2,BDSHOUT,BDFIGH01,BDDAGF70
BDFIST85,ok,9ecb16b9bb18d51c664a6ae964ad6ed1c1646e4093eb064c5b5628d882476b49,420,128,209443,70,70,0x00000000,0,BDFIST85,BDFIST,BDASC2,,BDSHOUT,BDFIGH01,BDFIST83
BDWTR91,ok,70f48be1c7b6e9140e06efcadbaef2a12d18bf66c8d7bb8d4bca46f060b7ac3a,650,128,238686,70,70,0x00000000,0,BDWTR91,BDCOAL,,BDASC2,BDSHOUT,BDFIGH01,BDWTR90
BDFIST86,ok,d98ed14257ce7c72542995cb63e264910604b6b0d611db51a73a852ea094f7d5,420,128,209443,70,70,0x00000000,0,BDFIST86,BDFIST,BDASC2,,BDSHOUT,BDFIGH01,BDFIST83
BDWTR95,ok,477ce640920b45a1cd3ef45a592f9541130c3b77e511d11dfe68e7dd298f1415,650,128,238686,70,70,0x00000000,0,BDWTR95,BDWTR,,BDASC2,BDSHOUT,BDFIGH01,BDWTR90
BDDAGF71,ok,c5f338eb002c5585b57143e8b05349043b9b19e4568c6f2cf3a411fc1b26a75d,650,128,238690,70,70,0x00000000,0,BDDAGF71,BDDAGF,,BDASC2,BDSHOUT,BDFIGH01,BDDAGF70
BDCATAPU,ok,a2968153375c74e616e76bb2153f9bd9b8dd0b463bdccc45b94c77137c896d76,0,128,4294967295,8,8,0x00000000,0,BDCATAPU,NONE,NONE,NONE,NONE,NONE,NONE
BDDSSEN7,ok,69e5b94631a4361b2d95a327010037f63cc33289d99b4d855c938411e8e71ec5,650,128,237099,70,70,0x00000000,0,BDDSSEN7,BDDSSEN7,,BDDSC2,BDSHOUT,BDFIGH01,
BDFIST42,ok,866ca6b54623dfaf7f7804b18d439960a34305f9a02b9b5c8bba9b42836fab69,650,128,267503,70,70,0x00000000,0,BDFIST42,BDCOAL,BDADS3,BDASC,BDSHOUT,BDFIGH10,
BDFIST40,ok,82546e6dc7bc395877c0cdeb2522a789eeec4d12dcedeb46d16a3bd530f38d7f,2000,128,268950,84,84,0x00000000,0,BDFIST40,BDCOAL,BDADS3,BDASC,BDSHOUT,BDCLER25,
BDFIST41,ok,8d401c2460b19e89e357587b8e027bd72fe38a3ec59eaf781b336691cf5e8eae,2000,128,246365,40,40,0x00000000,0,BDFIST41,BDCOAL,BDADS3,BDASC,BDSHOUT,BDMAGE24,
BDFISX35,ok,3d6bb9c4afd81b1cca40ddd3768d2ff1caa5ee4682641c003ddee21ebed3d425,975,128,238688,80,80,0x00000000,0,BDFISX35,BDCOAL,BDADS1,BDASC,BDSHOUT,BDFIGH10,
BDCRZAKE,ok,0826f85b2eb4225967f73bd17c32842ab487c36df208b8d0438ee692067cddc6,975,128,240885,108,108,0x00000000,0,BDCRZAKE,BDCRUS,,,BDSHOUT,BDFIGH01,
BDDAGF35,ok,f52d1cf0bc144eb3f7fda0f0eaa0354c88591d59fb5412c088ffd8266ed72c70,420,128,238690,70,70,0x00000000,0,BDDAGF35,BDCOAL,BDADS1,BDASC,BDSHOUT,BDFIGH10,
BDDAGF36,ok,522cb13b15d8557696ff770a49e64b1966a253794a169621a0c1f735f17258d4,420,128,238690,70,70,0x00000000,0,BDDAGF36,BDCOAL,BDADS1,BDASC,BDSHOUT,BDFIGH10,
BDDAGF37,ok,4aded005ed27471e28d389fa608fb44a1a1ada43aeaf54f937b9a1306db80f4e,420,128,238690,70,70,0x00000000,0,BDDAGF37,BDCOAL,BDADS1,BDASC,BDSHOUT,BDFIGH10,
BDDAGF38,ok,2d1a77b4aa847e46890047153f46c3959a5096359cfccc6b26f97aa2a7dc5cb4,420,128,238690,70,70,0x00000000,0,BDDAGF38,BDCOAL,BDADS1,BDASC,BDSHOUT,BDFIGH10,
BDFIST35,ok,789f1e61a4dfc1e04f5afecb8cfe77c5d59915635387173097781de28c4da0c9,420,128,209443,70,70,0x00000000,0,BDFIST35,BDCOAL,BDADS1,BDASC,BDSHOUT,BDFIGH10,
BDFIST37,ok,ae3ddaa98a85715eb8154697b207610d49b8a0d331a010feee62fcb01d25bc66,420,128,209443,70,70,0x00000000,0,BDFIST37,BDCOAL,BDADS1,BDASC,BDSHOUT,BDFIGH10,
BDWTRX35,ok,97629809b49f99cc1f21db235ed3a2fef134ce6aa5c7b64b58e20554803547c9,975,128,240865,80,80,0x00000000,0,BDWTRX35,BDCOAL,BDADS1,BDASC,BDSHOUT,BDFIGH10,
BDWTRX36,ok,1ee6e19fb47addbb7b9076c6487b2dbb64a3bb8380eb1bb0b8d8ca4422ee4653,975,128,240865,80,80,0x00000000,0,BDWTRX36,BDCOAL,BDADS1,BDASC,BDSHOUT,BDFIGH10,
BDWTRX37,ok,01ad6f1fd14600d0e9635e7054e471ae80f573f47bc892f8a2f455a2064cd44b,975,128,240865,80,80,0x00000000,0,BDWTRX37,BDCOAL,BDADS1,BDASC,BDSHOUT,BDFIGH10,
BDWTR36,ok,78b6150b72be3a76ae01bbd1ad074c84a831ab26f381902d85e490a9bf62a574,420,128,238686,70,70,0x00000000,0,BDWTR36,BDCOAL,BDADS1,BDASC,BDSHOUT,BDFIGH10,
BDWTR35,ok,d64a6cc47770278bd557702247b34b11a43d05130faaf14add95326a99c08625,420,128,238686,70,70,0x00000000,0,BDWTR35,BDCOAL,BDADS1,BDASC,BDSHOUT,BDFIGH10,
BDWTR37,ok,5b464e73876bb3d2d2f607856d16173c7d47a82e7a7a3fa9df0863e922e54a74,420,128,238686,70,70,0x00000000,0,BDWTR37,BDCOAL,BDADS1,BDASC,BDSHOUT,BDFIGH10,
BDWTR38,ok,e1651bcfd07668e50e6e6959731b67679cd79e0cf6793275bec4f776bf2e6cb9,420,128,238686,70,70,0x00000000,0,BDWTR38,BDCOAL,BDADS1,BDASC,BDSHOUT,BDFIGH10,
BDWTR39,ok,5e094358582a8e1f8d7c8489a5637504a30a9ed2f9547861371c84f1e636d971,420,128,238686,70,70,0x00000000,0,BDWTR39,BDCOAL,BDADS1,BDASC,BDSHOUT,BDFIGH10,
BDCRU48,ok,99f4d9c3e8abf9a64b6a776257d523199c427810e2e1f61324632fe6a84c2507,650,128,238687,80,80,0x00000000,0,BDCRU48,BDCRUS,BDDSC,BDCRUSDS,BDSHOUT,BDFIGH10,
BDCRU49,ok,95d919665e1d1c8a8bcbb687c7dc9dfaca8efe7dd04a82f13b04605b383cf61d,650,128,238687,80,80,0x00000000,0,BDCRU49,BDCRUS,BDDSC,BDCRUSDS,BDSHOUT,BDFIGH10,
BDCRU50,ok,8766443bdfe51ad4308ce7f4a750f6d541c390a2055fc1adbbdf4b4b2fcfed61,1400,128,262255,90,90,0x00000000,0,BDCRU50,BDCRUS29,BDDSC,BDCRUSDS,BDSHOUT,BDFIGH31,
BDCRU51,ok,4b66b215054e72a2b84764b28fabf7532d70ea92fa86e10ff9ac945d9a346a11,1400,128,240884,72,72,0x00000000,0,BDCRU51,BDCRUS,BDDSC,BDCRUSDS,BDSHOUT,BDCLER26,
BDCRU52,ok,c7a90a49181e41b82a024ed11ad7f812490841f2815177a750127191a9558910,1400,128,240884,72,72,0x00000000,0,BDCRU52,BDCRUS,BDDSC,BDCRUSDS,BDSHOUT,BDCLER27,
BDCRU53,ok,eebeb0b196971088495d2dac3ac77f317762758a34ab067cbcb59107a5bed006,1400,128,240884,72,72,0x00000000,0,BDCRU53,BDCRUS,BDDSC,BDCRUSDS,BDSHOUT,BDCLER28,
BDCRU54,ok,c4ffb410d59116b371115c04d856cd49e46d2b0194a29bb97c55508a0285ec8f,1400,128,240884,72,72,0x00000000,0,BDCRU54,BDCRUS,BDDSC,BDCRUSDS,BDSHOUT,BDCLER29,
BDCRU55,ok,bb17dc98f3407d698a85eb86e8363dc85b50211029c83dc671ce7a72a68f0aa8,1400,128,238237,36,36,0x00000000,0,BDCRU55,BDCRUS,BDDSC,BDCRUSDS,BDSHOUT,BDMAGE26,
BDCRU56,ok,b7cac5708088906143ecc7b9fdbb9d8aaedd851c14013323217c54381dd601a3,1400,128,238237,36,36,0x00000000,0,BDCRU56,BDCRUS,BDDSC,BDCRUSDS,BDSHOUT,BDMAGE27,
BDCRU57,ok,2011e8d30ae4154e7cfb041d08a99353d7390d8f991097f5ff541916c3e62c9c,1400,128,238237,36,36,0x00000000,0,BDCRU57,BDCRUS,BDDSC,BDCRUSDS,BDSHOUT,BDMAGE28,
BDCRU58,ok,80637adcded4a84dfa40eb33a2fd9ba5d8141b657c25a6dd5d0fe1e72831e2c8,1400,128,238237,36,36,0x00000000,0,BDCRU58,BDCRUS,BDDSC,BDCRUSDS,BDSHOUT,BDMAGE29,
BDCRU40,ok,9edc6ec61a24a425867da8b91131649d48e645f646a48f1b336086369ad5255b,420,128,236698,70,70,0x00000000,0,BDCRU40,BDCRUS,BDDSC,BDCRUSDS,BDSHOUT,BDFIGH11,
BDCRU44,ok,6623ea737c2399d23d86ee80fba1b8506940551d661e9f26f064da5580236787,420,128,245494,42,42,0x00000000,0,BDCRU44,BDCRUS,BDDSC,BDCRUSDS,BDSHOUT,BDTHIE10,
BDCRU41,ok,457aa666b68896a20c75fe20bb91f40ca4bdab0f64a82f2a260dc91b477d7b80,420,128,236699,70,70,0x00000000,0,BDCRU41,BDCRUS,BDDSC,BDCRUSDS,BDSHOUT,BDFIGH10,
BDCRU46,ok,7b32877fb876dee59c8323f1ebb0b5dee471873c374b6d298ef1ae4d249efc24,420,128,258654,70,70,0x00000000,0,BDCRU46,BDCRUS,BDDSC,BDCRUSDS,BDSHOUT,BDFIGH10,
BDCRU45,ok,8a2133902dcdc59974fbf838ccd16edfd1db6b2a5d9f71afb67dd969f94c7151,420,128,258654,70,70,0x00000000,0,BDCRU45,BDCRUS,BDDSC,BDCRUSDS,BDSHOUT,BDFIGH11,
BDCRU42,ok,e8bb2744b6a5ba0323aa2baee649fc9600af3c919c1454fe7aa3abc602c184c3,420,128,236699,70,70,0x00000000,0,BDCRU42,BDCRUS,BDDSC,BDCRUSDS,BDSHOUT,BDFIGH10,
BDCRU47,ok,93fcfa035fc54151be5b0a41c34b418f937dfee1167aa551599a69d23fa84f51,420,128,258654,70,70,0x00000000,0,BDCRU47,BDCRUS,BDDSC,BDCRUSDS,BDSHOUT,BDFIGH10,
BDCRU43,ok,df5e5e34f0c526dc9b3598e695d2b44d0f71aec950926a2b7304e7df687fce60,275,128,245494,60,60,0x00000000,0,BDCRU43,BDCRUS,BDDSC,BDCRUSDS,BDSHOUT,BDFIGH10,
BDALMUR,ok,d624ee3194310a321d13f61c8b5b2da8b95039d429d51eda004492d9e175c7f2,420,128,240880,70,70,0x00000000,0,BDALMUR,BDALMUR,BDLUGG,BDASC,BDSHOUT,BDFIGH10,
BDLUGG,ok,56bcf1d0c575ae06bd20f5a3c24f1d258a38a435148279749783bb061f72158b,420,128,240879,70,70,0x00000000,0,BDLUGG,BDLUGG,BDLUGG,BDASC,BDSHOUT,BDFIGH10,
BDWTR30,ok,038a0e788a47eb8f781d2391316b74b077c37db5e4fb56ce7c0863380cba8d64,420,128,238686,70,70,0x00000000,0,BDWTR30,BDCOAL,BDADS4,BDASC,BDSHOUT,BDFIGH10,
BDCRUML1,ok,06a7c5db7bc76b6ee4d127886251a49e34334da4071368edb7c22339267495d7,420,128,236699,70,70,0x00000000,0,BDCRUML1,BDCRUS,,BDDSC2,BDSHOUT,BDFIGH01,BDCRUML
BDCRUML2,ok,733fc72ca72be5b087f96b2c110d45412923296f80dd4ca75922911bbc6f843d,420,128,236699,70,70,0x00000000,0,BDCRUML2,BDCRUS,,BDDSC2,BDSHOUT,BDFIGH01,BDCRUML
BDCRUML3,ok,18644ccc15d37cc42445fefac5aeb06d3be90b936dc2f39a4ee24ff97e7bbeff,420,128,236698,70,70,0x00000000,0,BDCRUML3,BDCRUS,,BDDSC2,BDSHOUT,BDFIGH01,BDCRUML
BDCRUML4,ok,37c17674863c7464853487bc3acc5943f4be6413203a1517980efef12fc0aa76,420,128,236698,70,70,0x00000000,0,BDCRUML4,BDCRUS,,,BDSHOUT,BDFIGH01,BDCRUML
BDCRUMLA,ok,93f87346b573bc2c1967c5e1058b6a6dda466bcf5ac588c94b46cc762f4eb75a,420,128,236699,70,70,0x00000000,0,BDCRUMLA,BDCRUS,,BDDSC2,BDSHOUT,BDFIGH01,BDCRUML
BDCRUML6,ok,9425795e01e012e89263ccce47c36908f7e9e5fe23b8d47d2887223119c757d3,650,128,240884,56,56,0x00000000,0,BDCRUML6,BDCRUS,,BDDSC2,BDSHOUT,BDCLER01,BDCRUML
BDCRUML7,ok,db8340a3cf2ec0f0105835aa28e7039b84d17791902ed04ee9f3f81f1e11def2,420,128,258654,70,70,0x00000000,0,BDCRUML7,BDCRUS29,,BDDSC2,BDSHOUT,BDFIGH01,BDCRUML
BDCRUML8,ok,8515959cdd68dc5a777442aac74405493ef3262579c9979864e2db33fdbbb0a5,420,128,236699,70,70,0x00000000,0,BDCRUML8,BDCRUS,,BDDSC2,BDSHOUT,BDFIGH01,BDCRUML
BDCRUML9,ok,dc96d49f40218f8f4d4e4d38a7e395957b9c2678c3fbcde0342a6c773181e603,420,128,236698,70,70,0x00000000,0,BDCRUML9,BDCRUS,,BDDSC2,BDSHOUT,BDFIGH01,BDCRUML
BDCRUML5,ok,4a35bf2f65128bc5dddffaa8fc33dc45a8fa846a016be5ef666b392f9c06f6c7,275,128,245494,60,60,0x00000000,0,BDCRUML5,BDCRUS,,BDDSC2,BDSHOUT,BDFIGH01,BDCRUML
BDCRUMLB,ok,d64ad2e279fff1acb1236011ac4bae2410ee783c94f498b437fce7f3098fef87,420,128,245494,42,42,0x00000000,0,BDCRUMLB,BDCRUS,,BDDSC2,BDSHOUT,BDTHIE01,BDCRUML
BDVOICE1,ok,e494f81695807766e669e74531e421f0f7551686aa363757a558d39fb402414d,0,128,256406,8,8,0x00000000,0,BDVOICE1,BDVOICE1,,,,,
BDUROLD,ok,ebdcc089f78b574f7d9ebcfc1cd5faed9d7ffc2a5f30b164e4d6ba3d8be3c163,420,128,271337,70,70,0x00000000,0,BDUROLD,BDUROLD,BDUROLD,,,BDFIGH01,
BDPRIS01,ok,f634040a77a7c4757dad3056225fe5ae0cda374e2cfd2ab4bf7c900a0433caaf,420,128,210710,70,70,0x00000000,0,BDPRIS01,BDPRISON,BDPRISON,,,BDFIGH01,
BDPRIS02,ok,42a26c9c56e2980a13bab253d0bb1f29006a42bd828905102ae2a6900c3a8c0a,1400,128,210710,64,64,0x00000000,0,BDPRIS02,BDPRISON,BDPRISON,,,BDCLER01,
BDPRIS03,ok,dc70e35e2338f88a9e37565367dc16a272818dd2c62acc2769db7786d100515b,650,128,210710,70,70,0x00000000,0,BDPRIS03,BDPRISON,BDPRISON,,,BDFIGH01,
BDPRISD1,ok,f4f5d417dedaee818ade13347ea95e9d7a1a65252e701bcafc61dff23cd7f224,0,128,255008,8,8,0x00000000,0,BDPRISD1,,BDPRISD1,NONE,BDSHOUT,BDFIGH01,
BDPRISD2,ok,57b6fe1cde91c9e1870f4157b33ebd3beba7a20db2163ba1f3e1bb6f1ba3d209,0,128,255008,8,8,0x00000000,0,BDPRISD2,,BDPRISD1,NONE,BDSHOUT,BDFIGH01,
BDPRISGU,ok,6fed0cdd02cff10386bf576aa16fdc8f06e4ef662ec3dfb6cd19c2919b260228,420,255,258654,70,70,0x00000000,0,BDPRISGU,BDCRUS,BDTHERLI,,BDSHOUT,BDFIGH01,
BDTHERL2,ok,681d8116670becba1ee31c0191eeffd94025f2a56afb965187bffb114266aa36,975,255,251946,96,96,0x00000000,0,BDTHERLI,BDTHERLI,BDTHERLI,,BDSHOUT,BDFIGH01,
BDVOICE,ok,fcd475207ed65a2842ad49e6c2b8fb77faf79609f96b641d4339f439eef0dc2f,0,128,238685,8,8,0x00000000,0,BDVOICE,BDVOICE,NONE,NONE,NONE,NONE,NONE
BDOLVENA,ok,1dc5edab5d015eb095daf4ab6fc846edd6af1a8272a8ee36429b690deb0de445,2000,128,238548,40,40,0x00000000,0,BDOLVENA,BDOLVENA,BDHEPHER,BD4300EN,BDSHOUT,BDMAGE01,
BDESSERI,ok,21a34d2b795e7033e726de914397503da631ff3ffbc3256df3ce5eb29e6d3acc,2000,128,238547,68,68,0x00000000,0,BDESSERI,BDESSERI,BDHEPHER,BD4300EN,BDSHOUT,BDCLMA01,
BDDAEROS,ok,bdd6778638d0f583e3ff72e7246d255a1a7be3fac812a7cff2d1822549d26da2,4000,128,260853,90,90,0x00000000,0,BDDAEROS,BDDAEROS,,,,,BDDAEROS
BDFFSOL1,ok,7b3ef2e9f486cc99a214609f7c9c550136814c101c851e590f6c0265af978b46,420,128,209443,70,70,0x00000000,0,BDFFSOL1,BDFFSOL1,,,BDSHOUT,BDFIGH01,
BDFFSOL2,ok,5d250ab65f81a85b0e62e2a94f45e9c7648a881cfa58ceeb1fdd7140eae8a8c9,420,128,209443,70,70,0x00000000,0,BDFFSOL2,BDFFSOL1,,,BDSHOUT,BDFIGH01,
BDFFMAGE,ok,795a0ffa5a35a2553ae514fdcf1c6158d1e590e77f5a2b80aeea7742397550e2,3000,128,265138,36,36,0x00000000,0,BDFFMAGE,BDFFMAGE,,,BDSHOUT,BDMAGE01,
BDCRUZ01,ok,f090124a3b3ea22a6abcdc1af63415759c4f6a2cddcfc22d3e54404bb03b05b3,975,128,238687,80,80,0x00000000,0,BDCRUZ01,BDCRUZ01,BDCRUZ01,BD4300EN,BDSHOUT,BDFIGH01,
BDCRUZ02,ok,f9cd532e5e2581c7fba11fb936e98efef8d7274a7a415b8253bdd5d12449a6b1,420,128,236699,70,70,0x00000000,0,BDCRUZ02,BDCRUZ02,,BD4300EN,BDSHOUT,BDFIGH01,
BDCRUZ03,ok,e38027f3e76b76a3270a9229a2ba10ebc5972d2dd6cd172d626bf25b7cee09d5,420,128,236699,70,70,0x00000000,0,BDCRUZ02,BDCRUZ02,,BD4300EN,BDSHOUT,BDFIGH01,
BDCRUX32,ok,70e8dd1dfdb036dd8ac5821af60c68e3aae457d955c8616475fd0ad58dbfd575,975,128,238687,80,80,0x00000000,0,BDCRUX32,BDCRUS,,BDDSC2,BDSHOUT,BDFIGH01,
BDINSA01,ok,453556931ea9c22f1cf87d7087284479cc37bf7423e71d1d03be8a11f8b72fb0,2000,255,270610,80,80,0x00000000,0,BDINSA01,,,,BDSHOUT,BDCLER01,
BDINSA02,ok,82ab37e13e6a89a77eb93bfcfb2c1785ae46bbe2a404fd4846a5d2cc176b9432,1400,255,270611,90,90,0x00000000,0,BDINSA02,,,,BDSHOUT,BDFIGH01,
BDINSA03,ok,f2f8df44004da88c814eec6e97a787e8b22099beed5df8fc10aa4ede28fdc2ec,1400,255,270612,90,90,0x00000000,0,BDINSA03,,,,BDSHOUT,BDFIGH01,
BDINSA04,ok,ad08af2368466954ed684bc8ad2d7c7b466bd5f3889da7662209ce909326c935,2000,255,270613,40,40,0x00000000,0,BDINSA04,,,,BDSHOUT,BDMAGE01,
BDINSA05,ok,2612a437b54768fd2d915dfaa75e7e2075b8ae7fffb03c38c5e0ee92c98cbc78,2000,255,270614,70,70,0x00000000,0,BDINSA05,,,,BDSHOUT,BDFTHI01,
BDINSA06,ok,b4dfe7ce69d147b4c127f5119ee5f1933fc1bd49f76239d00be24406943e9f50,2000,255,270615,80,80,0x00000000,0,BDINSA06,,NONE,NONE,BDSHOUT,BDMONK01,NONE
BDINSA07,ok,c1921b71d29b5f3ee5a9900d38ef90be914ba79e735052f7469c672a3b1ff1ce,2000,255,270616,50,50,0x00000000,0,BDINSA07,,,,BDSHOUT,BDCLMA01,
BDDEVIL1,ok,7ceb370b41b8a5078108e5db05c138a09e9c83877b88413cc43a9209c0cc9aa8,9000,255,270029,51,51,0x00000000,0,BDDEVIL1,,,BDENSHTV,BDABISHA,,BDFIG00
BDDEVIL2,ok,1d538d45c73eaa52bace272e61df2af9a208702904feab89deae8168e85d1b31,8000,255,270030,42,42,0x00000000,0,BDDEVIL2,,,BDENSHTV,BDABISHA,,BDFIG00
BDCAELD,ok,3ef8c019c87fbbf7ee0f318bbb13eed3181cf3b74f7eaafb7aad3fba61f03627,0,128,235624,8,8,0x00000000,0,BDCAELD,BDCAELAR,NONE,NONE,NONE,NONE,NONE
BDERINYE,ok,ac4295b57c3fca546119f4556e89c469de596e7a793466e6bfaa2c684615c534,7000,255,269633,48,48,0x00000000,0,BDERINYE,,,BDENSHTV,BDERINYE,,BDARCH00
BDDCOR01,ok,3f9dab8e8b7fe42b533291626c08b2ad415fc3afe2875c0c0d9c0e08175bb112,10000,255,270187,80,80,0x00000000,0,BDDCOR01,,,BDENSHTV,BDDCOR01,,BDFIG00
BDSTSNAK,ok,882d56075502c21ace3ee10b31f24b58a833f640c0f510236bf548fa8ee8fb2f,2000,255,271118,64,64,0x00000000,0,BDSTSNAK,,,BDENSHTV,,,BDNONIN
ELEARG01,ok,bf396c55a557c41a9e4dab88b96257d1a139fd58c1f9d70fe5f10e915beb020b,10000,255,2853,128,128,0x00000000,0,None,,GENSHT01,NONE,NONE,NONE,DW2MC2GE
BDGUAR55,ok,7c35dfe34b7f1979d4b478b1063faa787773d4e350d76a1f39f815526f8c105b,975,255,237099,70,70,0x00000000,0,BDGUAR55,BDGUAR55,BDGUAR55,,BDSHOUT,BDFIGH01,
BDGUAR56,ok,ec686dcec6cef67401542bfec1fc12375cf646f5cbe1a3ea59bb01d2607373be,650,255,236698,70,70,0x00000000,0,BDGUAR56,BDGUAR50,BDGUAR56,,BDSHOUT,BDFIGH01,
BDGUAR59,ok,b44034f5458b1bb9e499d15ec45c56a823e4ce9780fed1f0827f00cacb9e7bb1,420,255,256562,54,54,0x00000000,0,BDGUAR59,BDCRUS,,,BDSHOUT,BDFTHI01,
BDGUAR60,ok,b7012af97307cdb82d8ebd89bea81340b2eb39478a136e7f498be2165d3f1e9c,420,255,256562,42,42,0x00000000,0,BDGUAR60,,,,BDSHOUT,BDFIGH01,
BDHELP01,ok,3665507bc3749e6069bb8a61efd75e39dc144f0704192da8371346aff108e05e,0,4,225878,35,35,0x00000000,0,BDHELP01,,BDHELP,NONE,,NONE,DW2MP2MO
BDHELP02,ok,99134fdfce72218f14c6ac445bfa4dab6f7615a4146302fca936e3e72f595af3,0,4,225546,42,42,0x00000000,0,BDLION01,,BDHELP,NONE,NONE,NONE,DW2MP2MO
BDHELP03,ok,8da75fdaf847e27a3778e3f0bd9084d03a17f0995db3372b0f1a65ddd7525572,0,4,225882,45,45,0x00000000,0,BDHELP03,,BDHELP,NONE,NONE,NONE,DW2MP2MO
BDGUAR57,ok,c4514ff71b31c029d5b9564282cd71309f572511467abf73e2b5e7a5482867b0,1400,255,238237,36,36,0x00000000,0,BDGUAR57,BDCRUS50,BDGUAR57,,BDSHOUT,BDMAGE01,
BDGUAR58,ok,1e00e13ad73b2fb36374afcd8d41b14e76bb53a82e29c7ae41f3d60d028e0346,1400,255,238237,36,36,0x00000000,0,BDGUAR58,BDCRUS50,BDGUAR58,,BDSHOUT,BDMAGE01,
BDRAT2,ok,e251cde1860a924ae29fcfbe457bc8fb8015e4c3bebc2081581d87470b2474e8,1,128,213722,8,8,0x00000000,0,BDRAT2,NONE,NONE,NONE,WDRUNSGT,NONE,NONE
BDOGRE1D,ok,d28217e091733070b473d8cc4fe5fa4b1d915c69129a1dd1882fbe75e30a5bab,270,128,206313,30,30,0x00000800,1,BDOGREM,BDOGREM,BDOGREM,NONE,OGRE,NONE,WTASIGHT
BDPWATER,ok,9a2677e54e71e4a6f993e55420969a38509603b2ed541ad490c2a5f9960982db,5000,128,243897,72,72,0x00000000,0,BDPWATER,BDPWATER,BDPWATER,BDENSHTV,BDNEREID,,
BDGFGUAX,ok,00afffa6386efeda5fec873ba6df8e6f68383239349130423d43998f50b17be9,1400,128,262456,90,90,0x00000000,0,bdgfguax,BDGFGUAX,,BDDSC2,BDSHOUT,BDFIGH01,
BDCRALRT,ok,a969145dd7e9a158b4d67a47237032215d2e282e402d320f55d637fa418785e7,650,128,236699,70,70,0x00000000,0,BDCRALRT,BDCRALRT,,BDDSC,BDSHOUT,BDFIGH01,BDCRALRT
BDCRU110,ok,5ac4074582bf27e6068f5b5b0d39920b8c7824e9146fd445274b5e10d57fd463,650,128,258654,70,70,0x00000000,0,BDCRU110,BDCRMERC,,,BDSHOUT,BDFIGH01,
BDHALAT,ok,d971e76cbcb8563cbc2342469ff046f3144cccf9cc691d5d57c2e683bacf74d5,10500,255,257270,140,140,0x00000000,0,BDHALATA,BDHALAT,BDHALAT,NONE,NONE,BDDRAGGH,NONE
BDKRUNTU,ok,d8d454de46ea4f344b312ee6891bd12e5b84e9743954df2c5fdb2a32ffe2ec17,0,29,22714,80,80,0x00000000,0,BDWELL01,BDKRUNTU,,,,,
L#2BDFF1,ok,65a3364ba94c50da35b23a5aa48c3165dc01e5cc1203fcd6db4809f9e97266ef,420,128,209443,70,70,0x00000000,0,L#2BDFF1,L#2BDFF1,L#2BDFF1,,BDSHOUT,BDFIGH01,
L#2BDFF2,ok,91da3d0a393bf8f65d4608c456cf97c174c7ab580f8182e0857bb445d1cb5b74,420,128,209443,70,70,0x00000000,0,L#2BDFF2,L#2BDFF2,L#2BDFF2,BDFIST,BDSHOUT,BDFIGH10,
L#2BRISL,ok,bc98f11bb565adf30d0037a8eb120f3a143a8d4867a514a27ce1000bf7c48136,0,128,304468,70,70,0x00000000,0,L#2BRISL,L#2BRISL,L#2BRISL,NONE,NONE,NONE,L#2BRISL
BDFINAL2,ok,b689200bfb9b4d48492883f4cf72c6cbc460e0ea2eee0e792ab4fc75156b6cb5,975,128,265185,56,56,0x00000000,0,BDFINAL2,BDFINAL2,BDFINAL,,BDSHOUT,BDFTHI01,NONE
BDFINAL3,ok,169fe10b5a5a3dfadad05c362fb2a7826cb5c7fc0b1d3d227d0d5b18cd6df3e5,975,128,265185,56,56,0x00000000,0,BDFINAL3,BDFINAL3,BDFINAL,,BDSHOUT,BDFTHI01,NONE
BDFINAL4,ok,6fa7d64f9ea4951e6170ecb0b2fc0afcb03a951393ae7462881a1217853601b7,975,128,265185,56,56,0x00000000,0,BDFINAL4,BDFINAL1,BDFINAL,,BDSHOUT,BDFTHI01,NONE
BDFINAL5,ok,110db13fdf70aa79ba5fab377fbd095d00477bdfc402f0c5560e6e82c8350be3,975,128,265185,56,56,0x00000000,0,BDFINAL5,BDFINAL1,BDFINAL,,BDSHOUT,BDFTHI01,NONE
BDFINAL1,ok,2b579ffdb6de226c36709e3a406e00d5c745f7f97877ffe69e46cee21f15c3e0,975,128,265185,56,56,0x00000000,0,BDFINAL1,BDFINAL1,BDFINAL,,BDSHOUT,BDFTHI01,NONE
K#TELBGT,ok,36a9d7568963fbc3366ca5c2a58f7b2c3303e2de171198c22e439cd9c80201d1,1,128,4294967295,78,78,0x00000010,0,K#TELBGT,,K#TELBGT,,,,
C02AKOKO,ok,74e0be0ad2c27a7abf52b0e02372606747c8ebe5ec2a2d053092081c2a499336,1,128,310282,8,8,0x00000000,0,c02akoko,C02AKOKO,C02AKOKO,NONE,NONE,NONE,NONE
BDDRGGRY,ok,eab8d973ae9cf5c6ac5ce3db4c5b2a2d2ae186b4538e2d2ab86ac86c6c687714,8000,255,269133,88,88,0x00000000,0,BDDRGGRY,,BDWYVR03,BDENSHTV,BDDRGGRY,,BDFIG00
BDCULTX2,ok,27a27d3c39fc5f408e81cc4ce8e4a5461aaf9bbbdbe7a7183fa8b4552a73fffd,420,128,264345,56,56,0x00000000,0,BDCULTX2,BDCULTX2,SHOUTDLG,,BDSHOUT,BDMONK01,NONE
BDSERVSU,ok,ed7af847bf27c960d6ea4ce3f4e9ad3b030e25c3261a1343cda9b882cda1371d,9000,255,225759,128,128,0x00000000,0,NONE,,,NONE,NONE,,DW2MC2MO
BDEPHRIK,ok,da5e0bc151a63f463a06cc7c1798264ecc270768e23784b254230101ab752850,300,128,270077,36,36,0x00000000,0,BDEPHRIK,BDEPHRIK,INITDLG2,,,,BDFIGH01
BDANGATH,ok,0af297957a618bbc4def90e56e04d3257bf4ab46d60b5210b9463c773098cb3c,5000,128,267318,72,72,0x00000000,0,BDANGATH,,BDANGATH,,,,
BDFFWIZ,ok,88fe3f5b42d46b0f6a2bf91941557ebc3165570b6608bc4e2a09f89d78b4ec3e,5000,128,211169,72,72,0x00000000,0,BDFFWIZ,,BDANGATH,,,,
BDTSMESS,ok,78f4c14fc1d5d44975d98b5212d6c6a3a02a156b886c697916cc5df3dd7476f7,5,128,212858,3,3,0x00000000,0,BDTSMESS,BDTSMESS,BDTSMESS,,,,
BDFISTM1,ok,d3d362ad0e77c28694218678348654fb2f093027c1beb6712dd938d3e02b57c5,5000,128,265138,48,48,0x00000000,0,BDFISTM1,BDFISTM1,,,BDSHOUT,BDMAGE01,
BDSALF01,ok,387e7be1d9fa5996b18293d2d71a60811cd332820c64431bf2748d29595cb38b,2000,255,225743,63,63,0x00000000,0,BDSALF01,,,BDENSHTV,,,BDFIG00
BDMEPF01,ok,23f5fc2128c7ca0ab80819041e3f40f5bd0c3c7598b2f7656f4a77e30ef21660,420,255,230286,25,25,0x00000000,0,BDMEPF01,,,BDENSHTV,BDMEPF01,,BDFIG00
BDELFIRL,ok,7f861070ef1dcd1559f5625670da57287031e3d75b6db2ee369262de10fca8cb,400,255,226705,48,48,0x00000000,0,BDELFIRL,,,BDENSHTV,,,BDFIG00
BDELFIRM,ok,79269f9ce5af8e3f4b8b6ddebc147a15ba5f9c1cf2921a3011a352f19c20f08e,6000,255,225569,96,96,0x00000000,0,BDELFIRM,,NONE,NONE,NONE,NONE,DW2MC2GE
BDELFIRG,ok,9064252d1fb825c33b1a6e791ff1ad5d9265071e787e604d4e4ae7c2157d9662,10000,255,226732,128,128,0x00000000,0,BDELFIRG,,NONE,NONE,NONE,NONE,DW2MC2GE
BDEFREET,ok,b0c8776da854c76526635c179109958973e888d9d06b0eddb5535bf29ab87db3,8000,255,225616,80,80,0x00000000,0,BDEFREET,,NONE,NONE,NONE,EFREET01,DW2MC2GE
BDMYC01,ok,045af6bb98bc3cd09446ade3959a8f7bfb59d29f32fdf574de772bfeda9b3c11,420,128,269072,40,40,0x00000000,0,BDMYC01,,BDMDEST,BDENSHTV,,BDMYCRD,BDFIG00
BDMYCELD,ok,f32123d7af810100481be197e1cfae79252ed320cb4dec4e146ae5bd5d38bddf,650,128,270489,48,48,0x00000000,0,BDMYCELD,BDMYCELD,BDMYCELD,BDMDEST,BDENSHTV,BDMYCRD,BDFIG00
BDTSOLAK,ok,8e20d1709f7f1de39e4cb7d9c93f8c805fed36a99983b48cb35fd38087d16612,8500,128,249326,67,67,0x00000000,0,BDTSOLAK,BDTSOLAK,BDTSOLAK,NONE,BDSHOUT,BDVAMP02,
BDBFORT3,ok,f57bf924208a511af85c299a8703cd9a3a04f803787a477f754bfc796220cd97,650,128,237101,70,70,0x00000000,0,BDBFORT3,BDBFORT3,BDBFORT3,BDFORT,BDSHOUT,BDFIGH01,
KHALID,ok,8f60e06bda9569e6ab2072ba5c45159f1c61c89494f65008772ca188e9cbc4f2,0,128,3138,12,12,0x00000000,0,Khalid,KHALID,KHALID,DW#URBHL,NONE,WTASIGHT,DPLAYER
BDGASS4,ok,035434d613f8668404ac292362102a3176ef2e2ad7c698b356133cac3142ec7a,75,255,25160,10,10,0x00000000,0,BDGASS4,BDFKSER1,BDGASS,,,,
BDCROWDM,ok,d190e6c976ccb4f79ece51925a3e2e5e10009003059e3fe9f1a226aeef87b4f5,15,128,209430,8,8,0x00000000,0,BDCROWDM,BDCROWDM,BDCRWDE,NONE,NONE,NONE,NONE
BDROWDY,ok,c171f4bd5babfbcde7642d5e74b4efe9ae32823fbc52307578444d87b7940ea8,15,128,209418,8,8,0x00000000,0,BDROWDY,BDROWDY,BDCRWDE,NONE,NONE,NONE,NONE
BDFISTCX,ok,2fc1d4879c6837e2ca63fdf81ebb660f8726e32573db361fcd3877ac4947832d,650,128,209443,70,70,0x00000000,0,BDFISTCX,BDFISTCX,BDFISTCX,,BDSHOUT,BDFIGH01,
BDCAELAR,ok,b9be6560ae26baa9ad7f02bb679fe279af71c5348346b55d25a2dc1f7ae34825,15000,128,235624,180,180,0x00000000,0,BDCAELAR,BDCAELAR,BDCAELAR,,,BDCAELAC,
BDCUTID2,ok,6dae21471081e1cfcda36cc4da948cfcd5ab975d05a5aa2e496c27a1da334ac4,0,128,4294967295,8,8,0x00000000,0,BDCUTID2,NONE,NONE,NONE,NONE,NONE,NONE
BDASHATI,ok,88136f60438d7c3985b5a828ad0a0b089c66bb124a8df6e5e310017f1046eff2,5000,128,238689,67,67,0x00000000,0,BDASHATI,BDASHATI,BDASHATI,,BDSHOUT,BDFMCL01,
BDCCSOL1,ok,b798ad6c2a59fe60a74f0b33dcd85cf62fef8a13a99d130f2959954515775f3e,420,128,236699,84,84,0x00000000,0,BDCCSOL1,,,NONE,NONE,NONE,
BDCCSOL2,ok,29dd65e3f69356a8b72e3c9a1be28f5399f39845af5a6605c0762747b9be6f8e,420,128,236699,84,84,0x00000000,0,BDCCSOL2,,,NONE,NONE,NONE,
BDCCSOL3,ok,374a3062fc01aa1fbf4e933a41d2a4406bfbd0a11f881e5699ec428ec1cd53f0,420,128,236699,84,84,0x00000000,0,BDCCSOL3,,,NONE,NONE,NONE,
BDCCSOL4,ok,e5ea8bb63d9dfa763780c55d7adc5af1412049c0322e691a475a71cff66fa44d,420,128,236699,56,56,0x00000000,0,BDCCSOL4,,,NONE,NONE,NONE,
BDCCSOL5,ok,b7a3f9137890a8b3d96e919fec5acd3f679e3ab8d4628534df0e939e14fa37a1,975,128,236699,64,64,0x00000000,0,BDCCSOL5,,,NONE,NONE,NONE,
BDCCREC1,ok,217fedac35a18da25323c5c6c0836b40d505bfe2293f8d6e7df63c68cccb3916,420,128,245494,42,42,0x00000000,0,BDCCREC1,,,NONE,NONE,NONE,
BDCCREC2,ok,c12d977f9c48a80f228524d25d70e85a7da3bd05434d1449b5737b9f6add7d16,420,128,245494,42,42,0x00000000,0,BDCCREC2,,,NONE,NONE,NONE,
BDCCREC3,ok,5d1770a8349827321056dfdf25a79efd4cdecbc891f8ccc20263bf9b9f57e33a,420,128,245494,84,84,0x00000000,0,BDCCREC3,,,NONE,NONE,NONE,
BDCCMAG1,ok,3e304c998e885fb061c12b862ab8c27ae85755b1a0108745dc3392ce3d799586,650,128,238237,28,28,0x00000000,0,BDCCMAG1,,,NONE,NONE,NONE,
BDCCMAG2,ok,01a152ff3668bf6b1a80b85588765e541959c8c450c353bfb8f985e3741ba49a,650,128,238237,28,28,0x00000000,0,BDCCMAG2,,,NONE,NONE,NONE,
BDCCOFF1,ok,cf5d5a2384a1f4a0c4374f200200c08d6e9bfd95109dd8538272e88935b57ae3,650,128,258649,84,84,0x00000000,0,BDCCOFF1,,,,,,
BDCCOFF2,ok,292522e56c3d088e8e0b6a4e6158a6e13deaf0272b9b3cca48ce2d93520ee774,650,128,258649,84,84,0x00000000,0,BDCCOFF2,,,NONE,NONE,NONE,
BDCCARC1,ok,7de79efced9e0ddd3098dc4a2c047ec0107560f79941a136a62aaef191685d7d,420,128,236698,70,70,0x00000000,0,BDCCARC1,,,NONE,NONE,NONE,
BDCCCLE1,ok,cc9ee2be944a38f73f678d19aa792d7514c3156197141432109a1696e6e710cc,650,128,240884,56,56,0x00000000,0,BDCCCLE1,,,NONE,NONE,NONE,
BDFSCOUT,ok,bfe26837536e7bf531ef3af7d0b39e62db08a55833aa5a28ddbd03cf0f547e87,420,128,244725,70,70,0x00000000,0,BDFSCOUT,BDFSCOUT,BDFSCOUT,,BDSHOUT,BDFIGH01,
BDFSCOU2,ok,15e8de3636927a41fe12208eee9afc396c08bde81964280f7365385eec7b98f1,650,128,238688,70,70,0x00000000,0,BDFSCOU2,BDFSCOUT,BDFSCOUT,,BDSHOUT,BDFIGH01,
BDBRAT,ok,e658d87dfb78dfaa83af72df9cac55edc792650c0b78f93dd589369dd93d9938,1,128,213722,8,8,0x00000000,0,BDBRAT,,BDBRAT,,,,
BDBSQUIR,ok,9d8e46e98da6052885a25ec833df62f85d93c62759e729b0386471d330748c1e,1,128,212796,8,8,0x00000000,0,BDBSQUIR,,BDBSQUIR,,,,
BDBGOBG1,ok,020d24b4c5afc823da670ce75510d0014a299f75cf130c92eb4b97fb9a3e005d,0,128,269070,30,30,0x00000000,0,BDBGOBG1,,,,,,
BDBGOBG2,ok,4f0a35e4696c373ccad4275dd9f48f8f229d3eb16d1f486de074faa2be8d50d2,0,128,269069,50,50,0x00000000,0,BDBGOBG2,,,,,,
BDBGOBG3,ok,b34d031f7190af69f322959b57161d199766e4196b5f9ccc7c16a024216b34be,0,128,269070,30,30,0x00000000,0,BDBGOBG3,,,,,,
BDSERV,ok,9201eca94082da59420d926312b982b1ef3af9166b99d8bf2641a9db5d5fd656,15,128,213879,10,10,0x00000000,0,BDSERV,BDSERV,BDSERV,NONE,NONE,NONE,NONE
BDHEPH2,ok,649c1f4251597cd7e825c51e7564f9550b5070ed722f7fefd050cbe236b98bd4,9000,128,235951,84,84,0x00000000,0,BDHEPH2,BDHEPHER,,,,,
BDMERCCR,ok,0540e1c62e89fd5fdcd2b2069fb622c703964bc69af1ee7576f11cbbce2cb3b4,420,128,258654,84,84,0x00000000,0,BDMERCCR,BDMERCCR,BDMERCCR,BD2000EN,BDSHOUT,BDFIGH01,
BDGARFOU,ok,601987c906faa936ab90b73b4aa400d643736e477e6a74fb9b621a0357a443a6,600,128,256496,50,50,0x00000000,0,BDGARFOU,BDGARFOU,BDDGOBL,,,,DW2MS2GE
BDDMAKGR,ok,4755ce3500ecced53bcf637538d97969796566204b5bbabb42a578313274b378,500,128,256497,40,40,0x00000000,0,BDDMAKGR,BDDMAKGR,BDDGOBL,,,,DW2MS2GE
BDSOTDAR,ok,020a7ceb51db16aa7cd8482e7ca7b735cb8cc24126b147005d6d6054cbd82732,500,128,256498,40,40,0x00000000,0,BDSOTDAR,BDSOTDAR,BDDGOBL,,,,DW2MS2GE
BDRGOSZ,ok,0ccfa0be1d10d58d90ee17307e5743ed7a820865dbb5e7bfe44e97175b5991da,500,128,256499,40,40,0x00000000,0,BDRGOSZ,BDRGOSZ,BDDGOBL,,,,DW2MS2GE
BDADOY,ok,4c581441b73be2133d432d5c363975704a4af8bbde66222bd2e2cf17b6e1872d,0,128,227639,4,4,0x00000000,0,BDADOY,BDADOY,,NONE,NONE,NONE,
BDCRUW45,ok,baceb132a5173a23c22a8b130fedaab82800dd602a3d8cb51b9105df59bbaf79,2000,128,238237,40,40,0x00000000,0,BDCRUW45,BDCRUS,,BDDSC,BDSHOUT,BDMAGE32,
BDDOSIA1,ok,03c32f344031728deef2bc63d3204abeea1762192406f59987cc08f51ff14e11,1400,128,258632,64,64,0x00000000,0,BDDOSIA,BDDOSIA,,BDBCOAL,BDSHOUT,BDCLER01,
BDWAVE11,ok,0ad3a16d26d14a25b8bc4a2d645b47c1272c9e6a87bd79702a74c6286fe6d065,1400,255,256625,64,64,0x00000000,0,BDWAVE1,BDWAVE11,,BDBWAVE,BDSHOUT,WTATROLL,
BDWAVE15,ok,bfa802969466ee9e1466933bc572a6ad306d8088c90eda3e89791d77bbfc0260,420,255,269182,70,70,0x00000000,0,BDWAVE1,,,BDBWAVE,BDSHOUT,BDFIGH01,
BDWAVE14,ok,406244a317f632af65640c1eb8346cecba0d142b7b96490e4656847e7802eacc,420,255,258654,70,70,0x00000000,0,BDWAVE1,,,BDBWAVE,BDSHOUT,BDFIGH01,
BDWAVE12,ok,e25117522b41eb07923fb0de9c9e0d39a20457eb41b800eaec433f053c6cae61,420,255,260338,70,70,0x00000000,0,BDWAVE1,,,BDBWAVE,BDSHOUT,BDFIGH01,
BDWAVE13,ok,ca2d410ae956090640149b15a5ca02c26d8f7bbe7be90a8e95b7d16e2e392763,1400,255,260339,80,80,0x00000000,0,BDWAVE1,,,BDBWAVE,BDSHOUT,BDFIGH01,
BDWAVE16,ok,b8c50cd2a4c3525276bf3dcd3548ea78c7d5886ded0520c078b785ab7ef7bdf6,1400,255,209354,51,51,0x00000000,0,BDWAVE16,,,BDBWAVE,BDSHOUT,BDFMAG01,
BDYAROK,ok,dccd4964672f3018a63301aa9ff13cc5d5c3f74e90f6949f6d6d49ad26575caa,2000,255,255003,100,100,0x00000000,0,BDYAROK,BDYAROK,,BDBWAVE,BDSHOUT,BDFIGH01,
BDCRUW48,ok,ac465d810611e278c3b74bcf8444e1df0ede32d469045a1ad1b94d95a74698bf,2000,128,238237,40,40,0x00000000,0,BDCRUW48,BDCRUS,,BDDSC,BDSHOUT,BDMAGE35,
BDCRUW49,ok,1d1cf7879e7e79b6e4e798055b1a9ac39cf24d5aca0533415e4f455e6502fd89,2000,128,238237,40,40,0x00000000,0,BDCRUW49,BDCRUS,,BDDSC,BDSHOUT,BDMAGE36,
BDCRUC49,ok,48855bbc12904eea3c9b2bf7faf555078edbd15627b5718e3bc34dade560b7ef,2000,128,240884,80,80,0x00000000,0,BDCRUC49,BDCRUS,,BDDSC,BDSHOUT,BDCLER37,
BDCRUS47,ok,73894466170ef6feb7678fd76006738ad675cc93532085a107b90312920a0d22,420,128,236699,70,70,0x00000000,0,BDCRUS47,BDCRUS,,BDDSC,BDSHOUT,BDFIGH10,
BDCRUE46,ok,4e1ae58fee7b70d8131a145cade8e8d8e94d252c23e58b82819f60f5c81ed3be,650,128,240885,84,84,0x00000000,0,BDCRUE46,BDCRUS,,BDDSC,BDSHOUT,BDFIGH10,
BDCRUX41,ok,b80fe5635a43b27abcaa0fddeed23a11217d0757212edbe60f3de0d148952ad1,975,128,238687,80,80,0x00000000,0,BDCRUX41,BDCRUS,,BDDSC,BDSHOUT,BDFIGH10,
BDCRUX40,ok,0bc6307ffc56741ea91c70dbb986ac92dd6def8c8938a1c2550ddb03e61fecec,975,128,238687,80,80,0x00000000,0,BDCRUX40,BDCRUS,,BDDSC,BDSHOUT,BDFIGH10,
BDCRUS53,ok,d088b8984ed51f38c6728765df3804757461f106b644dc6976cb1948e4ea127c,420,128,236699,70,70,0x00000000,0,BDCRUS53,BDCRUS,,BDDSC,BDSHOUT,BDFIGH10,
BDCRUE42,ok,5b06f6ac05bd608a2f8d94f72eda611e6961b35e4e098e87854ea1eeacac5084,650,128,240885,84,84,0x00000000,0,BDCRUE42,BDCRUS,,BDDSC,BDSHOUT,BDFIGH10,
BDGNARG,ok,619d85325af3a6fb648ab3c466ec8059d33a422082808abe5ecd3e1d91364d60,3000,128,237428,120,120,0x00000000,0,BDGNARG,BDGNARG,BDGNARG,BDDSC,BDSHOUT,BDFIGH39,
BDGNARG1,ok,bcb513f36ad15123dae07e860da62aef3225768b25a0c3e03059a10ecff7914d,420,128,258654,70,70,0x00000000,0,BDGNARG1,BDCRUS29,BDGNARG,BDDSC,BDSHOUT,BDFIGH11,
BDGNARG2,ok,7fd1e239c0913319143dbf94ef466cac1e8a36e1f0cd328ef7d85c5fbf972ed6,420,128,258654,70,70,0x00000000,0,BDGNARG2,BDCRUS29,BDGNARG,BDDSC,BDSHOUT,BDFIGH10,
BDGNARG5,ok,54ffe779c4e9958e6d415821fd57a7ae0fd9611b0eba3a0f2d31d742c57c01c3,2000,128,256990,80,80,0x00000000,0,BDGNARG5,BDCRUS29,BDGNARG,BDDSC,BDSHOUT,BDCLER39,
BDTOLIKS,ok,583adba3fba22444cb41aa2a362541f9f8e3f271a9ddd2cc479f74e6975f8cbb,1400,128,256625,64,64,0x00000000,0,BDTOLIKS,BDTOLIKS,BDTHRUDD,NONE,BDSHOUT,BDFIGH10,
BDTHRUDD,ok,bbe08f657426b679889cd792362db51d62ae7b78deec1f0f7af9570636d78061,1400,128,256625,64,64,0x00000000,0,BDTHRUDD,BDTHRUDD,BDTHRUDD,NONE,BDSHOUT,BDFIGH10,
BDMORRUK,ok,83e8a94601fa9baecac1e6a07501b926c0903c175cd1bea9b095507e2dd07f33,1400,128,256625,64,64,0x00000000,0,BDMORRUK,BDMORRUK,BDTHRUDD,NONE,BDSHOUT,BDFIGH10,
BDGNARG3,ok,b38b81b521699fddb938e149e5ce6be1efa65ce3a8cfeaf9ebc26e8ce0c71bba,975,128,258654,75,75,0x00000000,0,BDGNARG3,BDCRUS29,BDGNARG,BDDSC,BDSHOUT,BDFIGH11,
BDGNARG4,ok,4e1b88262c41418c65c305918028a4c95a204a6440e110aa5aa576ccaeb1dd78,1400,128,270578,72,72,0x00000000,0,BDGNARG4,BDCRUS29,BDGNARG,BDDSC,BDSHOUT,BDDRUI20,
BDCRUS51,ok,f087691ce368ee8450f8dbc4d4475ba2828684e7b290ce65c46b9119777d9fff,420,128,236699,70,70,0x00000000,0,BDCRUS51,BDCRUS,,BDDSC,BDSHOUT,BDFIGH10,
BDCRUS46,ok,f79478bdca038d2b3e7b85a0cd0dfd2ddd296cfbd046bec02a2301ae7315181c,420,128,236698,70,70,0x00000000,0,BDCRUS46,BDCRUS,,BDDSC,BDSHOUT,BDFIGH10,
BDCRUE44,ok,3939ea01505dea11532f85dd07fa3efc9f22310a78e3c40881c128db1a2ec61e,650,128,240885,84,84,0x00000000,0,BDCRUE44,BDCRUS,,BDDSC,BDSHOUT,BDFIGH10,
BDCRUS52,ok,e5232352678d573ab251fc62faa8131c1df1ee1af31b6aa0f71bcd69f1354414,420,128,236699,70,70,0x00000000,0,BDCRUS52,BDCRUS,,BDDSC,BDSHOUT,BDFIGH10,
BDTRIST2,ok,b66cd766c68b11f7231903fcd58fd928ceee006fb9c61ed1124d63b05dbb5828,2000,128,258826,100,100,0x00000000,0,BDTRISTI,BDTRISTI,,BDDSC,BDSHOUT,BDPAL20,
BDCRUC45,ok,7eb9ee884efab3f8cdb551893f8264ddb698ef7b2d6dcb6b89506b8e64c389e4,2000,128,240884,80,80,0x00000000,0,BDCRUC45,BDCRUS,,BDDSC,BDSHOUT,BDCLER33,
BDCRUS49,ok,55d9a8cb58782706f8cb89f769deb77866a1481e13f8a7b5f0c6e34f08705c39,420,128,236699,70,70,0x00000000,0,BDCRUS49,BDCRUS,,BDDSC,BDSHOUT,BDFIGH10,
BDCRUS48,ok,49b605c2e248bcc9e967046a7e835117fa8e817456237d0a3e38bbc7a7a506bf,420,128,236699,70,70,0x00000000,0,BDCRUS48,BDCRUS,,BDDSC,BDSHOUT,BDFIGH10,
BDDSARC4,ok,948874dff85c122f56dd9f0b084a280b7ca4c4fac469ebc7fa9559f8750b09ab,420,128,258654,70,70,0x00000000,0,BDDSARCH,BDCRUS29,BDDSARCH,,BDSHOUT,BDFIGH10,
BDDSARC2,ok,044461b8b4234ea93615be261b3c4166b6c80cc14272fe8e98a61494d3fa3f6d,420,128,236699,70,70,0x00000000,0,BDDSARCH,BDCRUS,BDDSARCH,,BDSHOUT,BDFIGH10,
BDDSARC3,ok,a5d99f508232dad6074cd7fb4e0c1a90597516ea0c1a9d7387e6647daeb9c500,420,128,236699,70,70,0x00000000,0,BDDSARCH,BDCRUS,BDDSARCH,,BDSHOUT,BDFIGH11,
BDDSARCH,ok,bc36099b4c95a7c74e9d8f9a61401c60044c169369e19829b4cc238b81ccf912,975,128,238687,80,80,0x00000000,0,BDDSARCH,BDCRUS,BDDSARCH,,BDSHOUT,BDFIGH10,
BDCHAL01,ok,5d0670272d8e6ab2b10a87e8dbfba57b5176544dc7e4f138d1a483e32bc13705,3000,255,270239,120,120,0x00000000,0,BDCHAL01,BDCRUS,BDCHALL,,BDSHOUT,BDFIGH32,
BDCHAL02,ok,215fc0c83503327d37422341049c8e6638f9bfda0924e8f1240aaedebbd71af0,3000,255,270240,120,120,0x00000000,0,BDCHAL02,BDCRUS,BDCHALL,,BDSHOUT,BDFIGH33,
BDCHAL03,ok,5eb355dc324f3b597ae2d2787785be8d1f708843f00c15547058054284704c5f,4000,255,270241,96,96,0x00000000,0,BDCHAL03,BDCRUS,BDCHALL,,BDSHOUT,BDCLER38,
BDCHAL04,ok,d33d521b1446f11c555ab164dcfcc53225e9f76fcb3e1d09bb20e08e7f1f6339,4000,255,270242,48,48,0x00000000,0,BDCHAL04,BDCRUS,BDCHALL,,BDSHOUT,BDMAGE37,
BDCHAL05,ok,470a20c396d981f0c4a86f22f179ed814c693439074e2f8ed9aeafd86ff5c01f,5000,128,265695,114,114,0x00000000,0,BDCHAL05,BDCRUS,BDCHALL,,BDSHOUT,BDTHIE10,
BDCHAL06,ok,6e2de6f32e71fac746bb0c59270db84fd10d51d12894c1bc257a133829a5e538,3000,255,270243,120,120,0x00000000,0,BDCHAL06,BDCRUS,BDCHALL,,BDSHOUT,BDFIGH34,
BDBARGH2,ok,c7cab10057a69291186d6e764b3fc6f261876b7e714281d8f756376b1058a931,3000,255,235623,120,120,0x00000000,0,BDBARGHE,BDBARGHE,BDCHALL,,BDSHOUT,BDFIGH35,
BDOLONE2,ok,24185704124460fb5ebb1e039a6a423682734ec8ddc14f596e209ac5359d1218,5000,255,237096,52,52,0x00000000,0,BDOLONEI,BDOLONEI,BDCHALL,,BDSHOUT,BDMAGE38,
BDCRUC46,ok,24501ee61e77e1a0b11ffe78b5d4117b7f7822f5348bf58e90f54c9047b60b84,2000,128,240884,80,80,0x00000000,0,BDCRUC46,BDCRUS,,BDDSC,BDSHOUT,BDCLER34,
BDCRUC47,ok,c1da36526230188b03764edd94e368d84e304e888d4569e9fd48872ea69a75dd,2000,128,240884,80,80,0x00000000,0,BDCRUC47,BDCRUS,,BDDSC,BDSHOUT,BDCLER35,
BDCRUW46,ok,bda220f3adb943ab183d9dc79c92c36a49a098531efae8300e78cfe5da06ccdf,2000,128,238237,40,40,0x00000000,0,BDCRUW46,BDCRUS,,BDDSC,BDSHOUT,BDMAGE33,
BDCRUW47,ok,e69d57998e922284d1abe4ea351036176535417e079fcb701cacc6de11fb9d39,2000,128,238237,40,40,0x00000000,0,BDCRUW47,BDCRUS,,BDDSC,BDSHOUT,BDMAGE34,
BDCRUE41,ok,b7ac4637eb3abf7d0631a0b1f00acb094f07ba858176fb10417a72565909e178,650,128,240885,84,84,0x00000000,0,BDCRUE41,BDCRUS,,BDDSC,BDSHOUT,BDFIGH10,
BDCRUE43,ok,8ddbefa261fe9da7c08e9ce3d198a21d24ffca4168394be80eb521b7fe6390ff,650,128,240885,84,84,0x00000000,0,BDCRUE43,BDCRUS,,BDDSC,BDSHOUT,BDFIGH10,
BDCRUM45,ok,f07ae3534f9b82e5a32644f98d34ee714209d398c01c349f156e7c0316222221,420,128,258654,70,70,0x00000000,0,BDCRUM45,BDCRUS,,BDDSC,BDSHOUT,BDFIGH11,
BDCRUM41,ok,a3e4afb00788baba0e9cff7cea1417f0d8b7bd818e2d94b4828a6d741e7acf2e,420,128,258654,70,70,0x00000000,0,BDCRUM41,BDCRUS,,BDDSC,BDSHOUT,BDFIGH10,
BDCRUM48,ok,2d30a031916218e9b19a1d54e89a7d5ef3ab342a3a68b95c15a2d923eda1eb1f,420,128,258654,70,70,0x00000000,0,BDCRUM48,BDCRUS,,BDDSC,BDSHOUT,BDFIGH10,
BDCRUM46,ok,95c1bc20e2161bc4847f8b93953849467b6b2cfeaf42cce1d30530711a0f6e17,420,128,258654,70,70,0x00000000,0,BDCRUM46,BDCRUS,,BDDSC,BDSHOUT,BDFIGH10,
BDCRUM42,ok,e4f04d32725d0e8e8c3bf4c02d50117ff2989a5b72a83ad7f108a17be3e2fb1d,420,128,258654,70,70,0x00000000,0,BDCRUM42,BDCRUS,,BDDSC,BDSHOUT,BDFIGH11,
BDCRUM40,ok,51138b9103d750d1736a75620ff782343afe0235fad558b30559a64013b12754,420,128,258654,70,70,0x00000000,0,BDCRUM40,BDCRUS,,BDDSC,BDSHOUT,BDFIGH10,
BDCRUM44,ok,32c82b235ea6b3d3f0e5a31fdf55078f002e02e072ed630ac04f95e7dd3a6152,420,128,258654,70,70,0x00000000,0,BDCRUM44,BDCRUS,,BDDSC,BDSHOUT,BDFIGH10,
BDCRUM43,ok,ec4abcbf40f01f5647ebaf972be3e849d2748d1daeb2e68f9c7cbd3da17fb47a,975,128,262255,90,90,0x00000000,0,BDCRUM43,BDCRUS,,BDDSC,BDSHOUT,BDFIGH36,
BDCRUM47,ok,252101ec9eaaed51767f213bcb00dac952b69a66e4b1ae4d8da872cb3668c90c,275,128,258654,60,60,0x00000000,0,BDCRUM47,BDCRUS,,BDDSC,BDSHOUT,BDFIGH10,
BDCRUS54,ok,09dac6ea51e70baa43029b5f201d14f5ece2f4d00228da3a74f596f13e98eb87,420,128,236699,70,70,0x00000000,0,BDCRUS54,BDCRUS,,BDDSC,BDSHOUT,BDFIGH10,
BDMALDE2,ok,dcb58de0772381109bbc0b3b6873f57672e9c7be070ec3a43b33c3da46dedc37,650,128,261732,59,59,0x00000000,0,BDMALDEN,BDMALDEN,,BDDSC,BDSHOUT,BDTHIE10,
BDCRUW44,ok,c804a5ff3f1ab0d9b7eae84860eaa065509ee5c7678b79f020e40364e910279e,975,128,238237,32,32,0x00000000,0,BDCRUW44,BDCRUS,,BDDSC,BDSHOUT,BDMAGE31,
BDCRUC43,ok,b28c9cc4e791a8f5cd7d6fb6bae08d030bb5dc01b15f91aaaf903af457315880,975,128,240884,64,64,0x00000000,0,BDCRUC43,BDCRUS,,BDDSC,BDSHOUT,BDCLER31,
BDCRUC44,ok,adce7a7cbbe8d3f1bc8813cab8224d1211d810b59898e58f6fba613f315feebe,975,128,240884,64,64,0x00000000,0,BDCRUC44,BDCRUS,,BDDSC,BDSHOUT,BDCLER32,
BDSALLO2,ok,beba5f7dfd131d60122f3a61bf3f81925a3d86cb80a8836349d3867f1bb12349,975,128,261285,80,80,0x00000000,0,BDSALLO,BDCRUS,,BDDSC,BDSHOUT,BDFIGH38,
BDCRUW43,ok,9de5da888eaa83a992f1527d0e2776c7d420937e95092ea9d2f0e755955f51d5,975,128,238237,32,32,0x00000000,0,BDCRUW43,BDCRUS,,BDDSC,BDSHOUT,BDMAGE30,
BDDREON2,ok,df074158c97fa9ec8c9b15fc4f41f4791a8782f36e20aba2a340934a0714aa21,1400,128,260298,90,90,0x00000000,0,BDDREON,BDDREON,,BDDSC,BDSHOUT,BDFIGH10,
BDCRUR40,ok,4687d671c73081eaf29bc06661b016842205b52bb1c0d14932137d86733de130,275,128,245494,60,60,0x00000000,0,BDCRUR40,BDCRUS,,BDDSC,BDSHOUT,BDFIGH10,
BDCRUR43,ok,38b7038eef9210ac1fa6c610a541483cad35db424888a19c833d42079b962d92,275,128,245494,60,60,0x00000000,0,BDCRUR43,BDCRUS,,BDDSC,BDSHOUT,BDFIGH10,
BDCRUR42,ok,335c3298ff251046a68d830564ebde61f70c63674c2af98b9d7ca3a3581d65d5,275,128,245494,60,60,0x00000000,0,BDCRUR42,BDCRUS,,BDDSC,BDSHOUT,BDFIGH10,
BDCRUR41,ok,d5f97656081f39d9baf8c96c0c4bffc4c886d841aea3374c2d1d8136ede3cea8,275,128,245494,60,60,0x00000000,0,BDCRUR41,BDCRUS,,BDDSC,BDSHOUT,BDFIGH10,
BDCRUC42,ok,a090df9d0201a9cda1d5de16273e9f1a16b185f1ac8bf063b81de3b8902b00df,975,128,240884,64,64,0x00000000,0,BDCRUC42,BDCRUS,,BDDSC,BDSHOUT,BDCLER30,
BDCCKOB1,ok,bcb004905d81e134a8edc0e5ae7f0e7eb5e5a112c60ce8a8bc40c3f688cef747,0,128,245494,8,8,0x00000000,0,BDCCKOB1,,NONE,NONE,NONE,NONE,
BDCCHOB2,ok,a5a531ddcbf89019bb0e28ec04e2a66d889bdf6de64a589ae45382ee2952b41d,0,128,245494,40,40,0x00000000,0,BDCCHOB2,,,,,,
BDCCOGR1,ok,29f1098f5afa9ae7948e289e5cc1e87588e3df275b3008a94c954dff67343a67,0,128,260339,50,50,0x00000000,0,BDCCOGR1,,,,,,
BDAHDREK,ok,4e79271aaa429db110b14c989ca57ff61990872ad0663d1148f4f82393a03405,2000,128,238549,40,40,0x00000000,0,BDAHDREK,BDAHDREK,BDAHDREK,,,,
BDFORCW1,ok,41367efcd86fdf15f4e3cf9667cc4f0d257ba4ef923da7ae31b46759a6c954f7,650,128,258654,70,70,0x00000000,0,BDFORCW1,BDCRUS,BDFORCW1,,,,
BDFORCW2,ok,46e4b8bbe6438a74042714b24949058c141cac93f11c176f8a434485c08280a2,975,128,238687,80,80,0x00000000,0,BDFORCW2,BDCRUS,BDFORCW1,,,,
BDFORCW3,ok,65504e00b910b263b4cbf4ea59f6d113bd85e728ebfa13a77c58ea9751318e46,650,128,258654,70,70,0x00000000,0,BDFORCW3,BDCRUS,BDFORCW1,,,,
BDFORCW4,ok,688a1bfbfb7c35c2bc2a8397f6d483ff26ce1e92beb3b40afc10c51082886307,650,128,236699,70,70,0x00000000,0,BDFORCW4,BDCRUS,BDFORCW1,,,,
BDFORCW5,ok,be66f0849c3f5e07c115e7336f6a8a3f49fc58117dc193eff98b3437c7b45782,650,128,236699,70,70,0x00000000,0,BDFORCW5,BDCRUS,BDFORCW1,,,,
BDFORCW6,ok,09496036703ebb30fcdfa158ae837582c578353bcf7d22a20fa6ac6611eeb895,650,128,236699,70,70,0x00000000,0,BDFORCW6,BDCRUS,BDFORCW1,,,,
BDHENSLE,ok,643d0fa1c73cc2139e6af990b12977c54b18d006545ec1123f6e8132ff617e8a,8000,128,240867,64,64,0x00000000,0,BDHENSLE,BDHENSLE,BDWARMAG,BDASC,BDSHOUT,BDMAGE42,
BDWARMA1,ok,132df2c03f7d3780b0bc2524c36488368f067730d5245767f34a7aecaf9b6155,5000,128,240900,102,102,0x00000000,0,BDWARMA1,BDWARMAG,BDWARMAG,BDASC,BDSHOUT,BDFMAG20,
BDWARMA2,ok,2c0723ac76acc1b97feda1968efdfccc4c13c61d8ac8fbddeb8b83c80e381103,5000,128,240900,102,102,0x00000000,0,BDWARMA2,BDWARMAG,BDWARMAG,BDASC,BDSHOUT,BDFMAG21,
BDWARMA3,ok,37ccc2bbfd4a33c361132c4c6310af6289f798e66e9c1195ebc48773792e9f3c,5000,128,240900,102,102,0x00000000,0,BDWARMA3,BDWARMAG,BDWARMAG,BDASC,BDSHOUT,BDFMAG22,
BDCLOVI2,ok,415e5748f796e937bb5fa6b33fbeb169b766e17d59b1bd4185b10fd9da88091d,420,128,258262,60,60,0x00000000,0,BDCLOVIS,BDCLOVIS,BDADS2,BDASC,BDSHOUT,BDFIGH11,
BDDAGFX3,ok,feee3fb7afc5351d8e88be22729a13b57b0249db715b5b9f753e7591ad6b3513,975,128,240866,80,80,0x00000000,0,BDDAGFX3,BDCOAL,BDADS2,BDASC,BDSHOUT,BDFIGH11,
BDMORLI2,ok,7de058caeccec12a9158d76bc597df94466376ef1baa100f660bdfff2c52a0d2,420,128,258257,60,60,0x00000000,0,BDMORLIS,BDMORLIS,BDADS2,BDASC,BDSHOUT,BDFIGH29,
BDDAGF31,ok,52c2c01325995f59626a724797d57e43b303eb1a90011b0b65b1e83aa2ba474a,420,128,238690,70,70,0x00000000,0,BDDAGF31,BDCOAL,BDADS2,BDASC,BDSHOUT,BDFIGH11,
BDDAGF30,ok,712428dd81b5a2de94cae0369340a9f35e28689688eaf4a1c1be82034c478f01,420,128,251904,70,70,0x00000000,0,BDDAGF30,BDCOAL,BDADS2,BDASC,BDSHOUT,BDFIGH10,
BDHESTE2,ok,b0a75d303171717c7db9ff2d92bcf8253007b69f995d5ad2e8ceb362f17e4d2e,975,128,258259,48,48,0x00000000,0,BDHESTER,BDHESTER,BDADS2,BDASC,BDSHOUT,BDBARD20,
BDDAGF32,ok,99863e9809eda2c6788d04e68a79661d4f1a8ab0a527153092c7c011e1578904,420,128,238690,70,70,0x00000000,0,BDDAGF32,BDCOAL,BDADS2,BDASC,BDSHOUT,BDFIGH10,
BDDANIN2,ok,cf2118c1c57a3eff71f2241b378f7c6f7f8f1e0b4720475a5420cab304687db3,420,128,258258,42,42,0x00000000,0,BDDANINE,BDDANINE,BDADS2,BDASC,BDSHOUT,BDTHIE01,
BDFIST32,ok,1fb5dc871e5f92ac9edd31d96fe90bcf28c21bc361e442fdeb8d0d0d8bfc5d05,420,128,209443,70,70,0x00000000,0,BDFIST32,BDCOAL,BDADS3,BDASC,BDSHOUT,BDFIGH10,
BDMIZHE2,ok,f79b2454ed801c4f783aa41d495264160cc07f73a02de17a19c8fa9c6d9ce5a1,2000,128,256405,108,108,0x00000000,0,BDMIZHEN,BDMIZHEN,BDADS3,BDASC,BDSHOUT,BDFCLE20,
BDWTRX3,ok,31f9c052a1bcff7f7d933d74aa1c759cc734444fee9c8833edd973579581b8ee,975,128,240865,80,80,0x00000000,0,BDWTRX3,BDCOAL,BDADS4,BDASC,BDSHOUT,BDFIGH10,
BDWTR32,ok,1ae943401f1452e425f7c2c064e28d75516e816c885eddf3eafb0e46b2b69580,420,128,238686,70,70,0x00000000,0,BDWTR32,BDCOAL,BDADS4,BDASC,BDSHOUT,BDFIGH10,
BDHALAS2,ok,234b336a1df7e894bc36d1ba53f5a0853cccd807fd002cd484621341e3cd158e,1400,128,258256,90,90,0x00000000,0,BDHALASA,BDHALASA,BDADS4,BDASC,BDSHOUT,BDFIGH10,
BDMUNSC2,ok,25eb0bc1cf2bf7fe1bfd045762413b5634d37aeb1758005d3578e4925b008e41,975,128,237098,96,96,0x00000000,0,BDMUNSCH,BDMUNSCH,BDMUNSCH,BDDSC,BDSHOUT,BDFIGH40,
BDKHARM2,ok,fe68a120fc0d3b18219196edb959dfc2f183b1cb62187935c0e66f82dbfca3ca,1400,128,237097,90,90,0x00000000,0,BDKHARM,BDKHARM,BDKHARM,BDDSC,BDSHOUT,BDFIGH41,NONE
BDCRUC48,ok,264d4677aa5e376121eac89a819b98d05a07b9926b9bf996988f0a7e40810cb6,2000,128,240884,80,80,0x00000000,0,BDCRUC48,BDCRUS,,BDDSC,BDSHOUT,BDCLER36,
BDHORMO2,ok,17a79a625d0edb2e2f0d2927a135df5b166f7e3dc176b01ddf79c0d22078a0cf,3000,128,238226,84,84,0x00000000,0,BDHORMOR,BDHORMOR,BDHORMOR,BDDSC,BDSHOUT,BDCLMA21,
BDSORAL2,ok,25a20911c13ccc1192145f87716a78d4f2bd4598b06c82e15bc051661ce1f43a,2000,128,265719,36,36,0x00000000,0,BDSORALI,BDSORALI,BDWARMAG,BDASC,BDSHOUT,BDMAGE40,NONE
BDDOSIA2,ok,650c0e2cdbddccb70a2f58fc174e765809bae61e5a3a6c5b78b48c5adbd11245,1400,128,258632,64,64,0x00000000,0,BDDOSIA,BDDOSIA,BDWARMAG,BDASC,BDSHOUT,BDCLER40,
BDHELVD2,ok,988de8440dae6444183576abc8e71aba7c72906550caf31c8b5b1001afaea9e2,420,128,261512,70,70,0x00000000,0,BDHELVDA,BDHELVDA,BDADS1,BDASC,BDSHOUT,BDFIGH10,
BDSTRUN2,ok,92d1a347a841163d030c7f3109fdd006eaba1a8829cef5dd0d7ac4873a8b7d27,5000,128,243895,52,52,0x00000000,0,BDSTRUNK,BDSTRUNK,BDSTRUNK,BDDSC,BDSHOUT,BDMAGE41,NONE
BDWELEDS,ok,3c6601c8f7539b0653ff75cfaac95cd0ffe2dc397ad876f1aad636ea858b049a,6000,255,243896,96,96,0x00000000,0,BDWELEDS,,,BDDSC,,,DW2MC2GE
BDWELEDG,ok,10787dad2aa03c87b56883f4797c89ebcce6cfa0377f23ca7c70f30c3c90fadd,10000,255,270596,128,128,0x00000000,0,BDWELEDG,,,BDDSC,,,DW2MC2GE
BDMURS2,ok,8dec2fdbae17990f9ce8e67cde5ad8a2f183ddfc652282994167a64b413dba56,2000,128,243890,72,72,0x00000000,0,BDMURS,BDMURS,BDADS2,BDASC,BDSHOUT,BDFMAG23,
BDOGREDS,ok,ff73d19e7965982cfdbd7f0e6dd234ab6f95370eb2e79ce423d073c7d13c6a35,1400,128,217561,70,70,0x00000000,0,BDOGREDS,BDOGREDS,BDADS2,BDASC,BDSHOUT,BDFIGH42,
BDSLUG2,ok,4f606201aeb5147e8c6260281607bcb483b2f09253e53695c0b543c191c01774,6000,128,261514,90,90,0x00000000,0,BDSLUG,BDSLUG,BDADS2,BDASC,BDSHOUT,BDFIGH43,
BDJULAN2,ok,a464cb03aa27fadef860e276fab1f223f4bb4cfb25720e5f91452b04d15fe471,4000,128,262592,92,92,0x00000000,0,BDJULANN,BDJULANN,BDJULRIG,BDDSC,BDSHOUT,BDCLMA22,
BDRIGAH2,ok,9923f0d14ef3618abd6376b04d88ecd445c55842ac4eb2843ffd37109b1d75e6,2000,128,262593,120,120,0x00000000,0,BDRIGAH,BDRIGAH,BDJULRIG,BDDSC,BDSHOUT,BDFIGH44,
BDDAGOFF,ok,d78ae09726932da2bb727b6e6ace3fb6844531b9af8cc303b02098337ba8060b,975,128,266146,80,80,0x00000000,0,BDDAGOFF,BDDAGOFF,,BDASC,BDSHOUT,BDFIGH01,
BDLIEUTG,ok,ee552c9aeaee27df52a936c4452e4cb1fd2fa29ee114362cf2c5657a7e0f253e,2000,128,240885,72,72,0x00000000,0,BDLIEUTG,BDCRUS,BDPLOT50,,BDSHOUT,BDCLER01,
BDLIEUTC,ok,c0188838724e2b0213dc687c989872b2fbe47c3a615e913d73ab251c40c64e1f,1400,128,240885,108,108,0x00000000,0,BDLIEUTC,BDCRUS,BDPLOT50,,BDSHOUT,BDFIGH01,
BDLIEUTE,ok,588e57cee4f68dd07dfc2b6ff922e57d7f425e2bd7d74d3336d20312eb312d56,1400,128,240885,96,96,0x00000000,0,BDLIEUTE,BDCRUS,BDPLOT50,,BDSHOUT,BDFTHI01,
BDLIEUTA,ok,c30104d6414c6c19738904861ed3d71ca10f6df2e9ff8f5b67fc31bc8bbddc73,1400,128,240908,108,108,0x00000000,0,BDLIEUTA,BDLIEUTA,BDPLOT50,,BDSHOUT,BDFIGH01,
BDCRUE55,ok,12e1a757b9f2f24418a72efa19f5f2614a48c6efe0354963eb1ac123e87d0ba8,2000,128,240885,120,120,0x00000000,0,BDCRUE55,BDCRUS,BDPLOT50,,BDSHOUT,BDFIGH01,
BDLIEUTD,ok,764756eb777d766e478920c48120c1ca6518609d74c719677e57f4f4f5027aa3,1400,128,240885,108,108,0x00000000,0,BDLIEUTD,BDCRUS,BDPLOT50,,BDSHOUT,BDFIGH01,
BDLIEUTB,ok,4e752d8d9247f077dcec9a537bfd43415404d2de2a69a26e227115572591c3b3,3000,128,240908,40,40,0x00000000,0,BDLIEUTB,BDLIEUTB,BDPLOT50,,BDSHOUT,BDMAGE01,
BDLIEUTF,ok,671cd2af6f4abb5b91ac497e64377d9d20d186a4c5bf0dab0b154e78a401bfdc,3000,128,240885,40,40,0x00000000,0,BDLIEUTF,BDCRUS,BDPLOT50,,BDSHOUT,BDMAGE01,
BDPREMAT,ok,e2aa925ec9ce8c0db34348d3e7aff058a13211d50e02d45a09fc2ca18ace8cc5,2000,128,241655,120,120,0x00000000,0,BDPREMAT,BDPREMAT,BDLIEUT,,BDSHOUT,BDFIGH01,
BDAUN2,ok,1473606ff22408fd46641df554a74edfdc0486804dfe3592510cb2f9c5806e3b,650,128,235953,70,70,0x00000000,0,BDAUN,BDAUN,BDAUN,,,NONE,
BDWTR80,ok,bc1bbc1359896c0b41260d7b5df8d1102acee88719a9a4c83368a1c54a9a6598,650,128,238686,70,70,0x00000000,0,BDWTR80,BDWTR80,,BDCOAL50,BDSHOUT,BDFIGH01,
BDFIST82,ok,12114d65d3835ef6cdc812231ee603c304dee7916b2a70322084b5adabd0f2fd,420,128,209443,70,70,0x00000000,0,BDFIST82,BDFIST80,,BDCOAL50,BDSHOUT,BDFIGH01,
BDWTR81,ok,efe8fed8924e35edfbe37c68d436ed28eac90df42a59bd2cbbaaad318f237097,650,128,238686,70,70,0x00000000,0,BDWTR81,BDWTR80,,BDCOAL50,BDSHOUT,BDFIGH01,
BDFIST80,ok,443f7597bbc32d4c29845cfa9f1036d8c084db8949202b2dc36d4094c1218444,420,128,209443,70,70,0x00000000,0,BDFIST80,BDFIST80,,BDCOAL50,BDSHOUT,BDFIGH01,
BDWTR82,ok,b8e6913ae510b35e12e70fdc6090998cdca7329a00f38de2c20cb69023d10e3d,650,128,238686,70,70,0x00000000,0,BDWTR82,BDWTR80,,BDCOAL50,BDSHOUT,BDFIGH01,
BDMEL,ok,a3fe5c8d5f52bd4d4b960400cdff0060cc071e9e7dca7fdd81572d67027cd168,975,128,240865,80,80,0x00000000,0,BDMEL,BDWTR80,,BDCOAL50,BDSHOUT,BDFIGH01,
BDFIST81,ok,b5f5db6a574362e8aac4ca9c24e6ab6803ff3a47d05040824b65901001e0421c,420,128,209443,70,70,0x00000000,0,BDFIST81,BDFIST80,,BDCOAL50,BDSHOUT,BDFIGH01,
BDWTR83,ok,5a858c4f24ddba0f8686de35ab828f35642f0dc746f921e840ca8932c12a2785,650,128,238686,70,70,0x00000000,0,BDWTR83,BDWTR80,,BDCOAL50,BDSHOUT,BDFIGH01,
BDDAZZO,ok,9a20b1eba57105b111be7adfc5372607da19cfbfa4a2562f93a6b3d52d75de83,975,128,270550,80,80,0x00000000,0,BDDAZZO,BDDAZZO,BDDAZZO,,BDSHOUT,BDFIGH01,
BDIMOITM,ok,39c9e78e235f1ca47a1a77456748e08fb4c7343ed019f091b2a9090b61b32642,0,128,4294967295,8,8,0x00000000,0,BDIMOITM,NONE,NONE,NONE,NONE,NONE,NONE
BDCLARA,ok,4dcdda90d68077b38b241568007103884da2512def598f0120c79ab579d20950,0,128,269592,48,48,0x00000000,0,bdclara,,,NONE,NONE,NONE,
BDFISTCE,ok,79dd15461a6c5c2c735746ad6898e3dd5c0842882fc01351d26d0cdd7dce8adb,420,128,213833,60,60,0x00000000,0,BDFISTCE,BDFISTCE,,,BDSHOUT,BDFIGH01,
BDFFSIT2,ok,b735b17a9d5239edeafb65824ee18f8e9f794f8f6d8351eb4318abe5e9bc2676,420,128,213833,50,50,0x00000800,1,BDFFSIT2,BDFISTCC,BDFISTCC,,BDSHOUT,BDFIGH01,
BDMERCZ,ok,18a584b709833865e26dc38a3397c9299205ba080d9fb7861a59225fddf4ee97,300,128,1082,56,56,0x00000000,0,BDMERCZ,BDMERCZ,BDMERCZ,NONE,NONE,NONE,NONE
BDFISTCD,ok,9805df7e3e327f7ecd5125a2b4adeb854dae2c16ee2051fe8b6d1a34e1847e87,420,128,213833,60,60,0x00000000,0,BDFISTCD,BDFISTCD,BDFISTCD,,BDSHOUT,BDFIGH01,
BDFISTCF,ok,1307e77fdf9678af0e017f8dea16506f1b8c229ae801713496db1d02de7436fd,420,128,213833,60,60,0x00000000,0,BDFISTCF,BDFISTCF,,,BDSHOUT,BDFIGH01,
BDFF1709,ok,338622fe20e7db3e8fc3a934ebf7cd362e7c052b3b10a2b32726406de22ed5dd,420,128,209443,70,70,0x00000000,0,BDFF1709,BDFF1709,BDMERCZ,,BDSHOUT,BDFIGH01,
BDCCSAR,ok,e9f593c44ec595407293964233636f9d2e73eb47ded6cf88c29d8b15f574dec6,0,128,212311,135,135,0x00000000,0,BDCCSAR,BDCCSAR,,,NONE,NONE,NONE
BDCCIRE,ok,c132879c0cbb3c56433659e3997a60f236d1be002ef41ff8a77a5ae5c6f2d7bf,26000,128,237432,96,96,0x00000000,0,BDCCIRE,BDCCIRE,,,,,
BDCCWOM,ok,96e955d5f4fd141c7d15093b10eefc727b43e3bb3d36e276f8d8385ad3c33878,15,128,212841,10,10,0x00000000,0,BDCCWOM,BDCCWOM,,NONE,NONE,NONE,NONE
BDCCGIRL,ok,5404cc5232fd8f8b1c50065e911823b44d0b4f342415a34e54b14c30cc981945,15,128,209406,10,10,0x00000000,0,BDCCGIRL,BDCCGIRL,,NONE,NONE,NONE,NONE
BDCCPEA,ok,671dda9ae345c9b1a69ca237c9c4c7bf339366a6d65b3d70542baac078b4186d,15,128,267317,10,10,0x00000000,0,BDCCPEA,BDCCPEA,,NONE,NONE,NONE,NONE
BDCCIMO,ok,60442c6245f1e21876848465ce973bbf887d99d2d2f11c0f25fd276381eae465,0,128,16453,36,36,0x00000000,0,BDCCIMO,BDCCIMO,,,NONE,NONE,
GORION,ok,db7f0fa4a884726f8803934bfb1674e43f9cee1162d8b781bc3c5cca6009f5ba,4000,128,211020,290,290,0x00000000,0,Gorion,GORION,NONE,GORION,NONE,NONE,NONE
BDCCCOR,ok,adec3e2ea0c7bbd95f78c8fea7820a01bdc5a7b1f3d03ff5a0e98c80088b8f3f,3000,128,235625,90,90,0x00000000,0,BDCCCOR,BDCCCOR,,,,,
BDCCROH,ok,2832e8f69055d8722536cf7e1c1958f35828983df6eb58529d48c2a0106d8a35,7,128,235627,8,8,0x00000000,0,BDCCROH,BDCCROH,,,,,
BDCCCAE,ok,69f33758a3e1afaf02ae24e037d2ab5f96bd0ede2a4ba3afff3cff329175979e,5000,128,235624,180,180,0x00000000,0,BDCCCAE,BDCCCAE,,,,,
BDBARTLE,ok,adfca467666d2e2dbb9f8ae49cb3593f2229ae1431924726d150a6a989e4ae6d,650,128,245195,70,70,0x00000000,0,BDBARTLE,BDBARTLE,BDBARTLE,,,,DW2MP2GE
BDHALAT2,ok,aa8e19ca8a12b0cedcc8a07169ce4c49ae22e5750ce291edb2c9d04cdd69ecc6,10500,128,257270,140,140,0x00000000,0,BDHALATA,BDHALAT,BDHALATA,NONE,NONE,BDDRAGGH,NONE
BDDM07,ok,465bfb379bede027bd531df288bcce777107ab3694dda57b74efbcaff42b4585,3000,128,257693,40,40,0x00000000,0,BDDM07,BDDM07,BDDMSH,NONE,BDSHOUT,BDMAGE01,NONE
BDDM08,ok,d128a04fcf21e1679d712353ea576cad59b7d846017a025df38de839148711e6,2000,128,257693,36,36,0x00000000,0,BDDM08,BDDM08,BDDMSH,NONE,BDSHOUT,BDMAGE01,NONE
BDDM09,ok,385394206b52a6204ca01983c28de91ce87f8faf0a26a41e4eac9b4c7d267a78,1400,128,257693,32,32,0x00000000,0,BDDM09,BDDM09,BDDMSH,NONE,BDSHOUT,BDMAGE01,NONE
BDFFXXII,ok,8b2bfc8d3dfe21f7a110ae9040556cd4d6588d889e8f466996b0e57c94e16a6e,420,128,213833,60,60,0x00000000,0,BDFFXXII,BDFFXXII,BDFFXXII,,BDSHOUT,BDFIGH01,
BDTHRIX,ok,d9646a3f0f03dcdf94b7d30de714fcef63eba9952bdf609b7d5c5b884bd97bd8,10000,128,240916,128,128,0x00000000,0,BDTHRIX,BDTHRIX,BDTHRIX,BDENSHTV,BDDCOR01,,BDFIG00
BDHALATA,ok,09cfa0855f65f5b98392dc6ebeacd802af4e5af040963754bf527c361faae5c9,10500,128,257270,140,140,0x00000000,0,BDHALATA,BDHALATA,BDHALATA,NONE,NONE,BDDRAGGH,NONE
BDHELDMO,ok,30b3253898d12066e36a736d1e765e1ff56f7fb46156b00a05cb1e331cb43076,420,128,240878,70,70,0x00000000,0,BDHELDMO,BDHELDMO,,BDDSC,BDSHOUT,BDFIGH01,
BDASHA05,ok,878b30671e6641cf4b7e8270113cd7e285bbced55ede337d30f6a914498a1c35,3000,128,270237,82,82,0x00000000,0,BDASHA05,BDCRUS,BDDSC,BDCRUSDS,BDSHOUT,BDFMAG01,
BDASHA02,ok,554f326373a08048b01ec9d75b833e521534c7e542445495cae69d44f0294cbf,3000,128,270234,44,44,0x00000000,0,BDASHA02,BDCRUS,BDDSC,BDCRUSDS,BDSHOUT,BDMAGE01,
BDASHA04,ok,b4270d8c6bf46bf9831a89eff8cb527b41d96a40da496510829a924ba82edcad,2000,128,270236,70,70,0x00000000,0,BDASHA04,BDCRUS,BDDSC,BDCRUSDS,BDSHOUT,BDFTHI01,
BDASHA06,ok,156dbb2e61d35cfddb39e35378bfabc88b56145dc7bb32089074dcad760d2e31,2000,128,270238,81,81,0x00000000,0,BDASHA06,BDCRUS,BDDSC,BDCRUSDS,BDSHOUT,BDFCLE01,
BDASHA01,ok,97a4536f2fb25c0fbe488bff80cabfdfabd628b4517ea86c351132c3d80f6925,2000,128,270233,100,100,0x00000000,0,BDASHA01,BDCRUS,BDDSC,BDCRUSDS,BDSHOUT,BDFIGH01,
BDASHA03,ok,777147900b3fecb48e6ec9c838a9da6351a7d62d07953b578f32ff82813ef001,2000,128,270235,100,100,0x00000000,0,BDASHA03,BDCRUS,BDDSC,BDCRUSDS,BDSHOUT,BDPAL01,
BDBWOOSH,ok,d04e1f6702bd7f6d7de17f190d18ce646c94728bce27e5b0d82b70a41fd29055,0,128,4294967295,8,8,0x00000000,0,BDBWOOSH,BDBWOOSH,,,,,
RAT2,ok,09b31efb4d6cc4029f84b52c24c6c94efb911fcd00226d061f862a3946608873,1,255,213722,8,8,0x00000000,0,REVRAT,NONE,NONE,NONE2,,NONE,DW2MM2MO
BDMUGG1,ok,cceb1f881e46e9bba45e8abafa5ce109058e0782be3cf9a7a545314b14d43e5c,650,255,267366,80,80,0x00000000,0,BDMUGG1,BDMUGG1,,NONE,NONE,BDSHOUT,BDFIGH01
BDMUGG2,ok,49b571d6ba434150cc4524a47c1b3ef995e9f31f3adaf4cda1e7fb1796f12862,650,255,267366,48,48,0x00000000,0,BDMUGG2,BDMUGG2,,NONE,NONE,BDSHOUT,BDTHIE01
BDMUGG3,ok,ef73fec1165e8661bf34774e356e18724586a3b120f7a18bc86367e281871019,650,255,267366,80,80,0x00000000,0,BDMUGG3,BDMUGG3,,NONE,NONE,BDSHOUT,BDFIGH01
BDNUBER1,ok,effa1232740cc86997ef2d72f73d3f81bcf690aae500119caf8a3f477f0219cc,15,128,270088,8,8,0x00000000,0,BDNUBER1,BDNUBER,BDNUBER,,,,WTRUNSGT
BDNUBER2,ok,10017c5eaf14decdc932fdc12ac7a8d4e8d1d8bcd2d1e67f2d5c4cfd1f1b5602,250,255,270088,60,60,0x00000000,0,BDNUBER2,BDNUBER,,BDNUBER,BDENSHTV,,BDFIG00
BDMEPI01,ok,b191184672559f718ba188202d0aede5a9659bc21c44f7e42687f2849fecce95,420,255,230287,24,24,0x00000000,0,BDMEPI01,,,BDENSHTV,BDMEPI01,,BDFIG00
BDMEPL01,ok,6bed7211c1130db8c9fe92a08ae4e873ef0722f765c472bae5ace612faeb8160,420,255,267363,24,24,0x00000000,0,BDMEPL01,,,BDENSHTV,BDMEPL01,,BDFIG00
BDMEPE01,ok,2a6d7a1502f9b902ef0b430a98fb0176c9c586a1d4aae707008955edfbafa63b,420,255,230285,26,26,0x00000000,0,BDMEPE01,,,BDENSHTV,BDMEPE01,,BDFIG00
BDCUTSP6,ok,be0f61e015505c407af2cfd9345cfd2967a78300bfafe2159dd30b7cb905af5e,0,128,4294967295,8,8,0x00000000,0,BDCUTSP6,NONE,NONE,NONE,NONE,NONE,NONE
BDPUDDBL,ok,9a1c4e925be42dd6d4ade0dcae82c18883c4ddf597b95408932b4bf174cab5bd,1400,255,259880,80,80,0x00000000,0,BDPUDDBL,,,,BDPUDDBL,,DW2RM2MO
BDSHAD02,ok,a1f5577afc6ba6c607c7cbdee1649f74e76f17fd3ff4fe299d0815dcf05e33e5,420,255,264682,40,40,0x00000000,0,BDSHAD02,,BDENSHTV,BDSHTAUN,,,BDNONIN
BDCCORC1,ok,f055988d6088b7a52d86cc44dbf5bf44754898066ff5acf4f02d0212528d098b,0,128,260338,40,40,0x00000000,0,BDCCORC1,,,,,,
BDWRAT,ok,99ed3e03deaeabf3f51932eef9da73fb80f2e4edc658af3f5e5ff68237409af0,420,202,261500,56,56,0x00000000,0,bdwrat,BDWRAT,NONE,,NONE,NONE,DW2MS2GE
BDRAGGEM,ok,dfa2703b96fb1bfa63e156f497a94cdcb43e8a674f022863a9c4dd53077d7c8c,420,128,257001,40,40,0x00000000,0,BDRAGGEM,BDRAGGEM,BDBATTUK,,SHOUT,BDDRUI01,
BDSICKLY,ok,97301e66a91ee7c809874bf8a38a7c18e607f0bfc6a89ca6e14ade2378f8c1ab,120,128,257003,40,40,0x00000000,0,BDSICKLY,BDSICKLY,BDBATTUK,NONE,SHOUT,BDFIGH01,
BDSABN,ok,93836941b351f49793a879b3dd1fd33159d46b4b926e237a1d9eab2f6d00915a,270,128,257000,50,50,0x00000000,0,BDSABN,,BDBATTUK,,SHOUT,BDFIGH01,
BDGOBBO1,ok,25729c13089e4b80c083aacb073fcd352f7d0b000257d538da19e6e407544595,25,128,227641,20,20,0x00000000,0,BDGOBBO1,,BDBATTUK,NONE,NONE,SHOUT,DW2MS2GE
BDGOBBO2,ok,7a7262b031166cde6bab26b975bf59f7d8cbab48c1a38aaca7a7a8705a2153c8,35,128,227641,20,20,0x00000000,0,BDGOBBO2,,BDBATTUK,NONE,SHOUT,BDFIGH01,
BDRIDER1,ok,48cc5d478746e98b1b2365e27eafe90b8e227e012d826b76401c056258b03b78,175,128,257004,30,30,0x00000000,0,BDRIDER1,,BDBATTUK,,SHOUT,BDFIGH01,
BDBATTUK,ok,97cd121dca258851168c1c7c3a7674336a3c50038fc65dfe601ced68692db04f,420,128,256997,60,60,0x00000000,0,BDBATTUK,BDBATTUK,BDBATTUK,,SHOUT,BDFIGH01,
MEPMAG01,ok,4276e082c38cacf59e6ea32ad5d4fb179b92c98d0989686f84e2ecc3d1c7d6f5,420,255,264454,27,27,0x00000000,0,MEPMAG01,,,BDENSHTV,MEPMAG,,BDFIG00
BDSPIRIT,ok,bb87a04a7d41bb589089edd6932ca489c2cfc402697f0fc5e7e3ed4e232b2f9e,3000,128,264678,59,59,0x00000000,0,BDSPIRIT,BDSPIRIT,BDSPIRIT,BDENSHTV,,,BDFIG00
BDSHJELL,ok,a63ffcca4d13ef945ce551142b214883723102d431a91a8eea8aa9ac34b75496,270,255,209389,48,48,0x00000000,0,BDSHJELL,,,BDENSHTV,,,BDNONIN
BDHELP04,ok,16a599af516d430e5174c14e856f4538f7043be07294e4e5a845e79f32889f54,0,4,225544,33,33,0x00000000,0,BDHELP04,,BDHELP,NONE,NONE,NONE,DW2MP2MO
BDSTONEC,ok,3e81795b45876662d807c9e5acc344dff2ae3146f6bae8e454dda1a8140b8c8a,0,128,0,1000,1000,0x00000000,0,bdstonec,NONE,NONE,NONE,NONE,NONE,NONE
BDPETSG,ok,ad328635d79f6857a546a326c590ac05770b15990ba3b438755b161711bada16,2000,128,269183,80,80,0x00000000,0,BDPETSG,,,,BDPETSG,BDFIGH01,
BDURE6A,ok,26385f4867e0a73ef4fadb33ea84937e62a0a9abc923e4a1b472aa052be5c738,15,128,252888,8,8,0x00000000,0,BDURE6A,BDURE6A,BDURE6A,,,,
BDURE6B,ok,92f4987f8cd57f6ed0f3fc9bae4503dd98039f021d7d47987956a5c2c7bf53d4,15,128,252888,8,8,0x00000000,0,BDURE6B,BDURE6A,BDURE6A,NONE,NONE,NONE,NONE
BDURE6C,ok,208dfb4d16cd163c1f7c622adf8ab47e509e76ee4cd3e97f339b47fa7c3604f4,15,128,252888,8,8,0x00000000,0,BDURE6C,BDURE6A,BDURE6A,,,,
BDURE6D,ok,e22c46fc3b4590190bc92ac16875410c0d5e4206a5d7f36c0cf5ff83d94bc83a,65,255,206629,24,24,0x00000000,0,BDURE6D,,BDURE6D,,WOLF,,DW2MP2MO
BDFIST61,ok,1efd6c6dcdb71491da33f292bf708af095430d5960936e5c5090adfa5e26f717,420,255,209443,70,70,0x00000000,0,BDFIST61,BDFIST61,BDFIST60,,BDSHOUT,BDFIGH01,
BDFIST62,ok,c7b49876b113fb4b3df64f5ac58534783baa45c120642804cf2135255eb3be6b,420,255,209443,70,70,0x00000000,0,BDFIST62,BDFIST62,BDFIST60,,BDSHOUT,BDFIGH01,
BDFIST63,ok,9a391d4186231ea745b705d4b74b494dcb5322e5244bcb11c14fc113bd43c6a1,420,255,209443,70,70,0x00000000,0,BDFIST63,BDFIST60,BDFIST63,,BDSHOUT,BDFIGH01,
BDFISTM3,ok,6507899e4479eba92b057646a22acb517d0d969009cf66d057078adedaccb65e,2000,255,246365,40,40,0x00000000,0,BDFISTM3,,BDFIST63,,BDSHOUT,BDMAGE01,
BDMEPHIW,ok,b64ae62882634b029ef5a62b1d78a519fe2aa0a7c2203a81a7e67e4ea45945a9,420,255,256596,27,27,0x00000000,0,BDMEPHIW,BDMEPHIW,BDMEPHIW,NONE,NONE,NONE,BDMEPWAT
