script,line,action,cre_or_group,reference_kind,cre_available
BD0010.BCS,104,CreateCreature,BDOPHYLL,cre,1
BD0010.BCS,124,CreateCreature,BDOPHYLL,cre,1
BD0010.BCS,180,CreateCreature,BDCOMM1,cre,1
BD0010.BCS,186,CreateCreature,BDCOMM2,cre,1
BD0010.BCS,192,CreateCreature,BDCOMF1,cre,1
BD0010.BCS,198,CreateCreature,BDNOBF1,cre,1
BD0010.BCS,204,CreateCreature,BDNOBM2,cre,1
BD0010.BCS,216,CreateCreature,BDFATWOM,cre,1
BD0010.BCS,222,CreateCreature,BDNOBM5,cre,1
BD0010.BCS,228,CreateCreature,BDCOMF2,cre,1
BD0010.BCS,234,CreateCreature,BDCOMF5,cre,1
BD0010.BCS,240,CreateCreature,BDNOBM4,cre,1
BD0010.BCS,252,CreateCreature,BDCOMM6,cre,1
BD0010.BCS,258,CreateCreature,BDCOMF6,cre,1
BD0010.BCS,264,CreateCreature,BDCOMF4,cre,1
BD0010.BCS,270,CreateCreature,BDNOBF6,cre,1
BD0010.BCS,276,CreateCreature,BDNOBM7,cre,1
BD0010.BCS,288,CreateCreature,BDFISTCC,cre,1
BD0010.BCS,294,CreateCreature,BDFATMAN,cre,1
BD0010.BCS,300,CreateCreature,BDGIRL,cre,1
BD0010.BCS,306,CreateCreature,BDNOBF3,cre,1
BD0010.BCS,318,CreateCreature,BDBOY,cre,1
BD0010.BCS,324,CreateCreature,BDDWARF,cre,1
BD0010.BCS,330,CreateCreature,BDNOBM7,cre,1
BD0010.BCS,336,CreateCreature,BDNOBF7,cre,1
BD0020.BCS,51,CreateCreature,BDZELMA,cre,1
BD0020.BCS,74,CreateCreature,BDTHUG06,cre,1
BD0020.BCS,150,CreateCreature,BDCOMM1,cre,1
BD0020.BCS,156,CreateCreature,BDCOMM3,cre,1
BD0020.BCS,162,CreateCreature,BDCOMF1,cre,1
BD0020.BCS,168,CreateCreature,BDNOBM1,cre,1
BD0020.BCS,174,CreateCreature,BDFATMAN,cre,1
BD0020.BCS,180,CreateCreature,BDNOBM2,cre,1
BD0020.BCS,192,CreateCreature,BDCOMM2,cre,1
BD0020.BCS,198,CreateCreature,BDCOMM4,cre,1
BD0020.BCS,204,CreateCreature,BDCOMF2,cre,1
BD0020.BCS,210,CreateCreature,BDNOBF1,cre,1
BD0020.BCS,216,CreateCreature,BDFATWOM,cre,1
BD0020.BCS,222,CreateCreature,BDNOBM3,cre,1
BD0020.BCS,234,CreateCreature,BDCOMM5,cre,1
BD0020.BCS,240,CreateCreature,BDCOMF7,cre,1
BD0020.BCS,246,CreateCreature,BDCOMF6,cre,1
BD0020.BCS,252,CreateCreature,BDNOBF6,cre,1
BD0020.BCS,258,CreateCreature,BDNOBM7,cre,1
BD0020.BCS,264,CreateCreature,BDDWARF,cre,1
BD0020.BCS,276,CreateCreature,BDCOMM6,cre,1
BD0020.BCS,282,CreateCreature,BDCOMF3,cre,1
BD0020.BCS,288,CreateCreature,BDCOMF5,cre,1
BD0020.BCS,294,CreateCreature,BDNOBF7,cre,1
BD0020.BCS,300,CreateCreature,BDNOBM4,cre,1
BD0020.BCS,306,CreateCreature,BDNOBM1,cre,1
BD0020.BCS,318,CreateCreature,BDGIRL,cre,1
BD0020.BCS,324,CreateCreature,BDCOMM2,cre,1
BD0020.BCS,330,CreateCreature,BDCOMF6,cre,1
BD0020.BCS,336,CreateCreature,BDNOBF7,cre,1
BD0020.BCS,342,CreateCreature,BDNOBM4,cre,1
BD0020.BCS,348,CreateCreature,BDBOY,cre,1
BD0020.BCS,360,CreateCreature,BDCOMM7,cre,1
BD0020.BCS,365,CreateCreature,BDCOMF4,cre,1
BD0020.BCS,371,CreateCreature,BDCOMF7,cre,1
BD0020.BCS,376,CreateCreature,BDCOMM4,cre,1
BD0020.BCS,382,CreateCreature,BDCOMM2,cre,1
BD0030.BCS,144,CreateCreature,BDCOMM1,cre,1
BD0030.BCS,150,CreateCreature,BDCOMM3,cre,1
BD0030.BCS,156,CreateCreature,BDCOMF1,cre,1
BD0030.BCS,162,CreateCreature,BDNOBM1,cre,1
BD0030.BCS,168,CreateCreature,BDFATMAN,cre,1
BD0030.BCS,174,CreateCreature,BDNOBM2,cre,1
BD0030.BCS,186,CreateCreature,BDCOMM2,cre,1
BD0030.BCS,192,CreateCreature,BDCOMM4,cre,1
BD0030.BCS,198,CreateCreature,BDCOMF2,cre,1
BD0030.BCS,204,CreateCreature,BDNOBF1,cre,1
BD0030.BCS,210,CreateCreature,BDCOMF7,cre,1
BD0030.BCS,216,CreateCreature,BDNOBM3,cre,1
BD0040.BCS,65,CreateCreatureImpassable,BDFISTCC,cre,1
BD0040.BCS,66,CreateCreatureImpassable,BDFIST1A,cre,1
BD0040.BCS,148,CreateCreature,BDCOMM1,cre,1
BD0040.BCS,154,CreateCreature,BDCOMF1,cre,1
BD0040.BCS,160,CreateCreature,BDNOBM1,cre,1
BD0040.BCS,166,CreateCreature,BDFATMAN,cre,1
BD0040.BCS,172,CreateCreature,BDDWARF,cre,1
BD0040.BCS,184,CreateCreature,BDCOMM2,cre,1
BD0040.BCS,190,CreateCreature,BDCOMF2,cre,1
BD0040.BCS,196,CreateCreature,BDCOMM3,cre,1
BD0040.BCS,202,CreateCreature,BDNOBM4,cre,1
BD0040.BCS,208,CreateCreature,BDREFGM1,cre,1
BD0040.BCS,214,CreateCreature,BDREFGF1,cre,1
BD0040.BCS,220,CreateCreature,BDNOBM5,cre,1
BD0040.BCS,226,CreateCreature,BDREFGF4,cre,1
BD0040.BCS,232,CreateCreature,BDREFGF3,cre,1
BD0040.BCS,244,CreateCreature,BDCOMF3,cre,1
BD0040.BCS,250,CreateCreature,BDCOMM4,cre,1
BD0040.BCS,256,CreateCreature,BDCOMF4,cre,1
BD0040.BCS,262,CreateCreature,BDREFGM2,cre,1
BD0040.BCS,268,CreateCreature,BDREFGF2,cre,1
BD0040.BCS,274,CreateCreature,BDREFGM3,cre,1
BD0040.BCS,280,CreateCreature,BDCOMF6,cre,1
BD0040.BCS,286,CreateCreature,BDCOMM6,cre,1
BD0040.BCS,292,CreateCreature,BDNOBM2,cre,1
BD0050.BCS,122,CreateCreature,BDCOMM1,cre,1
BD0050.BCS,128,CreateCreature,BDCOMF1,cre,1
BD0050.BCS,134,CreateCreature,BDNOBM1,cre,1
BD0050.BCS,140,CreateCreature,BDFATMAN,cre,1
BD0050.BCS,146,CreateCreature,BDCOMM2,cre,1
BD0050.BCS,152,CreateCreature,BDCOMF4,cre,1
BD0050.BCS,158,CreateCreature,BDNOBM2,cre,1
BD0050.BCS,164,CreateCreature,BDBOY,cre,1
BD0050.BCS,170,CreateCreature,BDCOMF5,cre,1
BD0050.BCS,182,CreateCreature,BDDWARF,cre,1
BD0050.BCS,188,CreateCreature,BDCOMF2,cre,1
BD0050.BCS,194,CreateCreature,BDNOBF1,cre,1
BD0050.BCS,200,CreateCreature,BDFATWOM,cre,1
BD0050.BCS,206,CreateCreature,BDNOBF3,cre,1
BD0050.BCS,212,CreateCreature,BDCOMM5,cre,1
BD0050.BCS,218,CreateCreature,BDCOMM4,cre,1
BD0050.BCS,224,CreateCreature,BDGIRL,cre,1
BD0050.BCS,230,CreateCreature,BDNOBM4,cre,1
BD0050.BCS,242,CreateCreature,BDCOMF1,cre,1
BD0050.BCS,248,CreateCreature,BDCOMF2,cre,1
BD0050.BCS,254,CreateCreature,BDNOBF1,cre,1
BD0050.BCS,260,CreateCreature,BDFISTCC,cre,1
BD0050.BCS,266,CreateCreature,BDNOBM3,cre,1
BD0050.BCS,272,CreateCreature,BDCOMM4,cre,1
BD0050.BCS,284,CreateCreature,BDCOMF1,cre,1
BD0050.BCS,290,CreateCreature,BDCOMF2,cre,1
BD0050.BCS,296,CreateCreature,BDNOBF1,cre,1
BD0050.BCS,302,CreateCreature,BDFISTCC,cre,1
BD0050.BCS,308,CreateCreature,BDNOBM3,cre,1
BD0050.BCS,314,CreateCreature,BDCOMM4,cre,1
BD0062.BCS,26,CreateCreatureEffect,JELLOC,cre,1
BD0062.BCS,27,CreateCreatureEffect,BDMCARRI,cre,1
BD0062.BCS,29,CreateCreatureEffect,BDMCARRI,cre,1
BD0062.BCS,30,CreateCreatureEffect,JELLOC,cre,1
BD0062.BCS,32,CreateCreatureEffect,BDOTYG01,cre,1
BD0062.BCS,43,CreateCreatureEffect,JELLOC,cre,1
BD0062.BCS,44,CreateCreatureEffect,BDMCARRI,cre,1
BD0062.BCS,46,CreateCreatureEffect,BDCCRAW1,cre,1
BD0062.BCS,47,CreateCreatureEffect,JELLOC,cre,1
BD0062.BCS,49,CreateCreatureEffect,BDOTYG02,cre,1
BD0062.BCS,60,CreateCreatureEffect,JELLOC,cre,1
BD0062.BCS,61,CreateCreatureEffect,BDCCRAW1,cre,1
BD0062.BCS,63,CreateCreatureEffect,BDCCRAW1,cre,1
BD0062.BCS,64,CreateCreatureEffect,JELLOC,cre,1
BD0062.BCS,66,CreateCreatureEffect,BDCCRAW1,cre,1
BD0064.BCS,46,CreateCreature,BDURE4D,cre,1
BD0064.BCS,47,CreateCreature,BDURE4E,cre,1
BD0064.BCS,48,CreateCreature,BDURE4E,cre,1
BD0100.BCS,69,CreateCreature,BDFISTCC,cre,1
BD0100.BCS,71,CreateCreature,BDFISTCC,cre,1
BD0100.BCS,73,CreateCreature,BDFISTCC,cre,1
BD0100.BCS,75,CreateCreature,BDFISTCL,cre,1
BD0100.BCS,77,CreateCreature,BDSERV1,cre,1
BD0100.BCS,79,CreateCreature,BDSERV1,cre,1
BD0100.BCS,81,CreateCreature,BDSERV1,cre,1
BD0100.BCS,107,CreateCreature,BDGASS1,cre,1
BD0100.BCS,108,CreateCreature,BDGASS2,cre,1
BD0100.BCS,109,CreateCreature,BDGASS3,cre,1
BD0100.BCS,126,CreateCreature,BDNOBM2,cre,1
BD0100.BCS,132,CreateCreature,BDNOBF1,cre,1
BD0100.BCS,138,CreateCreature,BDNOBF4,cre,1
BD0100.BCS,144,CreateCreature,BDNOBM1,cre,1
BD0101.BCS,21,CreateCreature,BDFISTEX,cre,1
BD0101.BCS,24,CreateCreature,BDFISTEX,cre,1
BD0101.BCS,27,CreateCreature,BDFISTEX,cre,1
BD0101.BCS,30,CreateCreature,BDFISTEX,cre,1
BD0101.BCS,33,CreateCreature,BDFISTEX,cre,1
BD0101.BCS,36,CreateCreature,BDFISTEX,cre,1
BD0101.BCS,39,CreateCreature,BDFISTEX,cre,1
BD0101.BCS,42,CreateCreature,BDFISTEX,cre,1
BD0101.BCS,45,CreateCreature,BDFISTEX,cre,1
BD0101.BCS,48,CreateCreature,BDFISTEX,cre,1
BD0101.BCS,51,CreateCreature,BDFISTEX,cre,1
BD0101.BCS,54,CreateCreature,BDFISTEX,cre,1
BD0101.BCS,57,CreateCreature,BDFISTEX,cre,1
BD0101.BCS,60,CreateCreature,BDFISTEX,cre,1
BD0101.BCS,63,CreateCreature,BDFISTEX,cre,1
BD0101.BCS,115,CreateCreature,SAFANA7,cre,1
BD0101.BCS,181,CreateCreature,DYNAHE7,cre,1
BD0101.BCS,247,CreateCreature,MINSC7_,cre,1
BD0101.BCS,294,CreateCreature,VICONI7,cre,1
BD0102.BCS,17,CreateCreature,BDLIIA,cre,1
BD0102.BCS,18,CreateCreature,BDBELT,cre,1
BD0102.BCS,20,CreateCreature,CSRNOBM,cre,1
BD0102.BCS,21,CreateCreature,CSRNOBF,cre,1
BD0102.BCS,22,CreateCreature,CSRNOBM,cre,1
BD0102.BCS,23,CreateCreature,CSRNOBF,cre,1
BD0102.BCS,24,CreateCreature,CSRNOBM,cre,1
BD0102.BCS,25,CreateCreature,CSRNOBF,cre,1
BD0102.BCS,26,CreateCreature,CSRNOBM,cre,1
BD0102.BCS,27,CreateCreature,CSRNOBF,cre,1
BD0102.BCS,28,CreateCreature,CSRFFGD,cre,1
BD0102.BCS,29,CreateCreature,CSRFFGD,cre,1
BD0102.BCS,75,CreateCreature,BDLIIA,cre,1
BD0102.BCS,78,CreateCreature,CSRFFGX,cre,1
BD0102.BCS,79,CreateCreature,CSRFFGX,cre,1
BD0102.BCS,94,CreateCreature,CSRFISTD,cre,1
BD0102.BCS,156,CreateCreature,BDELTAN,cre,1
BD0102.BCS,157,CreateCreature,BDBELT,cre,1
BD0102.BCS,158,CreateCreature,BDSKIE,cre,1
BD0102.BCS,159,CreateCreature,BDFISTCC,cre,1
BD0102.BCS,161,CreateCreature,BDFISTCC,cre,1
BD0102.BCS,163,CreateCreature,BDFISTCC,cre,1
BD0102.BCS,165,CreateCreature,BDFISTCC,cre,1
BD0102.BCS,167,CreateCreature,BDJOSPIL,cre,1
BD0102.BCS,180,CreateCreature,BDSCHAEL,cre,1
BD0102.BCS,181,CreateCreature,BDLIIA,cre,1
BD0102.BCS,201,CreateCreature,BDELTAN,cre,1
BD0102.BCS,202,CreateCreature,BDBELT,cre,1
BD0102.BCS,203,CreateCreature,BDSKIE,cre,1
BD0102.BCS,204,CreateCreature,BDFISTCC,cre,1
BD0102.BCS,206,CreateCreature,BDFISTCC,cre,1
BD0102.BCS,208,CreateCreature,BDFISTCC,cre,1
BD0102.BCS,210,CreateCreature,BDFISTCC,cre,1
BD0102.BCS,212,CreateCreature,BDJOSPIL,cre,1
BD0102.BCS,225,CreateCreature,BDSCHAEL,cre,1
BD0102.BCS,226,CreateCreature,BDLIIA,cre,1
BD0102.BCS,247,CreateCreature,BDELTAN,cre,1
BD0102.BCS,248,CreateCreature,BDBELT,cre,1
BD0102.BCS,249,CreateCreature,BDSKIE,cre,1
BD0102.BCS,250,CreateCreature,BDFISTCC,cre,1
BD0102.BCS,252,CreateCreature,BDFISTCC,cre,1
BD0102.BCS,254,CreateCreature,BDFISTCC,cre,1
BD0102.BCS,256,CreateCreature,BDFISTCC,cre,1
BD0102.BCS,258,CreateCreature,BDJOSPIL,cre,1
BD0102.BCS,260,CreateCreature,BDSCHAEL,cre,1
BD0102.BCS,272,CreateCreature,BDLIIA,cre,1
BD0102.BCS,293,CreateCreature,BDELTAN,cre,1
BD0102.BCS,294,CreateCreature,BDBELT,cre,1
BD0102.BCS,295,CreateCreature,BDSKIE,cre,1
BD0102.BCS,296,CreateCreature,BDFISTCC,cre,1
BD0102.BCS,298,CreateCreature,BDFISTCC,cre,1
BD0102.BCS,300,CreateCreature,BDFISTCC,cre,1
BD0102.BCS,302,CreateCreature,BDFISTCC,cre,1
BD0102.BCS,304,CreateCreature,BDJOSPIL,cre,1
BD0102.BCS,306,CreateCreature,BDSCHAEL,cre,1
BD0102.BCS,322,CreateCreature,BDLIIA,cre,1
BD0102.BCS,339,CreateCreature,BDSCHAEL,cre,1
BD0102.BCS,340,CreateCreature,BDELTAN,cre,1
BD0102.BCS,341,CreateCreature,BDBELT,cre,1
BD0102.BCS,342,CreateCreature,BDSKIE,cre,1
BD0102.BCS,343,CreateCreature,BDFISTCC,cre,1
BD0102.BCS,345,CreateCreature,BDFISTCC,cre,1
BD0102.BCS,347,CreateCreature,BDFISTCC,cre,1
BD0102.BCS,349,CreateCreature,BDFISTCC,cre,1
BD0102.BCS,351,CreateCreature,BDJOSPIL,cre,1
BD0102.BCS,365,CreateCreature,BDLIIA,cre,1
BD0102.BCS,383,CreateCreature,BDSERV1,cre,1
BD0102.BCS,386,CreateCreature,BDSERV1,cre,1
BD0102.BCS,388,CreateCreature,BDSERV1,cre,1
BD0102.BCS,415,CreateCreature,BDNOBM2,cre,1
BD0102.BCS,421,CreateCreature,BDNOBF1,cre,1
BD0102.BCS,427,CreateCreature,BDNOBF2,cre,1
BD0102.BCS,433,CreateCreature,BDNOBM1,cre,1
BD0102.BCS,439,CreateCreature,BDNOBM3,cre,1
BD0102.BCS,445,CreateCreature,BDNOBF4,cre,1
BD0102.BCS,451,CreateCreature,BDNOBM4,cre,1
BD0102.BCS,457,CreateCreature,BDNOBF5,cre,1
BD0102.BCS,463,CreateCreature,BDNOBF3,cre,1
BD0102.BCS,469,CreateCreature,BDNOBM5,cre,1
BD0102.BCS,482,CreateCreature,BDFISTCC,cre,1
BD0102.BCS,488,CreateCreature,BDFISTCC,cre,1
BD0102.BCS,494,CreateCreature,BDFISTCC,cre,1
BD0102.BCS,500,CreateCreature,BDFISTCC,cre,1
BD0103.BCS,89,CreateCreature,CSRIMO,cre,1
BD0103.BCS,119,CreateCreature,CSRSERV,cre,1
BD0103.BCS,134,CreateCreature,CSRSERV,cre,1
BD0103.BCS,779,CreateCreature,BDFENSTE,cre,1
BD0103.BCS,780,CreateCreature,BDIMDEAD,cre,1
BD0103.BCS,800,CreateCreature,BDIMOEN,cre,1
BD0103.BCS,852,CreateCreature,CSRSERV,cre,1
BD0103.BCS,881,CreateCreature,BDIMOEN,cre,1
BD0103.BCS,895,CreateCreature,BDGASS1,cre,1
BD0103.BCS,919,CreateCreature,BDSCHAEL,cre,1
BD0103.BCS,1000,CreateCreature,BDSKIE,cre,1
BD0103.BCS,1064,CreateCreature,BDSKIE,cre,1
BD0104.BCS,54,CreateCreatureImpassable,BDDAUSTO,cre,1
BD0104.BCS,88,CreateCreature,BDAILEEN,cre,1
BD0104.BCS,98,CreateCreature,BDGARACH,cre,1
BD0104.BCS,165,CreateCreature,BDSCHAE2,cre,1
BD0104.BCS,279,CreateCreature,BDIRENI,cre,1
BD0106.BCS,27,CreateCreature,BDCOMM1,cre,1
BD0106.BCS,33,CreateCreature,BDCOMM2,cre,1
BD0106.BCS,39,CreateCreature,BDCOMF1,cre,1
BD0106.BCS,45,CreateCreature,BDCOMM3,cre,1
BD0106.BCS,51,CreateCreature,BDCOMM4,cre,1
BD0106.BCS,57,CreateCreature,BDCOMF2,cre,1
BD0106.BCS,63,CreateCreature,BDCOMM5,cre,1
BD0106.BCS,69,CreateCreature,BDCOMF3,cre,1
BD0107.BCS,120,CreateCreature,BDCOMM1,cre,1
BD0107.BCS,126,CreateCreature,BDCOMM2,cre,1
BD0107.BCS,132,CreateCreature,BDCOMF1,cre,1
BD0107.BCS,138,CreateCreature,BDCOMM3,cre,1
BD0107.BCS,144,CreateCreature,BDCOMM4,cre,1
BD0107.BCS,150,CreateCreature,BDCOMF2,cre,1
BD0107.BCS,156,CreateCreature,BDCOMM5,cre,1
BD0107.BCS,162,CreateCreature,BDCOMF3,cre,1
BD0108.BCS,84,CreateCreature,MINSC7_,cre,1
BD0108.BCS,99,CreateCreature,DYNAHE7,cre,1
BD0108.BCS,146,CreateCreatureObjectOffset,CUTSPY,cre,1
BD0108.BCS,149,CreateCreatureObject,BDITHTYL,cre,1
BD0109.BCS,143,CreateCreature,BDNOBM1,cre,1
BD0109.BCS,180,CreateCreature,BDCOMM6,cre,1
BD0109.BCS,186,CreateCreature,BDCOMM1,cre,1
BD0109.BCS,192,CreateCreature,BDCOMF6,cre,1
BD0109.BCS,198,CreateCreature,BDCOMF2,cre,1
BD0109.BCS,204,CreateCreature,BDCOMM2,cre,1
BD0109.BCS,213,CreateCreature,BDCOMM4,cre,1
BD0109.BCS,219,CreateCreature,BDCOMF3,cre,1
BD0110.BCS,40,CreateCreature,SAFANA7,cre,1
BD0111.BCS,52,CreateCreature,RASAAD7,cre,1
BD0114.BCS,13,CreateCreature,SPIDPHAS,cre,1
BD0114.BCS,14,CreateCreature,SPIDPHAS,cre,1
BD011406.BCS,13,CreateCreature,BDBEETRH,cre,1
BD011406.BCS,14,CreateCreature,BDBEETBR,cre,1
BD011406.BCS,15,CreateCreature,BDBEETBR,cre,1
BD011406.BCS,16,CreateCreature,BDBEETBR,cre,1
BD011406.BCS,17,CreateCreature,BDBEETBR,cre,1
BD011406.BCS,18,CreateCreature,BDBEETBR,cre,1
BD011406.BCS,19,CreateCreature,BDBEETBM,cre,1
BD011406.BCS,20,CreateCreature,BDBEETBM,cre,1
BD011406.BCS,21,CreateCreature,BDBEETBM,cre,1
BD011406.BCS,22,CreateCreature,BDBEETBM,cre,1
BD011406.BCS,23,CreateCreature,BDBEETBM,cre,1
BD011406.BCS,24,CreateCreature,BDBEETBM,cre,1
BD0116.BCS,7,CreateCreature,CSRHASS,cre,1
BD0116.BCS,8,CreateCreature,CSRVHAS,cre,1
BD0116.BCS,9,CreateCreature,CSRPORI,cre,1
BD0116.BCS,20,CreateCreature,CSRSILL,cre,1
BD0116.BCS,21,CreateCreature,CSRGRIT,cre,1
BD0116.BCS,56,CreateCreature,CSRKORL,cre,1
BD0116.BCS,57,CreateCreature,BDFIST1B,cre,1
BD0116.BCS,58,CreateCreature,BDFIST1A,cre,1
BD0116.BCS,59,CreateCreature,BDFIST1C,cre,1
BD0117.BCS,17,CreateCreature,BDFFDOPP,cre,1
BD0120.BCS,3876,CreateCreature,DORN7,cre,1
BD0120.BCS,3877,CreateCreature,BAELOT7,cre,1
BD0120.BCS,3878,CreateCreature,VICONI7,cre,1
BD0120.BCS,3879,CreateCreature,EDWIN7_,cre,1
BD0120.BCS,3880,CreateCreature,SAFANA7,cre,1
BD0120.BCS,3907,CreateCreature,DORN7,cre,1
BD0120.BCS,3908,CreateCreature,BAELOT7,cre,1
BD0120.BCS,3909,CreateCreature,VICONI7,cre,1
BD0120.BCS,3910,CreateCreature,EDWIN7_,cre,1
BD0120.BCS,3936,CreateCreature,DORN7,cre,1
BD0120.BCS,3937,CreateCreature,BAELOT7,cre,1
BD0120.BCS,3938,CreateCreature,VICONI7,cre,1
BD0120.BCS,3939,CreateCreature,SAFANA7,cre,1
BD0120.BCS,3951,CreateCreature,DORN7,cre,1
BD0120.BCS,3952,CreateCreature,VICONI7,cre,1
BD0120.BCS,3953,CreateCreature,EDWIN7_,cre,1
BD0120.BCS,3954,CreateCreature,SAFANA7,cre,1
BD0120.BCS,3979,CreateCreature,DORN7,cre,1
BD0120.BCS,3980,CreateCreature,VICONI7,cre,1
BD0120.BCS,3981,CreateCreature,EDWIN7_,cre,1
BD0120.BCS,3991,CreateCreature,DORN7,cre,1
BD0120.BCS,3992,CreateCreature,VICONI7,cre,1
BD0120.BCS,3993,CreateCreature,BAELOT7,cre,1
BD0120.BCS,4018,CreateCreature,DORN7,cre,1
BD0120.BCS,4019,CreateCreature,VICONI7,cre,1
BD0120.BCS,4020,CreateCreature,SAFANA7,cre,1
BD0120.BCS,4045,CreateCreature,EDWIN7_,cre,1
BD0120.BCS,4046,CreateCreature,DORN7,cre,1
BD0120.BCS,4047,CreateCreature,SAFANA7,cre,1
BD0120.BCS,4057,CreateCreature,BAELOT7,cre,1
BD0120.BCS,4058,CreateCreature,DORN7,cre,1
BD0120.BCS,4059,CreateCreature,SAFANA7,cre,1
BD0120.BCS,4084,CreateCreature,VICONI7,cre,1
BD0120.BCS,4104,CreateCreature,DORN7,cre,1
BD0120.BCS,4125,CreateCreature,EDWIN7_,cre,1
BD0120.BCS,4132,CreateCreature,BAELOT7,cre,1
BD0120.BCS,4154,CreateCreature,VICONI7,cre,1
BD0120.BCS,4176,CreateCreature,DORN7,cre,1
BD0120.BCS,4195,CreateCreature,EDWIN7_,cre,1
BD0120.BCS,4201,CreateCreature,BAELOT7,cre,1
BD0120.BCS,4221,CreateCreature,SAFANA7,cre,1
BD0120.BCS,4222,CreateCreature,VICONI7,cre,1
BD0120.BCS,4244,CreateCreature,SAFANA7,cre,1
BD0120.BCS,4245,CreateCreature,DORN7,cre,1
BD0120.BCS,4267,CreateCreature,SAFANA7,cre,1
BD0120.BCS,4268,CreateCreature,EDWIN7_,cre,1
BD0120.BCS,4275,CreateCreature,SAFANA7,cre,1
BD0120.BCS,4276,CreateCreature,BAELOT7,cre,1
BD0120.BCS,4297,CreateCreature,SAFANA7,cre,1
BD0120.BCS,4298,CreateCreature,VICONI7,cre,1
BD0120.BCS,4319,CreateCreature,VICONI7,cre,1
BD0120.BCS,4339,CreateCreature,DORN7,cre,1
BD0120.BCS,4360,CreateCreature,EDWIN7_,cre,1
BD0120.BCS,4365,CreateCreature,BAELOT7,cre,1
BD0120.BCS,4387,CreateCreature,VICONI7,cre,1
BD0120.BCS,4406,CreateCreature,SAFANA7,cre,1
BD0120.BCS,4423,CreateCreature,NEERA7,cre,1
BD0120.BCS,4424,CreateCreature,KHALID7,cre,1
BD0120.BCS,4425,CreateCreature,JAHEIR7_,cre,1
BD0120.BCS,4426,CreateCreature,DORN7,cre,1
BD0120.BCS,4427,CreateCreature,SAFANA7,cre,1
BD0120.BCS,4454,CreateCreature,NEERA7,cre,1
BD0120.BCS,4455,CreateCreature,KHALID7,cre,1
BD0120.BCS,4456,CreateCreature,JAHEIR7_,cre,1
BD0120.BCS,4457,CreateCreature,DORN7,cre,1
BD0120.BCS,4483,CreateCreature,NEERA7,cre,1
BD0120.BCS,4484,CreateCreature,KHALID7,cre,1
BD0120.BCS,4485,CreateCreature,JAHEIR7_,cre,1
BD0120.BCS,4486,CreateCreature,SAFANA7,cre,1
BD0120.BCS,4511,CreateCreature,NEERA7,cre,1
BD0120.BCS,4512,CreateCreature,KHALID7,cre,1
BD0120.BCS,4513,CreateCreature,JAHEIR7_,cre,1
BD0120.BCS,4538,CreateCreature,SAFANA7,cre,1
BD0120.BCS,4539,CreateCreature,KHALID7,cre,1
BD0120.BCS,4540,CreateCreature,JAHEIR7_,cre,1
BD0120.BCS,4565,CreateCreature,NEERA7,cre,1
BD0120.BCS,4566,CreateCreature,DORN7,cre,1
BD0120.BCS,4567,CreateCreature,SAFANA7,cre,1
BD0120.BCS,4592,CreateCreature,JAHEIR7_,cre,1
BD0120.BCS,4613,CreateCreature,KHALID7,cre,1
BD0120.BCS,4634,CreateCreature,DORN7,cre,1
BD0120.BCS,4655,CreateCreature,NEERA7,cre,1
BD0120.BCS,4677,CreateCreature,JAHEIR7_,cre,1
BD0120.BCS,4700,CreateCreature,KHALID7,cre,1
BD0120.BCS,4723,CreateCreature,DORN7,cre,1
BD0120.BCS,4742,CreateCreature,NEERA7,cre,1
BD0120.BCS,4762,CreateCreature,SAFANA7,cre,1
BD0120.BCS,4763,CreateCreature,JAHEIR7_,cre,1
BD0120.BCS,4785,CreateCreature,SAFANA7,cre,1
BD0120.BCS,4786,CreateCreature,DORN7,cre,1
BD0120.BCS,4793,CreateCreature,SAFANA7,cre,1
BD0120.BCS,4794,CreateCreature,KHALID7,cre,1
BD0120.BCS,4816,CreateCreature,SAFANA7,cre,1
BD0120.BCS,4817,CreateCreature,NEERA7,cre,1
BD0120.BCS,4838,CreateCreature,SAFANA7,cre,1
BD0120.BCS,4839,CreateCreature,JAHEIR7_,cre,1
BD0120.BCS,4860,CreateCreature,JAHEIR7_,cre,1
BD0120.BCS,4880,CreateCreature,DORN7,cre,1
BD0120.BCS,4885,CreateCreature,KHALID7,cre,1
BD0120.BCS,4907,CreateCreature,NEERA7,cre,1
BD0120.BCS,4929,CreateCreature,JAHEIR7_,cre,1
BD0120.BCS,4948,CreateCreature,SAFANA7,cre,1
BD0120.BCS,4965,CreateCreature,MINSC7_,cre,1
BD0120.BCS,4966,CreateCreature,KHALID7,cre,1
BD0120.BCS,4967,CreateCreature,JAHEIR7_,cre,1
BD0120.BCS,4968,CreateCreature,DYNAHE7,cre,1
BD0120.BCS,4969,CreateCreature,SAFANA7,cre,1
BD0120.BCS,4996,CreateCreature,MINSC7_,cre,1
BD0120.BCS,4997,CreateCreature,KHALID7,cre,1
BD0120.BCS,4998,CreateCreature,JAHEIR7_,cre,1
BD0120.BCS,4999,CreateCreature,DYNAHE7,cre,1
BD0120.BCS,5025,CreateCreature,KHALID7,cre,1
BD0120.BCS,5026,CreateCreature,JAHEIR7_,cre,1
BD0120.BCS,5027,CreateCreature,SAFANA7,cre,1
BD0120.BCS,5028,CreateCreature,DYNAHE7,cre,1
BD0120.BCS,5040,CreateCreature,MINSC7_,cre,1
BD0120.BCS,5041,CreateCreature,JAHEIR7_,cre,1
BD0120.BCS,5042,CreateCreature,DYNAHE7,cre,1
BD0120.BCS,5043,CreateCreature,SAFANA7,cre,1
BD0120.BCS,5068,CreateCreature,DYNAHE7,cre,1
BD0120.BCS,5069,CreateCreature,KHALID7,cre,1
BD0120.BCS,5070,CreateCreature,JAHEIR7_,cre,1
BD0120.BCS,5095,CreateCreature,SAFANA7,cre,1
BD0120.BCS,5096,CreateCreature,KHALID7,cre,1
BD0120.BCS,5097,CreateCreature,JAHEIR7_,cre,1
BD0120.BCS,5122,CreateCreature,DYNAHE7,cre,1
BD0120.BCS,5123,CreateCreature,MINSC7_,cre,1
BD0120.BCS,5124,CreateCreature,SAFANA7,cre,1
BD0120.BCS,5149,CreateCreature,JAHEIR7_,cre,1
BD0120.BCS,5170,CreateCreature,KHALID7,cre,1
BD0120.BCS,5191,CreateCreature,MINSC7_,cre,1
BD0120.BCS,5212,CreateCreature,DYNAHE7,cre,1
BD0120.BCS,5234,CreateCreature,JAHEIR7_,cre,1
BD0120.BCS,5257,CreateCreature,KHALID7,cre,1
BD0120.BCS,5280,CreateCreature,MINSC7_,cre,1
BD0120.BCS,5299,CreateCreature,DYNAHE7,cre,1
BD0120.BCS,5319,CreateCreature,SAFANA7,cre,1
BD0120.BCS,5320,CreateCreature,JAHEIR7_,cre,1
BD0120.BCS,5342,CreateCreature,SAFANA7,cre,1
BD0120.BCS,5343,CreateCreature,MINSC7_,cre,1
BD0120.BCS,5350,CreateCreature,SAFANA7,cre,1
BD0120.BCS,5351,CreateCreature,KHALID7,cre,1
BD0120.BCS,5373,CreateCreature,SAFANA7,cre,1
BD0120.BCS,5374,CreateCreature,DYNAHE7,cre,1
BD0120.BCS,5395,CreateCreature,SAFANA7,cre,1
BD0120.BCS,5396,CreateCreature,JAHEIR7_,cre,1
BD0120.BCS,5417,CreateCreature,JAHEIR7_,cre,1
BD0120.BCS,5437,CreateCreature,MINSC7_,cre,1
BD0120.BCS,5442,CreateCreature,KHALID7,cre,1
BD0120.BCS,5464,CreateCreature,DYNAHE7,cre,1
BD0120.BCS,5486,CreateCreature,JAHEIR7_,cre,1
BD0120.BCS,5505,CreateCreature,SAFANA7,cre,1
BD0120.BCS,5540,CreateCreature,BDMUMMY,cre,1
BD0120.BCS,6644,CreateCreature,BDBATOUT,cre,1
BD0120.BCS,6646,CreateCreature,BDBATOUT,cre,1
BD0120.BCS,6648,CreateCreature,BDBATOUT,cre,1
BD0120.BCS,6650,CreateCreature,BDBATOUT,cre,1
BD0120.BCS,6652,CreateCreature,BDBATOUT,cre,1
BD0120.BCS,6654,CreateCreature,BDBATOUT,cre,1
BD0120.BCS,6656,CreateCreature,BDBATOUT,cre,1
BD0120.BCS,6658,CreateCreature,BDBATOUT,cre,1
BD0120.BCS,6660,CreateCreature,BDBATOUT,cre,1
BD0120.BCS,6662,CreateCreature,BDBATOUT,cre,1
BD0120.BCS,6664,CreateCreature,BDBATOUT,cre,1
BD0120.BCS,6666,CreateCreature,BDBATOUT,cre,1
BD0120.BCS,6668,CreateCreature,BDBATOUT,cre,1
BD0120.BCS,6670,CreateCreature,BDBATOUT,cre,1
BD0120.BCS,6672,CreateCreature,BDBATOUT,cre,1
BD0120.BCS,6674,CreateCreature,BDBATOUT,cre,1
BD0120.BCS,6676,CreateCreature,BDBATOUT,cre,1
BD0120.BCS,6678,CreateCreature,BDBATOUT,cre,1
BD0120.BCS,6680,CreateCreature,BDBATOUT,cre,1
BD0120.BCS,6682,CreateCreature,BDBATOUT,cre,1
BD0120.BCS,6684,CreateCreature,BDBATOUT,cre,1
BD0120.BCS,6686,CreateCreature,BDBATOUT,cre,1
BD0120.BCS,6689,CreateCreature,BDBATOUT,cre,1
BD0120.BCS,6691,CreateCreature,BDBATOUT,cre,1
BD0120.BCS,6693,CreateCreature,BDBATOUT,cre,1
BD0120.BCS,6695,CreateCreature,BDBATOUT,cre,1
BD0120.BCS,6697,CreateCreature,BDBATOUT,cre,1
BD0120.BCS,6699,CreateCreature,BDBATOUT,cre,1
BD0120.BCS,6702,CreateCreature,BDBATOUT,cre,1
BD0120.BCS,6704,CreateCreature,BDBATOUT,cre,1
BD0120.BCS,6706,CreateCreature,BDBATOUT,cre,1
BD0120.BCS,6708,CreateCreature,BDBATOUT,cre,1
BD0120.BCS,6710,CreateCreature,BDBATOUT,cre,1
BD0120.BCS,6712,CreateCreature,BDBATOUT,cre,1
BD0120.BCS,6714,CreateCreature,BDBATOUT,cre,1
BD0120.BCS,6716,CreateCreature,BDBATOUT,cre,1
BD0120.BCS,6765,CreateCreature,BDSHIMOE,cre,1
BD0120.BCS,6775,CreateCreature,BDFF1000,cre,1
BD0120.BCS,6785,CreateCreature,BDFF1001,cre,1
BD0120.BCS,6795,CreateCreature,BDFF1002,cre,1
BD0120.BCS,6807,CreateCreature,BDSHKORL,cre,1
BD0120.BCS,7482,CreateCreature,BDSKGR04,cre,1
BD0120.BCS,7483,CreateCreature,BDSKGR04,cre,1
BD0120.BCS,7485,CreateCreature,BDSKGR01,cre,1
BD0120.BCS,7486,CreateCreature,BDSKGR01,cre,1
BD0120.BCS,7488,CreateCreature,BDBONBAT,cre,1
BD0120.BCS,7489,CreateCreature,BDBONBAT,cre,1
BD0120.BCS,7509,CreateCreature,BDSKGR04,cre,1
BD0120.BCS,7510,CreateCreature,BDSKGR04,cre,1
BD0120.BCS,7512,CreateCreature,BDSKGR01,cre,1
BD0120.BCS,7513,CreateCreature,BDSKGR01,cre,1
BD0120.BCS,7531,CreateCreature,BDSKGR04,cre,1
BD0120.BCS,7533,CreateCreature,BDSKGR04,cre,1
BD0122.BCS,19,CreateCreature,CUTSPY,cre,1
BD0122.BCS,26,CreateCreature,BDKAG,cre,1
BD0122.BCS,27,CreateCreature,BDSETHYL,cre,1
BD0122.BCS,28,CreateCreature,BDYASHNA,cre,1
BD0122.BCS,29,CreateCreature,BDWISTAK,cre,1
BD0130.BCS,280,CreateCreature,BDSKGR07,cre,1
BD0130.BCS,281,CreateCreature,BDSKGR03,cre,1
BD0130.BCS,282,CreateCreature,BDSKGR01,cre,1
BD0130.BCS,283,CreateCreature,BDSKGR01,cre,1
BD0130.BCS,284,CreateCreature,BDSKGR03,cre,1
BD0130.BCS,285,CreateCreature,BDSHSOUL,cre,1
BD0130.BCS,286,CreateCreature,BDSHSOUL,cre,1
BD0130.BCS,287,CreateCreature,BDBONBAT,cre,1
BD0130.BCS,288,CreateCreature,BDBONBAT,cre,1
BD0130.BCS,289,CreateCreature,BDBONBAT,cre,1
BD0130.BCS,290,CreateCreature,BDSKGR04,cre,1
BD0130.BCS,291,CreateCreature,BDSKGR04,cre,1
BD0130.BCS,314,CreateCreature,BDSKGR03,cre,1
BD0130.BCS,315,CreateCreature,BDSKGR01,cre,1
BD0130.BCS,316,CreateCreature,BDSKGR01,cre,1
BD0130.BCS,317,CreateCreature,BDSHSOUL,cre,1
BD0130.BCS,318,CreateCreature,BDSHSOUL,cre,1
BD0130.BCS,319,CreateCreature,BDBONBAT,cre,1
BD0130.BCS,320,CreateCreature,BDBONBAT,cre,1
BD0130.BCS,321,CreateCreature,BDSKGR04,cre,1
BD0130.BCS,322,CreateCreature,BDSKGR04,cre,1
BD0130.BCS,344,CreateCreature,BDSKGR03,cre,1
BD0130.BCS,345,CreateCreature,BDSKGR01,cre,1
BD0130.BCS,346,CreateCreature,BDSKGR01,cre,1
BD0130.BCS,347,CreateCreature,BDSHSOUL,cre,1
BD0130.BCS,348,CreateCreature,BDBONBAT,cre,1
BD0130.BCS,349,CreateCreature,BDBONBAT,cre,1
BD0130.BCS,350,CreateCreature,BDSKGR04,cre,1
BD0130.BCS,351,CreateCreature,BDSKGR04,cre,1
BD0130.BCS,368,CreateCreature,BDSKGR01,cre,1
BD0130.BCS,369,CreateCreature,BDSHSOUL,cre,1
BD0130.BCS,370,CreateCreature,BDBONBAT,cre,1
BD1000.BCS,65,CreateCreature,RASAAD7,cre,1
BD1000.BCS,169,CreateCreature,L#2BRIST,cre,1
BD1000.BCS,619,CreateCreature,EDWIN7_,cre,1
BD1000.BCS,665,CreateCreature,BAELOT7,cre,1
BD1000.BCS,805,CreateCreatureObjectOffset,BDCROMMU,cre,1
BD1000.BCS,823,CreateCreature,BDOPHYLL,cre,1
BD1000.BCS,834,CreateCreature,BDBRIELL,cre,1
BD1010.BCS,9,CreateCreatureImpassableAllowOverlap,BDMIMIC,cre,1
BD1010.BCS,12,CreateCreatureEffect,JELLOC,cre,1
BD1010.BCS,13,CreateCreatureEffect,JELLOC,cre,1
BD1010.BCS,15,CreateCreatureEffect,JELLOC,cre,1
BD1010.BCS,16,CreateCreatureEffect,JELLOC,cre,1
BD1010.BCS,18,CreateCreatureEffect,BDOTYG01,cre,1
BD1010.BCS,20,CreateCreatureEffect,SPIDPH,cre,1
BD1010.BCS,21,CreateCreatureEffect,SPIDPH,cre,1
BD1010.BCS,23,CreateCreatureEffect,SPIDPHAS,cre,1
BD1010.BCS,35,CreateCreatureImpassableAllowOverlap,BDMIMIC,cre,1
BD1010.BCS,38,CreateCreatureEffect,JELLOC,cre,1
BD1010.BCS,39,CreateCreatureEffect,JELLOC,cre,1
BD1010.BCS,41,CreateCreatureEffect,JELLOC,cre,1
BD1010.BCS,42,CreateCreatureEffect,JELLOC,cre,1
BD1010.BCS,44,CreateCreatureEffect,BDOTYG01,cre,1
BD1010.BCS,46,CreateCreatureEffect,SPIDPH,cre,1
BD1010.BCS,47,CreateCreatureEffect,SPIDPH,cre,1
BD1010.BCS,59,CreateCreatureImpassableAllowOverlap,BDMIMIC,cre,1
BD1010.BCS,62,CreateCreatureEffect,JELLOC,cre,1
BD1010.BCS,63,CreateCreatureEffect,JELLOC,cre,1
BD1010.BCS,65,CreateCreatureEffect,JELLOC,cre,1
BD1010.BCS,66,CreateCreatureEffect,JELLOC,cre,1
BD1010.BCS,68,CreateCreatureEffect,BDOTYG01,cre,1
BD1010.BCS,80,CreateCreatureImpassableAllowOverlap,BDMIMIC,cre,1
BD1010.BCS,83,CreateCreatureEffect,JELLOC,cre,1
BD1010.BCS,84,CreateCreatureEffect,JELLOC,cre,1
BD1010.BCS,86,CreateCreatureEffect,JELLOC,cre,1
BD1010.BCS,87,CreateCreatureEffect,JELLOC,cre,1
BD1200.BCS,43,CreateCreature,BDSDDD13,cre,1
BD1200.BCS,135,CreateCreatureObjectOffScreen,BDCOLDH,cre,1
BD2000.BCS,131,CreateCreature,KHALID7,cre,1
BD2000.BCS,178,CreateCreature,DORN7,cre,1
BD2000.BCS,259,CreateCreature,BDKHARMY,cre,1
BD2000.BCS,310,CreateCreature,BDCRUSBF,cre,1
BD2000.BCS,312,CreateCreature,BDBFORT2,cre,1
BD2000.BCS,320,CreateCreature,CUTSPY,cre,1
BD2000.BCS,411,CreateCreature,BDCRUS28,cre,1
BD2000.BCS,412,CreateCreature,BDCRUS93,cre,1
BD2000.BCS,415,CreateCreature,BDCRUS25,cre,1
BD2000.BCS,416,CreateCreature,BDCRUS97,cre,1
BD2000.BCS,419,CreateCreature,BDCRUSX2,cre,1
BD2000.BCS,420,CreateCreature,BDCRUS96,cre,1
BD2000.BCS,423,CreateCreature,BDCRUS20,cre,1
BD2000.BCS,424,CreateCreature,BDCRUS25,cre,1
BD2000.BCS,425,CreateCreature,BDCRUS29,cre,1
BD2000.BCS,426,CreateCreature,BDCRUS24,cre,1
BD2000.BCS,427,CreateCreature,BDCRUS29,cre,1
BD2000.BCS,428,CreateCreature,BDCRUS22,cre,1
BD2000.BCS,573,CreateCreature,BDCRUS92,cre,1
BD2000.BCS,576,CreateCreature,BDCRU106,cre,1
BD2000.BCS,579,CreateCreature,BDCRU107,cre,1
BD2000.BCS,582,CreateCreature,BDCRU109,cre,1
BD2000.BCS,654,CreateCreature,BDFISTX2,cre,1
BD2000.BCS,655,CreateCreature,BDFIST22,cre,1
BD2000.BCS,656,CreateCreature,BDFIST21,cre,1
BD2000.BCS,657,CreateCreature,BDFIST27,cre,1
BD2000.BCS,658,CreateCreature,BDFIST21,cre,1
BD2000.BCS,659,CreateCreature,BDFIST23,cre,1
BD2000.BCS,660,CreateCreature,BDFIST22,cre,1
BD2000.BCS,661,CreateCreature,BDFIST26,cre,1
BD2000.BCS,662,CreateCreature,BDFIST25,cre,1
BD2000.BCS,663,CreateCreature,BDFISTM2,cre,1
BD2000.BCS,664,CreateCreature,BDFIST24,cre,1
BD2000.BCS,665,CreateCreature,BDFIST23,cre,1
BD2000.BCS,677,CreateCreature,BDREND,cre,1
BD2000.BCS,678,CreateCreature,BDFARRL,cre,1
BD2000.BCS,690,CreateCreature,BDFIST23,cre,1
BD2000.BCS,691,CreateCreature,BDFIST21,cre,1
BD2000.BCS,692,CreateCreature,BDFIST22,cre,1
BD2000.BCS,693,CreateCreature,BDFIST26,cre,1
BD2000.BCS,694,CreateCreature,BDFIST25,cre,1
BD2000.BCS,695,CreateCreature,BDFIST21,cre,1
BD2000.BCS,704,CreateCreature,BDFIST23,cre,1
BD2000.BCS,705,CreateCreature,BDFISTX2,cre,1
BD2000.BCS,706,CreateCreature,BDDUGRAF,cre,1
BD2000.BCS,707,CreateCreature,BDFIST22,cre,1
BD2000.BCS,708,CreateCreature,BDFIST25,cre,1
BD2000.BCS,709,CreateCreature,BDFIST24,cre,1
BD2000.BCS,710,CreateCreature,BDFIST21,cre,1
BD2000.BCS,737,CreateCreature,BDCRUBBM,cre,1
BD2000.BCS,738,CreateCreature,BDCRUBB1,cre,1
BD2000.BCS,739,CreateCreature,BDCRUBB1,cre,1
BD2000.BCS,740,CreateCreature,BDCRUBB1,cre,1
BD2000.BCS,741,CreateCreature,BDCRUBB1,cre,1
BD2000.BCS,742,CreateCreature,BDCRUBB2,cre,1
BD2000.BCS,743,CreateCreature,BDCRUBB2,cre,1
BD2000.BCS,744,CreateCreature,CUTSPY2,cre,1
BD2000.BCS,745,CreateCreature,BDBFSENT,cre,1
BD2000.BCS,751,CreateCreature,CUTSPY,cre,1
BD2000.BCS,908,CreateCreature,BDCRUBBM,cre,1
BD2000.BCS,909,CreateCreature,BDCRUBB1,cre,1
BD2000.BCS,910,CreateCreature,BDCRUBB1,cre,1
BD2000.BCS,911,CreateCreature,BDCRUBB1,cre,1
BD2000.BCS,912,CreateCreature,BDCRUBB1,cre,1
BD2000.BCS,913,CreateCreature,BDCRUBB2,cre,1
BD2000.BCS,914,CreateCreature,BDCRUBB2,cre,1
BD2000.BCS,928,CreateCreature,BDBENCE,cre,1
BD2000.BCS,946,CreateCreature,BDBENCE,cre,1
BD2000.BCS,989,CreateCreature,BDKAVA,cre,1
BD2000.BCS,1050,CreateCreatureDoor,BDWYNAN,cre,1
BD2000WE.BCS,21,CreateCreature,BDDOGW01,cre,1
BD2000WE.BCS,92,CreateCreature,BDWELL02,cre,1
BD2000YM.BCS,44,CreateCreatureObjectOffset,ZOMBIE,cre,1
BD2000YM.BCS,45,CreateCreatureObjectOffset,ZOMBIE,cre,1
BD2000YM.BCS,46,CreateCreatureObjectOffset,ZOMBIE,cre,1
BD2000YM.BCS,47,CreateCreatureObjectOffset,ZOMBIE,cre,1
BD2000YM.BCS,48,CreateCreatureObjectOffset,ZOMBIE,cre,1
BD2000YM.BCS,49,CreateCreatureObjectOffset,ZOMBIE,cre,1
BD208LNN.BCS,11,CreateCreature,BDFEYR,cre,1
BD208LNS.BCS,11,CreateCreature,BDFEYR,cre,1
BD2100.BCS,57,CreateCreature,NEERA7,cre,1
BD3000.BCS,18,CreateCreature,C02AURA,cre,1
BD3000.BCS,555,CreateCreature,BDBENCE,cre,1
BD3000.BCS,559,CreateCreature,BDPHOSSE,cre,1
BD3000.BCS,566,CreateCreature,BDDAGFX1,cre,1
BD3000.BCS,567,CreateCreature,BDPRITCH,cre,1
BD3000.BCS,570,CreateCreature,BDWILHEL,cre,1
BD3000.BCS,585,CreateCreature,BDBENCE,cre,1
BD3000.BCS,603,CreateCreature,BDTRUST2,cre,1
BD3000.BCS,663,CreateCreature,BDCUTID,cre,1
BD3000.BCS,677,CreateCreature,BDWTR51,cre,1
BD3000.BCS,682,CreateCreature,BDWTR42,cre,1
BD3000.BCS,685,CreateCreature,BDFIST99,cre,1
BD3000.BCS,688,CreateCreature,BDDAGF51,cre,1
BD3000.BCS,691,CreateCreature,BDWTR46,cre,1
BD3000.BCS,760,CreateCreature,BDBENCE,cre,1
BD3000.BCS,761,CreateCreature,BDCRU05D,cre,1
BD3000.BCS,762,CreateCreature,BDCRU03D,cre,1
BD3000.BCS,763,CreateCreature,BDCRU02D,cre,1
BD3000.BCS,764,CreateCreature,BDCRU06D,cre,1
BD3000.BCS,765,CreateCreature,BDCRU07D,cre,1
BD3000.BCS,766,CreateCreature,BDCRU01D,cre,1
BD3000.BCS,767,CreateCreature,BDCRU08D,cre,1
BD3000.BCS,768,CreateCreature,BDCRU04D,cre,1
BD3000.BCS,769,CreateCreature,BDCOA01D,cre,1
BD3000.BCS,770,CreateCreature,BDCOA02D,cre,1
BD3000.BCS,771,CreateCreature,BDCOA03D,cre,1
BD3000.BCS,772,CreateCreature,BDCOA04D,cre,1
BD3000.BCS,773,CreateCreature,BDCOA05D,cre,1
BD3000.BCS,774,CreateCreature,BDCOA06D,cre,1
BD3000.BCS,816,CreateCreature,BDGARRUS,cre,1
BD3000.BCS,817,CreateCreature,BDTEAM11,cre,1
BD3000.BCS,818,CreateCreature,BDTEAM12,cre,1
BD3000.BCS,819,CreateCreature,BDTEAM13,cre,1
BD3000.BCS,820,CreateCreature,BDSTYSIC,cre,1
BD3000.BCS,821,CreateCreature,BDTEAM21,cre,1
BD3000.BCS,822,CreateCreature,BDTEAM22,cre,1
BD3000.BCS,823,CreateCreature,BDTEAM23,cre,1
BD3000.BCS,824,CreateCreature,BDMORDAU,cre,1
BD3000.BCS,825,CreateCreature,BDTEAM41,cre,1
BD3000.BCS,826,CreateCreature,BDTEAM42,cre,1
BD3000.BCS,827,CreateCreature,BDTEAM43,cre,1
BD3000.BCS,828,CreateCreature,BDAUZIEL,cre,1
BD3000.BCS,829,CreateCreature,BDTEAM31,cre,1
BD3000.BCS,830,CreateCreature,BDTEAM32,cre,1
BD3000.BCS,831,CreateCreature,BDTEAM33,cre,1
BD3000.BCS,832,CreateCreature,BDANDRUS,cre,1
BD3000.BCS,833,CreateCreature,BDKEG,cre,1
BD3000.BCS,836,CreateCreature,BDKEG2,cre,1
BD3000.BCS,852,CreateCreature,BDDEEP2,cre,1
BD3000.BCS,853,CreateCreature,BDTEAM53,cre,1
BD3000.BCS,854,CreateCreature,BDTEAM51,cre,1
BD3000.BCS,855,CreateCreature,BDTEAM52,cre,1
BD3000.BCS,867,CreateCreature,BDTEAM60,cre,1
BD3000.BCS,868,CreateCreature,BDTEAM62,cre,1
BD3000.BCS,869,CreateCreature,BDTEAM63,cre,1
BD3000.BCS,870,CreateCreature,BDTEAM61,cre,1
BD3000.BCS,886,CreateCreature,BDTAIEL2,cre,1
BD3000.BCS,899,CreateCreature,BDTAIEL2,cre,1
BD3000.BCS,911,CreateCreature,BDGARRO2,cre,1
BD3000.BCS,923,CreateCreature,BDGARRO2,cre,1
BD3000.BCS,937,CreateCreature,BDZIDRA2,cre,1
BD3000.BCS,947,CreateCreature,BDTEAM34,cre,1
BD3000.BCS,959,CreateCreature,CUTSPY,cre,1
BD3000.BCS,1020,CreateCreature,BDMESSE1,cre,1
BD3000.BCS,1024,CreateCreature,CUTSPY,cre,1
BD3000.BCS,1038,CreateCreature,BDMESSE2,cre,1
BD3000.BCS,1041,CreateCreature,CUTSPY,cre,1
BD3000.BCS,1056,CreateCreature,BDMESSE3,cre,1
BD3000.BCS,1060,CreateCreature,CUTSPY,cre,1
BD3000.BCS,1085,CreateCreature,BDWAVE46,cre,1
BD3000.BCS,1086,CreateCreature,BDWAVE47,cre,1
BD3000.BCS,1087,CreateCreature,BDGRIMGO,cre,1
BD3000.BCS,1088,CreateCreature,BDWAVE45,cre,1
BD3000.BCS,1089,CreateCreature,BDWAVE41,cre,1
BD3000.BCS,1090,CreateCreature,BDWAVE43,cre,1
BD3000.BCS,1091,CreateCreature,BDWAVE42,cre,1
BD3000.BCS,1092,CreateCreature,BDWAVE44,cre,1
BD3000.BCS,1174,CreateCreature,BDWAVE53,cre,1
BD3000.BCS,1178,CreateCreature,BDWAVE50,cre,1
BD3000.BCS,1182,CreateCreature,BDWAVE54,cre,1
BD3000.BCS,1186,CreateCreature,BDWAVE51,cre,1
BD3000.BCS,1190,CreateCreature,BDWAVE52,cre,1
BD3000.BCS,1247,CreateCreature,BDWAVE21,cre,1
BD3000.BCS,1248,CreateCreature,BDWAVE22,cre,1
BD3000.BCS,1249,CreateCreature,BDWAVE23,cre,1
BD3000.BCS,1250,CreateCreature,BDWAVE24,cre,1
BD3000.BCS,1251,CreateCreature,BDWAVE25,cre,1
BD3000.BCS,1252,CreateCreature,BDCUVIER,cre,1
BD3000.BCS,1253,CreateCreature,BDWAVE26,cre,1
BD3000.BCS,1265,CreateCreature,BDWAVE21,cre,1
BD3000.BCS,1266,CreateCreature,BDWAVE22,cre,1
BD3000.BCS,1267,CreateCreature,BDWAVE23,cre,1
BD3000.BCS,1268,CreateCreature,BDWAVE24,cre,1
BD3000.BCS,1269,CreateCreature,BDWAVE25,cre,1
BD3000.BCS,1270,CreateCreature,BDCUVIER,cre,1
BD3000.BCS,1271,CreateCreature,BDWAVE26,cre,1
BD3000.BCS,1272,CreateCreature,BDWAVE27,cre,1
BD3000.BCS,1273,CreateCreature,BDWAVE28,cre,1
BD3000.BCS,1285,CreateCreature,BDWAVE31,cre,1
BD3000.BCS,1286,CreateCreature,BDWAVE32,cre,1
BD3000.BCS,1287,CreateCreature,BDWAVE35,cre,1
BD3000.BCS,1288,CreateCreature,BDWAVE34,cre,1
BD3000.BCS,1289,CreateCreature,BDRHAYLA,cre,1
BD3000.BCS,1290,CreateCreature,BDWAVE33,cre,1
BD3000.BCS,1291,CreateCreature,BDWAVE35,cre,1
BD3000.BCS,1292,CreateCreature,BDWAVE31,cre,1
BD3000.BCS,1293,CreateCreature,BDWAVE32,cre,1
BD3000.BCS,1294,CreateCreature,BDWAVE33,cre,1
BD3000.BCS,1295,CreateCreature,BDWAVE31,cre,1
BD3000.BCS,1296,CreateCreature,BDWAVE32,cre,1
BD3000.BCS,1297,CreateCreature,BDWAVE34,cre,1
BD3000.BCS,1298,CreateCreature,BDWAVE35,cre,1
BD3000.BCS,1310,CreateCreature,BDWAVE31,cre,1
BD3000.BCS,1311,CreateCreature,BDWAVE32,cre,1
BD3000.BCS,1312,CreateCreature,BDWAVE35,cre,1
BD3000.BCS,1313,CreateCreature,BDWAVE34,cre,1
BD3000.BCS,1314,CreateCreature,BDRHAYLA,cre,1
BD3000.BCS,1315,CreateCreature,BDWAVE33,cre,1
BD3000.BCS,1316,CreateCreature,BDWAVE35,cre,1
BD3000.BCS,1317,CreateCreature,BDWAVE31,cre,1
BD3000.BCS,1318,CreateCreature,BDWAVE32,cre,1
BD3000.BCS,1319,CreateCreature,BDWAVE33,cre,1
BD3000.BCS,1320,CreateCreature,BDWAVE31,cre,1
BD3000.BCS,1321,CreateCreature,BDWAVE32,cre,1
BD3000.BCS,1322,CreateCreature,BDWAVE34,cre,1
BD3000.BCS,1323,CreateCreature,BDWAVE35,cre,1
BD3000.BCS,1324,CreateCreature,BDWAVE36,cre,1
BD3000.BCS,1325,CreateCreature,BDWAVE36,cre,1
BD3000.BCS,1336,CreateCreature,BDGRIMGO,cre,1
BD3000.BCS,1337,CreateCreature,BDWAVE45,cre,1
BD3000.BCS,1338,CreateCreature,BDWAVE47,cre,1
BD3000.BCS,1339,CreateCreature,BDWAVE46,cre,1
BD3000.BCS,1340,CreateCreature,BDWAVE41,cre,1
BD3000.BCS,1341,CreateCreature,BDWAVE42,cre,1
BD3000.BCS,1342,CreateCreature,BDWAVE43,cre,1
BD3000.BCS,1343,CreateCreature,BDWAVE44,cre,1
BD3000.BCS,1357,CreateCreature,BDNEDERL,cre,1
BD3000.BCS,1399,CreateCreature,BDJEGG2,cre,1
BD3000.BCS,1411,CreateCreature,BDSORALI,cre,1
BD3000.BCS,1412,CreateCreature,BDPETSG2,cre,1
BD3000.BCS,1413,CreateCreature,BDREFX9,cre,1
BD3000.BCS,1414,CreateCreature,BDREFX10,cre,1
BD3000.BCS,1415,CreateCreature,BDREFY10,cre,1
BD3000.BCS,1416,CreateCreature,BDREFY10,cre,1
BD3000.BCS,1634,CreateCreature,BDOPHYLL,cre,1
BD3000.BCS,1643,CreateCreature,BDWTR47,cre,1
BD3000.BCS,1646,CreateCreature,BDWTR57,cre,1
BD3000.BCS,1649,CreateCreature,BDDAGF47,cre,1
BD3000.BCS,1652,CreateCreature,BDDAGF57,cre,1
BD3000.BCS,1688,CreateCreature,BDWTR90,cre,1
BD3000.BCS,1693,CreateCreature,BDFIST83,cre,1
BD3000.BCS,1698,CreateCreature,BDDAGF72,cre,1
BD3000.BCS,1703,CreateCreature,BDWTR92,cre,1
BD3000.BCS,1708,CreateCreature,BDWTR93,cre,1
BD3000.BCS,1713,CreateCreature,BDFIST84,cre,1
BD3000.BCS,1718,CreateCreature,BDWTR94,cre,1
BD3000.BCS,1723,CreateCreature,BDDAGF70,cre,1
BD3000.BCS,1728,CreateCreature,BDFIST85,cre,1
BD3000.BCS,1733,CreateCreature,BDWTR91,cre,1
BD3000.BCS,1738,CreateCreature,BDWTR90,cre,1
BD3000.BCS,1743,CreateCreature,BDFIST86,cre,1
BD3000.BCS,1748,CreateCreature,BDWTR95,cre,1
BD3000.BCS,1753,CreateCreature,BDWTR91,cre,1
BD3000.BCS,1758,CreateCreature,BDWTR92,cre,1
BD3000.BCS,1763,CreateCreature,BDDAGF71,cre,1
BD3000.BCS,1768,CreateCreature,BDWTR93,cre,1
BD3000.BCS,1773,CreateCreature,BDWTR94,cre,1
BD3000.BCS,1786,CreateCreature,BDCATAPU,cre,1
BD3000.BCS,1790,CreateCreature,BDCATAPU,cre,1
BD3000.BCS,1794,CreateCreature,BDCATAPU,cre,1
BD3000.BCS,1798,CreateCreature,BDCATAPU,cre,1
BD3000.BCS,1802,CreateCreature,BDCATAPU,cre,1
BD3000.BCS,1806,CreateCreature,BDCATAPU,cre,1
BD3000.BCS,1810,CreateCreature,BDCATAPU,cre,1
BD3000.BCS,1814,CreateCreature,BDCATAPU,cre,1
BD3000.BCS,1818,CreateCreature,BDCATAPU,cre,1
BD3000.BCS,1822,CreateCreature,BDCATAPU,cre,1
BD3000.BCS,1833,CreateCreature,BDWTR46,cre,1
BD3000.BCS,1838,CreateCreature,BDFIST92,cre,1
BD3000.BCS,1843,CreateCreature,BDDAGF54,cre,1
BD3000.BCS,1848,CreateCreature,BDWTR53,cre,1
BD3000.BCS,1853,CreateCreature,BDFIST97,cre,1
BD3000.BCS,1858,CreateCreature,BDWTR50,cre,1
BD3000.BCS,1863,CreateCreature,BDDAGF40,cre,1
BD3000.BCS,1868,CreateCreature,BDFIST98,cre,1
BD3000.BCS,1873,CreateCreature,BDWTR42,cre,1
BD3000.BCS,1878,CreateCreature,BDFIST91,cre,1
BD3000.BCS,1883,CreateCreature,BDDAGF50,cre,1
BD3000.BCS,1888,CreateCreature,BDWTR51,cre,1
BD3000.BCS,1902,CreateCreature,BDFIST91,cre,1
BD3000.BCS,1907,CreateCreature,BDFIST92,cre,1
BD3000.BCS,1912,CreateCreature,BDFIST93,cre,1
BD3000.BCS,1917,CreateCreature,BDFIST94,cre,1
BD3000.BCS,1922,CreateCreature,BDFIST95,cre,1
BD3000.BCS,1927,CreateCreature,BDFIST96,cre,1
BD3000.BCS,1932,CreateCreature,BDFIST97,cre,1
BD3000.BCS,1937,CreateCreature,BDFIST98,cre,1
BD3000.BCS,1942,CreateCreature,BDFIST99,cre,1
BD4000.BCS,34,CreateCreature,BDDSSEN7,cre,1
BD4000.BCS,126,CreateCreature,BDNEDERL,cre,1
BD4000.BCS,129,CreateCreature,BDFIST42,cre,1
BD4000.BCS,130,CreateCreature,BDFIST42,cre,1
BD4000.BCS,131,CreateCreature,BDFIST40,cre,1
BD4000.BCS,132,CreateCreature,BDFIST41,cre,1
BD4000.BCS,133,CreateCreature,BDFISX35,cre,1
BD4000.BCS,193,CreateCreature,CUTSPY,cre,1
BD4000.BCS,194,CreateCreature,CUTSPY2,cre,1
BD4000.BCS,195,CreateCreature,BDCRZAKE,cre,1
BD4000.BCS,199,CreateCreature,BDBENCE,cre,1
BD4000.BCS,251,CreateCreature,BDDAGF35,cre,1
BD4000.BCS,255,CreateCreature,BDDAGF36,cre,1
BD4000.BCS,259,CreateCreature,BDDAGF37,cre,1
BD4000.BCS,263,CreateCreature,BDDAGF38,cre,1
BD4000.BCS,267,CreateCreature,BDFIST35,cre,1
BD4000.BCS,271,CreateCreature,BDFIST36,cre,1
BD4000.BCS,275,CreateCreature,BDFIST37,cre,1
BD4000.BCS,279,CreateCreature,BDFIST38,cre,1
BD4000.BCS,302,CreateCreature,BDWTRX35,cre,1
BD4000.BCS,309,CreateCreature,BDWTRX36,cre,1
BD4000.BCS,316,CreateCreature,BDWTRX37,cre,1
BD4000.BCS,323,CreateCreature,BDFISX35,cre,1
BD4000.BCS,346,CreateCreature,BDFIST36,cre,1
BD4000.BCS,350,CreateCreature,BDWTR36,cre,1
BD4000.BCS,354,CreateCreature,BDFIST35,cre,1
BD4000.BCS,358,CreateCreature,BDWTR35,cre,1
BD4000.BCS,362,CreateCreature,BDWTR37,cre,1
BD4000.BCS,366,CreateCreature,BDFIST37,cre,1
BD4000.BCS,370,CreateCreature,BDWTR38,cre,1
BD4000.BCS,374,CreateCreature,BDFIST38,cre,1
BD4000.BCS,378,CreateCreature,BDWTR39,cre,1
BD4000.BCS,401,CreateCreature,BDCRU48,cre,1
BD4000.BCS,408,CreateCreature,BDCRU49,cre,1
BD4000.BCS,415,CreateCreature,BDCRU50,cre,1
BD4000.BCS,441,CreateCreature,BDCRU51,cre,1
BD4000.BCS,446,CreateCreature,BDCRU52,cre,1
BD4000.BCS,451,CreateCreature,BDCRU53,cre,1
BD4000.BCS,456,CreateCreature,BDCRU54,cre,1
BD4000.BCS,461,CreateCreature,BDCRU55,cre,1
BD4000.BCS,466,CreateCreature,BDCRU56,cre,1
BD4000.BCS,471,CreateCreature,BDCRU57,cre,1
BD4000.BCS,476,CreateCreature,BDCRU58,cre,1
BD4000.BCS,488,CreateCreature,BDCRU40,cre,1
BD4000.BCS,492,CreateCreature,BDCRU44,cre,1
BD4000.BCS,496,CreateCreature,BDCRU41,cre,1
BD4000.BCS,500,CreateCreature,BDCRU46,cre,1
BD4000.BCS,504,CreateCreature,BDCRU45,cre,1
BD4000.BCS,508,CreateCreature,BDCRU42,cre,1
BD4000.BCS,512,CreateCreature,BDCRU47,cre,1
BD4000.BCS,516,CreateCreature,BDCRU43,cre,1
BD4000.BCS,524,CreateCreature,BDALMUR,cre,1
BD4000.BCS,525,CreateCreature,BDLUGG,cre,1
BD4000.BCS,526,CreateCreature,BDPHOSSE,cre,1
BD4000.BCS,528,CreateCreature,BDWTR30,cre,1
BD4000.BCS,530,CreateCreature,BDWTR30,cre,1
BD4000.BCS,549,CreateCreature,BDCRUML1,cre,1
BD4000.BCS,554,CreateCreature,BDCRUML2,cre,1
BD4000.BCS,559,CreateCreature,BDCRUML3,cre,1
BD4000.BCS,564,CreateCreature,BDCRUML4,cre,1
BD4000.BCS,569,CreateCreature,BDCRUMLA,cre,1
BD4000.BCS,574,CreateCreature,BDCRUML6,cre,1
BD4000.BCS,579,CreateCreature,BDCRUML7,cre,1
BD4000.BCS,584,CreateCreature,BDCRUML8,cre,1
BD4000.BCS,589,CreateCreature,BDCRUML9,cre,1
BD4000.BCS,594,CreateCreature,BDCRUML5,cre,1
BD4000.BCS,599,CreateCreature,BDCRUMLB,cre,1
BD4000.BCS,633,CreateCreatureImpassable,BDVOICE1,cre,1
BD4000.BCS,777,CreateCreature,BDFIST35,cre,1
BD4000.BCS,781,CreateCreature,BDFIST36,cre,1
BD4000.BCS,785,CreateCreature,BDFIST37,cre,1
BD4000.BCS,789,CreateCreature,BDFIST38,cre,1
BD4000.BCS,793,CreateCreature,BDFISX35,cre,1
BD4000.BCS,797,CreateCreature,BDWTR35,cre,1
BD4000.BCS,801,CreateCreature,BDWTR36,cre,1
BD4000.BCS,805,CreateCreature,BDWTR38,cre,1
BD4000.BCS,809,CreateCreature,BDDAGF37,cre,1
BD4000.BCS,813,CreateCreature,BDDAGF38,cre,1
BD4000.BCS,908,CreateCreature,BDUROLD,cre,1
BD4000.BCS,910,CreateCreature,BDPRIS01,cre,1
BD4000.BCS,911,CreateCreature,BDPRIS02,cre,1
BD4000.BCS,912,CreateCreature,BDPRIS03,cre,1
BD4000.BCS,913,CreateCreature,BDPRISD1,cre,1
BD4000.BCS,914,CreateCreature,BDPRISD2,cre,1
BD4000.BCS,923,CreateCreature,BDPRISGU,cre,1
BD4000.BCS,932,CreateCreature,BDTHERL2,cre,1
BD4100.BCS,55,CreateCreature,BDFIST37,cre,1
BD4100.BCS,66,CreateCreature,BDNEDERL,cre,1
BD4100.BCS,77,CreateCreature,BDBELEGA,cre,1
BD4100.BCS,91,CreateCreature,CUTSPY,cre,1
BD4100.BCS,118,CreateCreature,CUTSPY,cre,1
BD4100.BCS,550,CreateCreature,BDSKIE,cre,1
BD4300.BCS,69,CreateCreatureImpassable,BDVOICE,cre,1
BD4300.BCS,70,CreateCreature,BDHEPHER,cre,1
BD4300.BCS,71,CreateCreature,BDOLVENA,cre,1
BD4300.BCS,72,CreateCreature,BDESSERI,cre,1
BD4300.BCS,74,CreateCreature,BDDAEROS,cre,1
BD4300.BCS,76,CreateCreature,BDGOLSTO,cre,1
BD4300.BCS,81,CreateCreature,BDGOLSTO,cre,1
BD4300.BCS,133,CreateCreature,BDBENCE,cre,1
BD4300.BCS,134,CreateCreature,BDFFSOL1,cre,1
BD4300.BCS,135,CreateCreature,BDFFSOL2,cre,1
BD4300.BCS,136,CreateCreature,BDFFMAGE,cre,1
BD4300.BCS,137,CreateCreature,BDDAEROS,cre,1
BD4300.BCS,139,CreateCreature,BDCUTID,cre,1
BD4300.BCS,140,CreateCreature,BDFIST30,cre,1
BD4300.BCS,141,CreateCreature,BDWTR36,cre,1
BD4300.BCS,142,CreateCreature,BDFIST37,cre,1
BD4300.BCS,143,CreateCreature,BDFIST31,cre,1
BD4300.BCS,144,CreateCreature,BDFISTX3,cre,1
BD4300.BCS,145,CreateCreature,BDWTR31,cre,1
BD4300.BCS,168,CreateCreature,BDBENCE,cre,1
BD4300.BCS,169,CreateCreature,BDDELANC,cre,1
BD4300.BCS,170,CreateCreature,BDPATRES,cre,1
BD4300.BCS,360,CreateCreature,BDCRUZ01,cre,1
BD4300.BCS,361,CreateCreature,BDCRUZ02,cre,1
BD4300.BCS,362,CreateCreature,BDCRUZ03,cre,1
BD4300.BCS,374,CreateCreature,BDCRUZ02,cre,1
BD4300.BCS,375,CreateCreature,BDCRUZ03,cre,1
BD4300.BCS,376,CreateCreature,BDCRUS92,cre,1
BD4300.BCS,421,CreateCreature,BDCRU109,cre,1
BD4300.BCS,423,CreateCreature,BDCRUS91,cre,1
BD4300.BCS,425,CreateCreature,BDCRUX31,cre,1
BD4300.BCS,427,CreateCreature,BDCRUS99,cre,1
BD4300.BCS,429,CreateCreature,BDCRUS90,cre,1
BD4300.BCS,436,CreateCreature,BDCRU122,cre,1
BD4300.BCS,438,CreateCreature,BDCRUS22,cre,1
BD4300.BCS,440,CreateCreature,BDCRU106,cre,1
BD4300.BCS,442,CreateCreature,BDCRUS34,cre,1
BD4300.BCS,444,CreateCreature,BDCRUS93,cre,1
BD4300.BCS,451,CreateCreature,BDCRUS92,cre,1
BD4300.BCS,453,CreateCreature,BDCRUS94,cre,1
BD4300.BCS,455,CreateCreature,BDCRUX32,cre,1
BD4300.BCS,457,CreateCreature,BDCRUS33,cre,1
BD4300.BCS,459,CreateCreature,BDCRUS97,cre,1
BD4300.BCS,466,CreateCreature,BDCRU123,cre,1
BD4300.BCS,468,CreateCreature,BDCRUS37,cre,1
BD4300.BCS,470,CreateCreature,BDCRU107,cre,1
BD4300.BCS,472,CreateCreature,BDCRUS24,cre,1
BD4300.BCS,474,CreateCreature,BDCRUS96,cre,1
BD4300.BCS,499,CreateCreature,BDINSA01,cre,1
BD4300.BCS,501,CreateCreature,BDINSA02,cre,1
BD4300.BCS,503,CreateCreature,BDINSA03,cre,1
BD4300.BCS,505,CreateCreature,BDINSA04,cre,1
BD4300.BCS,507,CreateCreature,BDINSA05,cre,1
BD4300.BCS,509,CreateCreature,BDINSA06,cre,1
BD4300.BCS,511,CreateCreature,BDINSA07,cre,1
BD4300.BCS,515,CreateCreature,BDCRUE31,cre,1
BD4300.BCS,517,CreateCreature,BDCRUE30,cre,1
BD4300.BCS,519,CreateCreature,BDCRUE32,cre,1
BD4300.BCS,521,CreateCreature,BDCRUE33,cre,1
BD4300.BCS,523,CreateCreature,BDCRUE34,cre,1
BD4300.BCS,551,CreateCreatureEffect,BDIMP,cre,1
BD4300.BCS,553,CreateCreatureEffect,BDLEMURE,cre,1
BD4300.BCS,555,CreateCreatureEffect,BDABIBLA,cre,1
BD4300.BCS,571,CreateCreatureEffect,BDIMP,cre,1
BD4300.BCS,573,CreateCreatureEffect,BDABIGRE,cre,1
BD4300.BCS,575,CreateCreatureEffect,BDABIRED,cre,1
BD4300.BCS,577,CreateCreatureEffect,BDABIBLA,cre,1
BD4300.BCS,592,CreateCreatureEffect,BDIMP,cre,1
BD4300.BCS,594,CreateCreatureEffect,BDHAMATU,cre,1
BD4300.BCS,596,CreateCreatureEffect,BDABIRED,cre,1
BD4300.BCS,598,CreateCreatureEffect,BDHAMATU,cre,1
BD4400.BCS,148,CreateCreatureObjectEffect,BDDEVIL1,cre,1
BD4400.BCS,149,CreateCreatureObjectEffect,BDDEVIL2,cre,1
BD4601.BCS,59,CreateCreatureEffect,BDLEMURE,cre,1
BD4601.BCS,61,CreateCreatureEffect,BDIMP,cre,1
BD4601.BCS,63,CreateCreatureEffect,BDLEMURE,cre,1
BD4601.BCS,78,CreateCreatureEffect,BDHELCAT,cre,1
BD4601.BCS,80,CreateCreatureEffect,BDABIBLA,cre,1
BD4601.BCS,82,CreateCreatureEffect,BDHELCAT,cre,1
BD4601.BCS,97,CreateCreatureEffect,BDABIRED,cre,1
BD4601.BCS,99,CreateCreatureEffect,BDBONEFI,cre,1
BD4601.BCS,101,CreateCreatureEffect,BDABIGRE,cre,1
BD4700.BCS,17,CreateCreatureObject,BDCAELD,cre,1
BD4700.BCS,61,CreateCreatureEffect,BDABIGRE,cre,1
BD4700.BCS,62,CreateCreatureEffect,BDABIRED,cre,1
BD4700.BCS,64,CreateCreatureEffect,BDERINYE,cre,1
BD4700.BCS,65,CreateCreatureEffect,BDBONEFI,cre,1
BD4700.BCS,67,CreateCreatureEffect,BDDCOR01,cre,1
BD4700.BCS,68,CreateCreatureEffect,BDHAMATU,cre,1
BD4700.BCS,80,CreateCreatureEffect,BDABIGRE,cre,1
BD4700.BCS,81,CreateCreatureEffect,BDABIRED,cre,1
BD4700.BCS,83,CreateCreatureEffect,BDERINYE,cre,1
BD4700.BCS,84,CreateCreatureEffect,BDBONEFI,cre,1
BD4700.BCS,96,CreateCreatureEffect,BDABIGRE,cre,1
BD4700.BCS,97,CreateCreatureEffect,BDABIRED,cre,1
BD5000.BCS,69,CreateCreature,BDSLUG,cre,1
BD5000.BCS,83,CreateCreature,BDKAELET,cre,1
BD5000.BCS,84,CreateCreature,BDUMAR,cre,1
BD5000.BCS,96,CreateCreatureEffect,BEARCA,cre,1
BD5000.BCS,97,CreateCreatureEffect,BEARCA,cre,1
BD5000.BCS,98,CreateCreatureEffect,BEARCA,cre,1
BD5000.BCS,111,CreateCreatureEffect,BEARCA,cre,1
BD5000.BCS,112,CreateCreatureEffect,BEARCA,cre,1
BD5000.BCS,113,CreateCreatureEffect,BEARCA,cre,1
BD5000.BCS,114,CreateCreatureEffect,SPIDPH,cre,1
BD5000.BCS,115,CreateCreatureEffect,SPIDPH,cre,1
BD5000.BCS,128,CreateCreatureEffect,BEARCA,cre,1
BD5000.BCS,129,CreateCreatureEffect,BEARCA,cre,1
BD5000.BCS,130,CreateCreatureEffect,BEARCA,cre,1
BD5000.BCS,131,CreateCreatureEffect,SPIDPH,cre,1
BD5000.BCS,132,CreateCreatureEffect,SPIDPH,cre,1
BD5000.BCS,133,CreateCreatureEffect,BDSTSNAK,cre,1
BD5000.BCS,134,CreateCreatureEffect,BDSTSNAK,cre,1
BD5000.BCS,135,CreateCreatureEffect,BDHAMADR,cre,1
BD5000.BCS,148,CreateCreatureEffect,SPIDPH,cre,1
BD5000.BCS,149,CreateCreatureEffect,BDSTSNAK,cre,1
BD5000.BCS,150,CreateCreatureEffect,BDSTSNAK,cre,1
BD5000.BCS,151,CreateCreatureEffect,SPIDPH,cre,1
BD5000.BCS,152,CreateCreatureEffect,SPIDPH,cre,1
BD5000.BCS,153,CreateCreatureEffect,BDSTSNAK,cre,1
BD5000.BCS,154,CreateCreatureEffect,BDSTSNAK,cre,1
BD5000.BCS,155,CreateCreatureEffect,BDHAMADR,cre,1
BD5000.BCS,156,CreateCreatureEffect,SPIDPH,cre,1
BD5000.BCS,157,CreateCreatureEffect,SPIDPH,cre,1
BD5000.BCS,158,CreateCreatureEffect,ELEARG01,cre,1
BD5000.BCS,178,CreateCreature,BDGUAR55,cre,1
BD5000.BCS,179,CreateCreature,BDGUAR56,cre,1
BD5000.BCS,190,CreateCreature,BDGUAR59,cre,1
BD5000.BCS,191,CreateCreature,BDGUAR60,cre,1
BD5000.BCS,192,CreateCreature,BDGUAR59,cre,1
BD5000.BCS,193,CreateCreature,BDGUAR60,cre,1
BD5000.BCS,209,CreateCreature,BDHELP01,cre,1
BD5000.BCS,210,CreateCreature,BDHELP02,cre,1
BD5000.BCS,211,CreateCreature,BDHELP03,cre,1
BD5000.BCS,224,CreateCreature,BDGUAR57,cre,1
BD5000.BCS,227,CreateCreature,BDGUAR58,cre,1
BD5000.BCS,239,CreateCreature,BDGUAR57,cre,1
BD5000.BCS,241,CreateCreature,BDCRUS99,cre,1
BD5000.BCS,244,CreateCreature,BDCRU104,cre,1
BD5000.BCS,248,CreateCreature,BDGUAR58,cre,1
BD5000.BCS,249,CreateCreature,BDCRU103,cre,1
BD5000.BCS,252,CreateCreature,BDCRUS91,cre,1
BD5000.BCS,466,CreateCreatureObject,BDRAT2,cre,1
BD5000.BCS,469,CreateCreatureObject,BDRAT2,cre,1
BD5000.BCS,472,CreateCreatureObject,BDRAT2,cre,1
BD5100.BCS,74,CreateCreature,BDCRUS5D,cre,1
BD5100.BCS,75,CreateCreature,BDCRUS6D,cre,1
BD5100.BCS,76,CreateCreature,BDCRUS6D,cre,1
BD5100.BCS,77,CreateCreature,BDCRUS5D,cre,1
BD5100.BCS,78,CreateCreature,BDCRUS6D,cre,1
BD5100.BCS,79,CreateCreature,BDOGRE1D,cre,1
BD5100.BCS,80,CreateCreature,BDOGREM,cre,1
BD5100.BCS,104,CreateCreature,BDIRENI,cre,1
BD5100.BCS,105,CreateCreatureImpassable,CUTSPY,cre,1
BD5100.BCS,122,CreateCreature,BDIRENI,cre,1
BD5100.BCS,123,CreateCreatureImpassable,CUTSPY,cre,1
BD5100.BCS,156,CreateCreatureImpassable,BDPWATER,cre,1
BD5100.BCS,216,CreateCreature,BDGFGUAX,cre,1
BD5100.BCS,310,CreateCreatureObjectOffset,BDCRALRT,cre,1
BD5100.BCS,323,CreateCreature,BDCRUX34,cre,1
BD5100.BCS,325,CreateCreature,BDCRU109,cre,1
BD5100.BCS,327,CreateCreature,BDCRUS90,cre,1
BD5100.BCS,330,CreateCreature,BDCRUS97,cre,1
BD5100.BCS,346,CreateCreature,BDCRU121,cre,1
BD5100.BCS,404,CreateCreature,BDCRU118,cre,1
BD5100.BCS,406,CreateCreature,BDCRU110,cre,1
BD5100.BCS,408,CreateCreature,BDCRU104,cre,1
BD5100.BCS,422,CreateCreature,BDCRU123,cre,1
BD5100.BCS,424,CreateCreature,BDCRU107,cre,1
BD5100.BCS,427,CreateCreature,BDCRUS20,cre,1
BD5100.BCS,514,CreateCreatureEffect,BDSHAMB,cre,1
BD5100.BCS,515,CreateCreatureEffect,BDSHAMB,cre,1
BD5100.BCS,517,CreateCreatureEffect,BDSPIDGA,cre,1
BD5100.BCS,518,CreateCreatureEffect,BDSPIDGA,cre,1
BD5100.BCS,520,CreateCreatureEffect,BDTREANT,cre,1
BD5100.BCS,521,CreateCreatureEffect,BDTREANT,cre,1
BD5100.BCS,532,CreateCreatureEffect,BDSPIDGA,cre,1
BD5100.BCS,533,CreateCreatureEffect,BDSPIDGA,cre,1
BD5100.BCS,535,CreateCreatureEffect,BDTREANT,cre,1
BD5100.BCS,536,CreateCreatureEffect,BDTREANT,cre,1
BD5100.BCS,547,CreateCreatureEffect,BDTREANT,cre,1
BD5100.BCS,548,CreateCreatureEffect,BDTREANT,cre,1
BD5300.BCS,119,CreateCreature,BDHALAT,cre,1
BD5300KR.BCS,8,CreateCreature,BDKRUNTU,cre,1
BD6000.BCS,7,CreateCreature,L#2BDFF1,cre,1
BD6000.BCS,8,CreateCreature,L#2BDFF2,cre,1
BD6000.BCS,31,CreateCreature,L#2BRISL,cre,1
BD6000.BCS,75,CreateCreature,BDSCHAE2,cre,1
BD6100.BCS,32,CreateCreature,BDCUTID,cre,1
BD6100.BCS,91,CreateCreature,CUTSPY,cre,1
BD6100.BCS,93,CreateCreature,BDFINAL2,cre,1
BD6100.BCS,95,CreateCreature,BDFINAL3,cre,1
BD6100.BCS,97,CreateCreature,BDFINAL4,cre,1
BD6100.BCS,99,CreateCreature,BDFINAL5,cre,1
BD6100.BCS,101,CreateCreature,BDFINAL1,cre,1
BD6100.BCS,103,CreateCreature,BDFINAL4,cre,1
BD6100.BCS,105,CreateCreature,BDFINAL5,cre,1
BD6100.BCS,126,CreateCreatureObject,K#TELBGT,cre,1
BD6100.BCS,183,CreateCreatureAtLocation,BDFINAL2,cre,1
BD6100.BCS,188,CreateCreatureAtLocation,BDFINAL3,cre,1
BD6100.BCS,193,CreateCreatureAtLocation,BDFINAL4,cre,1
BD6100.BCS,198,CreateCreatureAtLocation,BDFINAL5,cre,1
BD7000.BCS,16,CreateCreature,C02AKOKO,cre,1
BD7000.BCS,78,CreateCreature,RASAAD7,cre,1
BD7000.BCS,182,CreateCreature,WOLFDI,cre,1
BD7000.BCS,183,CreateCreature,WOLFDI,cre,1
BD7000.BCS,184,CreateCreature,WOLFDI,cre,1
BD7000.BCS,187,CreateCreature,WOLFDI,cre,1
BD7000.BCS,188,CreateCreature,WOLFDI,cre,1
BD7000.BCS,189,CreateCreature,WOLFDI,cre,1
BD7000.BCS,200,CreateCreature,WOLFDI,cre,1
BD7000.BCS,201,CreateCreature,WOLFDI,cre,1
BD7000.BCS,202,CreateCreature,WOLFDI,cre,1
BD7000.BCS,205,CreateCreature,WOLFDI,cre,1
BD7000.BCS,206,CreateCreature,WOLFDI,cre,1
BD7000.BCS,207,CreateCreature,WOLFDI,cre,1
BD7000.BCS,208,CreateCreature,WOLFDI,cre,1
BD7000.BCS,211,CreateCreature,WOLFDI,cre,1
BD7000.BCS,212,CreateCreature,WOLFDI,cre,1
BD7000.BCS,213,CreateCreature,WOLFDI,cre,1
BD7000.BCS,224,CreateCreature,WOLFDI,cre,1
BD7000.BCS,225,CreateCreature,WOLFDI,cre,1
BD7000.BCS,226,CreateCreature,WOLFDI,cre,1
BD7000.BCS,229,CreateCreature,WOLFDI,cre,1
BD7000.BCS,230,CreateCreature,WOLFDI,cre,1
BD7000.BCS,231,CreateCreature,WOLFDI,cre,1
BD7000.BCS,232,CreateCreature,WOLFDI,cre,1
BD7000.BCS,235,CreateCreature,WOLFDI,cre,1
BD7000.BCS,236,CreateCreature,WOLFDI,cre,1
BD7000.BCS,237,CreateCreature,WOLFDI,cre,1
BD7000.BCS,240,CreateCreature,WOLFDI,cre,1
BD7000.BCS,241,CreateCreature,WOLFDI,cre,1
BD7000.BCS,242,CreateCreature,WOLFDI,cre,1
BD7000.BCS,245,CreateCreature,WOLFDI,cre,1
BD7000.BCS,246,CreateCreature,WOLFDI,cre,1
BD7000.BCS,247,CreateCreature,WOLFDI,cre,1
BD7100.BCS,27,CreateCreature,C02AURA,cre,1
BD7100.BCS,472,CreateCreature,JAHEIR7_,cre,1
BD7100.BCS,523,CreateCreature,BDKAVA,cre,1
BD7100.BCS,524,CreateCreature,BDFARRL,cre,1
BD7100.BCS,525,CreateCreature,BDREND,cre,1
BD7100.BCS,573,CreateCreature,BDSKIE,cre,1
BD7100.BCS,672,CreateCreature,BDOPHYLL,cre,1
BD7100.BCS,683,CreateCreature,BDSORALI,cre,1
BD7100.BCS,684,CreateCreature,BDPETSG2,cre,1
BD7200.BCS,7,CreateCreature,CUTSPY,cre,1
BD7210.BCS,95,CreateCreatureOffScreen,BDWYVR03,cre,1
BD7210.BCS,96,CreateCreatureOffScreen,BDWYVR03,cre,1
BD7210.BCS,97,CreateCreatureOffScreen,BDWYVR03,cre,1
BD7210.BCS,98,CreateCreatureOffScreen,BDWYVR03,cre,1
BD7210.BCS,99,CreateCreatureOffScreen,BDWYVR03,cre,1
BD7210.BCS,100,CreateCreatureOffScreen,BDDRGGRY,cre,1
BD7210.BCS,101,CreateCreatureOffScreen,BDDRGGRY,cre,1
BD7210.BCS,114,CreateCreatureOffScreen,BDWYVR03,cre,1
BD7210.BCS,115,CreateCreatureOffScreen,BDWYVR03,cre,1
BD7210.BCS,116,CreateCreatureOffScreen,BDWYVR03,cre,1
BD7210.BCS,117,CreateCreatureOffScreen,BDDRGGRY,cre,1
BD7210.BCS,130,CreateCreatureOffScreen,BDWYVR03,cre,1
BD7210.BCS,131,CreateCreatureOffScreen,BDWYVR03,cre,1
BD7220.BCS,7,CreateCreature,BDCULTX2,cre,1
BD7230.BCS,20,CreateCreature,BDSERVSU,cre,1
BD7230.BCS,22,CreateCreature,BDSERVSU,cre,1
BD7230.BCS,34,CreateCreature,BDSERVSU,cre,1
BD7230.BCS,124,CreateCreatureObject,CUTSPY,cre,1
BD7300.BCS,33,CreateCreature,BDSCHAEL,cre,1
BD7300.BCS,180,CreateCreature,BDEPHRIK,cre,1
BD7400.BCS,30,CreateCreature,BDWOLFVA,cre,1
BD7400.BCS,31,CreateCreature,BDWOLFDR,cre,1
BD7400.BCS,32,CreateCreature,BDWOLFDR,cre,1
BD7400.BCS,33,CreateCreature,BDWOLFDR,cre,1
BD7400.BCS,34,CreateCreature,BDWOLF,cre,1
BD7400.BCS,35,CreateCreature,BDWOLF,cre,1
BD7400.BCS,36,CreateCreature,BDWOLF,cre,1
BD7400.BCS,37,CreateCreature,BDWOLF,cre,1
BDASHIRU.BCS,52,CreateCreatureObject,BDSHAD04,cre,1
BDASHIRU.BCS,53,CreateCreatureObject,BDSHAD04,cre,1
BDASHIRU.BCS,67,CreateCreatureObject,BDSHAD04,cre,1
BDASHIRU.BCS,68,CreateCreatureObject,BDSHAD04,cre,1
BDASHIRU.BCS,69,CreateCreatureObject,BDSHSOUL,cre,1
BDASHIRU.BCS,70,CreateCreatureObject,BDSHSOUL,cre,1
BDBALDUR.BCS,103,CreateCreatureObjectOffset,CUTSPY,cre,1
BDBALDUR.BCS,108,CreateCreatureObjectOffset,CUTSPY,cre,1
BDBALDUR.BCS,1517,CreateCreatureObject,BDANGATH,cre,1
BDBALDUR.BCS,1526,CreateCreatureObject,BDFFWIZ,cre,1
BDBALDUR.BCS,1678,CreateCreatureOffScreen,BDTSMESS,cre,1
BDBCRW.BCS,77,CreateCreature,CUTSPY,cre,1
BDBOARB.BCS,7,CreateCreature,BDCUTID,cre,1
BDBOARB2.BCS,39,CreateCreature,CUTSPY,cre,1
BDBOARB2.BCS,40,CreateCreatureDoor,BDFISTM1,cre,1
BDBOARB2.BCS,104,CreateCreature,CUTSPY,cre,1
BDBOARB2.BCS,176,CreateCreature,BDSALF01,cre,1
BDBOARB2.BCS,183,CreateCreature,BDMEPF01,cre,1
BDBOARB2.BCS,186,CreateCreature,BDMEPF01,cre,1
BDBOARB2.BCS,193,CreateCreature,BDELFIRL,cre,1
BDBOARB2.BCS,208,CreateCreature,BDSALF01,cre,1
BDBOARB2.BCS,211,CreateCreature,BDSALF01,cre,1
BDBOARB2.BCS,218,CreateCreature,BDMEPF01,cre,1
BDBOARB2.BCS,221,CreateCreature,BDMEPF01,cre,1
BDBOARB2.BCS,224,CreateCreature,BDMEPF01,cre,1
BDBOARB2.BCS,231,CreateCreature,BDELFIRL,cre,1
BDBOARB2.BCS,234,CreateCreature,BDELFIRL,cre,1
BDBOARB2.BCS,241,CreateCreature,BDELFIRM,cre,1
BDBOARB2.BCS,254,CreateCreature,BDSALF01,cre,1
BDBOARB2.BCS,257,CreateCreature,BDSALF01,cre,1
BDBOARB2.BCS,260,CreateCreature,BDSALF01,cre,1
BDBOARB2.BCS,263,CreateCreature,BDMEPF01,cre,1
BDBOARB2.BCS,266,CreateCreature,BDMEPF01,cre,1
BDBOARB2.BCS,273,CreateCreature,BDELFIRM,cre,1
BDBOARB2.BCS,274,CreateCreature,BDELFIRM,cre,1
BDBOARB2.BCS,279,CreateCreature,BDELFIRG,cre,1
BDBOARB2.BCS,284,CreateCreature,BDEFREET,cre,1
BDBOARB2.BCS,285,CreateCreature,BDMEPF01,cre,1
BDBOARB2.BCS,288,CreateCreature,BDMEPF01,cre,1
BDBOARB2.BCS,303,CreateCreature,BDSALF01,cre,1
BDBOARB2.BCS,306,CreateCreature,BDSALF01,cre,1
BDBOARB2.BCS,309,CreateCreature,BDSALF01,cre,1
BDBOARB2.BCS,312,CreateCreature,BDSALF01,cre,1
BDBOARB2.BCS,315,CreateCreature,BDMEPF01,cre,1
BDBOARB2.BCS,318,CreateCreature,BDMEPF01,cre,1
BDBOARB2.BCS,321,CreateCreature,BDMEPF01,cre,1
BDBOARB2.BCS,324,CreateCreature,BDMEPF01,cre,1
BDBOARB2.BCS,331,CreateCreature,BDELFIRM,cre,1
BDBOARB2.BCS,332,CreateCreature,BDELFIRM,cre,1
BDBOARB2.BCS,333,CreateCreature,BDSALF01,cre,1
BDBOARB2.BCS,336,CreateCreature,BDSALF01,cre,1
BDBOARB2.BCS,339,CreateCreature,BDSALF01,cre,1
BDBOARB2.BCS,346,CreateCreature,BDELFIRG,cre,1
BDBOARB2.BCS,347,CreateCreature,BDELFIRG,cre,1
BDBOARB2.BCS,352,CreateCreature,BDEFREET,cre,1
BDBOARB2.BCS,353,CreateCreature,BDEFREET,cre,1
BDBOARB2.BCS,354,CreateCreature,BDMEPF01,cre,1
BDBOARB2.BCS,357,CreateCreature,BDMEPF01,cre,1
BDBRANCH.BCS,8,CreateCreature,BDMYC01,cre,1
BDBRANCH.BCS,9,CreateCreature,BDMYC01,cre,1
BDBRANCH.BCS,10,CreateCreature,BDMYC01,cre,1
BDBRANCH.BCS,11,CreateCreature,BDMYCELD,cre,1
BDBTEAM1.BCS,43,CreateCreature,BDTEAM12,cre,1
BDBTEAM1.BCS,44,CreateCreature,BDTEAM11,cre,1
BDBTEAM2.BCS,43,CreateCreature,BDTEAM22,cre,1
BDBTEAM2.BCS,44,CreateCreature,BDTEAM21,cre,1
BDBTEAM3.BCS,43,CreateCreature,BDTEAM32,cre,1
BDBTEAM3.BCS,44,CreateCreature,BDTEAM31,cre,1
BDBTEAM4.BCS,43,CreateCreature,BDTEAM42,cre,1
BDBTEAM4.BCS,44,CreateCreature,BDTEAM41,cre,1
BDBTEAM5.BCS,34,CreateCreature,BDTEAM52,cre,1
BDBTEAM5.BCS,35,CreateCreature,BDTEAM51,cre,1
BDBTEAM5.BCS,36,CreateCreature,BDTEAM53,cre,1
BDBTEAM6.BCS,34,CreateCreature,BDTEAM61,cre,1
BDBTEAM6.BCS,35,CreateCreature,BDTEAM63,cre,1
BDBTEAM6.BCS,36,CreateCreature,BDTEAM62,cre,1
BDC123A.BCS,6,CreateCreature,BDTSOLAK,cre,1
BDC205AA.BCS,6,CreateCreature,CUTSPY,cre,1
BDC205AA.BCS,14,CreateCreature,BDBFORT,cre,1
BDC205AB.BCS,6,CreateCreature,CUTSPY,cre,1
BDC205AB.BCS,14,CreateCreature,BDBFORT,cre,1
BDC205AC.BCS,6,CreateCreature,CUTSPY,cre,1
BDC205AC.BCS,15,CreateCreature,BDBFORT,cre,1
BDC205BA.BCS,6,CreateCreature,BDBFORT3,cre,1
BDC205BB.BCS,6,CreateCreature,BDBFORT3,cre,1
BDC205BC.BCS,6,CreateCreature,BDBFORT3,cre,1
BDC205CA.BCS,6,CreateCreature,KHALID,cre,1
BDC205CB.BCS,6,CreateCreature,KHALID,cre,1
BDC205DA.BCS,6,CreateCreature,BDROARK,cre,1
BDC205DB.BCS,6,CreateCreature,BDROARK,cre,1
BDC205R.BCS,7,CreateCreature,BDROARK,cre,1
BDC208A.BCS,6,CreateCreature,BDFEYR,cre,1
BDCUT02.BCS,11,CreateCreature,CUTSPY,cre,1
BDCUT02.BCS,12,CreateCreature,BDCUTID,cre,1
BDCUT02.BCS,19,CreateCreature,BDGASS2,cre,1
BDCUT02.BCS,21,CreateCreature,BDGASS3,cre,1
BDCUT02.BCS,22,CreateCreature,BDGASS4,cre,1
BDCUT08.BCS,86,CreateCreature,CUTSPY,cre,1
BDCUT09.BCS,25,CreateCreature,BDSCHAEL,cre,1
BDCUT09.BCS,26,CreateCreature,BDCROWDM,cre,1
BDCUT09.BCS,27,CreateCreature,BDROWDY,cre,1
BDCUT09.BCS,28,CreateCreature,CUTSPY,cre,1
BDCUT09.BCS,36,CreateCreature,BDFISTCX,cre,1
BDCUT09.BCS,38,CreateCreature,BDFISTCX,cre,1
BDCUT09.BCS,40,CreateCreature,BDFISTCX,cre,1
BDCUT09.BCS,42,CreateCreature,BDFISTCX,cre,1
BDCUT09.BCS,44,CreateCreature,BDFISTCX,cre,1
BDCUT09.BCS,46,CreateCreature,BDFISTCX,cre,1
BDCUT09.BCS,48,CreateCreature,BDFISTCX,cre,1
BDCUT09.BCS,50,CreateCreature,BDFISTCX,cre,1
BDCUT09.BCS,52,CreateCreature,BDFISTCX,cre,1
BDCUT09.BCS,54,CreateCreature,BDFISTCX,cre,1
BDCUT09.BCS,56,CreateCreature,BDFISTCX,cre,1
BDCUT09.BCS,58,CreateCreature,BDFISTCX,cre,1
BDCUT09.BCS,60,CreateCreature,BDFISTCX,cre,1
BDCUT09.BCS,62,CreateCreature,BDFISTCX,cre,1
BDCUT09.BCS,64,CreateCreature,BDFISTCX,cre,1
BDCUT09.BCS,66,CreateCreature,BDFISTCX,cre,1
BDCUT09.BCS,68,CreateCreature,BDFISTCX,cre,1
BDCUT09.BCS,70,CreateCreature,BDFISTCX,cre,1
BDCUT09.BCS,72,CreateCreature,BDFISTCX,cre,1
BDCUT09.BCS,74,CreateCreature,BDFISTCX,cre,1
BDCUT09A.BCS,24,CreateCreature,BDFISTCX,cre,1
BDCUT09A.BCS,27,CreateCreature,BDFISTCX,cre,1
BDCUT09A.BCS,30,CreateCreature,BDFISTCX,cre,1
BDCUT09A.BCS,33,CreateCreature,BDFISTCX,cre,1
BDCUT09A.BCS,36,CreateCreature,BDFISTCX,cre,1
BDCUT09A.BCS,39,CreateCreature,BDFISTCX,cre,1
BDCUT09A.BCS,42,CreateCreature,BDFISTCX,cre,1
BDCUT09A.BCS,45,CreateCreature,BDFISTCX,cre,1
BDCUT09B.BCS,22,CreateCreature,BDFISTCX,cre,1
BDCUT09B.BCS,25,CreateCreature,BDFISTCX,cre,1
BDCUT09B.BCS,28,CreateCreature,BDFISTCX,cre,1
BDCUT09B.BCS,31,CreateCreature,BDFISTCX,cre,1
BDCUT09B.BCS,34,CreateCreature,BDFISTCX,cre,1
BDCUT09B.BCS,37,CreateCreature,BDFISTCX,cre,1
BDCUT09B.BCS,40,CreateCreature,BDFISTCX,cre,1
BDCUT09B.BCS,43,CreateCreature,BDFISTCX,cre,1
BDCUT09B.BCS,46,CreateCreature,BDFISTCX,cre,1
BDCUT09B.BCS,49,CreateCreature,BDFISTCX,cre,1
BDCUT09B.BCS,52,CreateCreature,BDFISTCX,cre,1
BDCUT09B.BCS,55,CreateCreature,BDFISTCX,cre,1
BDCUT09B.BCS,58,CreateCreature,BDFISTCX,cre,1
BDCUT09B.BCS,61,CreateCreature,BDFISTCX,cre,1
BDCUT09B.BCS,64,CreateCreature,BDFISTCX,cre,1
BDCUT09B.BCS,67,CreateCreature,BDFISTCX,cre,1
BDCUT09B.BCS,70,CreateCreature,BDFISTCX,cre,1
BDCUT09B.BCS,73,CreateCreature,BDFISTCX,cre,1
BDCUT09B.BCS,76,CreateCreature,BDFISTCX,cre,1
BDCUT09B.BCS,79,CreateCreature,BDFISTCX,cre,1
BDCUT09B.BCS,83,CreateCreature,BDFISTCX,cre,1
BDCUT09B.BCS,86,CreateCreature,BDFISTCX,cre,1
BDCUT09B.BCS,89,CreateCreature,BDFISTCX,cre,1
BDCUT09B.BCS,92,CreateCreature,BDFISTCX,cre,1
BDCUT09B.BCS,95,CreateCreature,BDFISTCX,cre,1
BDCUT09B.BCS,98,CreateCreature,BDFISTCX,cre,1
BDCUT09B.BCS,101,CreateCreature,BDFISTCX,cre,1
BDCUT09B.BCS,104,CreateCreature,BDFISTCX,cre,1
BDCUT09B.BCS,107,CreateCreature,BDFISTCX,cre,1
BDCUT09B.BCS,110,CreateCreature,BDFISTCX,cre,1
BDCUT09B.BCS,113,CreateCreature,BDFISTCX,cre,1
BDCUT09B.BCS,116,CreateCreature,BDFISTCX,cre,1
BDCUT09B.BCS,119,CreateCreature,BDFISTCX,cre,1
BDCUT09B.BCS,122,CreateCreature,BDFISTCX,cre,1
BDCUT09B.BCS,125,CreateCreature,BDFISTCX,cre,1
BDCUT09B.BCS,128,CreateCreature,BDFISTCX,cre,1
BDCUT11.BCS,23,CreateCreature,BDCAELAR,cre,1
BDCUT11.BCS,24,CreateCreature,BDHEPHER,cre,1
BDCUT11.BCS,25,CreateCreature,BDIRENI,cre,1
BDCUT11.BCS,26,CreateCreature,BDCUTID,cre,1
BDCUT11.BCS,27,CreateCreature,BDCUTID2,cre,1
BDCUT11.BCS,28,CreateCreature,BDASHATI,cre,1
BDCUT11.BCS,29,CreateCreature,BDCRUE34,cre,1
BDCUT11.BCS,30,CreateCreature,BDCRUE31,cre,1
BDCUT11.BCS,31,CreateCreature,BDCRU109,cre,1
BDCUT11.BCS,32,CreateCreature,BDCRUX31,cre,1
BDCUT11.BCS,33,CreateCreature,BDCRUE33,cre,1
BDCUT11.BCS,34,CreateCreature,BDCRU102,cre,1
BDCUT11.BCS,35,CreateCreature,BDCRU103,cre,1
BDCUT11.BCS,36,CreateCreature,BDCRU104,cre,1
BDCUT11.BCS,37,CreateCreature,BDCRU117,cre,1
BDCUT11.BCS,38,CreateCreature,BDCRUS90,cre,1
BDCUT11.BCS,39,CreateCreature,BDCRUE32,cre,1
BDCUT11.BCS,157,CreateCreature,BDCRUS37,cre,1
BDCUT11.BCS,161,CreateCreature,BDCRUS94,cre,1
BDCUT11.BCS,165,CreateCreature,BDCRUS33,cre,1
BDCUT11.BCS,169,CreateCreature,BDCRUS96,cre,1
BDCUT11.BCS,173,CreateCreature,BDCRUS93,cre,1
BDCUT11.BCS,177,CreateCreature,BDCRUS39,cre,1
BDCUT11.BCS,181,CreateCreature,BDCRU104,cre,1
BDCUT11.BCS,185,CreateCreature,BDCRU101,cre,1
BDCUT11.BCS,189,CreateCreature,BDCRU110,cre,1
BDCUT11.BCS,193,CreateCreature,BDCRUS32,cre,1
BDCUT11.BCS,197,CreateCreature,BDCRU111,cre,1
BDCUT11.BCS,201,CreateCreature,BDCRU108,cre,1
BDCUT11.BCS,205,CreateCreature,BDCRUE30,cre,1
BDCUT11.BCS,209,CreateCreature,BDCRUSX2,cre,1
BDCUT11.BCS,213,CreateCreature,BDCRUE33,cre,1
BDCUT11.BCS,217,CreateCreature,BDCRU106,cre,1
BDCUT11.BCS,221,CreateCreature,BDCRUS94,cre,1
BDCUT11.BCS,225,CreateCreature,BDCRU100,cre,1
BDCUT11A.BCS,112,CreateCreatureObject,BDCCSOL1,cre,1
BDCUT11A.BCS,120,CreateCreatureObject,BDCCSOL2,cre,1
BDCUT11A.BCS,128,CreateCreatureObject,BDCCSOL3,cre,1
BDCUT11A.BCS,136,CreateCreatureObject,BDCCSOL4,cre,1
BDCUT11A.BCS,144,CreateCreatureObject,BDCCSOL5,cre,1
BDCUT11A.BCS,152,CreateCreatureObject,BDCCSAR1,cre,1
BDCUT11A.BCS,160,CreateCreatureObject,BDCCREC1,cre,1
BDCUT11A.BCS,168,CreateCreatureObject,BDCCREC2,cre,1
BDCUT11A.BCS,176,CreateCreatureObject,BDCCREC3,cre,1
BDCUT11A.BCS,184,CreateCreatureObject,BDCRUS91,cre,1
BDCUT11A.BCS,192,CreateCreatureObject,BDCCMAG1,cre,1
BDCUT11A.BCS,200,CreateCreatureObject,BDCCMAG2,cre,1
BDCUT11A.BCS,208,CreateCreatureObject,BDCCOFF1,cre,1
BDCUT11A.BCS,216,CreateCreatureObject,BDCCOFF2,cre,1
BDCUT11A.BCS,224,CreateCreatureObject,BDCCARC1,cre,1
BDCUT11A.BCS,232,CreateCreatureObject,BDCCCLE1,cre,1
BDCUT11A.BCS,240,CreateCreatureObject,BDCRUR32,cre,1
BDCUT11A.BCS,248,CreateCreatureObject,BDCRU100,cre,1
BDCUT11A.BCS,256,CreateCreatureObject,BDCRUS96,cre,1
BDCUT11A.BCS,264,CreateCreatureObject,BDCRUS20,cre,1
BDCUT11A.BCS,272,CreateCreatureObject,BDCRUS39,cre,1
BDCUT11A.BCS,280,CreateCreatureObject,BDCRUS99,cre,1
BDCUT11A.BCS,288,CreateCreatureObject,BDCRUS22,cre,1
BDCUT11A.BCS,296,CreateCreatureObject,BDCRUS23,cre,1
BDCUT11A.BCS,304,CreateCreatureObject,BDCRUS24,cre,1
BDCUT11A.BCS,312,CreateCreatureObject,BDCRUS33,cre,1
BDCUT11A.BCS,320,CreateCreatureObject,BDCRUS34,cre,1
BDCUT11A.BCS,328,CreateCreatureObject,BDCRUS37,cre,1
BDCUT11A.BCS,336,CreateCreatureObject,BDCRUS38,cre,1
BDCUT11A.BCS,344,CreateCreatureObject,BDCRUS29,cre,1
BDCUT11A.BCS,352,CreateCreatureObject,BDCRUS28,cre,1
BDCUT11A.BCS,360,CreateCreatureObject,BDCRU114,cre,1
BDCUT11A.BCS,368,CreateCreatureObject,BDCRUE30,cre,1
BDCUT11A.BCS,376,CreateCreatureObject,BDCRUR30,cre,1
BDCUT11A.BCS,384,CreateCreatureObject,BDCRUE32,cre,1
BDCUT11A.BCS,392,CreateCreatureObject,BDCRUE33,cre,1
BDCUT11A.BCS,400,CreateCreatureObject,BDCRUS32,cre,1
BDCUT11A.BCS,408,CreateCreatureObject,BDCRU108,cre,1
BDCUT11A.BCS,416,CreateCreatureObject,BDCRU111,cre,1
BDCUT11A.BCS,424,CreateCreatureObject,BDCRU112,cre,1
BDCUT11A.BCS,432,CreateCreatureObject,BDCRU120,cre,1
BDCUT11A.BCS,440,CreateCreatureObject,BDCRU121,cre,1
BDCUT14.BCS,6,CreateCreature,BDCUTID,cre,1
BDCUT14.BCS,11,CreateCreature,CUTSPY2,cre,1
BDCUT14.BCS,30,CreateCreature,CUTSPY,cre,1
BDCUT14.BCS,79,CreateCreature,CUTSPY2,cre,1
BDCUT15.BCS,7,CreateCreature,BDDARNAS,cre,1
BDCUT15.BCS,8,CreateCreature,BDBARGHE,cre,1
BDCUT15.BCS,9,CreateCreature,BDOLONEI,cre,1
BDCUT15.BCS,10,CreateCreature,BDCAELAR,cre,1
BDCUT15.BCS,11,CreateCreature,BDVICHAN,cre,1
BDCUT15.BCS,12,CreateCreature,BDHORMOR,cre,1
BDCUT15.BCS,13,CreateCreature,BDRHAYLA,cre,1
BDCUT15.BCS,14,CreateCreature,BDCCHOB1,cre,1
BDCUT15.BCS,15,CreateCreature,BDCCSAR1,cre,1
BDCUT15.BCS,16,CreateCreature,BDJAYVIS,cre,1
BDCUT15.BCS,17,CreateCreature,BDHEPHER,cre,1
BDCUT15.BCS,35,CreateCreature,CUTSPY2,cre,1
BDCUT16.BCS,202,CreateCreature,BDBENCE,cre,1
BDCUT16.BCS,203,CreateCreature,BDFSCOUT,cre,1
BDCUT16.BCS,204,CreateCreature,BDFSCOU2,cre,1
BDCUT16.BCS,205,CreateCreature,BDFSCOUT,cre,1
BDCUT200.BCS,11,CreateCreature,BDBRAT,cre,1
BDCUT201.BCS,6,CreateCreature,BDBSQUIR,cre,1
BDCUT204.BCS,17,CreateCreatureObjectEffect,BDBGOBG1,cre,1
BDCUT204.BCS,18,CreateCreatureObjectEffect,BDBGOBG2,cre,1
BDCUT204.BCS,19,CreateCreatureObjectEffect,BDBGOBG3,cre,1
BDCUT20A.BCS,24,CreateCreature,BDSERV,cre,1
BDCUT20A.BCS,25,CreateCreature,BDCAELAR,cre,1
BDCUT20A.BCS,35,CreateCreature,BDHEPH2,cre,1
BDCUT21.BCS,31,CreateCreature,BDMERCCR,cre,1
BDCUT221.BCS,12,CreateCreatureObjectEffect,BDGARFOU,cre,1
BDCUT221.BCS,13,CreateCreatureObjectEffect,BDDMAKGR,cre,1
BDCUT221.BCS,14,CreateCreatureObjectEffect,BDSOTDAR,cre,1
BDCUT221.BCS,15,CreateCreatureObjectEffect,BDRGOSZ,cre,1
BDCUT26.BCS,7,CreateCreatureObjectDoor,BDFISTM1,cre,1
BDCUT26.BCS,10,CreateCreature,CUTSPY,cre,1
BDCUT26.BCS,11,CreateCreature,CUTSPY2,cre,1
BDCUT27.BCS,22,CreateCreature,BDFIST23,cre,1
BDCUT27.BCS,23,CreateCreature,BDFISTX2,cre,1
BDCUT27.BCS,24,CreateCreature,BDDUGRAF,cre,1
BDCUT27.BCS,25,CreateCreature,BDFIST22,cre,1
BDCUT27.BCS,26,CreateCreature,BDFIST25,cre,1
BDCUT27.BCS,27,CreateCreature,BDFIST24,cre,1
BDCUT27.BCS,28,CreateCreature,BDFIST21,cre,1
BDCUT27.BCS,29,CreateCreature,CUTSPY,cre,1
BDCUT27.BCS,30,CreateCreature,CUTSPY2,cre,1
BDCUT28.BCS,67,CreateCreature,BDFIST22,cre,1
BDCUT28.BCS,68,CreateCreature,BDFIST23,cre,1
BDCUT28.BCS,69,CreateCreature,BDFIST24,cre,1
BDCUT28.BCS,70,CreateCreature,BDFIST21,cre,1
BDCUT28.BCS,71,CreateCreature,BDFIST25,cre,1
BDCUT30A.BCS,25,CreateCreature,BDCAELAR,cre,1
BDCUT30A.BCS,26,CreateCreature,BDASHATI,cre,1
BDCUT30A.BCS,27,CreateCreature,BDCCOFF2,cre,1
BDCUT30A.BCS,29,CreateCreature,BDCCSOL4,cre,1
BDCUT30A.BCS,30,CreateCreature,BDCCMAG1,cre,1
BDCUT30A.BCS,31,CreateCreature,BDCCMAG2,cre,1
BDCUT30A.BCS,32,CreateCreature,BDCCCLE1,cre,1
BDCUT30A.BCS,33,CreateCreature,BDCCARC1,cre,1
BDCUT30A.BCS,34,CreateCreature,BDCCSAR1,cre,1
BDCUT322.BCS,17,CreateCreatureImpassable,BDADOY,cre,1
BDCUT36.BCS,13,CreateCreature,BDCAELAR,cre,1
BDCUT36.BCS,14,CreateCreature,BDASHATI,cre,1
BDCUT36.BCS,15,CreateCreature,BDHEPHER,cre,1
BDCUT36.BCS,16,CreateCreature,BDCRUSX2,cre,1
BDCUT36.BCS,17,CreateCreature,BDCRUW45,cre,1
BDCUT36.BCS,18,CreateCreature,BDNEDERL,cre,1
BDCUT36.BCS,19,CreateCreature,BDDELANC,cre,1
BDCUT36.BCS,20,CreateCreature,BDSTONEH,cre,1
BDCUT36.BCS,21,CreateCreature,BDBENCE,cre,1
BDCUT36.BCS,22,CreateCreature,BDDAGF59,cre,1
BDCUT36.BCS,23,CreateCreature,BDWTR61,cre,1
BDCUT36.BCS,24,CreateCreature,CUTSPY,cre,1
BDCUT40A.BCS,39,CreateCreature,BDDOSIA1,cre,1
BDCUT40B.BCS,27,CreateCreature,BDWAVE11,cre,1
BDCUT40B.BCS,28,CreateCreature,BDWAVE11,cre,1
BDCUT40B.BCS,29,CreateCreature,BDWAVE11,cre,1
BDCUT40B.BCS,30,CreateCreature,BDWAVE15,cre,1
BDCUT40B.BCS,31,CreateCreature,BDWAVE14,cre,1
BDCUT40B.BCS,32,CreateCreature,BDWAVE12,cre,1
BDCUT40B.BCS,33,CreateCreature,BDWAVE15,cre,1
BDCUT40B.BCS,34,CreateCreature,BDWAVE14,cre,1
BDCUT40B.BCS,35,CreateCreature,BDWAVE12,cre,1
BDCUT40B.BCS,36,CreateCreature,BDWAVE13,cre,1
BDCUT40B.BCS,37,CreateCreature,BDWAVE13,cre,1
BDCUT40B.BCS,47,CreateCreature,BDWAVE16,cre,1
BDCUT40B.BCS,48,CreateCreature,BDWAVE16,cre,1
BDCUT40B.BCS,83,CreateCreature,BDTEAM11,cre,1
BDCUT40B.BCS,84,CreateCreature,BDTEAM12,cre,1
BDCUT40B.BCS,120,CreateCreature,BDTEAM22,cre,1
BDCUT40B.BCS,121,CreateCreature,BDTEAM21,cre,1
BDCUT40B.BCS,162,CreateCreature,BDTEAM31,cre,1
BDCUT40B.BCS,163,CreateCreature,BDTEAM32,cre,1
BDCUT40B.BCS,201,CreateCreature,BDTEAM42,cre,1
BDCUT40B.BCS,202,CreateCreature,BDTEAM41,cre,1
BDCUT40B.BCS,235,CreateCreature,BDTEAM52,cre,1
BDCUT40B.BCS,236,CreateCreature,BDTEAM51,cre,1
BDCUT40B.BCS,237,CreateCreature,BDTEAM53,cre,1
BDCUT40B.BCS,270,CreateCreature,BDTEAM61,cre,1
BDCUT40B.BCS,271,CreateCreature,BDTEAM62,cre,1
BDCUT40B.BCS,272,CreateCreature,BDTEAM63,cre,1
BDCUT40B.BCS,287,CreateCreature,BDWAVE11,cre,1
BDCUT40B.BCS,288,CreateCreature,BDYAROK,cre,1
BDCUT40C.BCS,26,CreateCreature,BDWAVE26,cre,1
BDCUT40C.BCS,27,CreateCreature,BDWAVE24,cre,1
BDCUT40C.BCS,28,CreateCreature,BDWAVE25,cre,1
BDCUT40C.BCS,29,CreateCreature,BDWAVE23,cre,1
BDCUT40C.BCS,30,CreateCreature,BDWAVE22,cre,1
BDCUT40C.BCS,31,CreateCreature,BDWAVE21,cre,1
BDCUT40C.BCS,43,CreateCreature,BDWAVE27,cre,1
BDCUT40C.BCS,44,CreateCreature,BDWAVE28,cre,1
BDCUT40C.BCS,79,CreateCreature,BDTEAM11,cre,1
BDCUT40C.BCS,80,CreateCreature,BDTEAM12,cre,1
BDCUT40C.BCS,116,CreateCreature,BDTEAM23,cre,1
BDCUT40C.BCS,117,CreateCreature,BDTEAM21,cre,1
BDCUT40C.BCS,158,CreateCreature,BDTEAM31,cre,1
BDCUT40C.BCS,159,CreateCreature,BDTEAM32,cre,1
BDCUT40C.BCS,197,CreateCreature,BDTEAM42,cre,1
BDCUT40C.BCS,198,CreateCreature,BDTEAM41,cre,1
BDCUT40C.BCS,231,CreateCreature,BDTEAM51,cre,1
BDCUT40C.BCS,232,CreateCreature,BDTEAM52,cre,1
BDCUT40C.BCS,233,CreateCreature,BDTEAM53,cre,1
BDCUT40C.BCS,266,CreateCreature,BDTEAM61,cre,1
BDCUT40C.BCS,267,CreateCreature,BDTEAM62,cre,1
BDCUT40C.BCS,268,CreateCreature,BDTEAM63,cre,1
BDCUT40C.BCS,283,CreateCreature,BDCUVIER,cre,1
BDCUT40D.BCS,26,CreateCreature,BDWAVE31,cre,1
BDCUT40D.BCS,27,CreateCreature,BDWAVE32,cre,1
BDCUT40D.BCS,28,CreateCreature,BDWAVE35,cre,1
BDCUT40D.BCS,29,CreateCreature,BDWAVE34,cre,1
BDCUT40D.BCS,30,CreateCreature,BDWAVE33,cre,1
BDCUT40D.BCS,31,CreateCreature,BDWAVE35,cre,1
BDCUT40D.BCS,32,CreateCreature,BDWAVE31,cre,1
BDCUT40D.BCS,33,CreateCreature,BDWAVE32,cre,1
BDCUT40D.BCS,34,CreateCreature,BDWAVE33,cre,1
BDCUT40D.BCS,35,CreateCreature,BDWAVE31,cre,1
BDCUT40D.BCS,36,CreateCreature,BDWAVE32,cre,1
BDCUT40D.BCS,37,CreateCreature,BDWAVE34,cre,1
BDCUT40D.BCS,38,CreateCreature,BDWAVE35,cre,1
BDCUT40D.BCS,50,CreateCreature,BDWAVE36,cre,1
BDCUT40D.BCS,51,CreateCreature,BDWAVE36,cre,1
BDCUT40D.BCS,86,CreateCreature,BDTEAM11,cre,1
BDCUT40D.BCS,87,CreateCreature,BDTEAM12,cre,1
BDCUT40D.BCS,123,CreateCreature,BDTEAM23,cre,1
BDCUT40D.BCS,124,CreateCreature,BDTEAM21,cre,1
BDCUT40D.BCS,165,CreateCreature,BDTEAM31,cre,1
BDCUT40D.BCS,166,CreateCreature,BDTEAM32,cre,1
BDCUT40D.BCS,204,CreateCreature,BDTEAM42,cre,1
BDCUT40D.BCS,205,CreateCreature,BDTEAM41,cre,1
BDCUT40D.BCS,238,CreateCreature,BDTEAM51,cre,1
BDCUT40D.BCS,239,CreateCreature,BDTEAM52,cre,1
BDCUT40D.BCS,240,CreateCreature,BDTEAM53,cre,1
BDCUT40D.BCS,273,CreateCreature,BDTEAM61,cre,1
BDCUT40D.BCS,274,CreateCreature,BDTEAM62,cre,1
BDCUT40D.BCS,275,CreateCreature,BDTEAM63,cre,1
BDCUT40D.BCS,290,CreateCreature,BDRHAYLA,cre,1
BDCUT41.BCS,16,CreateCreature,CUTSPY,cre,1
BDCUT41.BCS,25,CreateCreature,BDCRUW48,cre,1
BDCUT41.BCS,26,CreateCreature,BDCRUW49,cre,1
BDCUT41.BCS,27,CreateCreature,BDCRUW48,cre,1
BDCUT41.BCS,28,CreateCreature,BDCRUW48,cre,1
BDCUT41.BCS,29,CreateCreature,BDCRUC49,cre,1
BDCUT41.BCS,30,CreateCreature,BDCRUW49,cre,1
BDCUT41.BCS,38,CreateCreature,BDCRUS47,cre,1
BDCUT41.BCS,39,CreateCreature,BDCRUE46,cre,1
BDCUT41.BCS,40,CreateCreature,BDCRUX41,cre,1
BDCUT41.BCS,41,CreateCreature,BDCRUX40,cre,1
BDCUT41.BCS,42,CreateCreature,BDCRUS53,cre,1
BDCUT41.BCS,43,CreateCreature,BDCRUE42,cre,1
BDCUT41.BCS,51,CreateCreature,BDGNARG,cre,1
BDCUT41.BCS,52,CreateCreature,BDGNARG1,cre,1
BDCUT41.BCS,53,CreateCreature,BDGNARG1,cre,1
BDCUT41.BCS,54,CreateCreature,BDGNARG2,cre,1
BDCUT41.BCS,55,CreateCreature,BDGNARG5,cre,1
BDCUT41.BCS,56,CreateCreature,BDGNARG2,cre,1
BDCUT41.BCS,57,CreateCreature,BDTOLIKS,cre,1
BDCUT41.BCS,58,CreateCreature,BDTHRUDD,cre,1
BDCUT41.BCS,59,CreateCreature,BDMORRUK,cre,1
BDCUT41.BCS,60,CreateCreature,BDTHRUDD,cre,1
BDCUT41.BCS,68,CreateCreature,BDGNARG3,cre,1
BDCUT41.BCS,69,CreateCreature,BDGNARG3,cre,1
BDCUT41.BCS,70,CreateCreature,BDGNARG2,cre,1
BDCUT41.BCS,71,CreateCreature,BDGNARG2,cre,1
BDCUT41.BCS,79,CreateCreature,BDGNARG3,cre,1
BDCUT41.BCS,80,CreateCreature,BDGNARG3,cre,1
BDCUT41.BCS,81,CreateCreature,BDGNARG4,cre,1
BDCUT41.BCS,82,CreateCreature,BDGNARG4,cre,1
BDCUT41.BCS,90,CreateCreature,BDCRUS51,cre,1
BDCUT41.BCS,91,CreateCreature,BDCRUS46,cre,1
BDCUT41.BCS,92,CreateCreature,BDCRUE44,cre,1
BDCUT41.BCS,93,CreateCreature,BDCRUS52,cre,1
BDCUT41.BCS,94,CreateCreature,BDCRUW45,cre,1
BDCUT41.BCS,95,CreateCreature,BDTRIST2,cre,1
BDCUT41.BCS,96,CreateCreature,BDCRUC45,cre,1
BDCUT41.BCS,97,CreateCreature,BDCRUS49,cre,1
BDCUT41.BCS,98,CreateCreature,BDCRUS48,cre,1
BDCUT41.BCS,99,CreateCreature,BDDSARC4,cre,1
BDCUT41.BCS,100,CreateCreature,BDDSARC2,cre,1
BDCUT41.BCS,101,CreateCreature,BDDSARC3,cre,1
BDCUT41.BCS,102,CreateCreature,BDDSARCH,cre,1
BDCUT41.BCS,103,CreateCreature,BDDSARC3,cre,1
BDCUT41.BCS,104,CreateCreature,BDDSARC4,cre,1
BDCUT41.BCS,105,CreateCreature,BDDSARC2,cre,1
BDCUT41.BCS,106,CreateCreature,BDCHAL01,cre,1
BDCUT41.BCS,107,CreateCreature,BDCHAL02,cre,1
BDCUT41.BCS,108,CreateCreature,BDCHAL03,cre,1
BDCUT41.BCS,109,CreateCreature,BDCHAL04,cre,1
BDCUT41.BCS,110,CreateCreature,BDCHAL05,cre,1
BDCUT41.BCS,112,CreateCreature,BDCHAL06,cre,1
BDCUT41.BCS,113,CreateCreature,BDBARGH2,cre,1
BDCUT41.BCS,114,CreateCreature,BDOLONE2,cre,1
BDCUT41.BCS,115,CreateCreature,BDCRUC46,cre,1
BDCUT41.BCS,116,CreateCreature,BDCRUC47,cre,1
BDCUT41.BCS,117,CreateCreature,BDCRUW46,cre,1
BDCUT41.BCS,118,CreateCreature,BDCRUW47,cre,1
BDCUT41.BCS,119,CreateCreature,BDCRUE41,cre,1
BDCUT41.BCS,121,CreateCreature,BDCRUE44,cre,1
BDCUT41.BCS,123,CreateCreature,BDCRUE43,cre,1
BDCUT41.BCS,125,CreateCreature,BDCRUE46,cre,1
BDCUT41.BCS,127,CreateCreature,BDCRUE41,cre,1
BDCUT41.BCS,129,CreateCreature,BDCRUE44,cre,1
BDCUT41.BCS,131,CreateCreature,BDCRUM45,cre,1
BDCUT41.BCS,132,CreateCreature,BDCRUM41,cre,1
BDCUT41.BCS,133,CreateCreature,BDCRUM48,cre,1
BDCUT41.BCS,134,CreateCreature,BDCRUM46,cre,1
BDCUT41.BCS,135,CreateCreature,BDCRUM42,cre,1
BDCUT41.BCS,136,CreateCreature,BDCRUM48,cre,1
BDCUT41.BCS,137,CreateCreature,BDRAVOC,cre,1
BDCUT41.BCS,140,CreateCreature,BDCRUM40,cre,1
BDCUT41.BCS,141,CreateCreature,BDCRUM44,cre,1
BDCUT41.BCS,142,CreateCreature,BDCRUM43,cre,1
BDCUT41.BCS,143,CreateCreature,BDCRUM40,cre,1
BDCUT41.BCS,144,CreateCreature,BDCRUM47,cre,1
BDCUT41.BCS,145,CreateCreature,BDDAMARR,cre,1
BDCUT41.BCS,148,CreateCreature,BDCRUS48,cre,1
BDCUT41.BCS,149,CreateCreature,BDCRUS53,cre,1
BDCUT41.BCS,150,CreateCreature,BDCRUX40,cre,1
BDCUT41.BCS,151,CreateCreature,BDLEOPAS,cre,1
BDCUT41.BCS,155,CreateCreature,BDCRUS54,cre,1
BDCUT41.BCS,156,CreateCreature,BDCRUS48,cre,1
BDCUT41.BCS,157,CreateCreature,BDCRUS49,cre,1
BDCUT41.BCS,158,CreateCreature,BDMALDE2,cre,1
BDCUT41.BCS,159,CreateCreature,BDVALIS,cre,1
BDCUT41.BCS,162,CreateCreature,BDCRUS46,cre,1
BDCUT41.BCS,163,CreateCreature,BDCRUS51,cre,1
BDCUT41.BCS,164,CreateCreature,BDCRUS52,cre,1
BDCUT41.BCS,165,CreateCreature,BDCRUX41,cre,1
BDCUT41.BCS,166,CreateCreature,BDCRUS47,cre,1
BDCUT41.BCS,167,CreateCreature,BDCRUW44,cre,1
BDCUT41.BCS,168,CreateCreature,BDCRUC43,cre,1
BDCUT41.BCS,169,CreateCreature,BDDELTON,cre,1
BDCUT41.BCS,172,CreateCreature,BDCORINT,cre,1
BDCUT41.BCS,175,CreateCreature,BDCRUE41,cre,1
BDCUT41.BCS,176,CreateCreature,BDCRUE44,cre,1
BDCUT41.BCS,177,CreateCreature,BDCRUE42,cre,1
BDCUT41.BCS,178,CreateCreature,BDCRUC44,cre,1
BDCUT41.BCS,179,CreateCreature,BDSALLO2,cre,1
BDCUT41.BCS,180,CreateCreature,BDCRUW43,cre,1
BDCUT41.BCS,181,CreateCreature,BDFAMARI,cre,1
BDCUT41.BCS,184,CreateCreature,BDDREON2,cre,1
BDCUT41.BCS,185,CreateCreature,BDCRUR40,cre,1
BDCUT41.BCS,186,CreateCreature,BDCRUR43,cre,1
BDCUT41.BCS,187,CreateCreature,BDCRUR42,cre,1
BDCUT41.BCS,188,CreateCreature,BDCRUR40,cre,1
BDCUT41.BCS,189,CreateCreature,BDCRUR42,cre,1
BDCUT41.BCS,190,CreateCreature,BDCRUR43,cre,1
BDCUT41.BCS,191,CreateCreature,BDCRUR41,cre,1
BDCUT41.BCS,192,CreateCreature,BDCRUC42,cre,1
BDCUT41.BCS,193,CreateCreature,BDCRUR43,cre,1
BDCUT41.BCS,194,CreateCreature,BDCRUR41,cre,1
BDCUT41.BCS,195,CreateCreature,BDZARE,cre,1
BDCUT41.BCS,202,CreateCreature,BDCCSOL3,cre,1
BDCUT41.BCS,204,CreateCreature,BDCCOFF2,cre,1
BDCUT41.BCS,206,CreateCreature,BDCCCLE1,cre,1
BDCUT41.BCS,208,CreateCreature,BDCCREC2,cre,1
BDCUT41.BCS,210,CreateCreature,BDCCMAG1,cre,1
BDCUT41.BCS,212,CreateCreature,BDCCSOL1,cre,1
BDCUT41.BCS,215,CreateCreature,BDCCREC3,cre,1
BDCUT41.BCS,219,CreateCreature,BDCCOFF1,cre,1
BDCUT41.BCS,222,CreateCreature,BDCCSOL2,cre,1
BDCUT41.BCS,225,CreateCreature,BDCCSOL5,cre,1
BDCUT41.BCS,228,CreateCreature,BDCCSAR1,cre,1
BDCUT41.BCS,231,CreateCreature,BDCCKOB1,cre,1
BDCUT41.BCS,234,CreateCreature,BDCCSOL4,cre,1
BDCUT41.BCS,237,CreateCreature,BDCCARC1,cre,1
BDCUT41.BCS,240,CreateCreature,BDCCMAG2,cre,1
BDCUT41.BCS,243,CreateCreature,BDCCREC1,cre,1
BDCUT41.BCS,246,CreateCreature,BDCCHOB2,cre,1
BDCUT41.BCS,249,CreateCreature,BDCCHOB1,cre,1
BDCUT41.BCS,252,CreateCreature,BDCCOGR1,cre,1
BDCUT41.BCS,260,CreateCreature,BDCAELAR,cre,1
BDCUT41.BCS,261,CreateCreature,BDDARNAS,cre,1
BDCUT41.BCS,262,CreateCreature,BDAHDREK,cre,1
BDCUT41.BCS,264,CreateCreature,CUTSPY,cre,1
BDCUT41.BCS,265,CreateCreature,BDHEPHER,cre,1
BDCUT42.BCS,8,CreateCreature,CUTSPY,cre,1
BDCUT42.BCS,17,CreateCreature,BDFORCW1,cre,1
BDCUT42.BCS,19,CreateCreature,BDFORCW2,cre,1
BDCUT42.BCS,21,CreateCreature,BDFORCW3,cre,1
BDCUT42.BCS,23,CreateCreature,BDFORCW4,cre,1
BDCUT42.BCS,25,CreateCreature,BDFORCW5,cre,1
BDCUT42.BCS,27,CreateCreature,BDAHDREK,cre,1
BDCUT42.BCS,29,CreateCreature,BDFORCW6,cre,1
BDCUT42.BCS,31,CreateCreature,BDDAGF35,cre,1
BDCUT42.BCS,32,CreateCreature,BDFIST35,cre,1
BDCUT42.BCS,33,CreateCreature,BDDAGF37,cre,1
BDCUT42.BCS,34,CreateCreature,BDDAGF36,cre,1
BDCUT42.BCS,35,CreateCreature,BDDAGF38,cre,1
BDCUT42.BCS,36,CreateCreature,BDFIST38,cre,1
BDCUT42.BCS,37,CreateCreature,BDFIST36,cre,1
BDCUT42.BCS,38,CreateCreature,BDDELANC,cre,1
BDCUT42.BCS,39,CreateCreature,BDHENSLE,cre,1
BDCUT42.BCS,41,CreateCreature,BDWARMA1,cre,1
BDCUT42.BCS,43,CreateCreature,BDWARMA2,cre,1
BDCUT42.BCS,45,CreateCreature,BDWARMA3,cre,1
BDCUT42.BCS,47,CreateCreature,BDCLOVI2,cre,1
BDCUT42.BCS,48,CreateCreature,BDDAGFX3,cre,1
BDCUT42.BCS,49,CreateCreature,BDMORLI2,cre,1
BDCUT42.BCS,50,CreateCreature,BDDAGF31,cre,1
BDCUT42.BCS,51,CreateCreature,BDDAGF30,cre,1
BDCUT42.BCS,52,CreateCreature,BDDAGF30,cre,1
BDCUT42.BCS,53,CreateCreature,BDHESTE2,cre,1
BDCUT42.BCS,54,CreateCreature,BDDAGF32,cre,1
BDCUT42.BCS,55,CreateCreature,BDDAGF31,cre,1
BDCUT42.BCS,56,CreateCreature,BDSTONEH,cre,1
BDCUT42.BCS,58,CreateCreature,BDDAGF31,cre,1
BDCUT42.BCS,59,CreateCreature,BDDANIN2,cre,1
BDCUT42.BCS,60,CreateCreature,BDDAGF32,cre,1
BDCUT42.BCS,61,CreateCreature,BDFIST30,cre,1
BDCUT42.BCS,62,CreateCreature,BDFISTX3,cre,1
BDCUT42.BCS,63,CreateCreature,BDFIST30,cre,1
BDCUT42.BCS,64,CreateCreature,BDFIST30,cre,1
BDCUT42.BCS,65,CreateCreature,BDFIST32,cre,1
BDCUT42.BCS,66,CreateCreature,BDFIST30,cre,1
BDCUT42.BCS,67,CreateCreature,BDMIZHE2,cre,1
BDCUT42.BCS,68,CreateCreature,BDFIST32,cre,1
BDCUT42.BCS,69,CreateCreature,BDFIST31,cre,1
BDCUT42.BCS,70,CreateCreature,BDFIST30,cre,1
BDCUT42.BCS,71,CreateCreature,BDFIST30,cre,1
BDCUT42.BCS,72,CreateCreature,BDFIST32,cre,1
BDCUT42.BCS,73,CreateCreature,BDWTRX3,cre,1
BDCUT42.BCS,74,CreateCreature,BDWTR30,cre,1
BDCUT42.BCS,75,CreateCreature,BDWTR30,cre,1
BDCUT42.BCS,76,CreateCreature,BDWTR31,cre,1
BDCUT42.BCS,77,CreateCreature,BDWTR31,cre,1
BDCUT42.BCS,78,CreateCreature,BDWTR32,cre,1
BDCUT42.BCS,79,CreateCreature,BDHALAS2,cre,1
BDCUT42.BCS,80,CreateCreature,BDWTR32,cre,1
BDCUT42.BCS,81,CreateCreature,BDWTR32,cre,1
BDCUT42.BCS,82,CreateCreature,BDWTR31,cre,1
BDCUT42.BCS,83,CreateCreature,BDWTR31,cre,1
BDCUT42.BCS,84,CreateCreature,BDWTR31,cre,1
BDCUT42.BCS,85,CreateCreature,BDWTR31,cre,1
BDCUT42.BCS,129,CreateCreature,BDCRUE41,cre,1
BDCUT42.BCS,130,CreateCreature,BDCRUE46,cre,1
BDCUT42.BCS,141,CreateCreature,BDMUNSC2,cre,1
BDCUT42.BCS,153,CreateCreature,BDKHARM2,cre,1
BDCUT42.BCS,164,CreateCreature,BDCRUE41,cre,1
BDCUT42.BCS,165,CreateCreature,BDCRUE43,cre,1
BDCUT42.BCS,166,CreateCreature,BDCRUS53,cre,1
BDCUT42.BCS,167,CreateCreature,BDCRUS54,cre,1
BDCUT42.BCS,168,CreateCreature,BDCRUS48,cre,1
BDCUT42.BCS,169,CreateCreature,BDCRUS49,cre,1
BDCUT42.BCS,180,CreateCreature,BDCRUW43,cre,1
BDCUT42.BCS,181,CreateCreature,BDCRUC48,cre,1
BDCUT42.BCS,182,CreateCreature,BDCRUW44,cre,1
BDCUT42.BCS,193,CreateCreature,BDHORMO2,cre,1
BDCUT42.BCS,275,CreateCreature,BDSORAL2,cre,1
BDCUT42.BCS,277,CreateCreature,BDPETSG2,cre,1
BDCUT42.BCS,287,CreateCreature,BDDOSIA2,cre,1
BDCUT42.BCS,296,CreateCreature,BDHELVD2,cre,1
BDCUT42.BCS,314,CreateCreature,BDSTRUN2,cre,1
BDCUT42.BCS,315,CreateCreature,BDWELEDS,cre,1
BDCUT42.BCS,316,CreateCreature,BDWELEDS,cre,1
BDCUT42.BCS,326,CreateCreature,BDWELEDG,cre,1
BDCUT42.BCS,327,CreateCreature,BDWELEDG,cre,1
BDCUT42.BCS,336,CreateCreature,BDMURS2,cre,1
BDCUT42.BCS,337,CreateCreature,BDOGREDS,cre,1
BDCUT42.BCS,338,CreateCreature,BDOGREDS,cre,1
BDCUT42.BCS,348,CreateCreature,BDSLUG2,cre,1
BDCUT42.BCS,358,CreateCreature,BDJULAN2,cre,1
BDCUT42.BCS,359,CreateCreature,BDRIGAH2,cre,1
BDCUT42.BCS,374,CreateCreature,CUTSPY,cre,1
BDCUT42.BCS,375,CreateCreature,CUTSPY2,cre,1
BDCUT43.BCS,17,CreateCreature,CUTSPY,cre,1
BDCUT43.BCS,19,CreateCreature,BDPHOSSE,cre,1
BDCUT43.BCS,110,CreateCreature,BDDAGOFF,cre,1
BDCUT43.BCS,111,CreateCreature,BDWTRX37,cre,1
BDCUT43.BCS,112,CreateCreature,BDWTR39,cre,1
BDCUT43.BCS,113,CreateCreature,BDWTR37,cre,1
BDCUT43.BCS,114,CreateCreature,BDFIST35,cre,1
BDCUT43.BCS,115,CreateCreature,BDWTR35,cre,1
BDCUT43.BCS,116,CreateCreature,BDWTR38,cre,1
BDCUT43.BCS,117,CreateCreature,BDWTR35,cre,1
BDCUT43.BCS,118,CreateCreature,BDWTR36,cre,1
BDCUT43.BCS,119,CreateCreature,BDWTRX36,cre,1
BDCUT43.BCS,120,CreateCreature,BDDAGF37,cre,1
BDCUT43.BCS,121,CreateCreature,BDFIST35,cre,1
BDCUT43.BCS,122,CreateCreature,BDWTR38,cre,1
BDCUT43.BCS,123,CreateCreature,BDFIST36,cre,1
BDCUT43.BCS,124,CreateCreature,BDWTR37,cre,1
BDCUT43.BCS,125,CreateCreature,BDDAGF38,cre,1
BDCUT43.BCS,126,CreateCreature,BDFISX35,cre,1
BDCUT43.BCS,127,CreateCreature,BDFIST38,cre,1
BDCUT43.BCS,128,CreateCreature,BDWTR35,cre,1
BDCUT43.BCS,129,CreateCreature,BDDAGF35,cre,1
BDCUT43.BCS,130,CreateCreature,BDDAGF36,cre,1
BDCUT43.BCS,131,CreateCreature,BDDAGF37,cre,1
BDCUT43.BCS,132,CreateCreature,BDDAGF38,cre,1
BDCUT43.BCS,133,CreateCreature,BDDAGF35,cre,1
BDCUT43.BCS,134,CreateCreature,BDDAGF36,cre,1
BDCUT43.BCS,135,CreateCreature,BDFIST35,cre,1
BDCUT43.BCS,136,CreateCreature,BDDAGF37,cre,1
BDCUT43.BCS,137,CreateCreature,BDFIST38,cre,1
BDCUT43.BCS,138,CreateCreature,BDFIST35,cre,1
BDCUT43.BCS,140,CreateCreature,BDDAGF35,cre,1
BDCUT43.BCS,142,CreateCreature,BDFIST36,cre,1
BDCUT43.BCS,144,CreateCreature,BDFISX35,cre,1
BDCUT43.BCS,146,CreateCreature,BDWTR35,cre,1
BDCUT43.BCS,148,CreateCreature,BDFIST37,cre,1
BDCUT45.BCS,7,CreateCreature,BDCAELAR,cre,1
BDCUT45.BCS,8,CreateCreature,BDHEPHER,cre,1
BDCUT45A.BCS,51,CreateCreature,BDCRUE50,cre,1
BDCUT45A.BCS,52,CreateCreature,BDCRUE53,cre,1
BDCUT45A.BCS,53,CreateCreature,BDLIEUTG,cre,1
BDCUT45A.BCS,54,CreateCreature,BDLIEUTC,cre,1
BDCUT45A.BCS,55,CreateCreature,BDLIEUTE,cre,1
BDCUT45A.BCS,57,CreateCreature,BDLIEUTA,cre,1
BDCUT45A.BCS,58,CreateCreature,BDCRUE52,cre,1
BDCUT45A.BCS,59,CreateCreature,BDCRUE55,cre,1
BDCUT45A.BCS,60,CreateCreature,BDLIEUTD,cre,1
BDCUT45A.BCS,64,CreateCreature,BDCRUE51,cre,1
BDCUT45A.BCS,65,CreateCreature,BDCRUE54,cre,1
BDCUT45A.BCS,66,CreateCreature,BDLIEUTB,cre,1
BDCUT45A.BCS,67,CreateCreature,BDLIEUTF,cre,1
BDCUT50.BCS,6,CreateCreature,BDLEMURD,cre,1
BDCUT50.BCS,7,CreateCreature,BDLEMURD,cre,1
BDCUT50.BCS,8,CreateCreature,BDLEMURD,cre,1
BDCUT50.BCS,9,CreateCreature,BDLEMURD,cre,1
BDCUT50.BCS,11,CreateCreature,BDCRUE50,cre,1
BDCUT50.BCS,12,CreateCreature,BDPREMAT,cre,1
BDCUT50.BCS,13,CreateCreature,BDLEMURE,cre,1
BDCUT50.BCS,14,CreateCreature,BDCRUE52,cre,1
BDCUT50.BCS,15,CreateCreature,BDCAELAR,cre,1
BDCUT50.BCS,16,CreateCreature,BDIMP,cre,1
BDCUT50.BCS,25,CreateCreature,CUTSPY,cre,1
BDCUT50.BCS,61,CreateCreature,BDIMP,cre,1
BDCUT57.BCS,30,CreateCreature,BDTARGET,cre,1
BDCUT57.BCS,37,CreateCreature,CUTSPY,cre,1
BDCUT58.BCS,235,CreateCreature,BDCAELAR,cre,1
BDCUT58.BCS,236,CreateCreature,BDCUTID2,cre,1
BDCUT58.BCS,237,CreateCreature,CUTSPY,cre,1
BDCUT58.BCS,238,CreateCreature,BDAUN2,cre,1
BDCUT58.BCS,251,CreateCreature,BDCUTID2,cre,1
BDCUT58.BCS,252,CreateCreature,CUTSPY,cre,1
BDCUT58.BCS,253,CreateCreature,BDAUN2,cre,1
BDCUT59B.BCS,17,CreateCreature,BDWTR80,cre,1
BDCUT59B.BCS,18,CreateCreature,BDFIST82,cre,1
BDCUT59B.BCS,19,CreateCreature,BDWTR81,cre,1
BDCUT59B.BCS,20,CreateCreature,BDFIST80,cre,1
BDCUT59B.BCS,21,CreateCreature,BDWTR80,cre,1
BDCUT59B.BCS,22,CreateCreature,BDWTR82,cre,1
BDCUT59B.BCS,23,CreateCreature,BDMEL,cre,1
BDCUT59B.BCS,24,CreateCreature,BDDELANC,cre,1
BDCUT59B.BCS,25,CreateCreature,BDBENCE,cre,1
BDCUT59B.BCS,26,CreateCreature,BDFIST81,cre,1
BDCUT59B.BCS,27,CreateCreature,BDWTR83,cre,1
BDCUT59B.BCS,28,CreateCreature,BDFIST81,cre,1
BDCUT59B.BCS,29,CreateCreature,BDWTR83,cre,1
BDCUT59B.BCS,30,CreateCreature,BDWTR81,cre,1
BDCUT59B.BCS,31,CreateCreature,BDFIST82,cre,1
BDCUT59B.BCS,32,CreateCreature,BDWTR82,cre,1
BDCUT59B.BCS,33,CreateCreature,BDFIST80,cre,1
BDCUT59B.BCS,34,CreateCreature,BDDAZZO,cre,1
BDCUT59B.BCS,35,CreateCreature,BDWTR80,cre,1
BDCUT59B.BCS,36,CreateCreature,BDFIST80,cre,1
BDCUT59B.BCS,37,CreateCreature,BDFIST82,cre,1
BDCUT59B.BCS,38,CreateCreature,BDWTR80,cre,1
BDCUT59B.BCS,39,CreateCreature,BDWTR83,cre,1
BDCUT59B.BCS,40,CreateCreature,BDWTR80,cre,1
BDCUT59B.BCS,41,CreateCreature,BDWTR81,cre,1
BDCUT59B.BCS,49,CreateCreature,BDAUN2,cre,1
BDCUT59B.BCS,57,CreateCreature,BDRAYPHU,cre,1
BDCUT59B.BCS,67,CreateCreature,BDPFAUG,cre,1
BDCUT59B.BCS,77,CreateCreature,BDBELEGA,cre,1
BDCUT59B.BCS,87,CreateCreature,BDPHOSSE,cre,1
BDCUT59B.BCS,97,CreateCreature,BDANDRUS,cre,1
BDCUT59B.BCS,107,CreateCreature,BDDOSIA2,cre,1
BDCUT59B.BCS,117,CreateCreature,BDDARNAS,cre,1
BDCUT59B.BCS,118,CreateCreature,BDCRVAL,cre,1
BDCUT59B.BCS,129,CreateCreature,BDDARNAS,cre,1
BDCUT60.BCS,47,CreateCreature,BDCUTID,cre,1
BDCUT60A.BCS,97,CreateCreature,BDBENCE,cre,1
BDCUT60A.BCS,100,CreateCreature,BDFIST30,cre,1
BDCUT60A.BCS,103,CreateCreature,BDFIST31,cre,1
BDCUT60A.BCS,106,CreateCreature,BDFISTX3,cre,1
BDCUT60B.BCS,14,CreateCreature,BDDELANC,cre,1
BDCUT60B.BCS,17,CreateCreature,BDFIST36,cre,1
BDCUT60B.BCS,20,CreateCreature,BDFIST37,cre,1
BDCUT60B.BCS,23,CreateCreature,BDFIST38,cre,1
BDCUT60B.BCS,26,CreateCreature,BDFIST30,cre,1
BDCUT60B.BCS,29,CreateCreature,BDFIST31,cre,1
BDCUT60B.BCS,32,CreateCreature,BDFIST36,cre,1
BDCUT60B.BCS,35,CreateCreature,BDFIST37,cre,1
BDCUT60B.BCS,38,CreateCreature,BDIRENI,cre,1
BDCUT60B.BCS,42,CreateCreature,BDFIST38,cre,1
BDCUT60X.BCS,16,CreateCreature,BDSKIE,cre,1
BDCUT60X.BCS,17,CreateCreature,BDIRENI,cre,1
BDCUT60X.BCS,24,CreateCreature,CUTSPY,cre,1
BDCUT61A.BCS,6,CreateCreatureImpassable,BDHALBAZ,cre,1
BDCUT61A.BCS,14,CreateCreature,CUTSPY,cre,1
BDCUT61A.BCS,15,CreateCreature,CUTSPY,cre,1
BDCUT61A.BCS,39,CreateCreatureImpassable,BDIMOITM,cre,1
BDCUT61T.BCS,90,CreateCreatureImpassable,BDFISTCC,cre,1
BDCUT62.BCS,69,CreateCreature,BDREFUGE,cre,1
BDCUT62.BCS,70,CreateCreature,BDREFGM2,cre,1
BDCUT62.BCS,71,CreateCreature,BDCLARA,cre,1
BDCUT62.BCS,72,CreateCreature,BDREFGF1,cre,1
BDCUT62.BCS,73,CreateCreature,BDREFGF2,cre,1
BDCUT62.BCS,75,CreateCreature,BDFISTCC,cre,1
BDCUT62.BCS,77,CreateCreature,BDFISTCE,cre,1
BDCUT64.BCS,22,CreateCreatureImpassable,BDFFSIT2,cre,1
BDCUT64.BCS,69,CreateCreature,BDMERCZ,cre,1
BDCUT64.BCS,103,CreateCreature,BDFISTCC,cre,1
BDCUT64.BCS,105,CreateCreature,BDFISTCE,cre,1
BDCUT64.BCS,107,CreateCreature,BDFISTCD,cre,1
BDCUT64.BCS,109,CreateCreature,BDFISTCF,cre,1
BDCUT64.BCS,145,CreateCreature,BDBELT,cre,1
BDCUT64.BCS,147,CreateCreature,BDFF1709,cre,1
BDCUTGL1.BCS,6,CreateCreature,CUTSPY,cre,1
BDDDD1A.BCS,25,CreateCreature,BDCCSAR,cre,1
BDDDD1A.BCS,28,CreateCreature,BDCCIRE,cre,1
BDDDD1AA.BCS,23,CreateCreature,BDCCIRE,cre,1
BDDDD1AA.BCS,24,CreateCreature,BDCCWOM,cre,1
BDDDD1AA.BCS,25,CreateCreature,BDCCGIRL,cre,1
BDDDD1AA.BCS,26,CreateCreature,BDCCPEA,cre,1
BDDDD1AB.BCS,8,CreateCreature,BDCCSAR,cre,1
BDDDD2A.BCS,26,CreateCreature,BDCCIMO,cre,1
BDDDD2A.BCS,28,CreateCreature,GORION,cre,1
BDDDD2A.BCS,29,CreateCreature,BDCCIRE,cre,1
BDDDD2A.BCS,30,CreateCreature,BDSERV,cre,1
BDDDD2B.BCS,33,CreateCreature,BDCCIMO,cre,1
BDDDD2B.BCS,35,CreateCreature,BDCCIRE,cre,1
BDDDD3A.BCS,25,CreateCreature,BDCCIRE,cre,1
BDDDD3A.BCS,26,CreateCreature,BDCCCOR,cre,1
BDDDD3A.BCS,27,CreateCreature,BDCCROH,cre,1
BDDDD4A.BCS,25,CreateCreature,BDCCIRE,cre,1
BDDDD4A.BCS,26,CreateCreature,BDCCCAE,cre,1
BDDDD4A.BCS,28,CreateCreature,BDAUN,cre,1
BDDDD4B.BCS,23,CreateCreature,BDCCCAE,cre,1
BDDEBUG.BCS,88,CreateCreatureObject,CORWIN7,cre,1
BDDEBUG.BCS,90,CreateCreatureObject,GLINT7,cre,1
BDDEBUG.BCS,100,CreateCreatureObject,VOGHIL7,cre,1
BDDELANC.BCS,20,CreateCreature,CUTSPY,cre,1
BDDELEND.BCS,32,CreateCreature,BDBARTLE,cre,1
BDDLTRAN.BCS,6,CreateCreature,CUTSPY,cre,1
BDDMSPWN.BCS,11,CreateCreature,BDHALAT2,cre,1
BDDMSPWN.BCS,12,CreateCreature,BDDM07,cre,1
BDDMSPWN.BCS,13,CreateCreature,BDDM08,cre,1
BDDMSPWN.BCS,14,CreateCreature,BDDM09,cre,1
BDDMSPWN.BCS,27,CreateCreature,BDDM07,cre,1
BDDMSPWN.BCS,28,CreateCreature,BDDM08,cre,1
BDDMSPWN.BCS,29,CreateCreature,BDDM09,cre,1
BDDOOR30.BCS,8,CreateCreature,BDDAUSTO,cre,1
BDDOOR30.BCS,9,CreateCreature,BDFFXXII,cre,1
BDDOOR30.BCS,16,CreateCreature,CUTSPY,cre,1
BDDOOR30.BCS,49,CreateCreature,BDFFXXII,cre,1
BDDOORAV.BCS,11,CreateCreature,BDTHRIX,cre,1
BDDRAGSP.BCS,17,CreateCreature,BDHALATA,cre,1
BDDSGAT1.BCS,9,CreateCreature,CUTSPY,cre,1
BDDSGAT1.BCS,70,CreateCreature,BDHELDMO,cre,1
BDDSGAT1.BCS,71,CreateCreatureImpassable,CUTSPY,cre,1
BDDSGAT1.BCS,94,CreateCreature,CUTSPY,cre,1
BDDSGAT2.BCS,32,CreateCreature,CUTSPY,cre,1
BDDSGAT2.BCS,33,CreateCreature,CUTSPY2,cre,1
BDDSGAT2.BCS,35,CreateCreature,BDCUTID,cre,1
BDDSGAT2.BCS,38,CreateCreatureImpassable,BDCAELAR,cre,1
BDDSPENS.BCS,22,CreateCreature,CUTSPY,cre,1
BDEXDUEL.BCS,22,CreateCreature,BDASHA05,cre,1
BDEXDUEL.BCS,23,CreateCreature,BDASHA02,cre,1
BDEXDUEL.BCS,24,CreateCreature,BDASHA04,cre,1
BDEXDUEL.BCS,25,CreateCreature,BDASHA06,cre,1
BDEXDUEL.BCS,26,CreateCreature,BDASHA01,cre,1
BDEXDUEL.BCS,27,CreateCreature,BDASHA03,cre,1
BDEXDUEL.BCS,28,CreateCreature,BDASHATI,cre,1
BDEXDUEL.BCS,69,CreateCreature,BDASHA02,cre,1
BDEXDUEL.BCS,70,CreateCreature,BDASHA05,cre,1
BDEXDUEL.BCS,71,CreateCreature,BDASHA01,cre,1
BDEXDUEL.BCS,72,CreateCreature,BDASHA06,cre,1
BDEXDUEL.BCS,73,CreateCreature,BDASHA04,cre,1
BDEXDUEL.BCS,74,CreateCreature,BDASHA03,cre,1
BDEXDUEL.BCS,75,CreateCreature,BDASHATI,cre,1
BDEYE5.BCS,13,CreateCreature,BDBWOOSH,cre,1
BDEYE5.BCS,31,CreateCreature,BDBWOOSH,cre,1
BDFUGUE.BCS,51,CreateCreature,BDGHOSTF,cre,1
BDFUGUE.BCS,54,CreateCreature,BDGHOSTF,cre,1
BDFUGUE.BCS,57,CreateCreature,BDSOTUK,cre,1
BDFUGUE.BCS,60,CreateCreature,BDLITLA,cre,1
BDFUGUE.BCS,63,CreateCreature,BDWORIS,cre,1
BDHELLBR.BCS,8,CreateCreature,BDCUTID2,cre,1
BDHELP.BCS,6,CreateCreatureObjectOffset,BDCUTID,cre,1
BDHELP.BCS,10,CreateCreatureObjectOffset,BDCUTID,cre,1
BDHELP.BCS,14,CreateCreatureObjectOffset,BDCUTID,cre,1
BDHELP.BCS,18,CreateCreatureObjectOffset,BDCUTID,cre,1
BDHELP.BCS,22,CreateCreatureObjectOffset,BDCUTID,cre,1
BDHELP.BCS,26,CreateCreatureObjectOffset,BDCUTID,cre,1
BDHELP.BCS,30,CreateCreatureObjectOffset,BDCUTID,cre,1
BDILLARU.BCS,32,CreateCreatureObjectOffset,BDIMP,cre,1
BDILLARU.BCS,42,CreateCreatureObjectOffset,BDIMP,cre,1
BDILLARU.BCS,52,CreateCreatureObjectOffset,BDIMP,cre,1
BDILLARU.BCS,62,CreateCreatureObjectOffset,BDIMP,cre,1
BDILLARU.BCS,72,CreateCreatureObjectOffset,BDLEMURE,cre,1
BDILLARU.BCS,82,CreateCreatureObjectOffset,BDLEMURE,cre,1
BDILLARU.BCS,92,CreateCreatureObjectOffset,BDLEMURE,cre,1
BDILLARU.BCS,102,CreateCreatureObjectOffset,BDLEMURE,cre,1
BDINTRO.BCS,527,CreateCreature,SAFANA7,cre,1
BDINTRO.BCS,567,CreateCreature,CUTSPY,cre,1
BDINTRO.BCS,598,CreateCreature,CUTSPY,cre,1
BDINTRO.BCS,621,CreateCreature,CUTSPY,cre,1
BDINTRO.BCS,652,CreateCreature,CUTSPY,cre,1
BDKHERR.BCS,30,CreateCreature,BDHALAT,cre,1
BDKHERR.BCS,37,CreateCreatureObject,BDHALAT,cre,1
BDKORLAS.BCS,13,CreateCreature,CUTSPY,cre,1
BDMURS.BCS,29,CreateCreature,CUTSPY,cre,1
BDMURS.BCS,42,CreateCreature,CUTSPY,cre,1
BDMURS.BCS,55,CreateCreature,CUTSPY,cre,1
BDMURS.BCS,68,CreateCreature,CUTSPY,cre,1
BDMURS.BCS,81,CreateCreature,CUTSPY,cre,1
BDMURS.BCS,94,CreateCreature,CUTSPY,cre,1
BDNOREST.BCS,7,CreateCreatureObject,RAT2,cre,1
BDNOREST.BCS,8,CreateCreatureObject,RAT2,cre,1
BDNOREST.BCS,9,CreateCreatureObject,RAT2,cre,1
BDNOREST.BCS,10,CreateCreatureObject,RAT2,cre,1
BDNOREST.BCS,11,CreateCreatureObject,RAT2,cre,1
BDNOREST.BCS,12,CreateCreatureObject,RAT2,cre,1
BDNOREST.BCS,13,CreateCreatureObject,RAT2,cre,1
BDNOREST.BCS,14,CreateCreatureObject,RAT2,cre,1
BDNOREST.BCS,15,CreateCreatureObject,RAT2,cre,1
BDNOREST.BCS,32,CreateCreatureObject,BDMUGG1,cre,1
BDNOREST.BCS,33,CreateCreatureObject,BDMUGG2,cre,1
BDNOREST.BCS,34,CreateCreatureObject,BDMUGG3,cre,1
BDNOREST.BCS,49,CreateCreatureObject,BDMUGG1,cre,1
BDNOREST.BCS,50,CreateCreatureObject,BDMUGG2,cre,1
BDNOREST.BCS,51,CreateCreatureObject,BDMUGG3,cre,1
BDNOREST.BCS,65,CreateCreatureObject,BDTHUG06,cre,1
BDNUBER.BCS,9,CreateCreatureObject,BDNUBER1,cre,1
BDNUBER.BCS,20,CreateCreatureObject,BDNUBER2,cre,1
BDPETCUT.BCS,10,CreateCreature,CUTSPY,cre,1
BDPHY01.BCS,21,CreateCreatureObject,BDSDDD13,cre,1
BDPILL01.BCS,34,CreateCreature,BDMEPI01,cre,1
BDPILL01.BCS,35,CreateCreature,BDMEPI01,cre,1
BDPILL01.BCS,36,CreateCreature,BDMEPI01,cre,1
BDPILL01.BCS,37,CreateCreature,BDMEPI01,cre,1
BDPILL01.BCS,38,CreateCreature,BDMEPI01,cre,1
BDPILL02.BCS,34,CreateCreature,BDMEPL01,cre,1
BDPILL02.BCS,35,CreateCreature,BDMEPL01,cre,1
BDPILL02.BCS,36,CreateCreature,BDMEPL01,cre,1
BDPILL02.BCS,37,CreateCreature,BDMEPL01,cre,1
BDPILL02.BCS,38,CreateCreature,BDMEPL01,cre,1
BDPILL03.BCS,34,CreateCreature,BDMEPF01,cre,1
BDPILL03.BCS,35,CreateCreature,BDMEPF01,cre,1
BDPILL03.BCS,36,CreateCreature,BDMEPF01,cre,1
BDPILL03.BCS,37,CreateCreature,BDMEPF01,cre,1
BDPILL03.BCS,38,CreateCreature,BDMEPF01,cre,1
BDPILL04.BCS,40,CreateCreature,BDMEPE01,cre,1
BDPILL04.BCS,41,CreateCreature,BDMEPE01,cre,1
BDPILL04.BCS,42,CreateCreature,BDMEPE01,cre,1
BDPILL04.BCS,43,CreateCreature,BDMEPE01,cre,1
BDPILL04.BCS,44,CreateCreature,BDMEPE01,cre,1
BDPORIOS.BCS,17,CreateCreature,BDCUTSP6,cre,1
BDPORTAL.BCS,74,CreateCreature,BDSALF01,cre,1
BDPORTAL.BCS,75,CreateCreature,BDSALF01,cre,1
BDPORTAL.BCS,81,CreateCreature,BDELFIRL,cre,1
BDPORTAL.BCS,82,CreateCreature,BDELFIRL,cre,1
BDPORTAL.BCS,87,CreateCreature,BDMEPF01,cre,1
BDPORTAL.BCS,88,CreateCreature,BDMEPF01,cre,1
BDPORTAL.BCS,89,CreateCreature,BDMEPF01,cre,1
BDPORTAL.BCS,90,CreateCreature,BDMEPF01,cre,1
BDPRIES1.BCS,23,CreateCreature,BDRAT,cre,1
BDPRIES1.BCS,25,CreateCreature,BDRAT,cre,1
BDPRIES1.BCS,27,CreateCreature,BDRAT,cre,1
BDPRIES1.BCS,29,CreateCreature,BDRAT,cre,1
BDPUDDBL.BCS,13,CreateCreatureObjectEffect,BDPUDDBL,cre,1
BDSARC01.BCS,10,CreateCreature,BDSKGR02,cre,1
BDSARC03.BCS,10,CreateCreatureEffect,BDSHAD02,cre,1
BDSARC03.BCS,11,CreateCreatureEffect,BDSHAD02,cre,1
BDSARC03.BCS,13,CreateCreatureEffect,BDSHAD02,cre,1
BDSARC03.BCS,14,CreateCreatureEffect,BDSHAD02,cre,1
BDSARC03.BCS,16,CreateCreatureEffect,BDUNSLGU,cre,1
BDSARC03.BCS,17,CreateCreatureEffect,BDSHAD02,cre,1
BDSARC03.BCS,19,CreateCreatureEffect,BDWRAI02,cre,1
BDSARC03.BCS,20,CreateCreatureEffect,BDSHAD02,cre,1
BDSARC03.BCS,22,CreateCreatureEffect,BDSHADGR,cre,1
BDSARC03.BCS,23,CreateCreatureEffect,BDWRAI02,cre,1
BDSARC03.BCS,36,CreateCreatureEffect,BDSHAD02,cre,1
BDSARC03.BCS,37,CreateCreatureEffect,BDSHAD02,cre,1
BDSARC03.BCS,39,CreateCreatureEffect,BDSHAD02,cre,1
BDSARC03.BCS,40,CreateCreatureEffect,BDSHAD02,cre,1
BDSARC03.BCS,42,CreateCreatureEffect,BDUNSLGU,cre,1
BDSARC03.BCS,43,CreateCreatureEffect,BDSHAD02,cre,1
BDSARC03.BCS,45,CreateCreatureEffect,BDWRAI02,cre,1
BDSARC03.BCS,46,CreateCreatureEffect,BDSHAD02,cre,1
BDSARC03.BCS,59,CreateCreatureEffect,BDSHAD02,cre,1
BDSARC03.BCS,60,CreateCreatureEffect,BDSHAD02,cre,1
BDSARC03.BCS,62,CreateCreatureEffect,BDSHAD02,cre,1
BDSARC03.BCS,63,CreateCreatureEffect,BDSHAD02,cre,1
BDSARC03.BCS,65,CreateCreatureEffect,BDUNSLGU,cre,1
BDSARC03.BCS,66,CreateCreatureEffect,BDSHAD02,cre,1
BDSARC03.BCS,79,CreateCreatureEffect,BDSHAD02,cre,1
BDSARC03.BCS,80,CreateCreatureEffect,BDSHAD02,cre,1
BDSARC03.BCS,82,CreateCreatureEffect,BDSHAD02,cre,1
BDSARC03.BCS,83,CreateCreatureEffect,BDSHAD02,cre,1
BDSARC04.BCS,7,CreateCreature,BDSKGR02,cre,1
BDSCRY01.BCS,61,CreateCreature,BDIMOEN,cre,1
BDSCRY01.BCS,62,CreateCreature,BDLIIA,cre,1
BDSCRY03.BCS,61,CreateCreature,BDOLONEI,cre,1
BDSCRY03.BCS,62,CreateCreature,BDCAELAR,cre,1
BDSCRY03.BCS,63,CreateCreature,CUTSPY,cre,1
BDSCRY03.BCS,64,CreateCreature,CUTSPY2,cre,1
BDSCRY03.BCS,65,CreateCreature,BDCCARC1,cre,1
BDSCRY03.BCS,68,CreateCreature,BDCCREC3,cre,1
BDSCRY03.BCS,71,CreateCreature,BDCCSOL3,cre,1
BDSCRY03.BCS,74,CreateCreature,BDCCHOB1,cre,1
BDSCRY03.BCS,77,CreateCreature,BDCCOFF2,cre,1
BDSCRY03.BCS,80,CreateCreature,BDCCMAG1,cre,1
BDSCRY03.BCS,83,CreateCreature,BDCCHOB2,cre,1
BDSCRY03.BCS,86,CreateCreature,BDCCREC3,cre,1
BDSCRY03.BCS,89,CreateCreature,BDCCSOL4,cre,1
BDSCRY03.BCS,92,CreateCreature,BDCCOFF1,cre,1
BDSCRY03.BCS,95,CreateCreature,BDCCMAG1,cre,1
BDSCRY03.BCS,98,CreateCreature,BDCCHOB1,cre,1
BDSCRY03.BCS,101,CreateCreature,BDCCREC2,cre,1
BDSCRY03.BCS,104,CreateCreature,BDCCARC1,cre,1
BDSCRY03.BCS,107,CreateCreature,BDCCSOL5,cre,1
BDSCRY03.BCS,110,CreateCreature,BDCCREC3,cre,1
BDSCRY03.BCS,113,CreateCreature,BDCCCLE1,cre,1
BDSCRY03.BCS,116,CreateCreature,BDCCSOL2,cre,1
BDSCRY03.BCS,119,CreateCreature,BDCCSAR1,cre,1
BDSCRY03.BCS,122,CreateCreature,BDCCORC1,cre,1
BDSCRY03.BCS,125,CreateCreature,BDCCSOL1,cre,1
BDSCRY03.BCS,128,CreateCreature,BDCCREC3,cre,1
BDSCRY03.BCS,131,CreateCreature,BDCCARC1,cre,1
BDSCRY03.BCS,134,CreateCreature,BDCCSOL2,cre,1
BDSCRY03.BCS,137,CreateCreature,BDCCHOB2,cre,1
BDSCRY03.BCS,140,CreateCreature,BDCCMAG2,cre,1
BDSCRY03.BCS,143,CreateCreature,BDCCCLE1,cre,1
BDSCRY03.BCS,146,CreateCreature,BDCCKOB1,cre,1
BDSCRY03.BCS,149,CreateCreature,BDCCSOL3,cre,1
BDSCRY03.BCS,152,CreateCreature,BDCCOFF2,cre,1
BDSCRY03.BCS,155,CreateCreature,BDCCREC2,cre,1
BDSCRY03.BCS,158,CreateCreature,BDCCSOL1,cre,1
BDSCRY03.BCS,161,CreateCreature,BDCCARC1,cre,1
BDSCRY03.BCS,164,CreateCreature,BDCCREC1,cre,1
BDSCRY03.BCS,167,CreateCreature,BDCCHOB2,cre,1
BDSCRY03.BCS,170,CreateCreature,BDCCREC3,cre,1
BDSCRY03.BCS,173,CreateCreature,BDCCREC2,cre,1
BDSCRY03.BCS,176,CreateCreature,BDCCKOB1,cre,1
BDSCRY03.BCS,179,CreateCreature,BDCCOFF2,cre,1
BDSCRY03.BCS,182,CreateCreature,BDCCMAG2,cre,1
BDSCRY03.BCS,185,CreateCreature,BDCCARC1,cre,1
BDSCRY03.BCS,188,CreateCreature,BDCCHOB2,cre,1
BDSCRY03.BCS,191,CreateCreature,BDCCORC1,cre,1
BDSCRY03.BCS,194,CreateCreature,BDCCCLE1,cre,1
BDSCRY03.BCS,197,CreateCreature,BDCCMAG2,cre,1
BDSCRY03.BCS,200,CreateCreature,BDCCREC2,cre,1
BDSCRY03.BCS,203,CreateCreature,BDCCSOL1,cre,1
BDSCRY03.BCS,206,CreateCreature,BDCCSOL2,cre,1
BDSCRY03.BCS,209,CreateCreature,BDCCSOL3,cre,1
BDSCRY03.BCS,212,CreateCreature,BDCCSOL4,cre,1
BDSCRY03.BCS,215,CreateCreature,BDCCSOL5,cre,1
BDSCRY03.BCS,218,CreateCreature,BDCCOFF2,cre,1
BDSCRY03.BCS,221,CreateCreature,BDCCCLE1,cre,1
BDSCRY03.BCS,224,CreateCreature,BDCCHOB2,cre,1
BDSCRY03.BCS,227,CreateCreature,BDCCARC1,cre,1
BDSCRY03.BCS,230,CreateCreature,BDCCREC2,cre,1
BDSCRY03.BCS,233,CreateCreature,BDCCSOL1,cre,1
BDSCRY03.BCS,236,CreateCreature,BDCCSOL2,cre,1
BDSCRY03.BCS,239,CreateCreature,BDCCSOL3,cre,1
BDSCRY03.BCS,242,CreateCreature,BDCCSOL4,cre,1
BDSCRY03.BCS,245,CreateCreature,BDCCSOL5,cre,1
BDSCRY03.BCS,248,CreateCreature,BDCCOFF2,cre,1
BDSCRY03.BCS,251,CreateCreature,BDCCCLE1,cre,1
BDSCRY03.BCS,254,CreateCreature,BDCCHOB2,cre,1
BDSCRY03.BCS,257,CreateCreature,BDCCARC1,cre,1
BDSCRY03.BCS,260,CreateCreature,BDCCKOB1,cre,1
BDSCRY03.BCS,263,CreateCreature,BDCCREC2,cre,1
BDSCRY03.BCS,266,CreateCreature,HORSE,cre,1
BDSCRY03.BCS,267,CreateCreature,HORSE,cre,1
BDSCRY03.BCS,268,CreateCreature,HORSE,cre,1
BDSCRY03.BCS,269,CreateCreature,BDCCOGR1,cre,1
BDSCRY03.BCS,272,CreateCreature,BDCCOGR1,cre,1
BDSCRY03.BCS,275,CreateCreature,BDCCOGR1,cre,1
BDSCRY03.BCS,278,CreateCreature,BDBARRE1,cre,1
BDSCRY03.BCS,279,CreateCreature,BDBARRE1,cre,1
BDSCRY03.BCS,280,CreateCreature,BDBARRE1,cre,1
BDSCRY03.BCS,281,CreateCreature,BDBARRE1,cre,1
BDSCRY03.BCS,282,CreateCreature,BDBARRE1,cre,1
BDSCRY03.BCS,283,CreateCreature,BDBARRE1,cre,1
BDSCRY03.BCS,284,CreateCreature,BDBARRE1,cre,1
BDSCRY03.BCS,285,CreateCreature,BDBARRE1,cre,1
BDSCRY03.BCS,286,CreateCreature,BDBARRE1,cre,1
BDSCRY03.BCS,287,CreateCreature,BDCCREC2,cre,1
BDSCRY03.BCS,290,CreateCreature,BDCCSOL1,cre,1
BDSCRY03.BCS,293,CreateCreature,BDCCSOL2,cre,1
BDSCRY03.BCS,296,CreateCreature,BDCCSOL3,cre,1
BDSCRY03.BCS,299,CreateCreature,BDCCSOL4,cre,1
BDSCRY03.BCS,302,CreateCreature,BDCCSOL5,cre,1
BDSCRY03.BCS,305,CreateCreature,BDCCOFF2,cre,1
BDSCRY03.BCS,308,CreateCreature,BDCCCLE1,cre,1
BDSCRY03.BCS,311,CreateCreature,BDCCHOB2,cre,1
BDSCRY03.BCS,314,CreateCreature,BDCCARC1,cre,1
BDSCRY03.BCS,317,CreateCreature,BDCCKOB1,cre,1
BDSCRY03.BCS,320,CreateCreature,BDCCREC2,cre,1
BDSCRY03.BCS,323,CreateCreature,BDCCREC1,cre,1
BDSCRY03.BCS,326,CreateCreature,BDCCKOB1,cre,1
BDSCRY03.BCS,329,CreateCreature,BDCCREC2,cre,1
BDSCRY03.BCS,332,CreateCreature,BDCCSOL1,cre,1
BDSCRY03.BCS,335,CreateCreature,BDCCSOL2,cre,1
BDSCRY03.BCS,338,CreateCreature,BDCCSOL3,cre,1
BDSCRY03.BCS,341,CreateCreature,BDCCSOL4,cre,1
BDSCRY03.BCS,344,CreateCreature,BDCCSOL5,cre,1
BDSCRY03.BCS,347,CreateCreature,BDCCOFF2,cre,1
BDSCRY03.BCS,350,CreateCreature,BDCCCLE1,cre,1
BDSCRY03.BCS,353,CreateCreature,BDCCHOB2,cre,1
BDSCRY03.BCS,356,CreateCreature,BDCCARC1,cre,1
BDSCRY03.BCS,359,CreateCreature,BDCCKOB1,cre,1
BDSCRY03.BCS,362,CreateCreature,BDCCREC2,cre,1
BDSCRY03.BCS,365,CreateCreature,BDCCREC1,cre,1
BDSCRY03.BCS,368,CreateCreature,BDCCKOB1,cre,1
BDSCRY03.BCS,371,CreateCreature,BDCCKOB1,cre,1
BDSCRY03.BCS,374,CreateCreature,BDCCSOL1,cre,1
BDSCRY03.BCS,377,CreateCreature,BDCCSOL2,cre,1
BDSCRY03.BCS,380,CreateCreature,BDCCSOL3,cre,1
BDSCRY03.BCS,383,CreateCreature,BDCCREC3,cre,1
BDSCRY03.BCS,386,CreateCreature,BDCCSOL5,cre,1
BDSCRY03.BCS,389,CreateCreature,BDCCOFF2,cre,1
BDSCRY03.BCS,392,CreateCreature,BDCCCLE1,cre,1
BDSCRY03.BCS,395,CreateCreature,BDCCHOB2,cre,1
BDSCRY03.BCS,398,CreateCreature,BDCCARC1,cre,1
BDSCRY03.BCS,401,CreateCreature,BDCCKOB1,cre,1
BDSCRY03.BCS,404,CreateCreature,BDCCSOL1,cre,1
BDSCRY03.BCS,407,CreateCreature,BDCCSOL2,cre,1
BDSCRY03.BCS,410,CreateCreature,BDCCSOL3,cre,1
BDSCRY03.BCS,413,CreateCreature,BDCCREC3,cre,1
BDSCRY03.BCS,416,CreateCreature,BDCCSOL5,cre,1
BDSCRY03.BCS,419,CreateCreature,BDCCOFF2,cre,1
BDSCRY03.BCS,422,CreateCreature,BDCCCLE1,cre,1
BDSCRY03.BCS,425,CreateCreature,BDCCHOB2,cre,1
BDSCRY03.BCS,428,CreateCreature,BDCCARC1,cre,1
BDSCRY03.BCS,431,CreateCreature,BDCCKOB1,cre,1
BDSCRY03.BCS,434,CreateCreature,BDCCSOL1,cre,1
BDSCRY03.BCS,437,CreateCreature,BDCCSOL2,cre,1
BDSCRY03.BCS,440,CreateCreature,BDCCKOB1,cre,1
BDSCRY03.BCS,443,CreateCreature,BDCCSOL1,cre,1
BDSCRY03.BCS,446,CreateCreature,BDCCSOL2,cre,1
BDSCRY03.BCS,449,CreateCreature,BDCCSOL3,cre,1
BDSCRY03.BCS,452,CreateCreature,BDCCREC3,cre,1
BDSCRY03.BCS,455,CreateCreature,BDCCSOL5,cre,1
BDSCRY03.BCS,458,CreateCreature,BDCCOFF2,cre,1
BDSCRY03.BCS,461,CreateCreature,BDCCCLE1,cre,1
BDSCRY03.BCS,464,CreateCreature,BDCCHOB2,cre,1
BDSCRY03.BCS,467,CreateCreature,BDCCARC1,cre,1
BDSCRY03.BCS,470,CreateCreature,BDCCKOB1,cre,1
BDSCRY03.BCS,473,CreateCreature,BDCCSOL1,cre,1
BDSCRY03.BCS,476,CreateCreature,BDCCKOB1,cre,1
BDSCRY03.BCS,479,CreateCreature,BDCCSOL1,cre,1
BDSCRY03.BCS,482,CreateCreature,BDCCSOL2,cre,1
BDSCRY03.BCS,485,CreateCreature,BDCCSOL3,cre,1
BDSCRY03.BCS,488,CreateCreature,BDCCREC3,cre,1
BDSCRY03.BCS,491,CreateCreature,BDCCSOL5,cre,1
BDSCRY03.BCS,494,CreateCreature,BDCCOFF2,cre,1
BDSCRY03.BCS,497,CreateCreature,BDCCCLE1,cre,1
BDSCRY03.BCS,500,CreateCreature,BDCCHOB2,cre,1
BDSCRY03.BCS,503,CreateCreature,BDCCARC1,cre,1
BDSCRY03.BCS,506,CreateCreature,BDCCKOB1,cre,1
BDSCRY03.BCS,509,CreateCreature,BDCCSOL1,cre,1
BDSCRY03.BCS,512,CreateCreature,BDCCHOB2,cre,1
BDSCRY03.BCS,515,CreateCreature,BDCCARC1,cre,1
BDSCRY03.BCS,518,CreateCreature,BDCCKOB1,cre,1
BDSCRY03.BCS,521,CreateCreature,BDCCSOL1,cre,1
BDSCRY03.BCS,524,CreateCreature,BDCCSOL2,cre,1
BDSCRY03.BCS,527,CreateCreature,BDBARRE1,cre,1
BDSCRY03.BCS,528,CreateCreature,BDBARRE1,cre,1
BDSCRY03.BCS,529,CreateCreature,BDBARRE1,cre,1
BDSCRY03.BCS,530,CreateCreature,BDBARRE1,cre,1
BDSCRY03.BCS,531,CreateCreature,BDBARRE1,cre,1
BDSCRY03.BCS,532,CreateCreature,BDCCSOL2,cre,1
BDSCRY03.BCS,535,CreateCreature,BDCCKOB1,cre,1
BDSCRY03.BCS,538,CreateCreature,BDCCSOL1,cre,1
BDSCRY03.BCS,541,CreateCreature,BDCCSOL2,cre,1
BDSCRY03.BCS,544,CreateCreature,BDCCSOL3,cre,1
BDSCRY03.BCS,547,CreateCreature,BDCCREC3,cre,1
BDSCRY03.BCS,550,CreateCreature,BDCCSOL5,cre,1
BDSCRY03.BCS,553,CreateCreature,BDCCOFF2,cre,1
BDSCRY03.BCS,556,CreateCreature,BDCCCLE1,cre,1
BDSCRY03.BCS,559,CreateCreature,BDCCHOB2,cre,1
BDSCRY03.BCS,562,CreateCreature,BDCCHOB2,cre,1
BDSCRY03.BCS,565,CreateCreature,BDCCARC1,cre,1
BDSCRY03.BCS,568,CreateCreature,BDCCOGR1,cre,1
BDSCRY03.BCS,571,CreateCreature,BDCCOGR1,cre,1
BDSCRY03.BCS,574,CreateCreature,BDCCOGR1,cre,1
BDSCRY03.BCS,577,CreateCreature,BDCCREC3,cre,1
BDSCRY03.BCS,580,CreateCreature,BDCCSOL4,cre,1
BDSCRY03.BCS,583,CreateCreature,BDCCOFF1,cre,1
BDSCRY03.BCS,586,CreateCreature,BDCCMAG1,cre,1
BDSCRY03.BCS,589,CreateCreature,BDCCHOB1,cre,1
BDSCRY03.BCS,592,CreateCreature,BDCCREC2,cre,1
BDSCRY03.BCS,595,CreateCreature,BDCCARC1,cre,1
BDSCRY05.BCS,61,CreateCreature,BDHEPHER,cre,1
BDSCRY05.BCS,67,CreateCreatureDoor,BDIRENI,cre,1
BDSCRY3A.BCS,9,CreateCreature,BDCCSOL2,cre,1
BDSCRY3A.BCS,15,CreateCreature,BDCCSOL1,cre,1
BDSCRY3A.BCS,21,CreateCreature,BDCCARC1,cre,1
BDSCRY3A.BCS,27,CreateCreature,BDCCSOL3,cre,1
BDSCRY3A.BCS,33,CreateCreature,BDCCKOB1,cre,1
BDSCRY3A.BCS,39,CreateCreature,BDCCCLE1,cre,1
BDSCRY3A.BCS,45,CreateCreature,BDCCHOB2,cre,1
BDSCRY3A.BCS,51,CreateCreature,BDCCMAG1,cre,1
BDSCRY3A.BCS,57,CreateCreature,BDCCREC2,cre,1
BDSCRY3A.BCS,63,CreateCreature,BDCCSOL1,cre,1
BDSCRY3A.BCS,69,CreateCreature,BDCCSOL2,cre,1
BDSCRY3A.BCS,75,CreateCreature,BDCCKOB1,cre,1
BDSD302F.BCS,7,CreateCreatureObjectOffset,BDWRAT,cre,1
BDSDD251.BCS,7,CreateCreature,BDRAGGEM,cre,1
BDSDD251.BCS,9,CreateCreature,BDSICKLY,cre,1
BDSDD251.BCS,11,CreateCreature,BDSABN,cre,1
BDSDD251.BCS,13,CreateCreature,BDGOBBO1,cre,1
BDSDD251.BCS,15,CreateCreature,BDGOBBO2,cre,1
BDSDD251.BCS,17,CreateCreature,BDRIDER1,cre,1
BDSDD251.BCS,19,CreateCreature,BDBATTUK,cre,1
BDSDD252.BCS,15,CreateCreatureObjectEffect,BDBGOBG1,cre,1
BDSDD252.BCS,16,CreateCreatureObjectEffect,BDBGOBG2,cre,1
BDSDD252.BCS,17,CreateCreatureObjectEffect,BDBGOBG3,cre,1
BDSDDSKI.BCS,28,CreateCreatureObject,BDSKIE,cre,1
BDSDDSKI.BCS,29,CreateCreatureObjectOffset,BDCCREC2,cre,1
BDSDDSKI.BCS,32,CreateCreatureObjectOffset,BDCCOGR1,cre,1
BDSHCUT0.BCS,7,CreateCreature,BDSHIMOE,cre,1
BDSHCUT0.BCS,16,CreateCreature,BDFF1000,cre,1
BDSHCUT0.BCS,25,CreateCreature,BDFF1001,cre,1
BDSHCUT0.BCS,34,CreateCreature,BDFF1002,cre,1
BDSHMMSP.BCS,9,CreateCreatureEffect,MEPMAG01,cre,1
BDSHMMSP.BCS,10,CreateCreatureEffect,MEPMAG01,cre,1
BDSHMMSP.BCS,11,CreateCreatureEffect,MEPMAG01,cre,1
BDSHRIE2.BCS,56,CreateCreatureObjectEffect,BDMYCRD,cre,1
BDSHRIE2.BCS,57,CreateCreatureObjectEffect,BDMYCRD,cre,1
BDSHSARS.BCS,11,CreateCreature,BDSPIRIT,cre,1
BDSHSLIM.BCS,29,CreateCreatureEffect,BDSHJELL,cre,1
BDSHSLIM.BCS,30,CreateCreatureEffect,JELLOC,cre,1
BDSPAWN.BCS,15,CreateCreatureObject,BDHELP01,cre,1
BDSPAWN.BCS,18,CreateCreatureObject,BDHELP02,cre,1
BDSPAWN.BCS,21,CreateCreatureObject,BDHELP03,cre,1
BDSPAWN.BCS,24,CreateCreatureObject,BDHELP04,cre,1
BDSPIRIT.BCS,7,CreateCreatureObjectEffect,BDBONBAT,cre,1
BDSPIRIT.BCS,8,CreateCreatureObjectEffect,BDBONBAT,cre,1
BDSPIRIT.BCS,9,CreateCreatureObjectEffect,BDBONBAT,cre,1
BDTARGET.BCS,111,CreateCreatureImpassable,BDSTONEC,cre,1
BDTARGET.BCS,121,CreateCreatureImpassable,BDSTONEC,cre,1
BDTARGET.BCS,131,CreateCreatureImpassable,BDSTONEC,cre,1
BDTARGET.BCS,460,CreateCreatureImpassable,BDSTONEC,cre,1
BDTELERI.BCS,65,CreateCreature,BDPETSG,cre,1
BDTHRIX.BCS,20,CreateCreature,BDIMP,cre,1
BDTHRIX.BCS,21,CreateCreature,BDABIRED,cre,1
BDTHRIX.BCS,22,CreateCreature,BDERINYE,cre,1
BDTHRIX.BCS,23,CreateCreature,BDBONEFI,cre,1
BDTHRIX.BCS,24,CreateCreature,BDHAMATU,cre,1
BDTHRIX.BCS,25,CreateCreature,BDHELCAT,cre,1
BDTHRIX.BCS,52,CreateCreature,BDABIGRE,cre,1
BDTHRIX.BCS,53,CreateCreature,BDIMP,cre,1
BDTHRIX.BCS,54,CreateCreature,BDABIRED,cre,1
BDTHRIX.BCS,55,CreateCreature,BDERINYE,cre,1
BDTHRIX.BCS,56,CreateCreature,BDBONEFI,cre,1
BDTHRIX.BCS,57,CreateCreature,BDHAMATU,cre,1
BDTHRIX.BCS,58,CreateCreature,BDHELCAT,cre,1
BDTHRIX.BCS,59,CreateCreature,BDHAMATU,cre,1
BDTHRIX.BCS,60,CreateCreature,BDABIBLA,cre,1
BDTHRIX.BCS,84,CreateCreature,BDHELCAT,cre,1
BDTHRIX.BCS,85,CreateCreature,BDABIRED,cre,1
BDTHRIX.BCS,86,CreateCreature,BDERINYE,cre,1
BDTHRIX.BCS,87,CreateCreature,BDBONEFI,cre,1
BDTHRIX.BCS,88,CreateCreature,BDHAMATU,cre,1
BDTHRIX.BCS,89,CreateCreature,BDLEMURE,cre,1
BDTHRIX.BCS,115,CreateCreature,BDIMP,cre,1
BDTHRIX.BCS,116,CreateCreature,BDHELCAT,cre,1
BDTHRIX.BCS,117,CreateCreature,BDABIRED,cre,1
BDTHRIX.BCS,118,CreateCreature,BDERINYE,cre,1
BDTHRIX.BCS,119,CreateCreature,BDBONEFI,cre,1
BDTHRIX.BCS,120,CreateCreature,BDHAMATU,cre,1
BDTHRIX.BCS,121,CreateCreature,BDLEMURE,cre,1
BDTHRIX.BCS,122,CreateCreature,BDABIGRE,cre,1
BDTHRIX.BCS,123,CreateCreature,BDABIBLA,cre,1
BDTHRIX.BCS,158,CreateCreature,BDHAMATU,cre,1
BDTHRIX.BCS,159,CreateCreature,BDABIRED,cre,1
BDTHRIX.BCS,160,CreateCreature,BDBONEFI,cre,1
BDTHRIX.BCS,161,CreateCreature,BDBONEFI,cre,1
BDTHRIX.BCS,162,CreateCreature,BDHAMATU,cre,1
BDTHRIX.BCS,163,CreateCreature,BDHELCAT,cre,1
BDTHRIX.BCS,190,CreateCreature,BDERINYE,cre,1
BDTHRIX.BCS,191,CreateCreature,BDHAMATU,cre,1
BDTHRIX.BCS,192,CreateCreature,BDABIRED,cre,1
BDTHRIX.BCS,193,CreateCreature,BDBONEFI,cre,1
BDTHRIX.BCS,194,CreateCreature,BDBONEFI,cre,1
BDTHRIX.BCS,195,CreateCreature,BDHAMATU,cre,1
BDTHRIX.BCS,196,CreateCreature,BDHELCAT,cre,1
BDTHRIX.BCS,197,CreateCreature,BDIMP,cre,1
BDTHRIX.BCS,198,CreateCreature,BDERINYE,cre,1
BDTHRIX.BCS,221,CreateCreature,BDLEMURE,cre,1
BDTHRIX.BCS,222,CreateCreature,BDABIGRE,cre,1
BDTHRIX.BCS,223,CreateCreature,BDHELCAT,cre,1
BDTHRIX.BCS,224,CreateCreature,BDABIRED,cre,1
BDTHRIX.BCS,225,CreateCreature,BDERINYE,cre,1
BDTHRIX.BCS,226,CreateCreature,BDABIRED,cre,1
BDTHRIX.BCS,227,CreateCreature,BDHELCAT,cre,1
BDTHRIX.BCS,228,CreateCreature,BDABIBLA,cre,1
BDTHRIX.BCS,229,CreateCreature,BDLEMURE,cre,1
BDURE6.BCS,9,CreateCreatureOffScreen,BDURE6A,cre,1
BDURE6.BCS,11,CreateCreatureObject,BDURE6B,cre,1
BDURE6.BCS,12,CreateCreatureObject,BDURE6C,cre,1
BDURE6.BCS,18,CreateCreatureAtLocation,BDURE6D,cre,1
BDURE6.BCS,19,CreateCreatureAtLocation,BDURE6D,cre,1
BDURE6.BCS,20,CreateCreatureAtLocation,BDURE6D,cre,1
BDWATERF.BCS,11,CreateCreature,CUTSPY,cre,1
BDWATERF.BCS,29,CreateCreature,BDBENCE,cre,1
BDWATERF.BCS,30,CreateCreature,BDFIST61,cre,1
BDWATERF.BCS,31,CreateCreature,BDFIST62,cre,1
BDWATERF.BCS,32,CreateCreature,BDFIST61,cre,1
BDWATERF.BCS,35,CreateCreature,BDFIST63,cre,1
BDWATERF.BCS,36,CreateCreature,BDFIST63,cre,1
BDWATERF.BCS,37,CreateCreature,BDFISTM3,cre,1
BDWATERS.BCS,54,CreateCreature,BDMEPHIW,cre,1
BDWATERS.BCS,89,CreateCreature,BDMEPHIW,cre,1
C02AKOKO.BCS,9,CreateCreatureObjectOffset,CUTSPY,cre,1
C02AKOKO.BCS,23,CreateCreatureObjectOffset,CUTSPY,cre,1
C02AURA.BCS,465,CreateCreatureObjectOffset,C02AKOKO,cre,1
