resource,source,bytes,sha256
ANKHEG.BCS,override,2049,e679b03596db21c643c1fadd8b99be0399322679696741b931e1c9db7e8a5c8e
ANKHEG.CRE,override,3004,7f3c26aa69d0ce6ab60ce7fc198f0b36d8b168f7af48517f074f19ab75294ec3
BAELOT7.CRE,override,5656,28e3b006c1bd1e58c20ee7837d510f874d5214c0b70b96848298d5529b55aa04
BANDIT.BCS,override,8361,bccb27bb31cf98b180f86b85f345437a962b51bc64e89f93d4e8efcaad4f34c8
BAT_IN.CRE,override,3188,bb6d07bfbcf1a311c4448db693395e54becfa6b36e1f07e71d84e2976b6a4e1a
BAT_OUT.CRE,override,2660,fbbf9667915da5d10875dae2933d4df6f8515561498a572eb81777b5ef1b1605
BD0010.ARE,override,33482,5589b9097f8a4e49d26c7298f5c198e2f031740438dfb8afbfe8d25c7f7f15a7
BD0010.BCS,override,33349,28041db5376b143715c341cc1e08bd5d73a44c9efffef3f306829a88ce6419da
BD0010OT.BCS,override,3085,fb7c91540e9bbc97a3fd42bca271d465de1b5717302261e2dd529e650b8af655
BD0020.ARE,override,41636,96be599ae977346051bbc779bb878930b6c2b2ce80dbac52874f64d981f3fc46
BD0020.BCS,override,36984,d92f39408cc6e0a0278cee054a71de2c1ffb29182cf3b6c28c129925a080a747
BD0021.ARE,override,106944,48ba05808c3e98bb8c3576709aa77bfcbacdc414992224b555770f96a615982e
BD0021.BCS,override,6740,5dba3a059522d08e24ae389a251351a4fc8db16d2a12990ad119c02982920277
BD0030.ARE,override,19480,56737b1820c6b92f9966377bd277ca73069872212360fcf8dc090ca8edf3f139
BD0030.BCS,override,20868,366dd4345816108ce1bfc9ae115d30e26f092723facc767ff21432c7a7541f59
BD0035.ARE,override,50972,6b0e2cbfeff2a9f99048da22bcfa594563026fe319fcdd5cba9304c72dd9f033
BD0035.BCS,override,6,73dcc19e8d2e648f16c01b63312d929761e03cc93c4cee148cfac13f19aaedad
BD0040.ARE,override,37564,8720ae745d2e207f8df9fb9a67f1875a630175f1d1793e80efd547d689b5dcd1
BD0040.BCS,override,28172,78e57e3f1ddf52846e08dbf01e7c6acb8d95c7b4e9c11046499a52a173d13c15
BD0050.ARE,override,34132,e3f303f5da92a2736b5901553ad6c9b9fa4eca10064409bbb0868b060a0c1dbd
BD0050.BCS,override,32441,9edc6dca4ed49b8016faad4deecf51081bffebe717c6e36648cfb33d5e84d273
BD0060.ARE,override,13328,a90744f7b2e3748ae707166a01ecb56e229a0f319d2530d396b055b314058d4f
BD0060.BCS,override,3036,ee0af405740b8e6922f246a5e584036710c72e285a67097d4b8d17807b388583
BD0061.ARE,override,8740,d7723c5c053212278efbd34ad2cb8593e97d8156fa524029a99f80795354eacf
BD0061.BCS,override,1030,9fe052c387ebe07260c9c2e5ab4e5ce57328c96d292e6ff0751c899df127e517
BD0062.ARE,override,6308,d53e8adcf6e20803145d7c993f4cb5e8acf9ccf56eb1564a688991e5b79a5a3f
BD0062.BCS,override,5253,551143900da598d42f37becbd1cb0f8f7ce11d5258d6926abcdbdfdce42377f0
BD0063.ARE,override,3316,8f192437457d78b0a37972a19455feed2894ad4b84df9224927823a42b63f11d
BD0063.BCS,override,9944,377c10bc92f7e6ad9030d04d6e202d500a330791727f3a706e26986212f42b1b
BD0064.ARE,override,4616,c1c130bf2f8a657bde13586acf9361d029c179c18ba27f44fa71ce1819f5d024
BD0064.BCS,override,3128,53d576657919079fe13ae9f89958e77548a9310c0aea78428b8d3826a7b88f5c
BD0065.ARE,override,1548,465142ea2f66c42d075f08e77d7aaee3742ca95508755b0eab44b76d1e269640
BD0065.BCS,override,6,73dcc19e8d2e648f16c01b63312d929761e03cc93c4cee148cfac13f19aaedad
BD0066.ARE,override,19408,176996f8014c63a33ea4eb861fba6fba21ea309272b633c6529c52e39a28ec30
BD0066.BCS,override,6199,6bb650ef4c1689ca1f4b96e371aa0065e191f49a738c7d53bef49f19b328e134
BD0067.ARE,override,10820,789abc33e15ee2dadf6b83434541ac28cdab26fa0c9ac8f97fd908c40e9bb029
BD0067.BCS,override,365,b83b980fe8353041d13877a667be2f842f213892f82b1deec1e48b59442dfa10
BD0070.ARE,override,1232,d732c979344f3f1f2e40841b151d98f20cf47a5dd102a87d215087cb980d087a
BD0070.BCS,override,6,73dcc19e8d2e648f16c01b63312d929761e03cc93c4cee148cfac13f19aaedad
BD0071.ARE,override,1080,4eaf2488c5754ee41ee1c855477e739a7f2fb6530cf435b2fb046fed327df0a5
BD0071.BCS,override,6,73dcc19e8d2e648f16c01b63312d929761e03cc93c4cee148cfac13f19aaedad
BD0071SC.BCS,override,787,021de7cbbccc904f03a3960087f4815790a38ce19e334dc4267454094d649b7b
BD0072.ARE,override,2056,c3fd62dd789a2e4fc2b6868854c943b9ef3e8b79fe20a8bbf14846dedc615fa7
BD0072.BCS,override,6,73dcc19e8d2e648f16c01b63312d929761e03cc93c4cee148cfac13f19aaedad
BD0100.ARE,override,9640,2702ab713daeaf9a307bf424ec28966568ebb8e4c3391069c0cef2023b8f402a
BD0100.BCS,override,13060,8dc91a2517991f61e08205f965817025da25971c89f9bc2e205eaebc5911c0c1
BD0101.ARE,override,115042,d394d8c34025debceead012a3b0315206e1acc2537b58808b86bdebeb969521d
BD0101.BCS,override,53328,8b6e1d6ce974c61222133ea010225c0ae9bc71127616f5def7ed9be470bae193
BD0102.ARE,override,7506,09a640a149f07de090bcb7c3af5e8726e6eb1d011a2428b59a1c683d09023e14
BD0102.BCS,override,49084,2ac80ca540467d90c6da7888c591726a75982f2c0a12f6df5bc7c501f3654edc
BD0103.ARE,override,5706,a56559d03bd28606cc11da2001c80ee6efdf1deddb7a71bcd540c14649353da1
BD0103.BCS,override,87855,32bc5e6f7e33648cbf80aae2b7c67ef14a8c24715e8d244ebc32796be3896242
BD0104.ARE,override,26375,f818fc33e4f7fa285f1ecef5b9b5e39a1d57a9305e54c4ccb21a9ef21aa3d82f
BD0104.BCS,override,20736,d79e7283e95c81aa13491aa83c6409750f237c27ce89955c55d44eae6a256ca4
BD0105.ARE,override,4352,ca71e12fa4d6f6081bdbc3e1dd7c5f34f4fecaa7871f3637a286cfe66c24ecf6
BD0105.BCS,override,3239,a7653fdca0a4f0986fc083e6a78dcb34af3cc0504c6e2115d4e2a8431213fef2
BD0106.ARE,override,12348,9d02d4398627a00ac09ff41c0d69f4c58715d4b19f8274291395a6fffa9d359b
BD0106.BCS,override,6879,3dcb3bd088fb3684957fcacd17db1b5f20592de78d7090ccdb056d39aa90b0f2
BD0107.ARE,override,9724,57a2b9a3758ab4dfd0bf23e6ceeff95b1ebd07695e9d29d6a6ff899a05e7ee3e
BD0107.BCS,override,14587,e4f41d96f46f637174dfd51e021ae3e7e745766c6b5875fe0aa5baf61ac06a4c
BD0107OT.BCS,override,3621,40bbb8c81d2f7f1c03d92645e77e2f38e9ecae712fc86b1d9d9914695af386b2
BD0108.ARE,override,5912,4ce19b88d1457f6c36c4dd0a74359e4271ba1b1245497e53b0e711fa40292325
BD0108.BCS,override,13178,d60c74b803a5cec7a4b83e7753bc02f996668b5ebfe69a98b797651f2eb63f77
BD0109.ARE,override,12118,f480b83df652f70b7344126f643b77f35274de71a44c71d2957c9f9548ce4ed9
BD0109.BCS,override,17222,fd3314a0c69c2dbf5cc5379563c4bf21ed00e43311474ff4b949e24e07f9ba5f
BD0110.ARE,override,12596,14a1461a8ebae5333fa5847aea6c110fb29aea617ba1b1a8509ce206fecce84e
BD0110.BCS,override,9139,6aa7555596000759eb89f00b7d5f45b29cc8634f59e21fbf7620e7610a87e8cb
BD0111.ARE,override,15270,08c267d36812a531e2936bc8c7950ef8bc5cbb48f1b0c03f28b4c3ab00e4ee72
BD0111.BCS,override,9171,bd699baf162eef5ca52dc3ef4fdf5e7f9e90b3e7a94013bb177918fb4bc75197
BD0112.ARE,override,107820,16cfeb1c6b76129fc49dae3981d95b9c60e55dd3f617da7bcf688c24cfbbd02a
BD0112.BCS,override,719,a0885aae4601e347c875ffdc873c1ea34c83b78bded6fbc5bae0ad62cb96b856
BD0113.ARE,override,3256,400f3fefb3e8f938223b2602c5e61dff75bcd250070c3c5b32d1accfd5806e2e
BD0113.BCS,override,1852,0155ede8acc23e52bdcaa192ad52efceea53c5b5550949292be5aa46b6266883
BD0114.ARE,override,19852,9b2ff036ccf820f96ca507c251257ec943d9fd2e185fdba3afa3e10c7a765c4a
BD0114.BCS,override,24989,3c1f522fb819db082df672de44d7733ec99e758c17a28605ee927adce14fbd99
BD011401.BCS,override,3217,57af1862e993b754d52fb7d216b4bb1c36b6549b9871f5304def3329f021f926
BD011402.BCS,override,643,5116042a5d41da61ea4f423ba66784df2d8f6c33efe49461aaae69c05a53d523
BD011403.BCS,override,779,72c0dc7fe54a93510102104c64378fdc5ac628d59b51a1cd24058c776c8231da
BD011404.BCS,override,783,7bb3ad014fbaaa5f5368f6cab07125b557adb7add49bbb660ca114ec6778acea
BD011406.BCS,override,3456,698a5120b90b04bf55f17afaefa7fae3fe1078f6d9289c94c27aa140526a50e1
BD011407.BCS,override,783,49cd76b23f67e866514aefe72f72e5d65593c79c8c4cc3d3b4f15e24a3213636
BD011408.BCS,override,781,35dc19d38fbc338d10d32d6e7ee2b5a4ef3cedcf5325f7d7ebd337bf6944a85e
BD0115.ARE,override,2960,5dea4ef8d21832b45847b36d87a678e8a67e9cf4abb147f3adac0f06221b243a
BD0115.BCS,override,1482,8ced948e15c6e3c488853a2382355ee1c9b5ed612a70c4b2addf25bef5af22ac
BD0116.ARE,override,8792,0c83cb376342c380434e4aebcfa6b36f43b0cfe40ce1ba00753e2927bb223420
BD0116.BCS,override,16880,9329c955067a8cbc9a2c33c5d6df7de55022e18e4fa737f190d2af88041f5f4a
BD0117.ARE,override,3156,220547b4a00187bc8291f52ed1ab50b479115a4a17ce0b4c7adf976769a645d5
BD0117.BCS,override,1525,0c63dac3e0d5fd2b19889cc94b4183d112b34d770766340a4175ebe68c850878
BD0118.ARE,override,4020,c455094bb1d1c25976e4e8c8fbc55bad40300f369683077e217e2832693dea7a
BD0118.BCS,override,6,73dcc19e8d2e648f16c01b63312d929761e03cc93c4cee148cfac13f19aaedad
BD0120.ARE,override,23028,873e95240c86cdf567bbc6f12de0dd50e3a2a7378139b70b0d125b935d129bc6
BD0120.BCS,override,575679,e710d3534d8187f1d3b79c8666e1b3c4e761700f3ee9477ac5c81f51f43fb4f1
BD0121.ARE,override,21743,0bb561883b1fcb1df0171402e313ab130cdeee7115f1664d0da8b2764545b964
BD0121.BCS,override,2583,d31e6d3276e16ec9f2742dad81ba16c84768ab5cce68624acca0ad362349d50e
BD0121OT.BCS,override,4086,47eab819235239b1476db5830d3973cda666364e2d846aed2c7ae08db6631bf7
BD0122.ARE,override,3265,d94d227b48e628c23c68c03df8d74bc9503b02c18dc8e118e0faf8e0aad6af21
BD0122.BCS,override,3590,8ceb2ed6d9846b0bcb87b68e2eba0f78b965bc6584154741fca9eba30898fe81
BD0130.ARE,override,62348,6dde32fbf9ca565660222cea85685c98f94fca066370659219f42d0f7dbdd56e
BD0130.BCS,override,126829,08b788f2afd4a4ea1b906e01db838948f06200c925f94ab4281a766dac5f9dd5
BD1000.ARE,override,63156,70a44e4760c045391104f4615d9a20bf12c278e3be5fcb1da586812ec271f771
BD1000.BCS,override,69124,7592fef6db788d90819b1cd57ced116f8a993fec7a16e9cbfc93ec5cb89d8a19
BD1010.ARE,override,6216,6c0796255622ae5040a1ab92b434c648290d95521a60f2406332a74fb5a79773
BD1010.BCS,override,9643,86e7c60a4479a9b0ecf80a405d9729ba4dbdea64c6342a0069fe9d18ffa2a79c
BD1100.ARE,override,40964,7ead1349442692e70a50feb7313fb89656a1c050e4024272d627dc88d210afde
BD1100.BCS,override,5561,86dd1942eecbdc8befbe49f137a9445ecf900cda37b0d34c129da86b6e10710b
BD1200.ARE,override,65968,90316427e61f49e6f767e9c53507b593964365b0888636ddc21d572e6c455579
BD1200.BCS,override,13419,7c7e18b05f03b591e1cd1f15da2d1e742b700e861184e76528fa8ebf9fcbc4ab
BD122C1.BCS,override,213,d7fa88b9ff3685e02b74a95fff594778399abd14c0721e8094b09f83969374c8
BD122C2.BCS,override,213,bb2a54560d01fcc25e62e26f01492f5228ac78ef443514f3970cf6f19e93250f
BD122C3.BCS,override,213,38024d3335bb68291b476fd00d9ff410ac8a9bae3c1b5feff9e694ac2dfb79ff
BD122CC.BCS,override,1033,ec11790be17647d12a3abb50c9e45638fceec6016d49207c7f0e225ff983b90b
BD122CM.BCS,override,1398,d751ed4a825a508d34aca258dd4ebaab2b2d2e3161a4efaad3184b9bf934138b
BD123IAI.BCS,override,1246,b5433d565dd9cc183c2ddb81bb14c28faf5ec193d0cc99019e837441a23d421c
BD123LN1.BCS,override,6,73dcc19e8d2e648f16c01b63312d929761e03cc93c4cee148cfac13f19aaedad
BD123LN2.BCS,override,6,73dcc19e8d2e648f16c01b63312d929761e03cc93c4cee148cfac13f19aaedad
BD2000.ARE,override,67032,7c3fb9b43af617ce68f92b75a801a0187761098c6501a4e0a645096b355db7be
BD2000.BCS,override,120829,f41fa39086c0ad21cd60439f9343456e18c85c1d9ec40730e1dc6ddf6b2cae6b
BD2000EN.BCS,override,13212,b306748d765bce7e0de3923c14fbaf80c7c9e6019ac5ff1539c34347131c7e93
BD2000WE.BCS,override,6093,1864fe9ef2352402e16a80090bcc418d7eeb93e6bee1707e0ed8f32c45973b7f
BD2000YM.BCS,override,3382,ecd27b12997d8b1c984cc4b0cf2643f870bdb770ee0e459de075d670adc74a9e
BD2010.ARE,override,12840,dab1b02088d94eccee9d0c9d4f86d13705d0d6193aac9a984e8f84e909dca860
BD2010.BCS,override,6,73dcc19e8d2e648f16c01b63312d929761e03cc93c4cee148cfac13f19aaedad
BD208LNN.BCS,override,1260,7a9eadabe1c0b2e716adbe8d0ef335ad4f311d5e5a4c24b58f25abf4de96ad85
BD208LNS.BCS,override,1888,a04c52bd91ad173640226e04cc294e938570cdbfe5001d6332cf501345482263
BD2100.ARE,override,19096,b4794719c87dc938c803c0502b42b3b2439a82e78b83786ce2aca339d7e35b82
BD2100.BCS,override,24106,f28f30a705c524e69e9277f112bd233bf5ceaf63675b25716be197dc86964139
BD2100AL.BCS,override,1552,3c2cc6f8c9a1caa517fe7d2a7f4e03b95f6e7b1f009733f586c916236a80d70d
BD2100GL.BCS,override,3231,a5e49bd42a5aaa16cd00f3a575459b4f02062ef291c425ef95d7bfe00dc9dd61
BD221LT.BCS,override,497,5bae28a0712d17dc9d72638af024839b0ba2804e02a6630ce5d3b2795ba9767e
BD221LT2.BCS,override,499,a91bfb0f6309ff445025b153c0ccf634b005635db4d4c0acc2ae747293dd2065
BD3000.ARE,override,68632,8ffc86375d4f99d65cd1f086ed6dcb728a2f2a8f9a7f4014f07055e8c1649e78
BD3000.BCS,override,179091,91e47c6539255d0f2308aaf69ffcf9d14abf02755d4f67df8ab4f06e1e4c47fa
BD302BAS.CRE,override,2740,5d4772adced87ed8716e2f7f60fec48856674a05fef80f7133a3739f6a712f67
BD310TR1.BCS,override,875,3ce13e64806a7befb77729d79678ef3c7bfd1b435ed0cbb0d433db4f079feddf
BD310TR2.BCS,override,875,1dd78438c78e1179ee40d170a2d904b8b65704618f84c37c03d83f6dc856fbfd
BD328OSO.CRE,override,2700,5d210f0659f5a94a80477ee7eaed77792bc8e5d880bd4a98bd9813d9dd487db7
BD4000.ARE,override,54728,197a55c076def0e6056db4dcb29dae8566ba5081cc710b3d57cadb711039e2b1
BD4000.BCS,override,84197,014bfef638c98c110eb3c323090b1b2bfe2438d1f92e6db74fb596f856a41ac6
BD4100.ARE,override,16380,7915769dd270691708aeab3bfd737e5efacd9a123c88e17c9550e7461853744e
BD4100.BCS,override,37966,af395bdc9805398272934fa7b321d9116781024ea03be45155f0e75492948659
BD4300.ARE,override,25300,2ea382db7d58315b356a687d0eef8319d0504cd8a7261a10489786304edf05a6
BD4300.BCS,override,104159,ea63bb25ab00c103a7ff28ebab84c544cb0cdd6f766f14745fef39e302dd153f
BD4300EN.BCS,override,3508,8d70a2b8e59e1f89a0d25949f62ea0297e3c01a3266d60130e6dfa0bce5ef646
BD4300EX.BCS,override,3268,f16ec343454d48062094f55388413c58b8d71c53585200a83ed935ecdbdc0fec
BD4400.ARE,override,19632,56d549dec600b57975bab9234556738fd88cec496a591ca454ed69d126d7b146
BD4400.BCS,override,26820,40e020ce43c2becc6d55fd0146b02b3aaa6c3ee9a5fd91b80999712b6f7e85ed
BD4500.ARE,override,8416,f56c3bd271bd8e8ea90494c30cfd2c4ecaf3b4ef2d2a09499f2060ae24e84ae6
BD4500.BCS,override,20417,f58978f9d37fbc03f093e5e95371daf3ee33b7aad722b08c9c9cfeab339e128e
BD4600.ARE,override,5270,7a46fe93f28963623e34fce950a7a10c97c57a6abbc7a350da5b6d005a7e9f77
BD4600.BCS,override,2921,6906ddebc589b569ece73e6c3cf7e9883c6658d0f571ffd3c0cbe1c63f0096b8
BD4601.ARE,override,1564,c3ce52b033c70cec50c3f63e5d7506d44d3cfe863655d1cf76126a9915736e68
BD4601.BCS,override,22493,999f6ea9868ae74de1c2cf60739e3033564f88e4889614a3ec3d216f4e455525
BD4700.ARE,override,12876,07d73d2e3e3deb180ece388d1baddf692f7c67634bf1cef7df5136932a085959
BD4700.BCS,override,7123,8caaff89de03cd53f69c1f4673c7d4d79f1a22b4d2a98bec8a7ea6967f0c375e
BD5000.ARE,override,46612,5f3cdae5efa336641d91b2e8fcf9113fd9ae87cd27b04d634ef5cdcb35fce042
BD5000.BCS,override,35318,b549e0b3e5408b2cb0a9b25e4d12cb2a4a6c510188f3f852fcef8f550158ae97
BD5100.ARE,override,55920,c6aad738a207cae2015b0b409ab2246fd4f7fdd76dd9948314091b7e078c0c55
BD5100.BCS,override,35115,e34658283efc67544200697e619e6a0852e0ac85eada25aa4874f5a3222ba95e
BD5100AW.BCS,override,2616,e2a3e32cd87aa86c0361bf4b3dea4c65ccbf5f2d947f75777513c6bf803a369e
BD5100BE.BCS,override,1841,5caa53e1ede7b484f2d709b3be2f952467489db3ca30bf01c9752fb4d5156736
BD5100DR.BCS,override,8593,98ef6247845428ad7e195b5eeecdc1dcc723b6770d79e9762bf1eb7c11232ef2
BD5100EN.BCS,override,3202,e13cac444ad1cef41d964990f43fbd0a276e3d98d9ee9bbfef6dc8a16f9baa69
BD5110.ARE,override,11912,8a89f448b507696f2034b9da966dec33b25150afa61d124701755be771f605f5
BD5110.BCS,override,2704,65e90f36293e658023039dc9df6bcc2c92ab0c2b565aab4f6b00dd2c4e6f37da
BD5200.ARE,override,32196,ae46bc015206771af905fe642d498251e0dca3f842005c5aee3608ad2af90b40
BD5200.BCS,override,5962,5bc9812afed8d9b3d9b4f056f0512cf20b379616a3d3185f43cccfebd16b65b4
BD5200EN.BCS,override,1765,2e4c982cb3ce5fea3f32e5aa6f65632d6c3a1c0b1706d45a62d7c354dd9a02e6
BD5300.ARE,override,20636,d818d909d2ee96d6d12057aadea5356d4a197f5ca851909cb1f1887167e63e56
BD5300.BCS,override,26821,72cade01a54e4e52860eb58ba467471910330a356bececb085eee33b88dfd7d3
BD5300KR.BCS,override,633,4a874f798f6e686f7d1711800d115dafa9ef87b1721b9adc2af7ae5452597480
BD6000.ARE,override,14024,5edd55f235ec7e366e78a4103295e6791c8ce154dadbea0adbe2350daedeb759
BD6000.BCS,override,8702,34d40f6a88f795b15ea0b7ae19d779be4eeae698f303592ae3062a325fef9663
BD6100.ARE,override,1076,39cd860d244363dce38477f98c48c0f5ff8e8d0393320a3a3f6442c9c260cec3
BD6100.BCS,override,50871,3bb9e65a4dfdc762ab06fdb84aa889f6e879345426932606df58bd64de98c12a
BD6200.ARE,override,1448,48f0e506eba0bcea63f352fe92406711ae577db76e601cee7c5bded994172dcd
BD6200.BCS,override,29256,be16fbf4cde2b4d572cfa22b5c4a0fcde7e9be912b10d38871b4136d7bc00679
BD7000.ARE,override,18296,b4acbc128e1424b4da2610754fb678ad86113963efe80038285197116fc05929
BD7000.BCS,override,22945,e0e2ac210a6617fc20ed54daa934cb557dd28073416b0c29fd9d6667908d3efb
BD7100.ARE,override,56396,bc5c93f28a48ecc2c9f7c77c08cd388fe62a063acaae690220eb947c62c89b37
BD7100.BCS,override,63534,1a42e18c6048fffc59c110bca6a8cf8b5150d5b5908ec96492538cae1f04e9b5
BD7110.ARE,override,10624,ae222596b8f2b979058818d9e5f0343428afbe7a3ae795c42e95bf5c36b26ee7
BD7110.BCS,override,6,73dcc19e8d2e648f16c01b63312d929761e03cc93c4cee148cfac13f19aaedad
BD7200.ARE,override,20744,b2dba4d0e31f38b0faa6fe710f2bfecbbedf297fc0b49e66d83b1838c4745bb6
BD7200.BCS,override,6292,fd254f0fc0d8dc8d8611352cac381d9af70a9abe4e215a0580d2e5babf924281
BD7210.ARE,override,3860,7cf6bb95b4bf1e86c41b8e06329a83782e28451e0c0510e2cb86b7081a16dbd0
BD7210.BCS,override,8906,3b67834c033cddfb92d0f72fae7728ebb4935f0f057a767b39e4df0aab8cdb11
BD7220.ARE,override,17104,071c8a02014cdb49701f94616dd4cfb31c8fd8c70347d490bf88f33317aeaa39
BD7220.BCS,override,2993,706d59351d12a5a00812ea8d13e1168441bb918853497a3e83fa0dea7be0734d
BD7230.ARE,override,49484,89a513ce5818b5f348b7284a79cfb37a241dff7b455ea9948fb4ada2471ea626
BD7230.BCS,override,10105,24cc9fa6011e243a465303ee13261b53e907808ec9d0493a56fbf7746bc41d04
BD7230AM.BCS,override,7380,610c571d8adf6993f73da29595153f43177d2fc4046c2424530b3f7f320d7c5a
BD7230IN.BCS,override,686,bd298c759257b40dc7f4e4d654a533c7ece0b840fb88efc10190c64363a95bee
BD7300.ARE,override,60852,dfd8dc90a9202223250537c60118a7fc5b0ecd36a530a5ddf978fb38599b9e85
BD7300.BCS,override,16442,fe2b365f641103501cc2fae4eaed330b16600c15305a425447752e335679760c
BD7310.ARE,override,5076,155d89f0dde198681ad7ac20f6c58a932bd8290c0fa4c74acafae1ba3528720f
BD7310.BCS,override,6,73dcc19e8d2e648f16c01b63312d929761e03cc93c4cee148cfac13f19aaedad
BD7400.ARE,override,22680,7915ca81a815700f2f5b599c526ffb927c273e498ade1e4798bd45a9c6346447
BD7400.BCS,override,8275,cca86734736f48a695fb93bd3e079f4fdb2130c414eafb3ab958f2f52dce64ba
BD7410.ARE,override,10004,38c8e075cb17146dd94fcc3c5bf3155f9d7a26fdadf8fda34f5ad80cb86919f5
BD7410.BCS,override,6,73dcc19e8d2e648f16c01b63312d929761e03cc93c4cee148cfac13f19aaedad
BDABIBLA.CRE,override,3004,8a3d3b66daa8ca49f61e099d0ef32651dd32740f7c595ace7593c271f70fddb8
BDABIGRE.CRE,override,3004,ee802f4c63c3ab5144a4eee01e9c836f5fc440e2ead383ca0b3d636307fe571a
BDABIRED.CRE,override,3004,4f028b0966dbc5be7c7b07a4752a088fc7abf7b1bc6041b7e6be30f9262b81bf
BDABIS1D.CRE,override,3516,0199cdc48e0af7d7f2256ecc14a10b81f2183a259fa97ba74892f1418a52f441
BDABIS2D.CRE,override,3516,44b666e0ae0f99ca06475af6b7d702e0681cdcdccbd34968b0ab4d03e712b3e9
BDABIS3D.CRE,override,3516,e0296f36f1126604090f2a106cb6faf9ee857a92fc5ffd397db4204a007afb0d
BDABISHA.BCS,override,49546,cd6bded6bb1e618d1d9753389c10d6036dd6c6619702bdd630edca4396ee02c9
BDADOY.CRE,override,3728,4c581441b73be2133d432d5c363975704a4af8bbde66222bd2e2cf17b6e1872d
BDADS1.BCS,override,7726,7bb93688ac9eabd152ec8347106dc81137ef1a1acdb69724d5e6ea64a2258a50
BDADS2.BCS,override,1179,470ab1af25d31b18bd25830fa19045dd8cf30ccd5f1bc76cdabf455a48aae2b7
BDADS3.BCS,override,3259,7877c5eaecb43fa1785562b790143cb6cdcb9b229b526f112f19df9cc29108d7
BDADS4.BCS,override,3259,7c739d0031f404fbe6efa28b12e9b92995075a2b63fe00ca68b8fd76b1854ca3
BDAERIEC.BCS,KEY/BIFF,263268,c013ce0ab915d36ed06f6f79a279c40c8b9d7904e25673ccb92b5373518cd291
BDAHDREK.BCS,override,1017,5de347f088f673f85ddaedaba0282f78e061d87d9fadc0ecba763e41ecad7671
BDAHDREK.CRE,override,3796,4e79271aaa429db110b14c989ca57ff61990872ad0663d1148f4f82393a03405
BDAI0010.BCS,override,768,15825978d430e041ecc6adcee79c89d0d8b93c2d10d7680a1324b54b9cc6c54b
BDAI0020.BCS,override,771,3e9fd2a7f97501122b5af5cedecc2452de1c5ec69a659eb95d056140851c6384
BDAI0050.BCS,override,1063,20f50e471fe237cec007bdf9effea41e63b684d43338cf36b0e5e7eab1a678e3
BDAILEEN.BCS,override,1309,4aea03c6637536c35f475766705bcd4240aec489524a6240d2999715041bb677
BDAILEEN.CRE,override,2660,8e5831d8d669d5cf3d63c9d196367825ac16e3c1e50fbacf216e0a8e85920ff5
BDAJANTC.BCS,override,24696,d215c5aa1283a18299baf34d2a9c478b03093f92c55054833745efe10e9a9218
BDAKANNA.BCS,override,1055,adb8de42664fd8508b8a279e95c907c9b6362c6eb8ad4807cda54f86e99f1217
BDAKANNA.CRE,override,4748,27810b13194369464b3182e0a293ee3cafcfed88f88fa78cb00868ff82490e93
BDALACHI.BCS,override,672,76eaa75338dd58eab863bbe00326e50e38e81846a8f53e86345a21a2176dcada
BDALALAI.BCS,override,1356,3449281b327ce04073e97b6564463b62949dfec90bef3817557fc8c7ffd9f713
BDALALAI.CRE,override,2740,855fc39a808b561243bdae3476c033fefe75074aa617003dd4372a97ca669e94
BDALMUR.CRE,override,3612,d624ee3194310a321d13f61c8b5b2da8b95039d429d51eda004492d9e175c7f2
BDALORAC.BCS,override,12950,ccf54de954f138f4c69387099414add0477e40826066dbd0782b2ee32c8c5d1e
BDALYTH.BCS,override,8845,825381b6a1e8beaf61b87414ecaaea11c5dbd6aa88f7bf2708df4f3eedc39810
BDALYTH.CRE,override,3876,8beded4521cfce627aac13d131f0cdc933916f1f3cfd7f4bd9d6c0177d81315f
BDAMMON.BCS,override,65148,67ec32efb649eb739ed40e63ae61319d3e6e068dd168fe53509f1a459e123798
BDAMMON.CRE,override,4072,fc7c524564bb936c9a0fdd7e1a549500501d063964e5cf9a54aea18632114e4f
BDANDRUS.BCS,override,3044,6195e3f0a19a5fed2f37070333d528df7fd84d1062253f7e6a4910e5dfad6024
BDANDRUS.CRE,override,4464,8b5eb2cb42997d4753bd7944145b8a1c61810ab47aeea6de7d2594e88aa8c90d
BDANGATH.BCS,override,1826,4d2aba52f1e356ea606afc325c6511ec07b34ae953fb2c6bf7f9b313fd22daa6
BDANGATH.CRE,override,5828,0af297957a618bbc4def90e56e04d3257bf4ab46d60b5210b9463c773098cb3c
BDANIMAL.BCS,override,456,0351f5b04607fb1367286a83d596ec80df97dcde420e981a142af73f078e343a
BDANIMN.BCS,override,2150,ba1daf7a9eb9d107d6b55d02604aa300e615f0c9b4b246e29b1652bfb7ea3689
BDANJI.CRE,override,3652,f72fe313468d6287c7b840ab83d1fb6f07de7648a8978f582b0c0066897b2b3b
BDANKH01.BCS,override,3194,cf0820d218e7b2a23fd4b324141d6c626b9db4f8c5b3dbe9cb87154d3cde1c59
BDANKH01.CRE,override,3004,093470ba2e8316e19d386175d78ccb1ff593328a676ecf511c546f7ccfe888a2
BDANOMEC.BCS,KEY/BIFF,185552,850781168a5e7fbbc18aa3d577d5f79172b1545fffc6c7ec876413bde802bb8a
BDARAYA.CRE,override,2680,4cbd56e6b075c8a09539893512de608c67ccfc4015c8653d22ffe2c884a5df58
BDARBING.BCS,override,7690,19300e9f92862e815c495fea4b19b4b1eb95c24e3a930e5dbf35186c5fc04922
BDARBING.CRE,override,3884,bf39806ccc8983807ecabdf408f359d72c6d2505b5cedf78e258a0d054f57f3f
BDARCH00.BCS,override,55920,f39824469f9576982a4b278776a2d087c3d6c4db65d2639fb769697d9a14b04e
BDARCHNI.BCS,override,7291,57695a1a5b96d0f89ab15fbcd715b7bf0ce29c0575743fed87ba16d64ba1dc05
BDASAV01.BCS,override,414,2c6f584a89db99e62437be72ef8fabe3c0a4ee1dde9d6ff4c9765164b667b981
BDASC.BCS,override,9348,604c5370bd67faed107e084ccddedf2866c06ce272556ad81a0ed3a29a105a63
BDASC2.BCS,override,10944,7afd8f81d7314f7ba0b7db1bc88048cd992eb90ba1d32f4d02ac164ffe61998d
BDASC3.BCS,override,13258,86faf5e9b8147fe3c456508dd74913568ee30caabcdf45b6d2ceccaa6394dd92
BDASERY.CRE,override,3592,f44503047412e10d5a80a924a1729df581620d30f40daa617f899c6a730ac26b
BDASHA01.CRE,override,3852,97a4536f2fb25c0fbe488bff80cabfdfabd628b4517ea86c351132c3d80f6925
BDASHA02.CRE,override,4376,554f326373a08048b01ec9d75b833e521534c7e542445495cae69d44f0294cbf
BDASHA03.CRE,override,9184,777147900b3fecb48e6ec9c838a9da6351a7d62d07953b578f32ff82813ef001
BDASHA04.CRE,override,3920,b4270d8c6bf46bf9831a89eff8cb527b41d96a40da496510829a924ba82edcad
BDASHA05.CRE,override,4056,878b30671e6641cf4b7e8270113cd7e285bbced55ede337d30f6a914498a1c35
BDASHA06.CRE,override,4196,156dbb2e61d35cfddb39e35378bfabc88b56145dc7bb32089074dcad760d2e31
BDASHATI.BCS,override,12594,22c25f50a559b8d3765727208d7c0fea9261b086e0e42654f6718d602d37e4d9
BDASHATI.CRE,override,4688,88136f60438d7c3985b5a828ad0a0b089c66bb124a8df6e5e310017f1046eff2
BDASHIRU.BCS,override,22557,4a25a3bafee263ca9665e566dc9f3c8069325ec294e7568d048517aee2cfff1d
BDASHIRU.CRE,override,6192,99c4aad084704b02f4503f06dcddcc413d9a6b83ecddef6d2593eba79bbc3009
BDASSN01.BCS,override,4638,7a9bb8dab147bbed8dbd527d9128f1af85aaf44eeff54e9ea2fafb092b79cc77
BDAUDAM.CRE,override,3512,c8d6fc6f6ff6e7bc723c8dd2790f54e415d365fba687d87a4d44a795191f94a7
BDAUN.BCS,override,2067,a14d837021a1cfebd39afba889151bfd9b392cf9fd1029a9608250d56b935302
BDAUN.CRE,override,3796,68ea778023301c3a76f56d29d673c9cd77352911a799b6e6c64b4dec300b25f4
BDAUN2.CRE,override,3836,1473606ff22408fd46641df554a74edfdc0486804dfe3592510cb2f9c5806e3b
BDAUTINN.BCS,override,4236,f648015e849037f0701d84808e25f5226b5f6b115c275622fb52a97759066658
BDAUTINN.CRE,override,2680,0068fd5da37b21455c6f110fcce101b27edb7a95bff3193b82a453c4136c41ad
BDAUZIEL.CRE,override,4160,5eaaa5681fb411075d6b5b86522e6aca9b4187de3246cf42005d1d64c0843511
BDAVERNU.BCS,override,3403,43ed7a11157b2d691dd56a46b8a59d05810090d4644ecf14d12c1064c286584a
BDBAELOC.BCS,override,178415,de90c351bb2f1f4b78e084b7c9ecdcb47616d46efec29aa5a124ba8387bd508e
BDBAELOT.BCS,override,55877,d0f56f548af47602c32014a752993e9cf3fc68a84baa0e3c493004c57315ba9a
BDBALDUR.BCS,override,154330,fd6ed2269fe89ec249e1fb59a54e98cc84e9c634e9deb02a5f7a80261a900ae0
BDBAN001.BCS,override,2671,8577b0d7a3bb0faea61c4a56c41ba30767191174de69c8f8d06f40764b5ec247
BDBAN002.BCS,override,3514,5f6f265bd041a1685703b38f374ff564abe134e40fb145c0eb9d90aaff06d36b
BDBAN003.BCS,override,4757,ce426dccfa628021f4712c89022bd445128a4e63efbf9763705ef784dfffad19
BDBAN004.BCS,override,3922,745950b1a6075056c556772faf0dde47909608e3acc20b0aafb06cdea2cee7cc
BDBAN005.BCS,override,3093,ea5726460940e2f4c3508cb632869b9201d8d64a83557f7242342cd5239029af
BDBAN006.BCS,override,5787,b03aac9545732b42c7099b71084808a1ac53c5eeae3ad0fe93fd5fd766c7335d
BDBAN007.BCS,override,1845,e53eac713d756967ff6072a7c899a35453b775716d78cbdc3901208dd9c5ba3d
BDBAN008.BCS,override,3510,52b1b09da14ca592e4d4b60651089164041ff216f6cbb6ababbfd05e7b871c08
BDBAN009.BCS,override,4333,db7d936e695034590f91692702cd1b61a7dde0837a7b3c4388f68dc2c1ef42fa
BDBAN010.BCS,override,2248,c03eea1abcdb0ef91cc33904055bb1e6488fa771545d13266dd3a1fb450fbd6b
BDBAN011.BCS,override,3092,39ac14583b20d6140739c53b5a7967471d5e476a2a654e4b418524562ca35dc4
BDBAN012.BCS,override,3501,9b66d927c1101341e733f4ff250e922ee24f40996a2a6cc7dd282a63910d1122
BDBAN013.BCS,override,3088,4212b885ee6250832c63a4bd332c4d7773b7e5e508c41b564e179cc295ce8407
BDBAN014.BCS,override,4172,383b5433cf4c7a3ce79bd36e1289a730fe78f75016d9b099e157a5dce55283ee
BDBAN015.BCS,override,2679,3b19dd6c3f9c21a11820850f8a0d051bd8ecc5baf173699acb02f5eb1322b2c2
BDBAN016.BCS,override,3602,0135e5bb4c7ad6d4a04bd524cbad88525862455082b160542f286b42a82c4c19
BDBAN017.BCS,override,4336,4cc0c1053038abb578ddc7836844a18a511b1414a00a22775cb36a0178308f0a
BDBAN018.BCS,override,3611,bcb93d36be428736c2b248f9c4b5326e256e666707703b5e41243931bb2a1dc7
BDBAN019.BCS,override,2669,da83511905dd20416c56ec7c6b18206d6115a74d8bc46c1e849f3439390c57dc
BDBAN020.BCS,override,1841,22c5ff39963453fa0a3fb5570279d431e4e9b01a73401942dc2df7997246d637
BDBAN021.BCS,override,3088,20c938c7a78f97e01d518df101f8ba8ca9348ccf6bcfa10e25c9c61a1acf479d
BDBAN022.BCS,override,3085,c5dcf1bb448eaecc2141fa1c2a371ffab51c1c2881ce96cf653a370811aa062a
BDBAN023.BCS,override,3089,e56c797e511433b8d58ff137e04321f2cf4bd484204416e94171e301fc31d554
BDBAN024.BCS,override,3265,19271e0e44aa2b193041557b73af499719ac3f563479e00e2c4b384159a28b68
BDBAN025.BCS,override,2670,9b21b45397bd61e913a95cc44a8329762a67ceb85052170f2182760d2509b6ce
BDBAN026.BCS,override,1841,40c86bbf5538e6eaf1db649bc8da0bfe32a56ff8c30b9d327a6f4f38511a2e63
BDBAN027.BCS,override,3092,f7e445b512c59af5097bd0d401dece70ba10a813659607055f68e3f689ccd275
BDBAN028.BCS,override,2264,34ad3c295bc304a938fcea3ab03ee6545ab243e9f8f66ea9084c4d399681da9d
BDBAN029.BCS,override,3097,96c61a826f50faf295c181602c1c0a16ed0cf99d658e64c281c0f227ba1c6fd9
BDBAN030.BCS,override,3100,1125ab2be1e809773846d0b9e53df291fa23c2cb4fc6046392410024d24417b3
BDBAN032.BCS,override,3101,7977a43f3e9ef673dbc0173185bd4c1637eee74e055289e9fed5c22039832880
BDBAN033.BCS,override,4766,5cc39c7da6a32dd814e4b96dc5465d42de4a7e1704f6cdd981a46a759e7df4da
BDBAN034.BCS,override,3510,6227bcd4cb6f668ec8f09e4fbc80f522adc1c18ab90ee38c1dca7a62afb6a1e8
BDBAN036.BCS,override,2682,0654d82514111f0dcf025a67260914682a8a361ccf5756534ec318bbe1457884
BDBAN037.BCS,override,7797,75fc7fbfebf21345c882bbfe5dcadcae57f09f564af86bfecc986b1a58c10d6f
BDBAN038.BCS,override,3610,0b733864b21133be9e86f5021a9accc7b44f40de99f581d9326dd6e44be8fa5f
BDBAN039.BCS,override,6104,f727f4ddd721fd10fd5069adfad9b0d26e6d308a60cd04924b23888cbe2aea0f
BDBAN040.BCS,override,2684,714a76ca0ebb5992bdef2ef5d4f172e98c28609cc13940ddd000e2b3ff817062
BDBAN041.BCS,override,2674,8da9bf629f91d83dd4c6aceee2809f0ac4832570877a30e395154f5ea68c7247
BDBAN042.BCS,override,1427,a00b2da56aa2033f73ce0734ba1d6160f5c96182bbba3ece0e2ca54a3528fcac
BDBAN043.BCS,override,2672,0594e6ccd1eac4473a70a37095d0fb8ca187f3290e1fee80908f741c57d562dd
BDBAN044.BCS,override,3610,75609dce69b10c719c294dfe2afe0a0e41f38c382fc88c87b3b8243841b22086
BDBAN045.BCS,override,4443,890c4fec12a448dddb442078c5ebee842d96a390663ca4430b222d1f867033ab
BDBAN046.BCS,override,3917,5e3b75616bb55b4ac7cf8f78cb675ec198d542c32eb5b4a8765aeebd9f60f7d5
BDBAN047.BCS,override,4857,62609ee60d47f2213bd469769058c21d60244117a3205fd95786217189f3d1e1
BDBAN048.BCS,override,3508,87d034d40344007ff31c24a4924b9e29e698937dfb12a0ade7c0c19d7898fa02
BDBAN049.BCS,override,2255,d6bc7e48bc7e293016bddc439652544aea0d69a1abe3c1b29da45b457681f675
BDBAN050.BCS,override,4433,83a81771e4b456ca97d32cdacdd8ae865277aac66c354794067f9d24be81e54b
BDBAN051.BCS,override,3512,a547d1321666e40d055c64e51b657ec05d35033475b042c68d8d0fcf3b2d9d43
BDBAN052.BCS,override,2261,0dcddd4ce03c547abe3984da62e707cf9baa97e5eb759ffc9d08ec6d4bd5b96d
BDBAN053.BCS,override,3504,92f8b41af592882a25820fd737ab48adcc86e7e580e9d1856d0451712e605dc9
BDBAN054.BCS,override,4861,36e2bfa6138728fbbc81c5a404bf2d184e93fc2fe28b0e62085a10344d2f3d7e
BDBAN055.BCS,override,2258,09b5281dfea112b8a4e35eb7142b1369d7f756d4ba9ac2f1d3ee3b382a074210
BDBAN056.BCS,override,5786,cad24b558f16f653e54fcfdc646bc0dc2111f963a996c1e372e8498139271062
BDBAN057.BCS,override,1846,5e9e52009dba26ebb64ae60fa4c1a5e11d9434c3bc116f5c679ce72cf9bcfe2b
BDBAN058.BCS,override,2674,bec6bcd1d23d6ff278da9bc35a09ead464fedbc4a5130e83ae3bd62a4ee16f46
BDBAN059.BCS,override,4438,a42d56fe65070b4ee6f6f064ffe8147773544f0fc9874cf7dd86a06dce2b886f
BDBAN060.BCS,override,3503,557a04772ebf3ea70eae4dd113170d1b246e683f4cbd014c82d3604636ae963c
BDBAN061.BCS,override,3093,117a24b69dbef047c9607b2b91cee70a1f937b7c11fabf9a448751c15555f315
BDBAN062.BCS,override,2677,af8efae4257b58e40bc005e84f2fb411fc6c39e4633a37c06d0b680da0144415
BDBAN063.BCS,override,1428,97030628176bd944eb53b8675a227bf6e859ebdf447dcf277c4d10fb869dacb2
BDBAN064.BCS,override,4027,2f43cfe179100479d2229655a11bf1513a384645eb0143a6a5a01fdf29530782
BDBAN065.BCS,override,2677,5afeda09f5e1048d8e5bc81770bbb4172791f581be04a35da978fdaf28b0daf5
BDBAN066.BCS,override,3096,9172781736a3abff5bb475f3eb0362805e051b203cb202cdcbfeb06c2e903b5c
BDBAN067.BCS,override,2676,3ff7b577ae5b70610c438b3997673c44e163711d2a3a3dff1edb153658217029
BDBAN068.BCS,override,3506,2c59b5c4715516f5a05de9ce38b954897b77d71da1e8731636d51b4833e99fe0
BDBAN069.BCS,override,3922,ec6f63f5889e271854ef2b145d89b8cbd5eef959709e6967c6d5a0f4365a85ff
BDBAN070.BCS,override,1846,be5d0bd774df763e9ca601f37b7b66e51f40fc8fab32e0e0915b17c61a7e9530
BDBAN071.BCS,override,2674,c425a6e279fc681135ae6c75a7051de6b2effac2f7cc7d7c7940a61f6550bf6d
BDBAN072.BCS,override,3089,dacec522bbd98476d73f874846c6dbc0b817ede6e3249521970f61d67df22d47
BDBAN074.BCS,override,3090,3b8991c561750751c44889ee4845ec08a113d6308659eac7c2dda75cd9db1ed3
BDBAN076.BCS,override,3499,299e4cad7867206d33f2cfa3328a6bc2fe9f6107195c414316b91e52c0915642
BDBAN077.BCS,override,3503,f3c4286e34358e216ddea6a4aeb9e57525a7c4a574aee76f4545226d1a0984a8
BDBAN078.BCS,override,1842,bc7f3c099b459c15040abf8e6030f1f8b113b3f3e981948a74f09f6cd10b9b09
BDBAN079.BCS,override,5596,ac1c1f93b91ceb68b761ba816e7439335ea2e45528dd074bdabd0a8b8e50ba7c
BDBAN081.BCS,override,1428,3760e5c0803c797371c237ae9363439dbb33e80ddfc85e8a8ca60c400a2c2a46
BDBAN082.BCS,override,5796,a42ebdc9f109a7272afdd461efe12ea688411c5d106ab4f6f697f304bb9d9653
BDBAN083.BCS,override,3088,d2ea2ac09c799433e44ae1dd9dfec3e60132a34d807313f6a30e95e3cace6ebb
BDBAN084.BCS,override,3609,df14435ded2f35ad455899eb113fc298ee6581d5a3c7ed567906adc6421630bf
BDBAN085.BCS,override,4444,1cbeb95ce45f7798b4caf6d811409d7e0330043f42ae430c138fe3eb85bf7b7b
BDBAN086.BCS,override,3087,3f93167302470bec9bebbef9d8a9b93780a3be26a1e3ec08321e14c9ed4f882d
BDBAN087.BCS,override,1843,3dfab930c4b3564413fd7b0370da3d242daa589a2fbc32f8e06d62477c62f3cf
BDBAN088.BCS,override,2674,ff149358d73c1023311a9791109415aea490ff5992e8ca5af2c068c3738bcf3a
BDBAN089.BCS,override,3085,4d9c9b54d5b4ad13cbd89a8edb1257dba2742046d3b3abde58c7289bb5258ba4
BDBAN090.BCS,override,3504,b54c8c3c062c8b3cddcecfba8e086d8a31b804bb05f25fd1fcb1e029b47fc6c3
BDBAN092.BCS,override,5371,a6fe20ae2d1fe72f0e4074893ff0cfc898cf7bf1fafac74f0947c0d65ecbde32
BDBAN093.BCS,override,3918,0b8d475ef555d90263208dbbd84f27a22eed03686de0364a3d3d988c7a56f37f
BDBAN094.BCS,override,3911,c0d34ab362b9e1b301adb0291862d535840df2bdb98c99c826eff8303bf6de87
BDBAN095.BCS,override,6259,e23034b07dae539c357c20b11d12d19952dbe42ed023df87e187da1b5f1b3e56
BDBAN096.BCS,override,4856,022f46325ae73f5683b61ccaf427358c10abb6920e7730903e4dc367d8a9a792
BDBAN098.BCS,override,2670,ccc65d77e71e4aae640d9c662ff0d2428435e462306fbd58eab724f4d488f133
BDBAN099.BCS,override,1426,2f7976e089387314576c91b551ec8ddce3ba8a43226ff1ecc0f2ab29c02b6943
BDBAN100.BCS,override,2679,808d8477564870daebb5a28bd58e868e00e4dc20c7522b77ea8aab0dd10cc58e
BDBAN101.BCS,override,5270,8ab3bf31cbee13fce506706e84349a6170aa5a8d331bb36bd82bfceeefc62e3d
BDBAN102.BCS,override,3503,fc0f7ca917a5479fb76e2adb4c503ff85abec94b3f4bcce7566fbdf4b21e22d0
BDBAN103.BCS,override,5380,613fceb8d3949e28b40e9d613e0643ace8de644a825876a6dfd5288ab5decd5c
BDBAN104.BCS,override,3910,8924edbd5d8e68c457e2ede00c9ecb15fa90fa12fe7acb8ece30e7adcbfd0892
BDBAN105.BCS,override,4340,eed9580e3ccbd8a0c4de898d6767e765def165a91852370d56aaf6d195d0d26d
BDBAN106.BCS,override,3509,9db64d8d2c3c0b67d5567435f4181634d77defb07bbef4e8d2daa2a413672a89
BDBANDAM.CRE,override,3592,f5458165fda582eb1a98ffe265e482fbb015e6fac1f5f73447b500340492638f
BDBANDIT.CRE,override,3288,cf352dad306da4620486cf4142bef235acbdf430e3691d6dda0aa946177fdc6b
BDBANNO.CRE,override,2680,a3bcfa953dcb9e4017ec0b39bf6f2ef0dff9f389e8875cf3c005d1df4bc5d75c
BDBANSH.BCS,override,419,af262867c88f17634ed328b1455056ea369bfbbd1bd35033f4bb2ca1fe2bb48f
BDBARD01.BCS,override,153732,4e2d04319f8bf917e94e4aeeb6874080547e5075282924cc372601bc75a590a3
BDBARD20.BCS,override,34394,1fc90ef45bb74b942523ad2cb8dc49f992722bb698c91c7aacef7f26ae3b95fe
BDBARDYL.CRE,override,3880,469698e9e16f76234061a5c9ae71047e5bb55728cb1f7c8041649d161d7e3f7d
BDBARGH2.CRE,override,3656,c7cab10057a69291186d6e764b3fc6f261876b7e714281d8f756376b1058a931
BDBARGHE.BCS,override,6311,3c559c223e8bdd83a8be1ab2e16b82e04491238c70343091b2eb7d84b6738acf
BDBARGHE.CRE,override,3676,11e1ca994023ffab094c9b061b32a5cb7569a15a6260a0ba9a8f17dbb335ea7d
BDBARK01.BCS,override,2873,9980825b7e84e6aa3d668a0382240f5223e199b943a392abd282119da75781e0
BDBARRAC.BCS,override,1885,16a2e2b127809837c6a121037d69850d51a706a546992f2c1f6a19bde70be4e6
BDBARRE1.CRE,override,3228,024c8c20aa852bc810894a2350c2c61416644a2316c99a1ca5cf3eb0c8f5acd6
BDBARRE2.CRE,override,3228,f54893c655daaf0185ee079590388f1560cd12fc3d191dd0d537b6edcd7d2ab8
BDBARRE3.CRE,override,3228,9b4dbfc8b4ffd8fda15ed03b028388bde5250794a3a04e05648616ed58d43371
BDBARRE4.CRE,override,3228,91d8f332a8c5ba6db3fb746b713a425f7f4a3a06eefbe7ec5ef855309d2d8803
BDBARRE5.CRE,override,3228,e2519833bed55bd3e7793b3a5845f347a3f8c2175d2f44dbc2f1aab644704d8c
BDBART01.BCS,override,4100,a89d3595363601c0ef898957bfd1c5c5dc84d68b5fbd37353ab1af82f0e29d2b
BDBART0_.CRE,override,2660,82badbc855c219668b689bd6be61472c140301e24912aabb6eea3fdf414f744b
BDBARTLE.BCS,override,4280,59a8be3f88f7cee8839eacb57ddce5a102469c691d42a4859298a751ec58b7fa
BDBARTLE.CRE,override,3552,adfca467666d2e2dbb9f8ae49cb3593f2229ae1431924726d150a6a989e4ae6d
BDBATNC.CRE,override,2660,e174eda1e8e9b73e798aa6ba00de05681cca9e3f92c0d302ceda74e2592a80fe
BDBATOUT.BCS,override,341,90a032f861031dcbd83ba20282a9438ce1c7ecae9c8f7255b9ac3040b42e80dd
BDBATOUT.CRE,override,2660,de571688fc3c84cc03e342a901e5020ace86f68c9a6d7df9ce4b1610825cb9f1
BDBATTUK.BCS,override,4559,ad6ef20abe4ebc186b54721fab4cd48dfdea8e915e4dda78e6cf72c121b53c72
BDBATTUK.CRE,override,3572,97cd121dca258851168c1c7c3a7674336a3c50038fc65dfe601ced68692db04f
BDBBCLD.BCS,override,948,26dbccd53e8895f26103c17733e11f4f4c0175681a3ce9b7ccfea0ee802bf54e
BDBCOAL.BCS,override,2616,29bc96947543d9763d11b924d78a593d8425e4d19fa0c44ac9a1db060f879cc7
BDBCRW.BCS,override,12045,691e601e2d2f90500c875bd2fb6dceb003466661af84393d1941c751ecdc9e31
BDBDOG.BCS,override,6208,080760b5fd77ce01d83a7e374af9e07060fac8e3952a0174a6ecde2a68e5c067
BDBDOG.CRE,override,2944,f7e044f4743995fbd793634428310f9ca4d981989ee65bb00d79f06f45213dc3
BDBDOGCA.BCS,override,1782,eeb7c53be08d9c063b81c5ba36d3823544be34e0a845c67059ef4b2d5da70267
BDBEARBL.CRE,override,2944,dec8f02578468eb7a5183d6bb2549ca27a9000f8c2fec8bfebaeab067fc37b4f
BDBEARBN.CRE,override,2968,a4a12e2d7bb97396f6181cfa7d2e6639a406061d38f9243be9364cce49329ffa
BDBEARBR.CRE,override,2704,76834fb90d2e1a8f02bfa9eb08510d07c43384ceb84901b96353f9918904f0d5
BDBEETBH.CRE,override,5848,c7498a9b31e58f1f9b639d55fdbe51959d3943e1010331d79ef4321054953a97
BDBEETBM.BCS,override,3420,b8014c4f6ab2b14ab2a17f972b17a32f737b066965e7603901b9e15825aa3fae
BDBEETBM.CRE,override,5884,2031791f25a819887ddb262acbafe4871f5b33a237aab80173aa8843d41e4e5a
BDBEETBR.BCS,override,2427,88d88f1ef2a31e999090787ceedef8e37096afc1e948d115420552168cb0a68e
BDBEETBR.CRE,override,5848,1a8756a60a6e3d7f90437d542057cd473b27906d058dea81c84b78944cc5a0c9
BDBEETFI.BCS,override,2208,9bb2a3066b3e24b85f424d26bddc4022f9ded7dc980bc4aff10825f37baaaa10
BDBEETFM.CRE,override,2680,3933c944a34de6faa3c1b09691756a69ba1068c4b898a07be2f41afea83546b5
BDBEETMH.CRE,override,5884,39f60b4b5fc654183b34976a2ae921bcbf47a964e5c881961baef4c1c9075c4a
BDBEETRH.BCS,override,5473,f903926a98072ca335bd2cdf4928b6222aeebbcabf86a489ad51e2ac233c1e80
BDBEETRH.CRE,override,5868,d211589e7a4faaf511084d5d43fdfe9ad20fb5bb72dba2547c2d091cdd76fe2e
BDBELBEN.BCS,override,2958,df720392361c70139aa9f479b590091a5cfcc145c44f67962b6188d1e7edb8e2
BDBELBEN.CRE,override,3656,61512fb58d258b44cefb13db27a3a37909b54a0c5d825f476ef7a84a012976c7
BDBELEGA.BCS,override,1859,cfdee7788c6d6783f0e1b6089622268e81ffeb701503abc88ddba745d16054a0
BDBELEGA.CRE,override,4488,dbcfc3d9f3e511ec358d0fa1f0504e3a4478f6f1068bb37ecf7ae69e43a0c79f
BDBELHIF.BCS,override,93087,92bb11aad2f709ffbe3120592bd02f79fac05b1025a949bb2dc08a873c02df3a
BDBELHIF.CRE,override,4852,c8a019d8de6573e37393c0d9f3edc8884a27c6340912a41eba8a237bb3891bc1
BDBELLAD.BCS,override,1881,d973f8ba7e2ac1ce963c5557243426d7331949ee15da182162a992eeed816dbe
BDBELLOW.BCS,override,1084,7c7b04e5c408e33cbbf198124b412255d18c3d43ad123aad3d3ca25686e7df1e
BDBELLOW.CRE,override,3816,b63864e3581135496b6262b64e51d2bb8d5f36fa647c8970ce8ff9be5279cbf1
BDBELT.CRE,override,3876,c88f6684e8c653f0a5c391afd8a076afd095f4ce2b4405a6f3b42864fd525df6
BDBENCE.BCS,override,8365,05bf19a43fe7ec4355d5000fc890b31f1fdd507ebddfc16b638180359a855dd7
BDBENCE.CRE,override,3672,08b123131d583b920798a69560409603885b586d3c8ced8213c0a7d099875d09
BDBERAHL.BCS,override,1941,3254db83fd63a4fa41e76529cdb79f87a303d4a25191a39cbe22104f95b20136
BDBERAHL.CRE,override,3208,7888e698ab1dd234ce65955a278ef3bed1025995561bb8f5f581d291c36d8b8e
BDBERTA.BCS,override,7095,e498fa694d587fd436f525926172a819260ebc9d0c36323ff5f62c007754a34f
BDBERTA.CRE,override,2660,abe149569d2a753cde684185b824ad524cdd7d40455bff76bf7412dc8710a759
BDBERTOR.BCS,override,2614,7436369cbc797d1586a04daa1f31304aec0f83fb7c3dfd62210deba66f912bf5
BDBERTOR.CRE,override,3780,4acb3e1dbf205702a7485f2842e1459e1a5972b9f55dec2963a06e7f6f029564
BDBF1.BCS,override,1356,0d363807278150199df060a81c399ee2bcf4c3014b64646245264e193453db6b
BDBF1.CRE,override,3876,63dc48ae5bddda09740f3fc17b78093e30b1caeebe0c948b0ecb9763fb85f073
BDBF2.CRE,override,3956,63cc503deda7b728829b5817e264759b087a270491d8a5cbae24a54995f24b73
BDBF3.CRE,override,3268,129d3435002396071f75c782fab1b94f0a9df6ca0c300c2241e05c2156c6418c
BDBF4.CRE,override,3004,0231bc430ed067007366bcb1936c5d0ff5c5d07bcabf8b47368b7986f77da9fe
BDBF5.CRE,override,3104,7044e6b7e50b42afe03b9c62953e3cffa4ad108dc8126b5b11efca8e6b22fc12
BDBFIND1.CRE,override,3612,23d9b1f4f45962f1f000ba88c20f52b6623a1f6c7b862f3811e983cc51d20816
BDBFIND2.CRE,override,3612,7c930e5fafca9b1a0843e449cb7ccd2e93fb1c80613fe6d1791c91051f626f56
BDBFOR10.CRE,override,3612,b641aabe60d30c637e72d3a704b2449461da4b4c856d7dfb40319b883aaf4cf0
BDBFOR11.CRE,override,3612,d295589a11d1a3e4e4a22151049bc988d0c2fa8110d3a621bef5c02c6e92840e
BDBFOR12.CRE,override,3860,318afda02c279f03863c4127f5ba2ccf06d28b40f2443ac5796f18f899511584
BDBFOR13.CRE,override,3716,f996bb16ad66fbc7ef4d604910bd1eeeeca252d071487a1d6ec0cf4ac86ae1c2
BDBFOR14.CRE,override,3612,2a43ca31143c2940edc420e889124df4dfba0475ecdea03aeb98f103a99b9dcc
BDBFOR15.CRE,override,4100,0fd48ec825ff836358e4a89836060f7076845ca9bfb67bd6b55aeae98dd89e20
BDBFOR16.CRE,override,3532,d94029a8424f2d0a2e8a4bbd6816da5027f032d0274bd47688b6467d6b94118d
BDBFORT.CRE,override,3632,6d52f8ffb4966dacf7c437b9fcc189f2e94de4b6ee71773cfb73bfe09a525a6d
BDBFORT2.CRE,override,3632,5ac60791cb48ab6d362efce04f762c0ea35434c890e68e028d546ef571e28836
BDBFORT3.CRE,override,3876,f57bf924208a511af85c299a8703cd9a3a04f803787a477f754bfc796220cd97
BDBFORT4.BCS,override,1732,bf87599b7ebbd72021983a355292a91310478efbf31c46e0b3045b2c41b826d7
BDBFORT4.CRE,override,3876,57671833312a834cc41de629d7791d933efef4ce29e47688a764b52f481c3fdf
BDBFORT7.CRE,override,3796,e377b91827fa7c7d03d8327a0a2794619fc14c3087176ddc4c090c98f3f2a58e
BDBFORT8.CRE,override,3796,3cd486db7c33de78867d481ea9bdd730c079ff03d9491bfc05c6349033ba4b2f
BDBFORT9.CRE,override,3612,9cca8f3775af2cf439164efa3e60a8b82afc3e3d50f0e9546141605ef2412e05
BDBFSENT.CRE,override,3632,06845810aef5cb501fbb3d886b506c4cedd85d8ca9e895cb962b0a1aa555100d
BDBFTELE.BCS,override,6318,43d6ba7b066d453fc73545bb5bb8cb7c33e89c40f32df6217afa19e294b3d247
BDBGOBG1.CRE,override,3268,020d24b4c5afc823da670ce75510d0014a299f75cf130c92eb4b97fb9a3e005d
BDBGOBG2.CRE,override,3248,4f0a35e4696c373ccad4275dd9f48f8f229d3eb16d1f486de074faa2be8d50d2
BDBGOBG3.CRE,override,3268,b34d031f7190af69f322959b57161d199766e4196b5f9ccc7c16a024216b34be
BDBGUARD.BCS,override,667,d1fcedff206402c63a96374702f35e2678f3094f3244c48fc939fa00026d57f4
BDBGUARD.CRE,override,3628,d76c555c063c7822acef45d935c69bd91f6aae83e2f46ba7e764b7fa4e3df9b3
BDBJARN.BCS,override,279,7b19c62cd4a8155d7bcb4a4fd295bc894d72f95c93cd49241b5e6677b004f3bb
BDBJARN.CRE,override,3004,71ac5936773cd2129fddcefe46563e815cc8c445a70173c087cf04f114d1b739
BDBLOCK.CRE,override,2984,f40c87e7723a8278df6338774db103df2ad8f227eacec472bd5e25a03b2a617c
BDBOAR01.CRE,override,2680,e3f6deb02110de0a680d71bd7f12377817ffe0d94318deae4f574d99b5182011
BDBOAR02.CRE,override,2680,21452b80129b60d34206809bf527fe0212f6f23af1e8f7e53bbbb6fb8021cb3a
BDBOARB.BCS,override,3252,4794c15a624f438f6d6fdb21de9c4ef4d6c0fb551a4ba0ac781e491625d62e8f
BDBOARB2.BCS,override,36428,6307809e6eea2defd85b1654b3d6f5a586299cd0f636527dde6058ead648d52b
BDBONBAT.CRE,override,3756,b844d3a9202688832b9132f3343ae72142d1f68b431b1e6de00cbb3fc5615791
BDBONEFI.BCS,override,37463,648f374a5a2082ebd020268f313d655ae4996d6d1b3b3e589a6e2f95c4b6570d
BDBONEFI.CRE,override,4020,3b8d3b7a6d66ba24abee0287129d642753c2bde735c1ab048b962855647d9604
BDBOX.BCS,KEY/BIFF,384,98076448830412407734b64ab080178dc35d6364e2bb45122e7dc3ac82d747f4
BDBOY.CRE,override,2924,866c29b7d1d5ac62dc9fc33c65e45050c073a6090c591777c1fc1b3c41f96a4b
BDBRANCH.BCS,override,1077,e8c1619d4431a71876e37b59ea2114edcc215dc8404e55ddc6cbcf76ca2577b6
BDBRANWC.BCS,override,183521,ee326bfbb6fceb0f5edb2f0c8fc7aca439ad97c54e3f8732cdc6a9ee30dd40b6
BDBRAT.CRE,override,2660,e658d87dfb78dfaa83af72df9cac55edc792650c0b78f93dd589369dd93d9938
BDBRESS.CRE,override,2660,245d3ea08b03d9d1f46193e358b1d1b0d1ce6e3b6ab174b49083450096b1a1f3
BDBRIDG1.CRE,override,3596,db49ed93a3a46b8ac4dbd9592c09954a37adc1caa2b636dfa3f87b698db3da51
BDBRIDGE.BCS,override,387,ca41b500e838db9f98dac382abd76fdf9fff96ea67e271e0547a48f329c9dd4c
BDBRIDGE.CRE,override,3592,d090d7570d619a82f3d3efcc50cf3ade469caee6c5c2b3d2d9ce37ea1cbedc60
BDBRIELL.BCS,override,2275,1bbfc32e8131288f4cb4adadd731d75dea191d90cad0dba55f18dc572cba511b
BDBRIELL.CRE,override,3632,54006a8923d3fce5e9b5ba2fbde7b18399b8b656c564190450e9f3cc28929abb
BDBRONZE.CRE,override,4628,39c9710c8d25233ee5b70e0cae82680bb7b97bf006085a687cf9d0ad659698ee
BDBSENT1.BCS,override,6310,d26072da4a719d41e70d7d3d15c3b3764fe9c073ec7ed585bf3906f1ad9886ba
BDBSENT1.CRE,override,3632,c01241d67ed0285a54a09a6fddb82d119404fbcebd42e488d62269b56d5e3f3a
BDBSQUIR.CRE,override,2660,9d8e46e98da6052885a25ec833df62f85d93c62759e729b0386471d330748c1e
BDBTEAM1.BCS,override,3301,0c9e8169c2f8aefb2dd746a4ccd69efbd5aecf61e9bd3a46dae6690b724d03b6
BDBTEAM2.BCS,override,3301,6be0c4f92d8e78d1361979313ef2033a931bc0770737a58cce34ed825f17e2ef
BDBTEAM3.BCS,override,3301,4363dc084ac6d6189874e883b4ac611aaabc5a50dd12f9cb4abb79fd3394423c
BDBTEAM4.BCS,override,3301,523e0818c07069fb27519f151129c7df5ab6f73f6773ef6479bbac27e74a5dcb
BDBTEAM5.BCS,override,3052,710dfa756014ff0a9b0591e37826c37fcf0eb149e41a9470584650780bfe36cb
BDBTEAM6.BCS,override,3574,ff7964371f66b4a75b025f574915eb972aebf6efbc074bd25d35d260bf1a77f2
BDBUFF.BCS,override,219,28f3acf4ee56d96f33cc812923c69a15b32ed904331357f95484a3e991544de5
BDBUGB01.CRE,override,3472,353134ad08d921fb68b3d4b99a237a65709d974514e45d4769cdc427c577903e
BDBUGB02.CRE,override,3472,885e31367b03fa2e5bf0285ef5a14a84a2a1742feb3bb821e20b9d53795c9406
BDBUGB03.CRE,override,3472,5305c02e2e355804706018b7a13339288edf912392d8312bf044fe7df033e94e
BDBUGB04.CRE,override,3736,d1ed96f0e965c21e2c2736620a19a66338c5cc329620e078bb69fb28033bfd11
BDBUGB10.CRE,override,4328,bda85024fb38f6d396fe499a3ddc4e88010e622e70e2f50ca62064d75f3d3338
BDBUGB11.CRE,override,4328,aaea979246a2c4bb8549de23e35649b7ebb7b5ddb4d46580c90aeb82a4f4e3be
BDBUGB12.CRE,override,4084,78dfe19669e6a0a3215d8874cf80d6e74f7b3d7ba7f562bd1a4ea01c2e2a07d0
BDBUGB20.CRE,override,4184,59db516f6dbe10bf57788bf8e4a342a46770dc899afd6b60b6ecd21df9ee6947
BDBUGB21.CRE,override,3956,7aaf6217e0449b92d1e85e8b156efe8c3c4f54f2128e4eb8c8b88c918c1556b1
BDBWAVE.BCS,override,2417,22268aca442fb2feb5bbb8bbb542aa86ec8af97491f03a2e46d38f66bcc53459
BDBWOOSH.CRE,override,3492,d04e1f6702bd7f6d7de17f190d18ce646c94728bce27e5b0d82b70a41fd29055
BDBYZON.BCS,override,790,b7db6ef39ffb79439040269b1bb38954303db45cf2c88aedca7144d6732905e6
BDBYZON.CRE,override,2660,a0741c6349bfa6ad6ed7bb15b84565e8eff6ae441c671bea8f02b48417641d5f
BDC116D.BCS,override,11102,34ac6d090d563b4bdd03aad35d31db3cc6cfcde64f90a8338960b45fdfc56f54
BDC123A.BCS,override,2345,58771df7cd6a9d1b67ff3429a9c468996cd1c66398b026d50c8f4b5a4e68d5b2
BDC205AA.BCS,override,3112,24116db0ca50fbbb318cf434f39153ccadc473e000ea9d24b33355b999187b02
BDC205AB.BCS,override,3494,481ceb2ac22fd1ed5aeee65e5e2f8aba63d2980c174e129f76f25430cbb9f037
BDC205AC.BCS,override,2108,e9861cf5ee05f170519d2586debf145b3dcf9e338ccce33a5912d9d080627297
BDC205AD.BCS,override,1473,233336416d0d9954e65245a8078fd088fa9dec6a38cfd93148a1edf1803f2a5f
BDC205AE.BCS,override,1854,16ceb32ebbe238b26acc9032c93e13df8f546fa867fa0e925f48ae44f09eb25e
BDC205BA.BCS,override,1738,fb0553d1b0876c165336be8048799ea59b6a0794144c8458526fb75c4179c51e
BDC205BB.BCS,override,2237,49c12a5e4f4f0aee4e13cbfd0d8c7ba6c94b5e857ddaed9c96b3769974015571
BDC205BC.BCS,override,1349,6065a8a925983558f1fb17e7e9beb031edf7af251e74cbb3c3f515ff6835d5da
BDC205BD.BCS,override,980,d37b03b47d586a7ede4321af9cf38d3456b49b010590db6509fdaa2489157a87
BDC205BE.BCS,override,1479,00f1c20b030d532807a319f7597ffa606e3adf5ce08caf2e1edcef18c035d55f
BDC205CA.BCS,override,1493,876c3c94172b5893664704eac856676a4d96c9278557a51c782d8a6da65ecbe0
BDC205CB.BCS,override,1103,5fb5ddc27f05400a0839b7aa44e414ef05cffd6abf0ea4149a4ddcc486ceb1d9
BDC205CC.BCS,override,1114,cd1da2755ae98205b6f15b7aa30b2b856a30d5e3be34e9c0452f0e906034d6d0
BDC205DA.BCS,override,1600,1dde762e18566552efb1bd8b6bcf9f812a8ca8089801ca5ae288f22e8717f421
BDC205DB.BCS,override,1599,c267a3caa79c583e195cdf2541113fb2c8feff9add203b4f42f65517a7694d60
BDC205DC.BCS,override,1626,4be4b0707d37d3a60725cc84e33834969c02e87081f6ffd49bb76f23d46d04aa
BDC205R.BCS,override,743,3fae751f57d349b53e306ef8c4fef652b128420eeb0b3d51ea639c1266fb60a0
BDC208A.BCS,override,1255,96047da49784ea329ba4f03603a5a6eb5681ac79f078314e2f598a19c106170f
BDC515DC.BCS,override,1088,8dbc7d8da72830f84733d63e2c24c2e61e29c63d30ae255cd81409f42882f6b0
BDCACHE.BCS,override,654,be30a7a278e57948186060d6fad5878543314e7ad7c2e65e46a118789b76674c
BDCAELA3.CRE,override,4856,35fbd8bdc2c6b3670c271fb183f18e4906cee40eeccace1569c218ef861f3cc2
BDCAELAC.BCS,override,64301,e782606f2d68cfba915941648f09df658244c900c6b37555a75b77e397c320a9
BDCAELAR.BCS,override,4998,2c1a0ace8bfa7f6186a50a5e2b50e1196eb17a7c55cc67bde4818b8afc4abd59
BDCAELAR.CRE,override,4856,b9be6560ae26baa9ad7f02bb679fe279af71c5348346b55d25a2dc1f7ae34825
BDCAELD.CRE,override,3492,3ef8c019c87fbbf7ee0f318bbb13eed3181cf3b74f7eaafb7aad3fba61f03627
BDCAGE.BCS,override,427,1ae61bc2bac043ae22364be39c77e99d59598a361bb8cfb0472304bfc2bd810b
BDCAMPBE.BCS,override,6,73dcc19e8d2e648f16c01b63312d929761e03cc93c4cee148cfac13f19aaedad
BDCAMPF1.CRE,override,2660,9eed0737277fb894c6e3a16da310043a09e6643f6ad2e9a0456dbee0e857d3eb
BDCAMPF2.CRE,override,2660,06c9bf795e80bc09cd221ec63010b5fee452be690857ed7d23128c98ce3e258b
BDCAMPF3.CRE,override,2660,a634d46772e7ff08882a1aa1fb70ee6c14ed1ab5fa4aef9f8c7208614921beed
BDCAMPF4.CRE,override,2660,34d34966ec9faab7914861bea0c15eb6af01c1074be211a8d2b2db39c59d735f
BDCAMPF5.CRE,override,2660,266c89adfc920355ccd630d82de38ffc8c648910aa5c71dc9d386006a11c4e9a
BDCAMPF6.CRE,override,2660,8d562db66dc2c39b2e57b42b347ca5704bb4266deeb7e76995cffedb859edf5d
BDCAPER.BCS,override,2797,a142eefb0f5aacecb3c957f4aa06eb83c771dcf37d6a6b3849ad6385921eac84
BDCARLIN.BCS,override,424,c9f8af5a86fb64c074462e140d44d50c1f8113a106c4e8e0132d6d6447d78ad9
BDCATAPU.CRE,override,3228,a2968153375c74e616e76bb2153f9bd9b8dd0b463bdccc45b94c77137c896d76
BDCAVA01.BCS,override,15739,6e45ed7c749cf803eb2edb8a13357f2f14e33369c7cdb3f974a26bf71590d0eb
BDCCARC1.CRE,override,4864,7de79efced9e0ddd3098dc4a2c047ec0107560f79941a136a62aaef191685d7d
BDCCCAE.CRE,override,14640,69f33758a3e1afaf02ae24e037d2ab5f96bd0ede2a4ba3afff3cff329175979e
BDCCCLE1.CRE,override,4536,cc9ee2be944a38f73f678d19aa792d7514c3156197141432109a1696e6e710cc
BDCCCOR.CRE,override,5708,adec3e2ea0c7bbd95f78c8fea7820a01bdc5a7b1f3d03ff5a0e98c80088b8f3f
BDCCGIRL.CRE,override,2924,5404cc5232fd8f8b1c50065e911823b44d0b4f342415a34e54b14c30cc981945
BDCCHOB1.CRE,override,3796,c54e5e99f0df0b89a2f90e7cb9bef7332f60af756d95845a1d93f99036f9033f
BDCCHOB2.CRE,override,3816,a5a531ddcbf89019bb0e28ec04e2a66d889bdf6de64a589ae45382ee2952b41d
BDCCIMO.CRE,override,3652,60442c6245f1e21876848465ce973bbf887d99d2d2f11c0f25fd276381eae465
BDCCIRE.CRE,override,3268,c132879c0cbb3c56433659e3997a60f236d1be002ef41ff8a77a5ae5c6f2d7bf
BDCCKOB1.CRE,override,3248,bcb004905d81e134a8edc0e5ae7f0e7eb5e5a112c60ce8a8bc40c3f688cef747
BDCCMAG1.CRE,override,4196,3e304c998e885fb061c12b862ab8c27ae85755b1a0108745dc3392ce3d799586
BDCCMAG2.CRE,override,4264,01a152ff3668bf6b1a80b85588765e541959c8c450c353bfb8f985e3741ba49a
BDCCOFF1.CRE,override,3500,cf5d5a2384a1f4a0c4374f200200c08d6e9bfd95109dd8538272e88935b57ae3
BDCCOFF2.CRE,override,3456,292522e56c3d088e8e0b6a4e6158a6e13deaf0272b9b3cca48ce2d93520ee774
BDCCOGR1.CRE,override,2964,29f1098f5afa9ae7948e289e5cc1e87588e3df275b3008a94c954dff67343a67
BDCCORC1.CRE,override,4332,f055988d6088b7a52d86cc44dbf5bf44754898066ff5acf4f02d0212528d098b
BDCCPEA.CRE,override,2924,671dda9ae345c9b1a69ca237c9c4c7bf339366a6d65b3d70542baac078b4186d
BDCCRAW1.CRE,override,2680,4c807bd8e2adc24b3bc075721bbd8f533e256f82773b31c13a92e7b87973f07b
BDCCRAWL.BCS,override,6259,cf067bce37098069a3ca4cf26ccdb42f084bba5e8c81cdea4563b06c1e2471da
BDCCREC1.CRE,override,5048,217fedac35a18da25323c5c6c0836b40d505bfe2293f8d6e7df63c68cccb3916
BDCCREC2.CRE,override,5848,c12d977f9c48a80f228524d25d70e85a7da3bd05434d1449b5737b9f6add7d16
BDCCREC3.CRE,override,3480,5d1770a8349827321056dfdf25a79efd4cdecbc891f8ccc20263bf9b9f57e33a
BDCCROH.CRE,override,2680,2832e8f69055d8722536cf7e1c1958f35828983df6eb58529d48c2a0106d8a35
BDCCSAR.CRE,override,2760,e9f593c44ec595407293964233636f9d2e73eb47ded6cf88c29d8b15f574dec6
BDCCSAR1.CRE,override,3612,e01dae39ece60c7d5118f5f515f01bb0440cd35aa7a9c8eda45df03f50d42205
BDCCSOL1.CRE,override,3500,b798ad6c2a59fe60a74f0b33dcd85cf62fef8a13a99d130f2959954515775f3e
BDCCSOL2.CRE,override,3428,29dd65e3f69356a8b72e3c9a1be28f5399f39845af5a6605c0762747b9be6f8e
BDCCSOL3.CRE,override,4040,374a3062fc01aa1fbf4e933a41d2a4406bfbd0a11f881e5699ec428ec1cd53f0
BDCCSOL4.CRE,override,11092,e5ea8bb63d9dfa763780c55d7adc5af1412049c0322e691a475a71cff66fa44d
BDCCSOL5.CRE,override,4864,b7a3f9137890a8b3d96e919fec5acd3f679e3ab8d4628534df0e939e14fa37a1
BDCCWOM.CRE,override,2924,96e955d5f4fd141c7d15093b10eefc727b43e3bb3d36e276f8d8385ad3c33878
BDCERNDC.BCS,KEY/BIFF,68092,a9de5a4fb66918ad3df36a25badae8c093479f6efd14a0f497eb3b6ea2402019
BDCHAINS.BCS,override,5453,24c1a19d54964cbc9b2759631ed32d51b0003a3b7106dc97ef1f6985c152e10d
BDCHAL01.CRE,override,3864,5d0670272d8e6ab2b10a87e8dbfba57b5176544dc7e4f138d1a483e32bc13705
BDCHAL02.CRE,override,4932,215fc0c83503327d37422341049c8e6638f9bfda0924e8f1240aaedebbd71af0
BDCHAL03.CRE,override,4244,5eb355dc324f3b597ae2d2787785be8d1f708843f00c15547058054284704c5f
BDCHAL04.CRE,override,4472,d33d521b1446f11c555ab164dcfcc53225e9f76fcb3e1d09bb20e08e7f1f6339
BDCHAL05.CRE,override,4744,470a20c396d981f0c4a86f22f179ed814c693439074e2f8ed9aeafd86ff5c01f
BDCHAL06.CRE,override,3936,6e2de6f32e71fac746bb0c59270db84fd10d51d12894c1bc257a133829a5e538
BDCHALL.BCS,override,627,cb99a31df93b2d28fce98aa23c82b26ff30fb85ecb734c5323b5248da435be36
BDCHALME.BCS,override,1290,7fb7e998c25e205029725a330166f8e2fc97cfed6a9aaac9fa16a24f9b36cd2f
BDCHALME.CRE,override,3044,3938aeb7c9ae8f30a14ea7b6635cb92e1cc16af77a7fd6e58d680f5f9ede66bb
BDCHARRA.CRE,override,2660,5c14960db087d738898f57c4f9aaef8738aad5c71d5530ce4b855b512913b1b2
BDCHESKI.BCS,override,7147,355bf97a5ba6ccb6a9f273e4cdeed2e20f6397969ce1d57c6e0f5597b1b09cdd
BDCHESKI.CRE,override,3884,eeec431f41a02630bab479f9bfbd5ffddabaf19d1c6faf8599c165386b2dc7d7
BDCHIC.BCS,override,2444,631b60d861b3ca15fb18c8ddd37112f391ce30c4a06373a875eea9162e50891a
BDCHICBR.CRE,override,2660,62a0c0f2490ef6f4f895ec71c257b0ff71fdc840e069149981893a0a09908940
BDCHICKW.CRE,override,3208,4f746a6d3935923f6b5e0817f0637435a8b9d04b13916410637d9c6470ff2a48
BDCHICWI.CRE,override,2660,8c35f2aba2dace0ca015d88cb91cb858ee943edfd716cf3b6839ed71d237ea5c
BDCHILD.BCS,override,4522,aba31730a80aa2c873df46462490ca6590df948aaf15a159c6b09f0cf81e1787
BDCHORST.CRE,override,4216,ba9c70939f302af6c51a383fe7950b334a8e5854c1b6698a9ac98ed73e5e3b3f
BDCHSPWN.BCS,override,549,a2590f762cd1689a173cdd945d2ddf1a1895fea0721be87701e12f7ad7a79b05
BDCHUNKS.CRE,override,2660,ad01711a33f9669672f24c240921b8487c51a5112d6093ec2cb28318fb28d8de
BDCLARA.CRE,override,4588,4dcdda90d68077b38b241568007103884da2512def598f0120c79ab579d20950
BDCLER01.BCS,override,96599,ac9fa15cac71e7359da479dafc181f3ab5faa3512c2597bf2a5704865d9f5ec2
BDCLER20.BCS,override,36851,2a93ad03b2afa0f0b8450a9483ff8326521fff754ae7a270477779f739fef3c6
BDCLER21.BCS,override,33583,c876cd2f733091a60bad7a77b1c97bba1ec84ca6ffc8aebd585fa8cfe7f8743b
BDCLER22.BCS,override,32122,81d0624581923a7977564a62409a80566c2faca754fa5dc6c7c17a4661aeedea
BDCLER23.BCS,override,39552,71ec2344bc80418fd4b57533d6f3d486206b1e25b05c6e81a7be0d3ed332a4ce
BDCLER24.BCS,override,21301,f4b5cfc1be3f06ffb4a56d9dd1dd0eb7f0926e7d1f426e7e69300828016aabea
BDCLER25.BCS,override,39552,71ec2344bc80418fd4b57533d6f3d486206b1e25b05c6e81a7be0d3ed332a4ce
BDCLER26.BCS,override,27499,fdbef0df5ef90b2db67e54e858105f6ee9c6de163610d2e8eb6cec6a59751298
BDCLER27.BCS,override,32112,b9489b3c26b499e1312c8efb737f537e43007cf2fe69f9daa8e9cac369ac2026
BDCLER28.BCS,override,25870,77bde4ff670c65b60a0075f2ce6efe4f8c633c8434d940432a80a2798a4e16c7
BDCLER29.BCS,override,21474,03a7e7354015b22896d6044d636e1a971a0cdda7da5b653f689715d2ecedcbe4
BDCLER30.BCS,override,22390,e54450609c932ac7a54b059b657503f022a6180f249c77268fe38708887bf631
BDCLER31.BCS,override,29290,637b446c62452bb65aa037b49361957769af7f5249ef3c7c8896a63b4f5ef494
BDCLER32.BCS,override,24805,e1ad50c22093639c224eaa3af9b5604a6fedfb8f2810670dee75e98c3b6a3338
BDCLER33.BCS,override,21322,32d61759e5e3541d689bd38c92d69b1e4f643b3ea0d3f2d4ce2d0dba1f13fcca
BDCLER34.BCS,override,32646,68254b22c3d4c5cadf66af7558917e00ea676f74dd02498b4ba76b658098fbdb
BDCLER35.BCS,override,21575,490e2231ea314c077e74b9626684f1189f9ff71aaabd3f88197113065e6e1eac
BDCLER36.BCS,override,34407,1f370894c9cdb64cfc06b17b3884e4d0237ff897edc85a516f312d2ba65d7dca
BDCLER37.BCS,override,38967,089d576447f54a8c2cacd01f5eb808be8d24485ac8b103a56f9e3436b37dfe6b
BDCLER38.BCS,override,42214,bf8bc68681a48716fefc3e817f9221b4b3ed66826d66b2de92279acd515cec57
BDCLER39.BCS,override,38548,b843d196c65deb84a0827903b0abd052bbb20a0153c8b0be3ab231552ecf9639
BDCLER40.BCS,override,25878,e3b3065bb86b0cb8a59ca87e4ecaf84c7bec34f76cd6510da81fda4a6d519d34
BDCLMA01.BCS,override,212584,80027cfdcb24372d4a8c7ab000d8154c5bf3342eea7a57e7ed73e403be1ae778
BDCLMA20.BCS,override,73385,efeb0281002d67f80f709f2c0f2b82578489de94addf75cbb42503d6e7bf0a43
BDCLMA21.BCS,override,9562,3f94da57c8bb1f6a02ba3c54f615ebe819f1d80483926f8cb2c38659c87dbee1
BDCLMA22.BCS,override,74960,5b5ebb375a44474160f5791378479c6c3af86937ea65d87314bcc67b21361334
BDCLOVI2.CRE,override,4116,415e5748f796e937bb5fa6b33fbeb169b766e17d59b1bd4185b10fd9da88091d
BDCLOVIS.BCS,override,2123,be96f5584fbba28ff6167117ed6a644f2d1910c37b561c12491b7ab3b18e8a3c
BDCLOVIS.CRE,override,4116,fc220f8c8425b30917d5fd99ca5e57ae2b843cb8fa1f1fc2badca7f3d9f65510
BDCLTH01.BCS,override,98525,4fdcb3aff50ae419d1b268a694fc437cf0c5425d07f40ea50206d481154e75ae
BDCOA01D.CRE,override,3532,e928957936df975ebe0874abee232ae92821d86b5b30744b2514247dd6061296
BDCOA02D.CRE,override,3532,51935b5befbff20b1ca0809db48f0fe47c4e270366c17a2b61797d4e7912cf83
BDCOA03D.CRE,override,3860,13420c0a94ebb46955ad9815344c19b207419c231f638a4cfffd8fb2a801d2c9
BDCOA04D.CRE,override,3572,9fdd3a4fcce2bd44aac94001408ea619737791bdbbf0f3a0cc53e4adc717dddb
BDCOA05D.CRE,override,3552,abec1c8ac963268436ecf67a9b193d34ca6200f54556cbebfd755187127490fd
BDCOA06D.CRE,override,3532,37f845075b90c80f601e9e0268e4d9bc625027c9b1d853f53a81f1a66ebdc690
BDCOAL50.BCS,override,225,17b388174f76ae6d63d178fbb81063a9754265bb720202507433d45e2ecb2307
BDCOASE2.CRE,override,3612,d5f262630722473a05bbef0386c301285b4bcde75fff992d36884cb6abda188b
BDCOASEN.BCS,override,1728,51b0fe36ab2237b04ea0fc8b795e60513d96f5ef530462b58e234a6433dea19b
BDCOASEN.CRE,override,3652,44a767a9ce95cf5da4f40c82d505f82ea809f378992e43881360cca1a8a4d085
BDCOF01.BCS,override,9279,1e5aa3d0e78689a037ba8f09e6e3883c5dc237a70166c7d14fda9d10967f4608
BDCOF02.BCS,override,274,7a85f4ed8534509ad70046e110b4be4b98bc6d8427ca335a90b4a47f8fd0cb9a
BDCOLDH.CRE,override,6144,71465eeb2d39819631b82c6bfa4e42e24d4f9484201e82e17cef6740c69e9701
BDCOM001.BCS,override,2771,0f770ae647edb2f2a3a71ea20e53412951bcf0f627fa791c55290c559c8604c9
BDCOM002.BCS,override,2765,d31a673237be82d02a8cd3d5db59de881d478be1cff8396d3aa1e673c1a17481
BDCOM003.BCS,override,2779,77fd4b8d6adcc625ffd6f3b46e32914c94e883095545ab9ebc614854f0a49dc8
BDCOM004.BCS,override,3698,77905be26a7d67837d208f4a6f33b6dd9077207963960a8f53314aa73054003c
BDCOM005.BCS,override,3682,d1c2738e63eef185fa4ed53540a37c72ae970ece87b87a6840d71e3f587c414b
BDCOM006.BCS,override,1333,66412a092b4bc4a9e5849d73594a84ac8c2bb05321230201cf03546a55796ee5
BDCOM007.BCS,override,1353,52ef48f3cee461ceaa2fdc6d5676255d6fb95f2d86a427e0cab0146ec8e992a6
BDCOM008.BCS,override,2795,ca1fe91ccc36d07c1e8a2d1c4391ddaf2669d23386cc11f173a2097ab9510e80
BDCOM009.BCS,override,1338,1b5303f5d5a61a0365d7065b2f164241c23f1b06ee264b6199849909ff76f279
BDCOM010.BCS,override,2757,f5241453ecb30366ca8c26a7fe8f7b7922d70099286171749200e5d732006a40
BDCOM011.BCS,override,2739,549d3acd3652d13b2f7b2444e7cf1b3b4f4e133fa7939145fdeee0ea10588f3a
BDCOM012.BCS,override,2757,8b68765446ea41a54aeab8658c9bc7fa77972d38ff578a04ab1c775f6876b789
BDCOM013.BCS,override,2765,4b7b1b15624316366892a97583f7ed9143d6507793e69ca3237a8d2ece443f8f
BDCOM014.BCS,override,3711,67ae125268a529684095882dab5742e7e32e453719ee36c9fb1f9f210ffddee3
BDCOM015.BCS,override,2767,7980e822fded1e6ab4634ae6205e3a9c05aea1d375ff6cc69afb2faac198e172
BDCOM016.BCS,override,1342,0d492eb9129f96a7a07506d360e9886902b59f292f68dd1ddf14c1b9d3a14800
BDCOM017.BCS,override,1337,040708a5355e5ba64760e563ba443f3a2910005efd4e58008af2d18ed8601b6d
BDCOM018.BCS,override,3695,86ad26d4007e9aa16b5408bfbb7ab05d85e65f36b1a9bf1b381b174baa2b55e7
BDCOM019.BCS,override,3698,0e57f885ef54f410e7251ba3d761a18bbc4e8b62a8bfc48b264cc33106c4855c
BDCOM020.BCS,override,1343,f2bfb4d0cbc2d4231f69a699f1e7944e1ba8d5ede314d13545e83ca3c717a4c0
BDCOM021.BCS,override,3675,68b7641cbc1891eb6fc1e02e8ae03100a0ca314bbffcbf2eb115417f53046729
BDCOM022.BCS,override,2745,ed528d7c1b96d78dbb3506a3513ebfbf9f40e3316831f4b3f36984b069fccedd
BDCOM023.BCS,override,3718,97892a534aaf90bf0e17cc0c47022e1826e36bfbdf7e4ddf4f1bcd2de6f4bd5a
BDCOM024.BCS,override,2755,d31b6ffc1beb5a073ef6019313365c7b82763882254102ced1cd51e376102256
BDCOM025.BCS,override,1340,8e3505f632f5ce09afb8253d195357650296faebb4aaa209cd2b060f1cfa6ece
BDCOM026.BCS,override,2761,9f2ec5f8b763a18ff416db35ab5158eb1e2e0a3c84941badeeb50c916e4b0ae0
BDCOM027.BCS,override,1346,6c1aeaabea407d17ffffe6f0f143fa4a183ccae8c36a0f860afa53e0557cd6d5
BDCOM028.BCS,override,1347,16744aee8a4fc571ed7a9a18921de6bd5b342f3d037664220611ff0a4d9b50e0
BDCOM029.BCS,override,3711,6d29f56115f82f0f0290250e576cc8e0e70cc48c4c95cd3a1ebb19e05feccdb5
BDCOM030.BCS,override,1346,199e632b1da779acf78078415bc86b99b4d8dd99766f22438c801654305b50b3
BDCOMF1.CRE,override,3452,5120379c41757300c06658d36bc502926955723b23af13ff9ca732d350cafbad
BDCOMF2.CRE,override,3452,8c2bb037b9fde0051f755a43287f2893e72a1d61ddd81bab00dc208cd66e8bad
BDCOMF3.CRE,override,3452,4c7136cc2a53c979a1fdc6be322ff93b84ac05c6d18643eeaa622199e93c5f19
BDCOMF4.CRE,override,3452,c7c88b160929cfcaba0346ffd0831567985e630f3a303d8216b9ade250142790
BDCOMF5.CRE,override,3452,75cbb23a9ad72871e1e10e8abd9eb5ac685b2ae3198cdc7ecc3e4e318a0e5cb8
BDCOMF6.CRE,override,3452,65442f0df5bbaab33c19f9fa4ade89f3cd71fde1d78b9d52f1e8f10882caf5ec
BDCOMF7.CRE,override,3452,359230eb182009f3753a1ca48cab9897b912ce47d15e5b38c5baa1301a4206ff
BDCOMM1.CRE,override,2924,5e909cf46bb3b43b49d1917efd3b8f0562fdbd5bb20df240f79c440ee77b697e
BDCOMM2.CRE,override,2924,ede69d723d5463fb8223fa8bc5088118e8fdbbb7a99eba60f027fe0e832d550b
BDCOMM3.CRE,override,2924,59de07f09d4b4928f911bed8ebc7287eca5bc98abe02a6c54ef2302323574e7f
BDCOMM4.CRE,override,2924,657350d2f507d5d6ef4878ec185b68d0bca6715c50b6ebadeed45cad56740252
BDCOMM5.CRE,override,2924,e757cc2496f0e6a48c7e2b47877e895c6c7c83ed4d0aa44aa8fe0e350cfec10d
BDCOMM6.CRE,override,2924,8cd7855825fc7c5a743cc658c7a026e0898aa0ff3912a615ca6ff518aefce7a6
BDCOMM7.CRE,override,2924,712cc5910d68996469a1753ab40c5346d2ffed51ad0b6620a1aafc8c652d4a40
BDCONCOC.CRE,override,2944,c2816ea92f4500e64e8795e59ed98c6b88add6f0b43c4bf777dd9ef201c9d1ca
BDCOOGAN.CRE,override,4152,6c24da407f1434817ceb95c3edd325e48d1c0042bacb4f49c986deef69d8f821
BDCOOK.BCS,override,5464,651a462b400fc5ad780efc66a30975c0b01f76aad8c49515ab5ad7e1f5f8e8d8
BDCOOK01.BCS,override,6011,9863644c4e5a6420d98d30c522663c7edd960f2c33e99e3d6d46c0feb458069e
BDCOOK01.CRE,override,2660,5e2abb7cbaeae9ad82be08689c2d6436abbae8aee6caaba6cf25cafdbb9cdd3d
BDCORAN.BCS,override,475,d0515bab061f3609edf982dd8ffffb89b4cbd5bb20d73467936f058f603c5ca8
BDCORAN.CRE,override,3608,eb2cbd9d5d150240e4dfd3487c9b19d5c4774c89f4ce881221d251674948b517
BDCORANC.BCS,override,12950,ccf54de954f138f4c69387099414add0477e40826066dbd0782b2ee32c8c5d1e
BDCORINT.CRE,override,4448,687e4546a4a1848bccfd516cda33cd384e45e934e1119b6987a0769160f4b3c2
BDCORPSE.BCS,override,213,26d6ecff60c4a8c7257f3258192fa8596e63d51be20e6c414efb477c80183b6e
BDCORPSE.CRE,override,2660,9984bafadb8158dc8e87e1299f39b58a9d1560eec02ee4780a15795906557bd4
BDCORWIC.BCS,override,21213,d3d3413f3b842bfccf6c5f833bf46f881dd464e777f1aaf491f52585315866b0
BDCORWIN.BCS,override,40356,40f069d67d6fc4acfea84d6d203bbd7bfe4a6f62058cf8c4a47364e05eb392bd
BDCRALRT.BCS,override,1128,83a764b879f5886b1838f0cd579809d017eeb2ebac269663d3510744ac7fa78e
BDCRALRT.CRE,override,3612,a969145dd7e9a158b4d67a47237032215d2e282e402d320f55d637fa418785e7
BDCRAWMU.CRE,override,2680,dcc4bc997971ac3e1614f99a713952cd767b4786bda96e5e124053ab34ba9a74
BDCROMMU.BCS,override,1118,13e9fca108a06544e25a8e48f6dbbea639892b327cc6dd5bdb3f1ed14b729e93
BDCROMMU.CRE,override,8316,8ab95611b6308f93f1b1c1a64e1c63ca0bbec2c940de99f5bb3d996b0ae018df
BDCROWD.BCS,override,6957,0bcdc163866d1696fe8a77d05442f6e182a8c6912d2734de31c0fcc243181edf
BDCROWDM.CRE,override,2660,d190e6c976ccb4f79ece51925a3e2e5e10009003059e3fe9f1a226aeef87b4f5
BDCRSIT1.CRE,override,3652,87b2282369e14d575f1b49655b7e8ccc613c3e4790a831633e234a77a6079ed5
BDCRU01D.CRE,override,4764,b8fef95db46b6aa55cd779f39ba56edff8c4a21e37eceaaffe95d9640b9a9934
BDCRU02D.CRE,override,3532,caecc542f07a4984d15b8fca1d89260b3d02fa895c43ff7b62bfbfafbe6f9770
BDCRU03D.CRE,override,3376,75862455faa670651487c3babf6db0ec907491b3d7c28b423fd796e3c2e2a860
BDCRU04D.CRE,override,4968,187de877446c293854754b25aa538b35002fceea581f63ab9d938a33ae841d65
BDCRU05D.CRE,override,3400,ff5612c382adf0b31e39736ffa292e1062f64589bdb89fcb8cda4b32c61d1a91
BDCRU06D.CRE,override,3348,66319139983d599f83af39170a8a2925a54724c9c375edfc2cf07de87d0bc976
BDCRU07D.CRE,override,11540,21fd32b94f62f23cbadfa225f1857d4830078962c39aa13a2375f64d4433b26a
BDCRU08D.CRE,override,4824,b14497cf4b0b8c643b04bae75cb179559b60fb8617a865cf77ccdf6d70f46eaf
BDCRU100.CRE,override,3880,b2f82d20f9573d669c6afbf35dc0c9d8eefbc86c5390d0264cb04fbf6c5b5b78
BDCRU101.CRE,override,3820,01c76241250e82c7bc0032b6957328088769106ce6d2fab0717eb1f2ad23dd38
BDCRU102.CRE,override,3816,7ece2e36ddbdad6c41ca777c92db244b8fbf605073c42cf9787f733fa525ca05
BDCRU103.CRE,override,3816,9e22837727c3ede563243ff2b877da4b4e9d846e68c7101d8c082ad09df9bfe9
BDCRU104.CRE,override,3532,15c12a6be6273dc02074ca2c824c7a5ab0d3dbc340d7bbe8812680bf03a368aa
BDCRU105.CRE,override,3632,b528742135526de78a898ff105992f8c521e1e3a9acab4583812a81a195ce412
BDCRU106.CRE,override,3860,3a8d5184226884ca7196b3cd125607600abf66244206deeb912a747b6d22e565
BDCRU107.CRE,override,3812,c32df1d0322acd551ba88f8dffb051e950d6af090717a51a3c96890b6d341058
BDCRU108.CRE,override,13952,8a4d8ba39206d19691cfba4298c9dc3f69d09785b1e25aba924a805f077ee4d4
BDCRU109.CRE,override,4336,601b07fe8f91f26762c67b6e2a5a76b21ea71dac9fd3e6724121028f2e9a86e5
BDCRU110.CRE,override,3940,5ac4074582bf27e6068f5b5b0d39920b8c7824e9146fd445274b5e10d57fd463
BDCRU111.CRE,override,3652,8bec09cdb0d5a13b85e22ee1a728701e2c171efe67669f2921377063a076adc3
BDCRU112.CRE,override,4644,1691bdc8dea411e2b11f4360fd105e932150835ac917ea4267c76ab2f8d10a3c
BDCRU114.CRE,override,4956,61deb430753764bf1fa6c037380ee4b6b68481ebafd3ce4daf42a8816830046a
BDCRU115.CRE,override,3816,be2cdc278f4056c13bec0527c922d155eef05bcd9cbf0d3d69b408f16d32ce7e
BDCRU116.CRE,override,4612,06941e5338dc3e9c74dd576f24e4eeba225ef1332d7f2ba3af00d8fdb1cac048
BDCRU117.CRE,override,3856,e8ad32fca64196f3f329f651e9b2fc8a4ecb963a0cfbdeea1d1f06d7c226d27d
BDCRU118.CRE,override,3860,31327c6d5aa0517175c8a40a39c74408ae26af3a196d7ebf2a6a422b7aeeee99
BDCRU120.CRE,override,3780,0aa6e63048da131678278008307ed312061315445d82746756a2e2fffe426afd
BDCRU121.CRE,override,4112,27fecad0b5da8fca36f224932ce3fc35eec826e02b892c235f579ed94cf0cc99
BDCRU122.CRE,override,4296,38a9554d1f5369bd4427675f72a0aa3acaa1cdd2916cb9df1524d4100764340b
BDCRU123.CRE,override,4336,0d2da481303bbbfc986345dabf1b0f9a480a6ef021f6124189baceca17c7a816
BDCRU40.CRE,override,4468,9edc6ec61a24a425867da8b91131649d48e645f646a48f1b336086369ad5255b
BDCRU41.CRE,override,3632,457aa666b68896a20c75fe20bb91f40ca4bdab0f64a82f2a260dc91b477d7b80
BDCRU42.CRE,override,3632,e8bb2744b6a5ba0323aa2baee649fc9600af3c919c1454fe7aa3abc602c184c3
BDCRU43.CRE,override,3592,df5e5e34f0c526dc9b3598e695d2b44d0f71aec950926a2b7304e7df687fce60
BDCRU44.CRE,override,4164,6623ea737c2399d23d86ee80fba1b8506940551d661e9f26f064da5580236787
BDCRU45.CRE,override,3820,8a2133902dcdc59974fbf838ccd16edfd1db6b2a5d9f71afb67dd969f94c7151
BDCRU46.CRE,override,3856,7b32877fb876dee59c8323f1ebb0b5dee471873c374b6d298ef1ae4d249efc24
BDCRU47.CRE,override,3776,93fcfa035fc54151be5b0a41c34b418f937dfee1167aa551599a69d23fa84f51
BDCRU48.CRE,override,3612,99f4d9c3e8abf9a64b6a776257d523199c427810e2e1f61324632fe6a84c2507
BDCRU49.CRE,override,3652,95d919665e1d1c8a8bcbb687c7dc9dfaca8efe7dd04a82f13b04605b383cf61d
BDCRU50.CRE,override,3652,8766443bdfe51ad4308ce7f4a750f6d541c390a2055fc1adbbdf4b4b2fcfed61
BDCRU51.CRE,override,3808,4b66b215054e72a2b84764b28fabf7532d70ea92fa86e10ff9ac945d9a346a11
BDCRU52.CRE,override,4136,c7a90a49181e41b82a024ed11ad7f812490841f2815177a750127191a9558910
BDCRU53.CRE,override,4104,eebeb0b196971088495d2dac3ac77f317762758a34ab067cbcb59107a5bed006
BDCRU54.CRE,override,4100,c4ffb410d59116b371115c04d856cd49e46d2b0194a29bb97c55508a0285ec8f
BDCRU55.CRE,override,4316,bb17dc98f3407d698a85eb86e8363dc85b50211029c83dc671ce7a72a68f0aa8
BDCRU56.CRE,override,4296,b7cac5708088906143ecc7b9fdbb9d8aaedd851c14013323217c54381dd601a3
BDCRU57.CRE,override,4316,2011e8d30ae4154e7cfb041d08a99353d7390d8f991097f5ff541916c3e62c9c
BDCRU58.CRE,override,4316,80637adcded4a84dfa40eb33a2fd9ba5d8141b657c25a6dd5d0fe1e72831e2c8
BDCRUAF5.CRE,override,3388,a14e2bdcf50ecbe0d4a840e611beb366090ac86e3ad2fac94cf98f485d47d61e
BDCRUAM5.CRE,override,3652,9a2b00be1d0a0e88f696089c08ef2d42fa6484fd18a970e618becf6ebdf5977f
BDCRUBB.BCS,override,3818,de26f127a9e0477f647569d06398da1f673049d7b1d48b9603d83a454d88733d
BDCRUBB1.CRE,override,3632,8a7542193e247bab8cfc6b8cf1a190abb2239d0310487e8e97285c48fdea249f
BDCRUBB2.CRE,override,3652,86519ccbedbdf695a231b56f571531e4e5d99e9782bef4f6329af9fe5fe4a981
BDCRUBBM.CRE,override,4056,12cb952924ea50134710a913185c51ec5ee4147bca5117c62b4b86fe2c901f0e
BDCRUC42.CRE,override,4080,a090df9d0201a9cda1d5de16273e9f1a16b185f1ac8bf063b81de3b8902b00df
BDCRUC43.CRE,override,4100,b28c9cc4e791a8f5cd7d6fb6bae08d030bb5dc01b15f91aaaf903af457315880
BDCRUC44.CRE,override,4100,adce7a7cbbe8d3f1bc8813cab8224d1211d810b59898e58f6fba613f315feebe
BDCRUC45.CRE,override,4120,7eb9ee884efab3f8cdb551893f8264ddb698ef7b2d6dcb6b89506b8e64c389e4
BDCRUC46.CRE,override,4160,24501ee61e77e1a0b11ffe78b5d4117b7f7822f5348bf58e90f54c9047b60b84
BDCRUC47.CRE,override,4160,c1da36526230188b03764edd94e368d84e304e888d4569e9fd48872ea69a75dd
BDCRUC48.CRE,override,4136,264d4677aa5e376121eac89a819b98d05a07b9926b9bf996988f0a7e40810cb6
BDCRUC49.CRE,override,4148,48855bbc12904eea3c9b2bf7faf555078edbd15627b5718e3bc34dade560b7ef
BDCRUCM7.CRE,override,4724,047c4a0122c3eaffb695c91bb3223194556fe8aaa467d47bedcabb5fd28296e8
BDCRUDOG.CRE,override,2680,c524e0512805a4b7c19f873ea9c3f08d59870b475534363a6d51a790fea8fbaa
BDCRUE30.CRE,override,3632,e696fa47e3c6c07c9f4c22c8f066205befcd3dd3d9c63901cc4c7944a72968a1
BDCRUE31.CRE,override,4952,133bcc5573466cc0fc33548932e4057c419c7f201e04aded8060be0b18d616f4
BDCRUE32.CRE,override,3652,8db4a27b256b4cf994cceaed6960c6f1c30b825aea9d94d06e86e3077daaca58
BDCRUE33.CRE,override,3632,f228520f5d509db18fd0d3787fe072edb339c51e5e73343973862179254fc84f
BDCRUE34.CRE,override,3612,f08b4da63158a730fb4c779ac970af462fd177a03e81d03d61ebe953c8ed8bac
BDCRUE41.CRE,override,3652,b7ac4637eb3abf7d0631a0b1f00acb094f07ba858176fb10417a72565909e178
BDCRUE42.CRE,override,3612,5b06f6ac05bd608a2f8d94f72eda611e6961b35e4e098e87854ea1eeacac5084
BDCRUE43.CRE,override,3672,8ddbefa261fe9da7c08e9ce3d198a21d24ffca4168394be80eb521b7fe6390ff
BDCRUE44.CRE,override,3672,3939ea01505dea11532f85dd07fa3efc9f22310a78e3c40881c128db1a2ec61e
BDCRUE46.CRE,override,3652,4e1ae58fee7b70d8131a145cade8e8d8e94d252c23e58b82819f60f5c81ed3be
BDCRUE50.CRE,override,3636,936450dd13dabbc677e9b02925817656a4a3e601a41e01633336691970730bd8
BDCRUE51.CRE,override,3860,f415b1363d2d4e97425b261465b390ef57140cf30a090b5d9b288757e3440758
BDCRUE52.CRE,override,3656,3fc9238c209e680d2de772067dd24671c706243074852465a4c108975c6c3e85
BDCRUE53.CRE,override,3656,882ecaed4853ecde78949d3522d1d3805f92dfc1352ac5997013237e84b052f3
BDCRUE54.CRE,override,3656,085d5300d07b327746aec3e9d87f15465f40a53bf27cbf82ad9cf51371b270da
BDCRUE55.CRE,override,3676,12e1a757b9f2f24418a72efa19f5f2614a48c6efe0354963eb1ac123e87d0ba8
BDCRUM30.BCS,override,814,ade7721bcadb71b4e406cf4d941fd0803719e8c8b41206e315a66fc2ed3c15ab
BDCRUM30.CRE,override,3612,4bc87422b0fceb340132dc6ccb9f123663e0d6bf1cfb05c9f4ba461a1ce5e63c
BDCRUM31.CRE,override,3612,9bf0d520b50932bc24a4aeb429e79759c2dcdb5cf098e4a3b8a801895554fdc6
BDCRUM32.CRE,override,3632,51c89b7eed507ca4608e29118b075ce2c7b30001aff5d9a7db57ce0b38274599
BDCRUM40.CRE,override,3592,51138b9103d750d1736a75620ff782343afe0235fad558b30559a64013b12754
BDCRUM41.CRE,override,3632,a3e4afb00788baba0e9cff7cea1417f0d8b7bd818e2d94b4828a6d741e7acf2e
BDCRUM42.CRE,override,3940,e4f04d32725d0e8e8c3bf4c02d50117ff2989a5b72a83ad7f108a17be3e2fb1d
BDCRUM43.CRE,override,3672,ec4abcbf40f01f5647ebaf972be3e849d2748d1daeb2e68f9c7cbd3da17fb47a
BDCRUM44.CRE,override,3856,32c82b235ea6b3d3f0e5a31fdf55078f002e02e072ed630ac04f95e7dd3a6152
BDCRUM45.CRE,override,3840,f07ae3534f9b82e5a32644f98d34ee714209d398c01c349f156e7c0316222221
BDCRUM46.CRE,override,3796,95c1bc20e2161bc4847f8b93953849467b6b2cfeaf42cce1d30530711a0f6e17
BDCRUM47.CRE,override,3592,252101ec9eaaed51767f213bcb00dac952b69a66e4b1ae4d8da872cb3668c90c
BDCRUM48.CRE,override,3816,2d30a031916218e9b19a1d54e89a7d5ef3ab342a3a68b95c15a2d923eda1eb1f
BDCRUMF7.CRE,override,4420,dd438144f305414376518d00bb4da9db54e774cba7205995471a7a15b61462be
BDCRUML.BCS,override,36856,e2dc7acbe1ce253f0368f1a159824a95e75e4c6402432c63f3ed4e2d4cbdb68a
BDCRUML1.CRE,override,3612,06a7c5db7bc76b6ee4d127886251a49e34334da4071368edb7c22339267495d7
BDCRUML2.CRE,override,3612,733fc72ca72be5b087f96b2c110d45412923296f80dd4ca75922911bbc6f843d
BDCRUML3.CRE,override,4456,18644ccc15d37cc42445fefac5aeb06d3be90b936dc2f39a4ee24ff97e7bbeff
BDCRUML4.CRE,override,4192,37c17674863c7464853487bc3acc5943f4be6413203a1517980efef12fc0aa76
BDCRUML5.CRE,override,3880,4a35bf2f65128bc5dddffaa8fc33dc45a8fa846a016be5ef666b392f9c06f6c7
BDCRUML6.CRE,override,3728,9425795e01e012e89263ccce47c36908f7e9e5fe23b8d47d2887223119c757d3
BDCRUML7.CRE,override,3816,db8340a3cf2ec0f0105835aa28e7039b84d17791902ed04ee9f3f81f1e11def2
BDCRUML8.CRE,override,3652,8515959cdd68dc5a777442aac74405493ef3262579c9979864e2db33fdbbb0a5
BDCRUML9.CRE,override,4192,dc96d49f40218f8f4d4e4d38a7e395957b9c2678c3fbcde0342a6c773181e603
BDCRUMLA.CRE,override,3652,93f87346b573bc2c1967c5e1058b6a6dda466bcf5ac588c94b46cc762f4eb75a
BDCRUMLB.CRE,override,4160,d64ad2e279fff1acb1236011ac4bae2410ee783c94f498b437fce7f3098fef87
BDCRUR26.BCS,override,6921,5b5efdaaa8ea28e39cf93f0d56be7b2852ccd187f67b493ea63983437cf17abc
BDCRUR26.CRE,override,3552,7dff6759795984d9099e4df4044694f91b44374efa20c670b5aa16eee05c0369
BDCRUR27.CRE,override,3572,531104335bc224e5d03cd9aa5ef9ed4544ad82ef8da43be850fae3ad9f757cec
BDCRUR28.CRE,override,3552,290fc62b4ae08c313eea01e7556daddea4977175d1f18487ce3a3b8f9f4b1495
BDCRUR29.CRE,override,3512,429ce9e5ac623dcfec2d5d42865fc221886c96a09bb34f535f978268c404eb28
BDCRUR30.CRE,override,3288,606e121af517e6dc8c691f85036b312353438b85d492d5e7d555ad3642d7ec2d
BDCRUR31.CRE,override,3552,2ea62d07a6b1459505f506734ea25a9f46e5b3f33a845d9c7cfe15cd7d9c8aff
BDCRUR32.CRE,override,3572,100ee0e3ccf3b2e456ea08371c3e59dec7a7d0d9a8e67634f29d97bd5d90062f
BDCRUR33.CRE,override,3268,06aeff1935fa8a15e2bd84026d29e4d43a8d60cab28a9e4b425b70eaa7ee43b0
BDCRUR34.CRE,override,3308,1ace198edc073df39f125fc609318d72089d99c6fec267a639bc7aba2382be2c
BDCRUR40.CRE,override,3572,4687d671c73081eaf29bc06661b016842205b52bb1c0d14932137d86733de130
BDCRUR41.CRE,override,3572,d5f97656081f39d9baf8c96c0c4bffc4c886d841aea3374c2d1d8136ede3cea8
BDCRUR42.CRE,override,3572,335c3298ff251046a68d830564ebde61f70c63674c2af98b9d7ca3a3581d65d5
BDCRUR43.CRE,override,3532,38b7038eef9210ac1fa6c610a541483cad35db424888a19c833d42079b962d92
BDCRUS10.BCS,override,3140,f40ff59f4f78a44fa3509fdfaaaab415a6a8ba036c36b734d2172f7424a5c7a9
BDCRUS10.CRE,override,3596,f16ddfe3fa7bc0ab677a9c264df80fd7a6f3e46cd353f6051a9d92242786c23d
BDCRUS11.CRE,override,3788,eaa415fd2361a72503bd74d62320c4403c040c64dc4006d1d1cd658054cc7c88
BDCRUS12.CRE,override,3800,cbda02c2e808b997632076c283ae278f0496c211ffa5b0bdb891d9a6932104d9
BDCRUS13.CRE,override,4356,f1e9e27b6bc12a61988f61bb8d58a52fdac57c8a6df541b4039fc91f89eef289
BDCRUS14.CRE,override,3856,adfec4a5ce3eac1ab7d2904818faf833ad89bb58081013f7b56fa0d4cbec344f
BDCRUS15.CRE,override,3896,7cb7a1b89dff34681173ea3cfb180b2cd6c4c267202cc1b09dfa50ec105a2361
BDCRUS20.CRE,override,3652,33c1921690a491eeadfede4acb480acf5040b537dee4a242036ef752b749dc8e
BDCRUS22.CRE,override,3612,899d41655439299536a9ddda1030e68dc4765f941efd6ea947a1db141e8e708f
BDCRUS23.CRE,override,3632,2707d2ebffaace6c77d178abceef11f50751085c7ce3abb2f288b6a5a54d302c
BDCRUS24.CRE,override,3632,481f67af73b49355830c2466c5c229adbfba4eb2538f74d7098da3624b604181
BDCRUS25.CRE,override,3856,b4ae8b4b379aee2de9af81a3e478bcf40d837b7fe9b75b81f69dbef28984c39e
BDCRUS28.CRE,override,3612,c60dc3af73fd61d4f71bd548a83b651c5ad5347427fb073f0db312f2dd165549
BDCRUS29.CRE,override,3612,43e56689e9a44ae38f1a1b01d64d92f04b277b68754cc66079da19e6375243d5
BDCRUS32.CRE,override,3612,50941130604757f65a040dd2b459595da0ad2d43250f1f25a4249da1e30a339d
BDCRUS33.CRE,override,3632,5976856b7efeb859847c1d1ba8786291e2ba1a184b9bde6f76e76394d15e91b3
BDCRUS34.CRE,override,3632,61637cb8ec75cd54cc6c29bd5e747a98bd645e584774ea4f87dd1ce6fcba5a00
BDCRUS35.CRE,override,3652,c9108c0bce9d0ca219a793b7e8cfa9e16c0e987b5d8f70b7155ae1579178bb7a
BDCRUS36.CRE,override,3612,498d8981aac7c3972c350ccc05805b0bf2f6e978924db3f361a7094cc3499e73
BDCRUS37.CRE,override,3880,0bb8c55d1cedd9d401713b499e834751ae56f62ab881d53325e5ed0b412aa69f
BDCRUS38.CRE,override,3652,ac2e3d920eee2f9e546952c4cc776a62ed26befd21ecbeafc94546f5430cea4b
BDCRUS39.CRE,override,3652,134f3ac94c52f2c900a4ffefd6c6d3984bb2c77bcd58f7a92f5bc88c0cbee478
BDCRUS46.CRE,override,3652,f79478bdca038d2b3e7b85a0cd0dfd2ddd296cfbd046bec02a2301ae7315181c
BDCRUS47.CRE,override,3652,73894466170ef6feb7678fd76006738ad675cc93532085a107b90312920a0d22
BDCRUS48.CRE,override,3632,49b605c2e248bcc9e967046a7e835117fa8e817456237d0a3e38bbc7a7a506bf
BDCRUS49.CRE,override,3612,55d9a8cb58782706f8cb89f769deb77866a1481e13f8a7b5f0c6e34f08705c39
BDCRUS50.CRE,override,3612,c4e1297bce470e733e988cef1e30efc31e7685d5e76444dfb2513ae565b39743
BDCRUS51.CRE,override,3652,f087691ce368ee8450f8dbc4d4475ba2828684e7b290ce65c46b9119777d9fff
BDCRUS52.CRE,override,3652,e5232352678d573ab251fc62faa8131c1df1ee1af31b6aa0f71bcd69f1354414
BDCRUS53.CRE,override,3632,d088b8984ed51f38c6728765df3804757461f106b644dc6976cb1948e4ea127c
BDCRUS54.CRE,override,3632,09dac6ea51e70baa43029b5f201d14f5ece2f4d00228da3a74f596f13e98eb87
BDCRUS5D.CRE,override,3532,ccdf8e109863d69ae067835817c424b03bc94184c668de20426bcf8fcb58287d
BDCRUS6D.CRE,override,3532,f1dca2c664db0450736156e9b714bfc373de9038b8e27ca0ce1447be95b0e29f
BDCRUS7D.CRE,override,3532,b85eea39c39653c7c866373de1dad72646d935d7240a08b69cbb1899337b0348
BDCRUS80.BCS,override,10066,f10fb20e7072b507a5e6037094d943c8b79522b09a082c4be3fab3bc685c9468
BDCRUS80.CRE,override,3652,cf26a61353fc3fb38cb01a2886f622df156d5cc7bf422109e61242f1e91722b0
BDCRUS81.CRE,override,3632,d2e04338ce3444224baec310c839429601128e11be35422ab618835de08ca853
BDCRUS82.CRE,override,3652,fc9a5728b9e90a4b973c68bc1c26fbde18fbef4c34c75695b913e456825e44fb
BDCRUS83.BCS,override,10058,bebdd232294e67c8f1979d34512c860f6fc50baa42a0e9376ac83cd5aafbc005
BDCRUS83.CRE,override,3612,2878e710c6b048eba27a4578cd5eb1ef5b2eb036cd0070452ecd4f7df33a59ee
BDCRUS84.CRE,override,3676,48869212deb078f8d590e4896acebcb4de042ccfd0af8e55290c92afc1da8fc3
BDCRUS85.CRE,override,3652,4dc479efbde980241e6852a6a6cbc90abdacd01fff0483e1b85669255bf455aa
BDCRUS86.CRE,override,3492,fd62b87f5dee889407aa73b6e291ae8289225497ddfe86ab7c2f2063e4ebd28e
BDCRUS87.CRE,override,3472,6ed33330f7266d340988c928e41f811e6e8da207bf4f912bbf374827fe9893cf
BDCRUS88.CRE,override,3472,54c93b9c9d7ed9d55da67e7fd0c42198344d138ef062df942b77287ce4b5ffdd
BDCRUS89.CRE,override,3492,3537162a2557a6d4fd4f564d8af5c643a207a7f44cb6c1cdc8ee51dcf16fae5c
BDCRUS8D.CRE,override,3532,16d8f8b7fd8898d77d6afcb59f914b500b47919ecb4cc715324db4491e278f8d
BDCRUS90.CRE,override,4224,50a85a3730e6370686dfecd7f08d84fd332172643893e79a00863c1645f537a1
BDCRUS91.CRE,override,3612,42aa6ac753f667a07c42f0ba790890e0a76f3985cc0dde1135ae604b362771ea
BDCRUS92.CRE,override,4356,91740f438cf0eed97192a8610326e3b3a5c2e0ed7af8959a5e870617474db880
BDCRUS93.CRE,override,3652,b8f249ece6a40c611e50d8d00e8dca3b06b2505bca2dc868c4cec351bfa9b2de
BDCRUS94.CRE,override,3632,47eb3ae1bf364d2d9702efaffc704a4636aecbaff913a39706f8cad4ab2e7629
BDCRUS95.CRE,override,4672,de2ec0831cbe98a4cb5aad07b255e003491d3322316c2a24d931d104c97882a0
BDCRUS96.CRE,override,4184,fb546f0973ea16967e5be6dcee3ad29099900b3be69291ed141e595cbbbe77fa
BDCRUS97.CRE,override,4184,a21fb2ef943506a6a5ebad6432e21115dafcb24c35ea4e0bcf28b5c4609c0ce5
BDCRUS98.CRE,override,3860,fdb707e8b9f6e225b93259ba221b80715c5a41bcf29c8a62166291bbb8c2fd68
BDCRUS99.CRE,override,3632,b82b779b375b1beb39d3cd2af0a2d8a1e62721f84ed770361ca49b021c592659
BDCRUSBF.CRE,override,3612,d71965e8adae859a2228976ce9e8e8067af3bfbc0f33afcabcb85fcfe567a96d
BDCRUSCL.BCS,override,17528,0de77699fb6375efbdfac25b08a89962fe49ee48d413c6a07d7634b2d849ccf8
BDCRUSDS.BCS,override,1637,d71693f09530162b168a2ee6ab100c4cf3353cc1ffdc39ef665ffd63a6bddf03
BDCRUSF5.CRE,override,3900,ad739b85226acd664fb414925ddef7b9a88db9e907b7ca62a9d4d4819068234e
BDCRUSFI.BCS,override,2016,3c8f27be76daf4063e2957075925b3a63f336f3d9d6416d90bb74572c1ae1a14
BDCRUSM5.CRE,override,3816,7da8af163f5dbec9fe073fc7af0d83e886e3e0ce486497947eb0b3ca4de40192
BDCRUSMA.BCS,override,15024,f6df48d3d7e869314f6f3c38d1c2d87ca0620ad77df6025837bb47c02aead4d4
BDCRUSX2.CRE,override,3612,24c5ddb0232d8f11d670d62501d47df4786a7d24f9c4b84361b918e8114147ca
BDCRUW43.CRE,override,4252,9de5da888eaa83a992f1527d0e2776c7d420937e95092ea9d2f0e755955f51d5
BDCRUW44.CRE,override,4292,c804a5ff3f1ab0d9b7eae84860eaa065509ee5c7678b79f020e40364e910279e
BDCRUW45.CRE,override,4360,baceb132a5173a23c22a8b130fedaab82800dd602a3d8cb51b9105df59bbaf79
BDCRUW46.CRE,override,4360,bda220f3adb943ab183d9dc79c92c36a49a098531efae8300e78cfe5da06ccdf
BDCRUW47.CRE,override,4340,e69d57998e922284d1abe4ea351036176535417e079fcb701cacc6de11fb9d39
BDCRUW48.CRE,override,4340,ac465d810611e278c3b74bcf8444e1df0ede32d469045a1ad1b94d95a74698bf
BDCRUW49.CRE,override,4320,1d1cf7879e7e79b6e4e798055b1a9ac39cf24d5aca0533415e4f455e6502fd89
BDCRUX30.CRE,override,4712,e8c4f1f51e6409230a54a1e3d0948ad0a954b7fe5801cdcfb9b1ca24ba928110
BDCRUX31.CRE,override,3632,0136b51cdc6ce92cc57ff73b3c9f7077f012bcd3fb3aa1ee19801f4a6721f076
BDCRUX32.CRE,override,3612,70e8dd1dfdb036dd8ac5821af60c68e3aae457d955c8616475fd0ad58dbfd575
BDCRUX34.CRE,override,3652,4e3196f1f9d8e31abdd1902cab927086747c8b705858021e2cfbd4b18bee613a
BDCRUX40.CRE,override,3612,0bc6307ffc56741ea91c70dbb986ac92dd6def8c8938a1c2550ddb03e61fecec
BDCRUX41.CRE,override,3632,b80fe5635a43b27abcaa0fddeed23a11217d0757212edbe60f3de0d148952ad1
BDCRUZ01.BCS,override,553,6ce36606fa8a4d4194d001674b0376d070c8e0dc7f4c63dd599fa6d006227cb6
BDCRUZ01.CRE,override,3612,f090124a3b3ea22a6abcdc1af63415759c4f6a2cddcfc22d3e54404bb03b05b3
BDCRUZ02.CRE,override,3656,f9cd532e5e2581c7fba11fb936e98efef8d7274a7a415b8253bdd5d12449a6b1
BDCRUZ03.CRE,override,3632,e38027f3e76b76a3270a9229a2ba10ebc5972d2dd6cd172d626bf25b7cee09d5
BDCRVAL.CRE,override,9120,b3d5dac13575b10cc6546713bc9170eaeffc4bd07b85209ece6c8210c11040f0
BDCRWDE.BCS,override,2864,e32208ef9966c60658d83ab0d8458d6e5aeb4035d5105c99ad338d6596f4ceb7
BDCRWDF.BCS,override,12829,2eb8e0e7436927ab9fd11437cc3f53e0751c2a4a85dbc18d0c6a9301e17619b1
BDCRWDM.BCS,override,12829,3442ce12d76704d130d0f406fe7f9c6971dd2b190615c804450f348dbf4a380e
BDCRZAKE.CRE,override,3632,0826f85b2eb4225967f73bd17c32842ab487c36df208b8d0438ee692067cddc6
BDCSKIE1.BCS,override,1823,8837de5180f8b17085ce97cb249880d4347157f364f67fd5feb7fa1a46ccb268
BDCSKIE2.BCS,override,833,32ecbafbfa16b9b29e3b92b0981e8fa98b8fe8987f5ef035de2b8d4f4b8c2c76
BDCULT.BCS,override,4594,2a7c7051699786dcf8bab1d8c3dbd25249f44d99d6915ab1db04b64e19f5fe16
BDCULT01.CRE,override,10720,ae3e8236e506d6646b8b8a20e925f11e3de0e1977407d0c8cadcebf1c49012c4
BDCULT02.CRE,override,10720,c3621bc4dd9b35699202819781bac71b52f45a9395a5082222ea270d7546c6f0
BDCULT03.CRE,override,4388,acb55f077b7087ee5efac95a301f2c466d32bc3defcb8dcee7856fc16a10f92a
BDCULT04.CRE,override,4388,ce913c2de89399409eee545f837fe192dd1ba30b7fc7d46b0033f7018cbfe7b0
BDCULT21.CRE,override,3612,672bb3234ab0dcdb9932c91f1bf94b50f90824f0fd6f84e6f1cbe8b1855d763f
BDCULT22.CRE,override,3612,cb325c95ea70fa13a2326f722e353126b0764d7ead4ef165e2a6b8a266d2d496
BDCULT23.CRE,override,3592,966b639cf81388b8d69c1949bc0db0386a16f580d60f92a12eb45d36938e1af8
BDCULT24.CRE,override,3532,e72ecf8e0f330012c584d6bb08440eed8c4caccc62ee7420dd9fb0f27e9827b8
BDCULT25.CRE,override,3980,29358a19824072aaf3331479e34f8019acc0c04f24ed35fa21106295786dd960
BDCULT26.CRE,override,3980,376abfc5a9c8a574650196428c23d637d170b7dc5847f694eb2704bef0619884
BDCULT27.CRE,override,3992,f294b80ab9bd4b75afe1210bea358ee9f5273e1b551cbbc82dfd6a769c121786
BDCULT28.CRE,override,4288,fa3898723d05ee2e8b62d082e275fcda515e2a9581bb6ec0bdc4d2b1192d267a
BDCULT30.BCS,override,8786,dc3c490a0218fe312e09987fca2a0db925c21beef4fea8fac8a6097d4848b616
BDCULT30.CRE,override,13920,599a513cf889cb97f44b5100539134e50405da875166308b3f9a44be48491002
BDCULT41.CRE,override,4460,a633cd0ababa2200f4f08b5643175383df221e1d7d8c897b587833d89032e65e
BDCULT42.CRE,override,4360,629d531d7e96e7aa2b7d9b3b8ac0111e8dfdb7fd443026f23fc113026f5bc215
BDCULT43.CRE,override,4360,6ba36ef8455683aafd8120599a9d2b33606f8c1989d5acd10d4900aac71edaa8
BDCULT44.CRE,override,3648,363dca21b759edd760d828bba996cfc4b04a890c72312beb229a9288ea378f7e
BDCULTD1.CRE,override,10660,ddf96c4c2d622e4a668ab8d4ff05235544eaa4db9a586eff961c57c08b53905b
BDCULTD2.CRE,override,4348,2f0d4af6965713a7a6962c332066dbf33d5abaf821772c7aab2e4f11dc0f6c2e
BDCULTD3.CRE,override,3532,5adfc59be85fb78378e5e41d49a0e7d4981ace0a9079aa38c48a18b728f3b4df
BDCULTD4.CRE,override,3552,a5cb8ae1ff0fe95994372f8c4304fc9d778e7df452dac9b2596d4f98cdb61105
BDCULTX.BCS,override,1192,1a70802ac4bf917a39046a7778800122131efa74b056d0939900d479eaeaee38
BDCULTX.CRE,override,10720,252a517fe67a948e3d2470f7d0b86cf472b7fd665a4c1c530b69286ae2b0e2a6
BDCULTX2.CRE,override,10740,27a27d3c39fc5f408e81cc4ce8e4a5461aaf9bbbdbe7a7183fa8b4552a73fffd
BDCUSRUN.BCS,override,658,ed66d97d7e8239ccd0891395faccc93beadefe36b4555ada2d9bcd8a5f5b4328
BDCUT00Z.BCS,override,3550,f56dfcb268ec5578019435ecad0ea642c782d2c975fca0df0082627302ed21d9
BDCUT01.BCS,override,705,9e2a8e76b7161f76581aceb40f5b04e095a0f03ff43b041a71ddffa5044304aa
BDCUT02.BCS,override,7453,612a25a85f070aba59cf79c18898bec9dd96cedf0f665ec5ad45efd156003c51
BDCUT03.BCS,override,3621,9f150aa2362ab79adca30bdd6c19b4fee575efd1ac869555687c97de60857dd5
BDCUT04.BCS,override,1620,24af838c4ec78097e998ae324f7bd5d0955a29f9fa5122ab3d7056e2eca3fc93
BDCUT04A.BCS,override,1091,819c99ab02b933c0e596417da2a44b9bd42148a3bac5e65cc0fc201b3de9bda2
BDCUT05.BCS,override,6514,5d8a64a8306db38398594462fd7ff6ff4e0ca2250ae711e72cb21df975f6b1c5
BDCUT08.BCS,override,15152,3d5a76a2799d973efddbd8ba1a25ac73d18ac0eb854934980c566bdf6765ba9f
BDCUT09.BCS,override,8805,b4acc5a30b9efd561c4aa2b6f30da01fd6cd793dac104bd9d38429122f170607
BDCUT09A.BCS,override,6984,fb8199f40e2753bb656e3a41ddf55a7479477c816de8179872d99d7e4437d07a
BDCUT09B.BCS,override,17753,c86faccb92366d1d61d6f9eec65687bb1b266c57a7d0a0f9fd0c9e6d2951d77d
BDCUT10.BCS,override,4270,1578fca5e1084339eda66c9c95606d3460a1c86083d667e6760887ad53178a56
BDCUT11.BCS,override,27688,1fa15fa136ca92b44a255ce090d400599bbb1a2127bd00dd033225383226edc6
BDCUT11A.BCS,override,21582,6bf8791e0914d5969cb71bdd98f918979583daef28d47b92f0e1c85f85709c3c
BDCUT14.BCS,override,44065,4994ee8322fad58be365242afe8ac3f1f61eff9b228eeeb6b1945694697f8ba5
BDCUT15.BCS,override,14195,d27f8eed44c0e5a14fc51bbf25b3795cefd197ad98b44b4cd886d91030462e06
BDCUT16.BCS,override,25914,3574d3b7123bd0fef0044487ca016457e6a57cc95e0d6adc9e993296bed36778
BDCUT17.BCS,override,1475,4f3085dd413a7ce567cf06f72e23fa6446faf88f86eb98768d6e17f5544315ae
BDCUT17B.BCS,override,1946,c33add8c94a39b5f7747d14970e64788ffede43f4b2d89016bf6ea60e98af7e0
BDCUT20.BCS,override,4081,16c8553e31e9cc92b96be04b4d6f929276ec061309489043dccde1531b65d01c
BDCUT200.BCS,override,1615,99dba872878b7a0207d21c463dfab45730b9b897e08ea616480ac18871735bad
BDCUT201.BCS,override,969,8821ba2ccb893124e9be29ab659deef9a52b604b95df3fed9c91f1d80d5827b4
BDCUT202.BCS,override,4909,ffad70c7da6eb772d193007f78f9d9736bac2e7372e66cc91621d41f3df2e26f
BDCUT203.BCS,override,5321,72c16d154b999bec462928c969b56fdf0003ae43cd51b85701e8bd6d948dbe66
BDCUT204.BCS,override,11317,fb274b57dcee6b9e80070b826ba5646f1baae86b254a96923657f0d815eb6d47
BDCUT205.BCS,override,1460,e5508950e0a805398e7f4aaf248d05a310efb107db59a69f1576895fa7a149e4
BDCUT20A.BCS,override,11116,377202eeada2659a86c91f4c5b4db5c3a5d9a02f814292660738280c78bfe8d6
BDCUT21.BCS,override,6653,e47727e748056ebf2433aec0eba5e96ce24e84d3817476c80f03031b88cf985e
BDCUT22.BCS,override,2521,6216e067c411fea9c346954a13529470911c9267beb43062378c4ff79258a8f9
BDCUT221.BCS,override,3184,f0859ba7dec16c665613e99eaccb2a06ddb1fc1d1676c12541a5673f62779e75
BDCUT222.BCS,override,1208,ab195904479825f86f1963cbbb9d436fe2b46f97ac014378a6fc184592a39ef6
BDCUT223.BCS,override,2249,df69db033a4e415d2e242a6ce3d497cadf68c749af26adfb00a1d7104a73c92d
BDCUT23A.BCS,override,2778,d8d8a471d532807339dec98d368f332732e65bd23680980a8aea36f5a4c286bd
BDCUT24.BCS,override,5750,8f7a0d98a4859df98940cd8379ef51334a5ce692965bcac63394ddcf3a2c025a
BDCUT24A.BCS,override,6193,69fdb2f08ead20b0e0f2d82852d19648f544664ffb8c9da8fdbad4306a0cc634
BDCUT25.BCS,override,2618,b064cbcc60fb37ea721a0a6718ae2ed2447eabd41a846bf14431f411e5192c23
BDCUT25X.BCS,override,2219,89751d83c8059e48cd04379ed51d360f0b7ba07c8eaef7c9d6bf05fd5eb3e756
BDCUT26.BCS,override,1210,7c16933884e47e86e72fcbbb6f33b887edbac615397b9ba449d39b8753f9ba5e
BDCUT27.BCS,override,4275,e824cecb8fb6c8e93ca2afd0e16ecb3f70c5d4912d374cd39c6e729656542a56
BDCUT276.BCS,override,845,7e0bb266b0603afc983fe1bbf7dbf9021dc9f73b7a37b6f10d845021a91deca7
BDCUT28.BCS,override,8145,f83537f95670dc2e27f6698f82842e9ba722c62898bf55bea3e13daf36d5e007
BDCUT28A.BCS,override,7410,668e81cc878fab782d2517a36f52baf620308d79c8a825be102efe3c16210f31
BDCUT30A.BCS,override,19614,11ad2883d3ae0956301af32178e3b2b00598a6cb36e21884d1991dbf5cf08596
BDCUT31.BCS,override,1955,1dae3c47e55fba184a3b07b5b8f3a4da87b94becd70ce0bbfeb2b6d860e54660
BDCUT322.BCS,override,5614,8da0a58bd8c055e607a464afa4ee37ee92bc701b859f6df1c5037debe5411745
BDCUT36.BCS,override,3161,2c64ed194c7030e9d77690e98e97ec554a07b3d64b04d40d0711b2466f49de96
BDCUT37.BCS,override,1586,12bf2d923f089d25c82cb90d773a386dbc866bac7d758c0612c5226e2feea22a
BDCUT38.BCS,override,3577,3d6cd420faae511ca4a1d506d098776b8a445646b1d14d25badb09d517f3f626
BDCUT38A.BCS,override,7266,572c1be1761b2b20c4f32b1941791a510bfe6bf44a90ed8d6f97d118c3406d3a
BDCUT39.BCS,override,7309,12e10dd603a83ec7403ad01af7f29d932c6ed454a19e4f0c41623115fed46592
BDCUT40A.BCS,override,5539,a91360c1d641d3bf21d6f10eff98c211c84800d027a840c7a94d7926d3a5e982
BDCUT40B.BCS,override,28096,1b17599b058aadb2df6201bd592b8504d5e8feeddcf0a72107bb8d76a5711e31
BDCUT40C.BCS,override,27522,3b558c1807500622651467e22d0336b0fea0888792ea0c21f7f306d9f62ea239
BDCUT40D.BCS,override,28481,70e6dbf440944c555472c2dce9578634f946123fe6ac89803bb31f0fc0609cdc
BDCUT41.BCS,override,38162,0c34f610bec2785c3ecd53fe7772b5246863ce223d3e639b5dff0b6c0b1ac2e9
BDCUT42.BCS,override,36250,ef34870b13beff400b90d7e8a2e223a42010298efd1880340e5bb368578d4069
BDCUT43.BCS,override,22124,d4a6e79907fd70265d4b3de57c8c7f72f1d9dcc498e7a1fc95006828419fd1d8
BDCUT44.BCS,override,2088,51548d74193679fb8ff2a1abf452be9550a9292613500573141e261ef3d64719
BDCUT45.BCS,override,7548,38113d4c216c6c91678e4a6b60d9e26f38699f3a895862f518a3f63b1528fa94
BDCUT45A.BCS,override,46002,367d228f8fa3b06d76755d9484f6a352e3978379bc74f2dd1b1ec6212e448c5a
BDCUT45B.BCS,override,30162,aaa1a95166e9167c980af5db96d5bf75afc6b9ad5aaec79f2780f69654b8e6ea
BDCUT50.BCS,override,17445,d0d0bf99b8220ff72184cad4591f8b650ca099e4f03da2a5246f6d74d208c309
BDCUT51.BCS,override,3617,bea2e235ffef2d1f434e1365781ea20e4a6d0f9bcbf67489252beb95b64dc80e
BDCUT54A.BCS,override,1980,3c1abdc2516994f21c32d0d37311dc803c619cfbef5a1955fec9a07b1bc39976
BDCUT54B.BCS,override,1966,b3a8d8fca4e5680c21c09e43ca3d0f0c9151b2be62aa2694d0a808dbdc5be569
BDCUT55.BCS,override,2092,3e435fd3a77ae094543981bc798985ba2c6e120cc5eb3b1fa9614735f8f73675
BDCUT55A.BCS,override,1976,0548a7f35134b4a8b8c5776337c394c701205f2c5a2515afd5ee98a02ad7de7e
BDCUT55B.BCS,override,1976,6c45884b696039c58aa12cfb199bae70782d8a97241fa7d5d0712b04a6a0a09a
BDCUT56.BCS,override,1742,0c69b63d65b84e7d7005eb0125671e3042d9d01063e26812c37fe29e5e7dee1b
BDCUT57.BCS,override,19627,e6d7686c2f5901fc2d6bb5960c217992b313558913f19358c494ca31705f1788
BDCUT57A.BCS,override,4910,d90005a5e5ce37b7dfe1b4b9d0def37d4b47f1b4a7fedede810aa239f8c4640d
BDCUT57A.CRE,override,3004,b7e44c8028bf1e5aa09c27cd7bb52775c35fda5be923794c4d508ab02833fd1b
BDCUT57B.BCS,override,3022,ae04d28b3a2d88d36e5d8a573bd4cdedb8645bfe8bf7969e0deb41b7015e1b2b
BDCUT57B.CRE,override,5932,142b3a7ebcad6e5d05651a46a0c7677ddc57421f98c33bbfcfa17cf3913bd012
BDCUT57C.CRE,override,3004,2e3991790eb73abe8fb02e6d2280513d5c698330c5f4d6b8a36d26b058b22113
BDCUT58.BCS,override,16427,beeef79057ba447a44123fb6e4dbcf9b4c9aa654488e23eb75bf6d8ded8f6b2a
BDCUT59.BCS,override,16162,041c1d0e1ebd2dc012d915328149f0a2ccd6b92e2d2a36f447b00f9e5a6c495f
BDCUT59A.BCS,override,1617,dcbf710db778122aa6adacd76ecf03741db10e29529b60d2f77eb28f9082ee4c
BDCUT59B.BCS,override,28323,62c14a235d4793f68e71ca25fcc0b207d8544bba66bcf413c427039ea0a6cc35
BDCUT60.BCS,override,5610,3cb32779bb0d3029e16e1c81ece6f81134c4f07381c707c6e62031abd0d85a21
BDCUT60A.BCS,override,12514,d1d48a625cc6280c6fd1c1b208180eed8afd134454d45554a31bebbdb78d0fef
BDCUT60B.BCS,override,6057,93f2aca863abfe43f74871928aad721869f1d08f508ea566c92a48530c8b5729
BDCUT60X.BCS,override,2934,3a5a636db178d6e928fcf657d3c2d5599f1f6bd6a16cbf9a746b5e740a3e7b28
BDCUT60Y.BCS,override,19686,cfbd6739251099e4b9deab679a412deb016b7ac4c20f8e0c2667ec8d8cf5beda
BDCUT61.BCS,override,15653,0a15ca32233a93ebc010877baa41472ba7ab02509f08eb9a0c91855779862bf0
BDCUT61A.BCS,override,7759,a4df7261fd9c48191459e3910229add4f46ac23e92e5851e45ba286b3b9e9563
BDCUT61T.BCS,override,7039,d901dedfd58773abff62bab8133e27547a2ae5658f64551fbd7741e2ec344356
BDCUT62.BCS,override,11468,e143dec73ba156aaa75ae075260148454ca9980b50b33f179992054fdd2dc598
BDCUT63.BCS,override,2170,6c94a13f672fa16235d5d71202768c4c548824f4792a6aac58b7b46709d7a4e2
BDCUT64.BCS,override,15175,6b96a01d71588b8d992d091cad34c42d2b15d6e35084e0ae7102f9c0eda12dd9
BDCUT64A.BCS,override,1957,c1549b44e5e9543dc39bf674c287bcf0f773b77a8ada546f25ddde4049034cb6
BDCUT64B.BCS,override,5436,2bfb5ae81ee1cf32128379f4e20b4c4c05e08667e57be0fa07a6e6b1083d9499
BDCUT64X.BCS,override,9296,4ee0eda91e6dabcfa03d425a89784f655c4cf05b1350a9e2e63683cd4c20b875
BDCUT65.BCS,override,5749,2e009aa55e8788bd07fcae553625187c4e0fff035bd053993b2cb771b572f743
BDCUTDO2.BCS,override,1776,c38dd5bf415695d26d508102ba251a5282ec571b151730892e398f5251ae495d
BDCUTDO3.BCS,override,1200,bc70bd33e739917b786f2815a393102dc86068aabc43a27b20ed25f36be4aae6
BDCUTDOP.BCS,override,735,5e0167c4c10d0bc6c571ff0b700df66e7a9b9c34a38938475f31922d1b8f37c6
BDCUTDRW.BCS,override,3446,38eca3d775ea2b3310e7d658166880eba1a1ea89914eb8ae802c6e19997adb66
BDCUTGL1.BCS,override,3572,043bd51a3a1d71a7d839a643ff9bfa81ecb8bb9654affb1e56b74ff2a3638696
BDCUTGL2.BCS,override,3191,c0d2bf50cb7be3cedf635d33542a858f8d83379f3741cd7d32cd81f660e9cc33
BDCUTGL3.BCS,override,3324,cc5bed1fec7f3b6ec6d86c237a319443b41cf0c00a4525d7fbb6954038f72da7
BDCUTGL4.BCS,override,3322,c174fad533679258077cf4dd6751c09f5df580190f318f1b7fa0a18078c928ab
BDCUTGL5.BCS,override,3325,aa08c1c943f8470cbab2f631f49ebe819d7b603b30559a60c42c32063f6aa364
BDCUTID.CRE,override,3228,47b9fafa05480f0b4ac5116b45d3aa7fa04f74e02e1c066c260f1a61009b4de7
BDCUTID2.CRE,override,3228,6dae21471081e1cfcda36cc4da948cfcd5ab975d05a5aa2e496c27a1da334ac4
BDCUTJEG.BCS,override,10239,4c832437764701cd3b0f19fa2fb8c1744db716d8694856a567189f739c564287
BDCUTKOR.BCS,override,3211,425f1173f78cdbf3e355ccdb026988027abc65674eee7ee2523e5ed960756d58
BDCUTPIL.BCS,override,1846,0298f050b6c91c940aca8f29db4a6e9c684a6a8037d41a9a1004fdc773dcbc80
BDCUTSCE.BCS,override,2170,a6a1c3ec6d8310ec60137cadc9730efff99c8e86dd35d55e31aed24e6309d540
BDCUTSLP.BCS,override,15488,b3da41229093590f9a0099ef42cb8a57de787b877759fd057a798602cab54acc
BDCUTSP6.CRE,override,3756,be0f61e015505c407af2cfd9345cfd2967a78300bfafe2159dd30b7cb905af5e
BDCUVIER.CRE,override,4236,634c2515df66f0ec87f7e60584942ece7d25c04a8347dc47fd400b574136a8eb
BDDAEROS.BCS,override,3010,a5e329416cf697721b282ae2741ba9756ebd48713f65db05ec6f37eec7b720ce
BDDAEROS.CRE,override,4060,bdd6778638d0f583e3ff72e7246d255a1a7be3fac812a7cff2d1822549d26da2
BDDAGF.BCS,override,3261,11274b952512f5754bb81138b5ec6631bc90e0c1bbe40280ab58369749a1acea
BDDAGF21.CRE,override,3940,23ca2672caa0ec8d79ba32378a2bdde099a57c5b9598dec3ee6c97f8d560161c
BDDAGF22.CRE,override,3920,6b22f2c1ab5267695352e1912c292a3f49f9e06ba0cfe032efa158f8e032ca4f
BDDAGF30.CRE,override,3652,712428dd81b5a2de94cae0369340a9f35e28689688eaf4a1c1be82034c478f01
BDDAGF31.CRE,override,3900,52c2c01325995f59626a724797d57e43b303eb1a90011b0b65b1e83aa2ba474a
BDDAGF32.CRE,override,3632,99863e9809eda2c6788d04e68a79661d4f1a8ab0a527153092c7c011e1578904
BDDAGF35.CRE,override,3612,f52d1cf0bc144eb3f7fda0f0eaa0354c88591d59fb5412c088ffd8266ed72c70
BDDAGF36.CRE,override,3632,522cb13b15d8557696ff770a49e64b1966a253794a169621a0c1f735f17258d4
BDDAGF37.CRE,override,3856,4aded005ed27471e28d389fa608fb44a1a1ada43aeaf54f937b9a1306db80f4e
BDDAGF38.CRE,override,3632,2d1a77b4aa847e46890047153f46c3959a5096359cfccc6b26f97aa2a7dc5cb4
BDDAGF40.CRE,override,3612,48e22dad9d32af80b6707cf6d5298e69bc003e16dfdb0414dfb5009a7f4e43a5
BDDAGF42.CRE,override,3612,71892b41f16e3224c37b26cd350dd5989f40e44f58c0e1d353471d7e34721593
BDDAGF46.CRE,override,3612,43f38517e3f3f47c1f2958e7420968c00e7690009bff876af04c7ec5ff723c57
BDDAGF47.CRE,override,3552,08acf8b8025625503a7211ac70a4569e7fa04c6dd2ae40550385024e439fd4a8
BDDAGF49.BCS,override,2824,3fade8ca04c3ad15ae2778cbd3918aa3a0a8129a750680b2e87ad6411f8c3d63
BDDAGF49.CRE,override,3612,2c892a1b3b6e41ccbba145fff6fd15224380077c9c00f8c0454cbde48687adca
BDDAGF50.CRE,override,3612,e1d763a3cd0a1504c01ca40f893f2ac870f71f43524b9bc77fb20224c05ad29f
BDDAGF51.CRE,override,3612,16845eacf830fbc317f0b118e4bba04df1abbecd6b796f49cc21fcfc570bbfdb
BDDAGF52.CRE,override,3612,571d9739d2fe1d0633a12455ccf13039a26001fa1efa72826dbdbb2e25010f68
BDDAGF53.CRE,override,3612,aec1520596831b0d009f5b0ab42913a62a00a360eaeedb910d3b4b0d668d35bc
BDDAGF54.CRE,override,3612,eae1f27c7776a26b2655fb9d4e1fd5af00120c8263d081adb1f4e5d5d88df476
BDDAGF57.BCS,override,4501,755d5313f8f79eae76eaa778922621705aac55b68af7e9a6a5feac3f31735a4c
BDDAGF57.CRE,override,3552,5c55ab07fe94788742721784911439427cfb4824f670888e93a335e874b9051b
BDDAGF59.CRE,override,3612,a976972db2458bbed42da4d37fb1907bd0b3ab3c00b111d36023bf56dbcebf55
BDDAGF60.CRE,override,3612,2774dc4af2ada4ab73202b085b02f590f15e2635fcf5f1539b4cdbe7ef9f323a
BDDAGF61.BCS,override,1136,bce57ae6ac27e09f3839b1ef122bb2eee5ebf2e49c8991b3372ae2a22ccf50da
BDDAGF61.CRE,override,3632,8cf1a2aa1a23f1a58e4891b6f25e26bf0dc5da0b36848e496ac88bf239a307bf
BDDAGF70.BCS,override,13617,475e2c6bed5d5955e2f2269a9d2bb59870c6e1d6269a2c77e52aa97ca2acc028
BDDAGF70.CRE,override,3612,e21e6fffdb806b99ec83043b70c01e8593912c34370e69197eaf6d31dff70707
BDDAGF71.CRE,override,3612,c5f338eb002c5585b57143e8b05349043b9b19e4568c6f2cf3a411fc1b26a75d
BDDAGF72.CRE,override,3612,d1d5be032f328474abbd9bf695d7592f29d4c2e73118c8222660d53e40c7721b
BDDAGFX1.CRE,override,3632,b069db075120448fbc514e408d82efbf237a6f6c6bcf6652ab252c8d1870d3ea
BDDAGFX3.CRE,override,3920,feee3fb7afc5351d8e88be22729a13b57b0249db715b5b9f753e7591ad6b3513
BDDAGOFF.CRE,override,3676,d78ae09726932da2bb727b6e6ace3fb6844531b9af8cc303b02098337ba8060b
BDDAMARR.CRE,override,3592,48671a2f4ac64fd8d9adb6d7d074874fcb64b36323af7e7a599cce9a407c87c1
BDDANC01.BCS,override,921,6e3fe0a78d2a400956d717ee640f3d6a797e38a2b23b4752269e05146d40fb52
BDDANIN2.CRE,override,3880,cf2118c1c57a3eff71f2241b378f7c6f7f8f1e0b4720475a5420cab304687db3
BDDANINE.BCS,override,2123,eaa534613f8424e8d4dfb5ecdb9d433f66cd305cc1d3a2d61785d7ed197ccf24
BDDANINE.CRE,override,3880,6818298646c6bf78c3a69a2a54e6d9f17fe7a6bb63a226ff280145d848ec5815
BDDARAN.BCS,override,2349,5ad87a6505d939934de4a9fd576760cb7ace728614b20a3ed1fcdd2ba38e561c
BDDARAN.CRE,override,4060,6e483f1251ff04931a530b99b466aba1189a9c58b47036fa118a098a46fd6d1d
BDDARNAS.CRE,override,3656,86bba4bec7c858c282076303f9acf2b90d91c407de1545d07ba734bb3d126418
BDDARSKH.CRE,override,2740,3b2d3d689f60b357cfe995a5479f3caf23f8f9b65985e2a064167cfba7d068a8
BDDAUSTO.BCS,override,2803,f988fd56e6511c93fb7e68c0a9f76213696f86de1c8804c8a2865c4184ed8d88
BDDAUSTO.CRE,override,3552,ed884d402111ec6c57df3451568a22a3f98af63b2ceb8ba6bb99e60ec8240992
BDDAZZO.BCS,override,1141,0452ef232e7349f121bb71d97571f9f853765caa63fd5742e7443ec41776550d
BDDAZZO.CRE,override,3632,9a20b1eba57105b111be7adfc5372607da19cfbfa4a2562f93a6b3d52d75de83
BDDCLER.BCS,override,523,bbeac0c2cc2422c8d83d0aee071db5708cbff5d9d7d609fcdc3795c264db4b64
BDDCLER1.CRE,override,3784,380f395d00d3945f9581c18ec6776d778a9ec041d9504b7c06a1abc602bb25d4
BDDCLER2.CRE,override,4108,0757bae552d9e48700d123190aa614ad5346419f273e88d743155055fbbf1137
BDDCLER3.CRE,override,3768,2dee8bb391eb44c20e2c62f79c6f8e610cd70d5b4dc5da8b2f7c71be03db491b
BDDCOR01.BCS,override,39050,1c7d0a116c5d9e8d30de8e8d356f6e0f8f226e92cdae96107cc15dbc570e4adf
BDDCOR01.CRE,override,3576,3f9dab8e8b7fe42b533291626c08b2ad415fc3afe2875c0c0d9c0e08175bb112
BDDDD1A.BCS,override,5254,45ac0ae99c620e3a024fa4153a68d92a1d0fe5d6e8894b518be16e850fd3ec57
BDDDD1AA.BCS,override,4537,be48ac808b5088b696b7bac42cc0ef7fae20ad9f76e04e7a04a739555727e521
BDDDD1AB.BCS,override,1715,3030d154c0efc584572cd75dabf849d1c0e144d215ba67cca40fb1b2bb0f9378
BDDDD1AC.BCS,override,4469,55480afe925e91738cec44042a388d14e0d11a4280c6c1c861a4f51e05024324
BDDDD1B.BCS,override,4013,79dc45491138c9b348cdc029ddf05dd8f375dacb3bc8103728b253f2d722f8cc
BDDDD1C.BCS,override,5731,e5c6dc87e96ee85e82a57f659edac3adf1a554a54b19e6e1bcd8ec0456ad2a59
BDDDD2A.BCS,override,5585,544071020679b7031812da3fd338583195f7472ee11baa33baa6a5091fe7c2ed
BDDDD2B.BCS,override,5255,38afafc4172a5e3b8d4e9b26177f231aeef74d2eb73d081dc5f7144f595f13e1
BDDDD2C.BCS,override,5596,c2ba3b20095c358ad685b527fba363577b85ac526c52c3fd8be145830e33c4e5
BDDDD3A.BCS,override,4167,23cdc7a00ede200ab3bf687288ce3c8347570c5237fec976bd875bb0dbe930d5
BDDDD3B.BCS,override,1760,2b3e749254c53ca54570932885032d192acd84dd5b174afa892f746386c66c87
BDDDD3C.BCS,override,5878,6608b9eee6fa242786da68427ef6f6aa125deb14debe9cef0072f494cc902250
BDDDD4A.BCS,override,4303,70b6fda837de13b2564274760cf5a31c90ee1755097d3591d97cb4c7c4d1f035
BDDDD4B.BCS,override,3740,4f0323ad6385bb133f7ba1ec00735b052393c6d0999b46884c2c131167daed3b
BDDDD4C.BCS,override,5872,1393d3b2813f73888be050d1029452ede22a8e38ea9b7862e297adb11d5aa855
BDDEAD.CRE,override,2660,b31258a2c8109e90c3cf772f13d35dad5574f7361f2eef54de402d6f766e1b54
BDDEAD01.CRE,override,2700,766ac766f7993d9e1ce28a921d0f1adc19048119d67833997fccb074082f60b5
BDDEADM.CRE,override,3208,4c1b6a745a1b9f636d318af269d335422d7f924e9736e6dbb336c917b4391b34
BDDEADOG.CRE,override,2680,b6a801aac4dc4e6ef810ba820274e8a0717a3692ca7779392b86594cb624223f
BDDEADTH.CRE,override,3188,85f40a490815f3c33f337b7215040c278cecc9091f46c11edda687d750787785
BDDEBUG.BCS,override,30757,da15214e600e5aae7849d920c02b04a1cbc1ee5e94beab8274104497690aa171
BDDEEP.BCS,override,3020,349ac60ad215f56ae49f6b613c10c9084642f33aa22386e8b87f8e2c983807e8
BDDEEP.CRE,override,4180,f6d8c3de3c9787178f6c766167ed199ab9158d6d9cb849372ced073388979d54
BDDEEP2.CRE,override,4180,9ff887ef7db48ecd370ba7cddf33550357560e842fd6c1b4da738f10bc440dce
BDDEFAI.BCS,override,493260,009c485340abde33ac6c6022d1ad3682be23aeda72a8934d1f7e1bd8c2e4d4b0
BDDELANC.BCS,override,6223,a1b0174afb914f9e1ff7872389fe7f3a3a1d4cedd2f647ea1fb0ecf5c6037556
BDDELANC.CRE,override,3752,d1354953b1b2c0f7263ebdb904c43f1dd8c6ca7ba5c74c78ef8a7395457130f3
BDDELEND.BCS,override,3376,606cba6a8f252bc04f785a0152d68d43c08b4b7f010b83beaa8167e15ab435e1
BDDELEND.CRE,override,2680,b719f232a3817ee27d9df90b564fa3bb201fdcffb325dd1c932d3bf0c65e833c
BDDELTON.CRE,override,4292,19a5d4600547194110f8493feb4e724a9aba436557016af0ab949b2699275aea
BDDENELD.BCS,override,2831,1b8f33237f32084f4f234bc9bda1756df0d7faf282d71d791e714f3162b7cdc7
BDDENELD.CRE,override,4328,0c2c3b380ebe08a5b5f4b269efc15ea180dab8005ba6bb48ed25e90399a66ed5
BDDEVAG.BCS,override,64583,d40ee158ca5a2dcacacee81ee4beff3b9b7943f69c3b1c69af42ff70cda41b83
BDDEVIL.BCS,override,277,93cc09ae80c0254b526692b226fbb60494874d18833e52fe980da153a3c14a88
BDDEVIL1.CRE,override,3004,7ceb370b41b8a5078108e5db05c138a09e9c83877b88413cc43a9209c0cc9aa8
BDDEVIL2.CRE,override,3004,1d538d45c73eaa52bace272e61df2af9a208702904feab89deae8168e85d1b31
BDDFAILE.BCS,override,214,c3aec280b6d5373941b49d9bb701048317d2654f86b560f008cdb0af6170047c
BDDGOB.BCS,override,1101,1e8ca321c050eec0570a145272dd7d82a5891df07cf985281637f788e95d2f4e
BDDGOB1.CRE,override,3980,58c6759e3b888b3a0368c8e126060b8d71e7569477173f81c97774b7f40164a1
BDDGOB2.CRE,override,3980,b229ced4ad3ebff414c19c73f234192460bb1a2a148c3a052b31662fc9faa7de
BDDGOB3.CRE,override,3980,1847625f4ee14676eb50907c36f24d7a64b62f71edc6842c660b5b67b7b6cc7b
BDDGOB4.CRE,override,3980,77351b93b4dac4774d2a1aa466d7fa3bcbb35f1588381beb018c2aa55af665db
BDDGOBL.BCS,override,2634,2050fde9d17f59112795d53fa2d2c753f7bcceda14606e0dc6c7b6d2cf42707f
BDDHORSE.CRE,override,2660,9a2c89f97b49a42c5409ed702f2f2950a7c8fbe46adb8985248546b3ca1e478e
BDDIRLA.CRE,override,3552,cade37befb0e27a85a3c4965d0d401e28e8ace729375773428663aa03c8e058c
BDDISPBE.CRE,override,2680,e9518f2101c1c4ac0f318795403a7467a55f7517fc10a635b868b83f084bb354
BDDISPBP.CRE,override,3472,b8cac3a32c2881eb37127e9e68555dd6aa70741e37b2fa4ecef5ab0dc499c5bc
BDDJINNO.BCS,override,39063,1ef298d62c24b252fb6050f8851b162af074ad7862ce5322299517faa2aa7716
BDDLICH.CRE,override,4712,94d55887b5dfa4efc4db8e3d0e009ada456d40881738e36d6950a66c49fa5f14
BDDLTRAN.BCS,override,7506,16c172680420a58155652984bad77634ec09818ffee5d5e75cb16a131b9304ba
BDDM01.CRE,override,4336,d6afcf3aebc54ff3606c909973711d233c67aa6866b0c634b8a5a4a1aafd213a
BDDM02.CRE,override,4316,e04bd6f9b45f15c98dbc3b76074aa1312007ada13f6ad00b815c4db456f6310c
BDDM03.CRE,override,4268,f44a9f3a5ae9f22448a7222c7e6b949e99d725682d36cad56ef72ca0575e4edf
BDDM04.CRE,override,4312,2c889e2dc8558092eb21da814487c3f375d28b6f23e79ba2eeac4289af8c885b
BDDM05.CRE,override,4312,bdcb7d14c850a854a5b7009aadbfeedc7ec953f0d6f068f0d6c9d2b96264f69b
BDDM06.CRE,override,4360,cae34f6ea0d219125f9f885a8183671eb8eef9bccd22d19f8220aae2289b40b9
BDDM07.CRE,override,4360,465bfb379bede027bd531df288bcce777107ab3694dda57b74efbcaff42b4585
BDDM08.CRE,override,4316,d128a04fcf21e1679d712353ea576cad59b7d846017a025df38de839148711e6
BDDM09.CRE,override,4312,385394206b52a6204ca01983c28de91ce87f8faf0a26a41e4eac9b4c7d267a78
BDDMAKGR.CRE,override,4040,4755ce3500ecced53bcf637538d97969796566204b5bbabb42a578313274b378
BDDMSH.BCS,override,5528,634ba8bd615d9b01980ee6874bfa8793906a88ce5ecdc627e3d406aba66f1d60
BDDMSPWN.BCS,override,2292,ee2c7e8d94d0fa1aa4aec4ecbb1eda6094baaa5ead3f7c33039f3d723ba80353
BDDODWD.CRE,override,2660,80cb966f422e80521bc9338cb4a859efcc57433c11020bf69c0358b09831c81f
BDDOG.CRE,override,2680,64bdd011b75021ce21fdc4ebd253938232f303cae31b0496e0e7e2cb27f5b829
BDDOGW01.CRE,override,3208,e0685c9c223da47de4dcd5f5efd30ea1310d04010f57dc4aa6cd18158d279283
BDDOOR01.BCS,override,1340,bebff9433c233573ecabc169c4aab02021a94dcce8a80e79f4a34f8c0f904427
BDDOOR10.BCS,override,843,9008ce72f55d71f8f574e16add512ec8294d62293a9464809b51f2ad9ed3db50
BDDOOR30.BCS,override,5437,dc526842ad7c50bcde4aa14c84b5cfd5ff75742d959ab16fa8b099f59ee90f8c
BDDOORAV.BCS,override,1412,b81bb9d7ff0b048c315d3df27afe9b0717635e848c11ab7ed1b69765f4bfcf31
BDDOORCH.BCS,override,4773,149a49a3e7df383dd34baa0e1947368efc5c0a2c776b34c94778932e4fd23da9
BDDOORGC.BCS,override,343,6ab6fb691c2a22e78f079b4c1f51c2c5609624b60f60a0730f2206e72bc584e1
BDDORN.BCS,override,43361,f5e63a22c22445b2f8452246677cdc2cd314a5e55c233bb4e8472b33ce71a115
BDDORNC.BCS,KEY/BIFF,21728,fa43cac0eee48484fdfb9c442b637755de0ced6b6873ecc053beebe0136e2d06
BDDOSIA.BCS,override,6060,f1be4cd1de9bcfe7b3ac62abe67a9a26b5ef0032a6793efb725c19fca9d60faa
BDDOSIA.CRE,override,3796,f573613ac88389b9d681cd191d72e4cf474477f9d3b9ff6b903411d26ef82e4c
BDDOSIA1.CRE,override,3796,03c32f344031728deef2bc63d3204abeea1762192406f59987cc08f51ff14e11
BDDOSIA2.CRE,override,3796,650c0e2cdbddccb70a2f58fc174e765809bae61e5a3a6c5b78b48c5adbd11245
BDDRAGGH.BCS,override,10044,51adc6583047e79b3f4e866bdf13039e424a2db49257941d22f66c16b8bece5a
BDDRAGSP.BCS,override,3163,74a36830223efccf274461d00f7dbfb190a02db1ae8e8661b9fc80b71e6dca92
BDDRAWBR.BCS,override,3004,8cd10a02fdd58e1aedb734111e5695bbdbeeccdc9526def024ed3cb46e9941d3
BDDRCL01.BCS,override,99431,27c1a7374a166b6f4f4ee715b2168c0cb1cb7581a5c82bbc0a7374143ed2ed90
BDDREON.CRE,override,3672,7a38a96e617fea70564e0bb8bb1a2165341824bb9d13879e48a917001da1fc0a
BDDREON2.CRE,override,3652,df074158c97fa9ec8c9b15fc4f41f4791a8782f36e20aba2a340934a0714aa21
BDDRFI01.BCS,override,44538,e983636ad3ab3e70cc021a65593cee95f989f11f82777474912717919d400620
BDDRFT01.BCS,override,42261,031c5a3480e91bf0170920df0a68760f7652bb4e529af99ded6667ba9981fda0
BDDRGGRY.BCS,override,5899,0b0b1c8bff393c8aa07a3484fe5a6c337665d8bbcae7f8754611774cf64e8bf4
BDDRGGRY.CRE,override,4284,eab8d973ae9cf5c6ac5ce3db4c5b2a2d2ae186b4538e2d2ab86ac86c6c687714
BDDRIDRF.CRE,override,5644,af988786983f10ca3c67ce39e219c4b7bc83c4065ecd81d90ce191eb5313cf3e
BDDRIDRM.CRE,override,5532,74230d43a1eebd04795ac2d7195b83383e00b68b332ff269c2fad3789f666ab1
BDDRMA01.BCS,override,156846,c1167240724e695b9acac3c9e7d3a649877f267eb56fde0d9393c6e5763107b7
BDDROWAS.CRE,override,5856,10ac66e89df2e0d74a874b96cbf3699ce302aee789b364210462af6524e4536e
BDDROWCL.BCS,override,30971,1afc23549a56aa14f59d0a449de3c8d843f04ed9ac359e81ba37585a2dba395d
BDDROWF2.CRE,override,5040,1f406938e51b11872c7f4c2873f56287f8914d703b9fa7305f6b81b8e9d3661c
BDDROWFI.BCS,override,6041,b1550bc3c5fbb68a0d4bd3b059bf96e3c86331d2a14e1478242b7922dd6a5b6f
BDDROWFI.CRE,override,5332,c241f6bc50d7f0a1309f9f7139649b636d863acb6af8fcb817286866d0db167b
BDDROWFM.CRE,override,6008,c947e6a3e9d3c6a0cf6ec6781bc0689da2665d787027d02bbe6c2b34347d38a7
BDDROWFT.BCS,override,15016,59c76b577e44ad30ba28eb21dfd39cf1c8ccbc1d7a6a5e707c661e3d07ebe7c6
BDDROWFT.CRE,override,5968,3ccd1a1f42d006f72295071c498d9e0757a4f328849cb80074915cb42e010ce5
BDDROWMA.BCS,override,25720,3f8520811f660be8c32d3419f2b9aee0c0f0f71540d1a1f0c5095204fb75b0c3
BDDROWRU.BCS,override,3651,b1dc5ddeef3b4da9ccc96f8f80d40beb971fd28906df073f0fe8377a797d0a8a
BDDRUI01.BCS,override,68306,72d892fbbd90fcce36f97d176d9683832b5c484aa969b17e072ddf3bd6199620
BDDRUI20.BCS,override,24674,7d60808f610e778ed2de57419c3e3f14d16a87ddf6745bd255c459688f150671
BDDSARC2.CRE,override,3652,044461b8b4234ea93615be261b3c4166b6c80cc14272fe8e98a61494d3fa3f6d
BDDSARC3.CRE,override,4184,a5d99f508232dad6074cd7fb4e0c1a90597516ea0c1a9d7387e6647daeb9c500
BDDSARC4.CRE,override,3592,948874dff85c122f56dd9f0b084a280b7ca4c4fac469ebc7fa9559f8750b09ab
BDDSARCH.BCS,override,804,f9fe77fb0ba47871171767051507514b45a21f3fa104a6b6ad97e6e84bf2264b
BDDSARCH.CRE,override,3652,bc36099b4c95a7c74e9d8f9a61401c60044c169369e19829b4cc238b81ccf912
BDDSC.BCS,override,25971,296c28852e1b21f384472f4a4a24e1e190c48bf5ea250ba478568fbcb12f919d
BDDSC2.BCS,override,3798,5c9a346cb9e60f528edd30fdde82b90a2c7f39db88b735a5c9f9f1f3d5bd9209
BDDSGAT1.BCS,override,16523,473ed362c591256b2b7c9c3d50bb445e0e8db54dab9e80e0b176768b9e19896c
BDDSGAT2.BCS,override,6679,ded95cd09a7223ffd809d70a1dd686f595a2017e8ba6c804ee14f4020ac930a4
BDDSMAP.BCS,override,2019,db3abb1cf2bf33b9a6171bc0d04e2b8a1a664ae6b4d0e88e28952bf1c47bfbdd
BDDSPENS.BCS,override,1524,95614d66b380f2771d20aadef0e54ee89daeffc3a4632861ea8a630a119c19ef
BDDSSEN.BCS,override,4247,82114580915076b8255ef77a55def317b1e689407d3817e1d588e32d11249bae
BDDSSEN.CRE,override,3632,d4f02c9669aef03ab76bf156a9ff7597cce4d02f68b0a84db90fd610239133a3
BDDSSEN1.CRE,override,3652,92f2c2d0f8924a21547cc25302f3a1bafa0ecb84f025d54dd32ddc9b1d028341
BDDSSEN2.CRE,override,3612,eb1a35996dbb4fe0319162e31b874f0297d08571ffaf775b32d93e7bf5cc23ef
BDDSSEN3.CRE,override,3652,2ca42944078008888fc3e31e87ed587fbff604fe86df07415ff8e128156b045f
BDDSSEN4.CRE,override,3920,257fbb89ab0e994f42343853a14dbfed164559a7d4658833fc7edb0ba20738c5
BDDSSEN5.CRE,override,4068,90a03101f9690e675623e6f0f87dbcf84b2a4a4fcf11cc8900254f5a50d81c7d
BDDSSEN6.CRE,override,4036,36b8b161afc2d9516a7d87d55cf81ef42b93d0c5903c874bf2af73a4af1fd199
BDDSSEN7.CRE,override,4192,69e5b94631a4361b2d95a327010037f63cc33289d99b4d855c938411e8e71ec5
BDDSWALL.BCS,override,12187,e4d4ae935acef1f7feb72bc4ee33a8c869449fee69f8d68e1117472e1709b30f
BDDUGRAF.BCS,override,1184,e5464d4e3a63caad89f8a9c4a4d042b2285410728f4d54e6f37888b630fbd35a
BDDUGRAF.CRE,override,3632,e58234ee4917c6e26e0b96b785f81cd67a14a48e51eb39a9e8c154b776aded94
BDDWARF.CRE,override,2660,696ed798dbd547966e272afa1f519d7276a00d0a26bfcc70e7d3ddbf38c2531a
BDDYINGM.CRE,override,3248,e1b6267bfb7048043c5772e9273b7ca3f6a6ceb7b7a0337af492653f2ef3a570
BDDYNAC.BCS,override,123180,ca47944494b358ad4a43a9592632a5a030ecc1141ba8470fcbb9fb68bbb7bc81
BDDYNAHE.BCS,override,64577,2dbef65c6b2ce6fcfba7af7e9e127d6af649ee65e63021ed73eaec05b892b99d
BDEARTHE.BCS,override,4587,9d4c40480e359483ae2b6fafc2ab626560604662fc04f185740b8b8da5f4f767
BDEARTHE.CRE,override,3108,894763afa7b1212583060ffbe09fd9e136e643ce63ac0ff9643839494553af05
BDEARTHG.BCS,override,3149,4f02a1caf5b88884b21056b59d7ee52644e3c52528afa83f3c12c60b49e7e03a
BDEDWIN.BCS,override,53163,31a198064266e0e48b52d606d7bd2494a497ef129b4666e7abf361d8b37e0e92
BDEDWINC.BCS,KEY/BIFF,134516,868e057eca16a379b971ba7c239c42744bcfcdd4368618cb9e81279d5dd8d34f
BDEFREET.CRE,override,2836,b0c8776da854c76526635c179109958973e888d9d06b0eddb5535bf29ab87db3
BDEGGS.BCS,override,319,e28bb590ab78e6401f6d9311e109976e7559ba86032c35f375c5def03fe4c05f
BDEINER.BCS,override,1798,559a710075093b0666bc94986071d424ac566bf9ccbac07ec0033306d828c10f
BDEINER.CRE,override,3820,6bbbb313a553da0b41358de0beb1041e6ddb4800d7d80baf469ed3908eab84b1
BDELANDR.BCS,override,2825,adfbaa4e8f44e3949227f436e4eae796cd80b90e3f2add5a3d09bd315270e707
BDELANDR.CRE,override,4172,9dc60b21fe5d145ca724443e1b3a6926d5dd3bcf2221fed91ef7832ba5b353da
BDELDOTC.BCS,override,146393,38eb440a2e9faf46429e96ec54a0e77fe6c6d34901241916d0371a1146bb4126
BDELEFIR.BCS,override,1896,7686a880aafe03370db90f3cd3919185747eb9aa8283546be49037048020774f
BDELEV01.BCS,override,3725,26096fde1c94934a0e05378dbb9c1252ed4b75210a96f3a74fbd2e6efc7e0cf4
BDELEV02.BCS,override,2645,981545bf5590c876c5aae86f26cf6684083b917fec46ffbffc64d19261b18d86
BDELF1D.CRE,override,2660,d8f9b5ebe54c3405c0398579c21fb9d096a3f5b9f1b3bb3b1f83760d0a05073e
BDELF2D.CRE,override,2660,d8f9b5ebe54c3405c0398579c21fb9d096a3f5b9f1b3bb3b1f83760d0a05073e
BDELF3D.CRE,override,2660,91b3166d87d8d2962746c82440a98a630fb4c37b04dcf864ed1263afebaa3cec
BDELF4D.CRE,override,2660,cf67b319e3c5ca05041345ce7cb2224cf839cd10bac7cd0f23eea5a496527d0a
BDELFIRG.CRE,override,2700,9064252d1fb825c33b1a6e791ff1ad5d9265071e787e604d4e4ae7c2157d9662
BDELFIRL.CRE,override,2944,7f861070ef1dcd1559f5625670da57287031e3d75b6db2ee369262de10fca8cb
BDELFIRM.CRE,override,2700,79269f9ce5af8e3f4b8b6ddebc147a15ba5f9c1cf2921a3011a352f19c20f08e
BDELFRUN.BCS,override,11317,168b7769662bd5ddc2a2a35f863efc5cc6aed75b1633e7761bbe831aee093290
BDELTAN.CRE,override,3612,1d97977d8bd295a44df64021a12f2b3b56f3e34c5b66e63ec6b3254826816f74
BDENDLES.CRE,override,2740,fdb4b50c72f9d10d3f0b6b7d587eb725eb6ce6ada7bb25e778707837b56e57e9
BDENRAGE.BCS,override,725,39962359f8701421a4d8794ab9bd2aec7cb6062f6990869dc637543d34252efd
BDENSHTV.BCS,override,10546,c72e2b9e45da088d3e5ffd8fbc192a4e4e5ab93af399c48664e47ecd367c7fb1
BDENTAN2.BCS,override,4443,31081f493db543c1fbadb00ec03e1f67e0c46a1e8974676869b40113144c6af3
BDENTANG.BCS,override,6311,7e3cec7affc94680c4d25098bbb14e8701c7a09c94793e7d4a7e1bdd92ea5d16
BDENTAR.CRE,override,3896,faea49e95b3af686ffcd2ce227fb6b6c8a6fb1afc00c9b8aeda7b6fa79341131
BDENTRAN.BCS,override,9344,1ff535aa763e0a46454ac0886d12182303adf29b2a8cf62854aa9cecd6579d79
BDENTRAN.CRE,override,3004,31a0c07212b850c3d796346d1559bb2c5ac7e92f95c6f6c221f4a53346b03486
BDEPHRIK.CRE,override,3532,da5e0bc151a63f463a06cc7c1798264ecc270768e23784b254230101ab752850
BDERINYE.BCS,override,62125,f233508f668b59e5254f7cdb5ae9bd268ebf7477bc71f5488157a5d501b37910
BDERINYE.CRE,override,8892,ac4295b57c3fca546119f4556e89c469de596e7a793466e6bfaa2c684615c534
BDERROR.BCS,override,215,4e62b90a9182caf60a477795e22bf8602dc35b139b7544a853dc1032fb0bd839
BDESSERI.CRE,override,3644,21a34d2b795e7033e726de914397503da631ff3ffbc3256df3ce5eb29e6d3acc
BDESTEBA.CRE,override,3612,fe260ab62311a17d26afbf97d6b01f95e53e6005c5134a5ecd1a409f3fbd13bf
BDETTIN.BCS,override,5398,0d9243722d192ca2feba1171cf4aa3b11126f445a396ca80c59711359793e463
BDETTIN.CRE,override,5140,985eebac42bf9209ad82d9f7a70ba7fb622e572d5748b3bd7c879f84c1db99a9
BDEXDUEL.BCS,override,10518,c087c4ad961369ebb221090106e0c036f0a8e75b90f18d861de7ced3ea47bec1
BDEXITBF.BCS,override,2241,38168fe76c35b62e064590f31e6a1e1a08c66aeee8d1a5a60dbd7d22b7140d36
BDEYE1.BCS,override,694,f0a3f76258a16456ecd1fc057b64be3f697d0df1d214ab750e43671ef44f6d16
BDEYE2.BCS,override,694,fa21034dd7bcb4675d8c893f09d4dd900aec4c15a5808968112a7449de73cc9a
BDEYE3.BCS,override,694,4f064d0d36e8d93e2343db94a477b65300db4380108b5af469e09e121c095214
BDEYE4.BCS,override,694,449e72591c80886d39fc2f5f45026bbfe0fdb869c17b19974d5c27bef01176da
BDEYE5.BCS,override,4976,cdf2de82c094b2d46f6639d4be543ed87e67f390f214537d9e4d9ec7d831dbd4
BDEYENE.BCS,override,696,03b98e51e0fa5d35a02bf31c86310ae80ed13693722a3e72a1416899c12eed01
BDEYENW.BCS,override,696,9fcb32a84a3de282f375709ae73a1ade9cb5462607aadbce16243803af634ed3
BDEYESE.BCS,override,696,d1267a77f26d60bcdbef6b3ee11862eb0e8e8c7aeaaa7dc8f95d817a707e42e5
BDEYESW.BCS,override,696,ae0e760a1a2da8f2e6fe79bac8c8fe52449e71ca44d09b26ba3e9b51fc4368df
BDFALDOC.BCS,override,68163,ca741edab874e88d06334dc8b7e6da09b96d464178c93735b8142aa4b3cb376f
BDFAMAR1.CRE,override,3632,49023730aa8ab3f56a1274b1bb91e4c58c6f41259f668b418e00ac3049da7e78
BDFAMAR2.CRE,override,3632,e6874385b5066d6212b94157bec3b19c1d760546c70be1470974e31193c90496
BDFAMARI.BCS,override,3660,06a6e047f32a68e0a68b7f0a8a4505841c904b657deeaab05b8bb3c617e4119b
BDFAMARI.CRE,override,5176,c4918f463a6ca0cce938a28792fe9b79d0332882f6b3813bf09793748872bcb2
BDFAMCRU.BCS,override,2125,9e5221ffcfe2b29bad1f1b5d6eb611299b5e5e867bb8ef1a1b728f2c8c28e725
BDFAMCRU.CRE,override,3632,176e07bade114ff2f1494e3d9ad746a12fc129f90926106e7148acbf0a33a691
BDFAMILY.BCS,override,1828,0c29f420d3867af67f57113ff759352991591be154e50225371725efac60173b
BDFAN01.CRE,override,2660,6aaf7d1429434fdd5d9094d467e75b9049f51798dd44333182aabb27f445dda9
BDFAN02.CRE,override,2660,15b7f5cda11ed42b139cb5bf5a7593b1dd432fc349e17adbeba192c5fc75a477
BDFARRL.CRE,override,3876,2b2297f591f0f36e4aae0bc6633d1fdc10aaa3eb2d12e8e6b0017b4ec65e6b21
BDFATMAN.CRE,override,2924,08cca4480cfd84f040afeb9ec7b3cb134332db4be06ba87f5fc3346081ba71cc
BDFATWOM.CRE,override,2924,f8d40db5a9e8a747101df3fe4792250f698958cd64144a5d07f2e6e3e6cd6fec
BDFCLE01.BCS,override,107196,8b9f646097f99aa893feb3f90b6adc1cd1fb88d7bf045d71cf50fe370605585a
BDFCLE20.BCS,override,38195,4d1da55d3a00b38c7054063f20b74e1e2c06ca04ee564f75f98c5b62fa9e77c2
BDFENSTE.BCS,override,428,4f45908b8a4cd03bad4c64e6f5a265d6f807d10eae91bd540b19431eeaada8e1
BDFENSTE.CRE,override,2700,3241e88bb6cc8fa997d4b0f1644c823bbf0a3c390773b4b6d56671e81b6379fa
BDFERRUS.BCS,override,4388,b65e8119ff205d725a2727fbca16f309d5a10e468a495fc43467ebb94a74a9bd
BDFERRUS.CRE,override,3920,2ad25db7e8050d4a4a1b0ebec745566d23de395a3d12cfe03e6c2f60d798babc
BDFEYR.BCS,override,11019,344e87f874e3d1e814d1323304b592958cda6658f12be8ef2ca38f1339f607c1
BDFEYR.CRE,override,2944,f5805f1aadf61a0f8902b5d161eb92f6302d440d29feb7cdacc32fe3c84f2c32
BDFF0010.BCS,override,1117,f9db7cff37fb50599aef85305d7ac1527b5a1d2ee01ff78879eb0b84cb77cee9
BDFF0040.BCS,override,1132,fe6a73f65a48a73d31252490dce85d32772cfdf3326b48e5c286b95951bf6a52
BDFF1000.CRE,override,5264,36104381f527517facba624d0f0fb9b9ed2d7613403bd69ae72ab962279b4620
BDFF1001.CRE,override,3876,54732ba73c732d5c9dc41df569e33611d6b66941623e34ddf7c50a818fff0059
BDFF1002.CRE,override,3876,c7d22574a1eb186577b2b527fc3f9454b5be74daf696996656c29acb6082585e
BDFF1248.BCS,override,291,54ccec6655da57a946b723befe375e87a009ea3a9c28f4dea9d10c9971ca9a15
BDFF1271.CRE,override,3652,23cfa668fe9d79b2f2e063e1ec0317baeb3a3be77598b011fb471517abfc3c9b
BDFF1697.CRE,override,3552,758aa0e76d0c57cbac4e790b40d7838e10a51fcae25baa8409e67b2ded9518ee
BDFF1709.CRE,override,3632,338622fe20e7db3e8fc3a934ebf7cd362e7c052b3b10a2b32726406de22ed5dd
BDFFCAMP.BCS,override,11783,94a0899459c35003b731c9efaafc17a6a684a351542b8836ebcabca5a6b6caf8
BDFFCELL.BCS,override,2623,f5420399fb6fccafc30294e4a2093645bc1bbaa7c184b95465500dde6d7648ef
BDFFDEAD.CRE,override,3288,871b2575c13856baac364f52e4c467985832687887cc9c893a27c41de5178cf0
BDFFDOP1.BCS,override,4617,ab80454291979ab6444122fdd0988f3ed0d35cd36b5f116e108a81ee3b3a9681
BDFFDOPP.BCS,override,5195,26b2e1792911cb83ef3dbf91bbdcce1ce1f1838a77afb2b3c473206d96afc109
BDFFDOPP.CRE,override,3288,9b6a1d7c3f4589fa02e7928e4376b4d6a8491e7169a969a31d4d07cfad459164
BDFFGIRL.CRE,override,3552,895e9982c0854b32ed707ec1c77d18980f6c7f3c8e1d3feb9e3656c17555b407
BDFFMAGE.CRE,override,4316,795a0ffa5a35a2553ae514fdcf1c6158d1e590e77f5a2b80aeea7742397550e2
BDFFSIT1.CRE,override,3288,4e7f5b1d6725db038630bea5ac5d8114647b99f11c7d91f6e5b7b05ff69353ed
BDFFSIT2.CRE,override,3288,b735b17a9d5239edeafb65824ee18f8e9f794f8f6d8351eb4318abe5e9bc2676
BDFFSOL1.CRE,override,3632,7b3ef2e9f486cc99a214609f7c9c550136814c101c851e590f6c0265af978b46
BDFFSOL2.CRE,override,3632,5d250ab65f81a85b0e62e2a94f45e9c7648a881cfa58ceeb1fdd7140eae8a8c9
BDFFTRAP.BCS,override,590,d5c8a3e1227e325e26db870790414fdd620ff2c151cf2f9a582cd1a877688d7e
BDFFVIDA.BCS,override,4883,8e0fcf06020850822ea5e0a3dc81fba93938db37ed29d0252d481115f6dc6307
BDFFVIDA.CRE,override,3532,b06ab8a5cb2dcf5f226eab1a36be48d6557200e44c9ae76eb8fa3a8a8c647b38
BDFFWIZ.CRE,override,5848,88fe3f5b42d46b0f6a2bf91941557ebc3165570b6608bc4e2a09f89d78b4ec3e
BDFFXXII.BCS,override,948,24fe7806bcbee5a4071cdf042649089217ca1f18d1f61c3b0be1d44052aee13c
BDFFXXII.CRE,override,3552,8b2bfc8d3dfe21f7a110ae9040556cd4d6588d889e8f466996b0e57c94e16a6e
BDFIG00.BCS,override,53974,a7dc6d48f7f59796dc6faa2a36f38d1df7b50800ada3cbb055a26d4d0f002435
BDFIGH00.BCS,override,437,98e9343b3199102e95d3fe9bfa4848766e4095cc390d77f5d17aae731866e072
BDFIGH01.BCS,override,36473,4c7e02a1a14254b43b4a5b9903a4477ad3425a1f54a78969f3779fedb20d9872
BDFIGH10.BCS,override,3483,fa34878d509f1438b38c8aae18f1f66e58bacea5c1e4b7a44334eef9b67744b2
BDFIGH11.BCS,override,5554,4b2bb6d82b29e1b936efbd427c3c11144343ae16c95b16bdd9b3f19a0793c4b1
BDFIGH20.BCS,override,4655,b57af53d53abd021b93fa12c760401cb3b3c64d32c445f73b324e1fee34cdc11
BDFIGH21.BCS,override,3620,dcbb47d5ed357c615ac59813254cd72c234ec89782430518e3a3b296753c0d56
BDFIGH22.BCS,override,4775,1f0de0d36d75730028a031d820df2c0a44fd1ebb792738f67fab5bf937cd9a81
BDFIGH23.BCS,override,3500,cb6e21cab36dc46992bdfc616e5e1add96614860569707a29dc072da7d3beb83
BDFIGH24.BCS,override,2464,4695f108f229b2807066faebb02cbd40d45cd2b44378615c17da8b459b3dc103
BDFIGH25.BCS,override,2464,43c673abe6121d92f4b67a01d64bb2de727807359f76969b962edbd31973fa63
BDFIGH26.BCS,override,3620,dcbb47d5ed357c615ac59813254cd72c234ec89782430518e3a3b296753c0d56
BDFIGH27.BCS,override,3619,464f2938c24683275645d93797785504007dc70d3b13c34bb716792f25c707ed
BDFIGH28.BCS,override,4855,4890fbe6019f91964e3644f6297f2a17e19cd7b72ad6e7a76a53d1415074d00f
BDFIGH29.BCS,override,4656,ac5bdd59bbb74b24488af6e0fc65ace7a5b2065eb2bd318ae174c61e6dd850e7
BDFIGH30.BCS,override,10152,8929ada1ab3932d8de00387e75b862bdfe20e34f466034171265689fee99aa25
BDFIGH31.BCS,override,4775,19a072f582465f073ec14efd211c5b0c92f0e748a4fa9efa710a5d99d4a8ac3c
BDFIGH32.BCS,override,4655,a0b5f58bddd7a85f820141800428e5279aa4d45a8044752d1a9a9165592f2f7f
BDFIGH33.BCS,override,3815,6f8de7406fdecac478c64b93bb5e29df40602b28be0f335b6811375b93d25b97
BDFIGH34.BCS,override,3700,35e28c6a2974aa09f0751f8dbf5d9a93068df4471379ebd076ba2bc2a7f4b5ab
BDFIGH35.BCS,override,4655,b57af53d53abd021b93fa12c760401cb3b3c64d32c445f73b324e1fee34cdc11
BDFIGH36.BCS,override,3700,35e28c6a2974aa09f0751f8dbf5d9a93068df4471379ebd076ba2bc2a7f4b5ab
BDFIGH37.BCS,override,2464,4695f108f229b2807066faebb02cbd40d45cd2b44378615c17da8b459b3dc103
BDFIGH38.BCS,override,3620,6216eb2d16da014c9fb728b43e1111312de3bb9edfa3fa1adc230909ba98245c
BDFIGH39.BCS,override,4851,e31eeb6f8bd9a4a61b482b00f2707bc9cca1565a271bf5a56e9ab5758aadbdfd
BDFIGH40.BCS,override,3620,dcbb47d5ed357c615ac59813254cd72c234ec89782430518e3a3b296753c0d56
BDFIGH41.BCS,override,4775,1f0de0d36d75730028a031d820df2c0a44fd1ebb792738f67fab5bf937cd9a81
BDFIGH42.BCS,override,3500,cb6e21cab36dc46992bdfc616e5e1add96614860569707a29dc072da7d3beb83
BDFIGH43.BCS,override,6069,4907e3714b5732a399c2dc68e73c108780b335a7009220d66011bd086e5491d0
BDFIGH44.BCS,override,5874,18c3ed475ed158215097fcd3ab24fda027f89977a7b94a840d910faa36b7fe2d
BDFINAL.BCS,override,2933,278d75032a6bf1642da0539ce12a025825960f238044247ec916fedc15bc10f0
BDFINAL1.CRE,override,3876,2b579ffdb6de226c36709e3a406e00d5c745f7f97877ffe69e46cee21f15c3e0
BDFINAL2.CRE,override,3856,b689200bfb9b4d48492883f4cf72c6cbc460e0ea2eee0e792ab4fc75156b6cb5
BDFINAL3.CRE,override,3856,169fe10b5a5a3dfadad05c362fb2a7826cb5c7fc0b1d3d227d0d5b18cd6df3e5
BDFINAL4.CRE,override,3856,6fa7d64f9ea4951e6170ecb0b2fc0afcb03a951393ae7462881a1217853601b7
BDFINAL5.CRE,override,3856,110db13fdf70aa79ba5fab377fbd095d00477bdfc402f0c5560e6e82c8350be3
BDFIST.BCS,override,8291,4a45d973e2eeedc7c2a18cfcc0d2c708a0c80d011a7a76c58026f4aad559abf3
BDFIST00.BCS,override,897,c2b3518c06ae51233259ff6b2499d7e96894250131683940e2ececcc83de650a
BDFIST01.BCS,override,2509,83a3055fbc87a7387494a2a15c292ececf85084a8a151902aaf96ddb9eb3704d
BDFIST05.BCS,override,2509,fe8976b34b4490523f9d92311d6c35fc70a1167a245b3a0b492eed6101541336
BDFIST1A.BCS,override,424,7438847c6ab901453ec93884c3eb172bd72a9421158619b5e442828678802ffe
BDFIST1A.CRE,override,3572,7f247eadb8eba085a0b6ffbfbbc54d7f81b71b1148e73aefc2294982b20fd5e3
BDFIST1B.CRE,override,3288,ea357a396b150e9ba1c78972a7c7db611abcfe36e940925eee6f5a01dfa7f871
BDFIST1C.CRE,override,3552,94ec6e67babb614ac52088310b1ec4f1c27f9ebe484a9aced2b41fb3e8bbc5c6
BDFIST21.CRE,override,3632,47dfc25a0d77ed4f37ce03118fde96fc4a4ca1cdb4bb296ea06e25f969188086
BDFIST22.CRE,override,3632,39b4910593b92be12bb98bfcc377a292a1b5194b902296d096e8cc1b99c557f6
BDFIST23.CRE,override,3652,474f7389c52423ad67a34bdc485af8b7fffd20bae4802c5f36ef77b333a8b9e3
BDFIST24.CRE,override,3824,3070fa3337e508d5ea1f039d2ec491ec405eff9c5d00957d8bd916c7b9b45616
BDFIST25.CRE,override,3652,1e7fa89729c3e64d098e30a49b580c6d128d25ffa5edb80ef917cc4a75fd5123
BDFIST26.CRE,override,3632,15280c2d74aa5df4d7621b1af76d0f504ed5cf13e1eff59ca801407b7f48f009
BDFIST27.CRE,override,4124,e0b940e2c0b98f9a828ad5e060a9180265aadcd60a569e6ccb3ae38aa38e2a20
BDFIST30.CRE,override,3632,01f18a462a6743a9ff5b88f0a2d94af4a77ffa9f69546397f10fb458315629af
BDFIST31.CRE,override,4076,a5a34c46b9644c53d3c60b0858c36dd4cf6a08eedb4b630edbdb01167cd7e8ec
BDFIST32.CRE,override,3652,1fb5dc871e5f92ac9edd31d96fe90bcf28c21bc361e442fdeb8d0d0d8bfc5d05
BDFIST35.CRE,override,3632,789f1e61a4dfc1e04f5afecb8cfe77c5d59915635387173097781de28c4da0c9
BDFIST36.CRE,override,3652,cbafcb262e4a6289c35c8474398103048f60b2a82bc9c48eb51b88eba182c939
BDFIST37.CRE,override,3632,ae3ddaa98a85715eb8154697b207610d49b8a0d331a010feee62fcb01d25bc66
BDFIST38.CRE,override,3652,b0d4ef430239d8039472408b892a76296cecc87981d27753206410b3553008bc
BDFIST40.CRE,override,4124,82546e6dc7bc395877c0cdeb2522a789eeec4d12dcedeb46d16a3bd530f38d7f
BDFIST41.CRE,override,4400,8d401c2460b19e89e357587b8e027bd72fe38a3ec59eaf781b336691cf5e8eae
BDFIST42.CRE,override,3632,866ca6b54623dfaf7f7804b18d439960a34305f9a02b9b5c8bba9b42836fab69
BDFIST60.BCS,override,6090,02e96fde4da11359145575f16851fee17b9d9a383c8d1fc8b48e8a6183025921
BDFIST60.CRE,override,3632,fb84fd60df3a30f61812c61b2ba596a1887d945a1212e07f91d5b06c0df9f150
BDFIST61.CRE,override,3632,1efd6c6dcdb71491da33f292bf708af095430d5960936e5c5090adfa5e26f717
BDFIST62.CRE,override,3652,c7b49876b113fb4b3df64f5ac58534783baa45c120642804cf2135255eb3be6b
BDFIST63.BCS,override,643,4231ea9d5b13aaaa185456c2de4291311594e0436e6b17a1991d3393e5188605
BDFIST63.CRE,override,3672,9a391d4186231ea745b705d4b74b494dcb5322e5244bcb11c14fc113bd43c6a1
BDFIST64.BCS,override,1138,3d4788d0cda9622dcdfadbfca4bed9f6f39f4e5fd77d855a34118540452148c7
BDFIST64.CRE,override,3692,d62e9458a5d1dc27390c9a7014ca8749ea0ca32476ac5d205f60261c6f09e88a
BDFIST80.CRE,override,3632,443f7597bbc32d4c29845cfa9f1036d8c084db8949202b2dc36d4094c1218444
BDFIST81.CRE,override,3652,b5f5db6a574362e8aac4ca9c24e6ab6803ff3a47d05040824b65901001e0421c
BDFIST82.CRE,override,3632,12114d65d3835ef6cdc812231ee603c304dee7916b2a70322084b5adabd0f2fd
BDFIST83.BCS,override,15084,aa868d065a22f7f36863071f75dd20f4560663aa2629b042bba888d61ba19bb6
BDFIST83.CRE,override,3632,0d7e408d3b360e7f2feea0371292c5c669bc12b4986ac02ce88ec953b953f394
BDFIST84.CRE,override,3632,8fc84ef882d2168819e994beb7c311c0a1f7efbf4c6a755336d8aaa5492498f6
BDFIST85.CRE,override,3632,9ecb16b9bb18d51c664a6ae964ad6ed1c1646e4093eb064c5b5628d882476b49
BDFIST86.CRE,override,3632,d98ed14257ce7c72542995cb63e264910604b6b0d611db51a73a852ea094f7d5
BDFIST91.CRE,override,3632,2c912585d1af585798ead0272c34eb733c47a8f1f484a9b1efb93c0546044916
BDFIST92.CRE,override,3632,1c566b92ad3e98f31151d203f751c9fdb3981e71b2e6d2b9f76df3e22c036054
BDFIST93.CRE,override,3632,d39fcc87654e98c12faa6e5a1a51f7419fd6b7fe4960e7e08abe5048afc00333
BDFIST94.CRE,override,3632,fdca1e00db671bffdef371d1937d679d69ce9c27f89f77e562090772256a6381
BDFIST95.CRE,override,3632,6cb7bbba26f07f4eeb742850fd18848c9b75be96894fc83c92eeac36bd03cb75
BDFIST96.CRE,override,3632,e90de6ccbb0acd8bcce3b67198a089b4c6a41597592e3ceb09aef624fe728233
BDFIST97.CRE,override,3632,2c912585d1af585798ead0272c34eb733c47a8f1f484a9b1efb93c0546044916
BDFIST98.CRE,override,3632,722e664380ae9ee12b7e1748ebd956dc93d20291795e9d036462e864dc006f4f
BDFIST99.CRE,override,3632,28623cd9a1217097e3ede14eb6ef8419764106cae1a53aa74372c0b6e6d94d00
BDFISTCC.BCS,override,734,0c4934c82091df626a010cbb8e5c6a7075df6f9d029cefcf85658927feb0e4e4
BDFISTCC.CRE,override,3592,96fc2ee5b811f2463968af629e6adafe3d0ec9d67409456535c516bfdc6a584b
BDFISTCD.CRE,override,3552,9805df7e3e327f7ecd5125a2b4adeb854dae2c16ee2051fe8b6d1a34e1847e87
BDFISTCE.BCS,override,4872,26296e08cb14a8bd0126407bfd1a2949d512b9098ca82292528c5e2d6b63f80e
BDFISTCE.CRE,override,3288,79dd15461a6c5c2c735746ad6898e3dd5c0842882fc01351d26d0cdd7dce8adb
BDFISTCF.CRE,override,3288,1307e77fdf9678af0e017f8dea16506f1b8c229ae801713496db1d02de7436fd
BDFISTCL.CRE,override,3592,d107b400eaa23cf8e2d5f33a7c518ea955d0ca200b20a658f7efac46ff75c609
BDFISTCX.BCS,override,233,05716bec8ed7b889398844df6ac7596b8ed8d1f0528b6a7a46d058da21d1d993
BDFISTCX.CRE,override,4160,2fc1d4879c6837e2ca63fdf81ebb660f8726e32573db361fcd3877ac4947832d
BDFISTEX.BCS,override,5906,1cff9546ee5af2272321dc37a756668d3313eb3b986c3e85691043d70d17ea10
BDFISTEX.CRE,override,3632,06d3930c25525aae42dc4b74212df2acfd756f55374afc6f2e801f41a0d8afe4
BDFISTM1.CRE,override,4484,d3d362ad0e77c28694218678348654fb2f093027c1beb6712dd938d3e02b57c5
BDFISTM2.CRE,override,4400,0a04d8aa15726b7af47b8bdadd0b37ef482ba7e3fafe4e3d378570c64ee3f5c1
BDFISTM3.CRE,override,4320,6507899e4479eba92b057646a22acb517d0d969009cf66d057078adedaccb65e
BDFISTX1.CRE,override,3632,6fbc4832619f1c98277787099bdfeec807de21bcfc47447d9c248b6115a41984
BDFISTX2.CRE,override,3632,652593da024b9fbf3f670adf0da05ab988e36c9a953f69fb40249379eec577d8
BDFISTX3.CRE,override,3632,a6661e05bd609421e98ae3e91cf4d06db2fabacc82b717059b82e4cff647938e
BDFISTXX.BCS,override,1477,7e93df7f485b4144bd988824330f710e2dfffbee2440549ca78e6bd20d70d861
BDFISTXX.CRE,override,3552,21f5ebacf874e4708116af82e8bdf2568c7b7a3a0111fb4ef99a516d37755d35
BDFISX35.CRE,override,3632,3d6bb9c4afd81b1cca40ddd3768d2ff1caa5ee4682641c003ddee21ebed3d425
BDFLAY01.BCS,override,29871,a2c1f3ff3b3f80c0f6fa537d08762d8d57d87fa65797bbf335e0d5eaf400b533
BDFLEE.BCS,override,214,53b476e34935cf851536b8f788ed87a47cc77e0bb5677bc00d7fa5e8d00649aa
BDFLOSS.CRE,override,4140,85f66f3bc1ca2a7e5ffc1d5fd2b304a19e83e990e36ebb50b33111bc3b969107
BDFMAG01.BCS,override,164068,27992100b54116798e480299391d2f27b135cdb7c50d2ad41baf5302699f0e7d
BDFMAG20.BCS,override,47138,9b72dbc29649f6e0e4faaadad8df4fbf2c529aea5ca405930fcddd5e4c7e1632
BDFMAG21.BCS,override,47138,9b72dbc29649f6e0e4faaadad8df4fbf2c529aea5ca405930fcddd5e4c7e1632
BDFMAG22.BCS,override,47138,9b72dbc29649f6e0e4faaadad8df4fbf2c529aea5ca405930fcddd5e4c7e1632
BDFMAG23.BCS,override,22090,e7b43674ec9cbf1591ca59efc107b0c1bcaf3c81b9e8651dbc8c320084b915b0
BDFMCL01.BCS,override,223181,7d082f9cd2e724af1502a7cb372db554525f028a4c083b9a65a49e9f00c8b7a2
BDFOLLOW.BCS,override,1332,811276d67de78f9765c1f99a6f1d412ab8190460023e1162c72ec968dab43d14
BDFOODS.BCS,override,8541,b3efc796eabb8dd5f8d1376d71e31d0ac89214d6a2a77cb7316fcddd16fb8c95
BDFORCW1.BCS,override,1973,3847b8e8bff0c5da41811f4b4b2a93f4d1135ed72db4508032ff41fdbfb1f8a8
BDFORCW1.CRE,override,3796,41367efcd86fdf15f4e3cf9667cc4f0d257ba4ef923da7ae31b46759a6c954f7
BDFORCW2.CRE,override,3632,46e4b8bbe6438a74042714b24949058c141cac93f11c176f8a434485c08280a2
BDFORCW3.CRE,override,3836,65504e00b910b263b4cbf4ea59f6d113bd85e728ebfa13a77c58ea9751318e46
BDFORCW4.CRE,override,3632,688a1bfbfb7c35c2bc2a8397f6d483ff26ce1e92beb3b40afc10c51082886307
BDFORCW5.CRE,override,3632,be66f0849c3f5e07c115e7336f6a8a3f49fc58117dc193eff98b3437c7b45782
BDFORCW6.CRE,override,3632,09496036703ebb30fcdfa158ae837582c578353bcf7d22a20fa6ac6611eeb895
BDFORT.BCS,override,15035,5c2757ac96e7d00337853aeb89143f8ff8512c0aa8b22e5e0c21690765893877
BDFORTX.BCS,override,2929,3bc4560c4a2526f113085a6617891ac08d8789252503b67d9cedcedf00d56d0b
BDFRAIR.BCS,override,328,42c4bba2e0c8304414900f4fe939331842a3ee4074d37644eebb058db4725a7e
BDFRAIR.CRE,override,4932,15fa26bc67d03fe390b37c6db3895b1f0f8bdd2d17b81499a418582d7b2e3b4d
BDFRAT.CRE,override,2660,7925dc14db683f3875e0447c5885a676e92a64cf46b5a3af78175c8a54b29638
BDFRITZ.BCS,override,1385,df9355020b9f3a6e3c46dbbd23f7d8cf41c1b6fbb70e9f8737317e5bd8ebff16
BDFRITZ.CRE,override,3248,ba67e8cc8be0bea66c8d4bfd3029c81a89746ce837a6c45ee87e595bd0209443
BDFSCOU2.CRE,override,3632,15e8de3636927a41fe12208eee9afc396c08bde81964280f7365385eec7b98f1
BDFSCOUT.BCS,override,1530,149c1ef30ebcccf463eddd89ac64a0350d90ce7b79e83823ceca7a5e7f62f3c1
BDFSCOUT.CRE,override,3652,bfe26837536e7bf531ef3af7d0b39e62db08a55833aa5a28ddbd03cf0f547e87
BDFTHI01.BCS,override,34196,4e1836f960364d0d8eeef2047cf28416550d92b00cc24db4c520b886ebdaa39c
BDFTHI20.BCS,override,4343,c12477ec348ae48db396f2f57aef8979085a714c3cbc0b0cf42544dd5d766995
BDFUGUE.BCS,override,6451,830b384939993b8a4f20a4e625a9a2dfe7c54f09659bce16e215521ef3fbb1b7
BDGARACH.CRE,override,2660,839a6267d85c9983cf471dbd315008f46a5bb1abab2a8e319e422a45b55dc522
BDGARFOU.CRE,override,4040,601987c906faa936ab90b73b4aa400d643736e477e6a74fb9b621a0357a443a6
BDGARRCC.BCS,override,146275,96ca896b4861b9fd7eca04a5193e4d4337479910b146b799ac6f0788da0be90c
BDGARRIC.BCS,override,10191,b67ac1e27759b67d0256313663076a857d76cc80ff8c4433b2af0f0db113271e
BDGARRIC.CRE,override,3904,37205298444c532efdbd7c665ac95b5dec4489d5aec89d9aa553677429a83e84
BDGARRO2.CRE,override,3628,a8c2abbf95c30670ef30802d97471135aa24b5ebf24defd40cede79cbb62d3fe
BDGARROL.BCS,override,2124,c03a22bed1018fbca25c8e7e817b2f6d40bead1033e1fc4659cfc2b2e8c5be42
BDGARROL.CRE,override,3228,d1e671cc0de3cf79b61a5adb76f4e7238b3eb13b9f43e879db66e4a88ccebf3b
BDGARRUS.CRE,override,3936,d28937f4319012a2961b9545fc485a2ec805db1c7bf862abe3620d61b4bbbfc3
BDGASS.BCS,override,1051,5ddd0939388230e260a9f5205832b76ba2b489336870b257d62819e2a44bd974
BDGASS1.CRE,override,3736,c29108ff5b0b17e50ef05791ee5fe651a5512192a7e98d3d5b1167a6b15c7acd
BDGASS2.CRE,override,3472,2c5f6359ddd3c745a2009bac1bade39caf8953fdee6731eeeb9ae7ab970f7a18
BDGASS3.CRE,override,3492,a2aa363885e464e701b1b69a59814bb59ce766c6d418d4bebad2d564e07875fd
BDGASS4.CRE,override,3472,035434d613f8668404ac292362102a3176ef2e2ad7c698b356133cac3142ec7a
BDGASS5.CRE,override,3776,47a08c7ea6ff7cb564e75d019979671c7bd5177a46bcf2b649707ed72f422ac7
BDGAU01.BCS,override,2397,6c9dd6b64ac160b17397a09b8dc50ece4bfdfb3e1839cdcd9dda77f8fca48a44
BDGAUTH.CRE,override,6048,032a927a53ae6fdc3a975d1091bd8923b8713f91a71161d7ba7dd1a3854ab63e
BDGEAR.BCS,override,40443,4db2df31c215d24e38367093327287a63688baf6b1eb8f48f5eb632b713bba10
BDGFGUA.BCS,override,6,73dcc19e8d2e648f16c01b63312d929761e03cc93c4cee148cfac13f19aaedad
BDGFGUAX.CRE,override,3572,00afffa6386efeda5fec873ba6df8e6f68383239349130423d43998f50b17be9
BDGHAST.CRE,override,2700,1260e3156484bcb3fd1495b3439c32a0e036fc258e3adf32ca913dc7cb7629de
BDGHASTG.BCS,override,425,0b3fd0660d95681ce3c51e8d260bc74a219d78beafd91c5dac748e7dc374324d
BDGHASTG.CRE,override,2984,ea07b3a478e5261d59cc37d7aa8ee599a41dfb127e2330714ea08f0210c838d1
BDGHOST.BCS,override,6975,94ff2286e7073510ad8a72ab38128262cbe642cfe522c89af3ab5b6df1d7dcbd
BDGHOSTF.CRE,override,4044,b35e6ee25e3253c8be2b92068afcd2d6620cc2485229568aa75e7a58e97fd4ac
BDGHOSTM.CRE,override,4044,03b97ca94ad3de55f77f9c2d1f1d310c13601c68d424ab1a8fc3dc4f9d010f3d
BDGIANHI.CRE,override,3512,982e977d1d45c347e48850bd143335666704f7e32de4e37b8575e348e4a84ada
BDGIANHL.CRE,override,5948,af9215d627d327f28011532e761e2da6e3fbdb981409acc69c0c2eea3d813bae
BDGIRL.CRE,override,2924,f18cd208445242605ef8ebd22c47a58c8933f6b426541d1e9c90687e0e89cdb6
BDGLABRE.BCS,override,99276,a960147cce76ad9abbe88ff723a10ea4fd3eea3fb9a9011d951972f014487c17
BDGLINT.BCS,override,64627,accfb17a3ab586428719e26f6bed471c61d188735ad32d48834c33b549925f35
BDGLINTC.BCS,override,190202,8a4aee3f728a8c7d9c4796b259786812fe4d35aaba722e374e0e83f9531cbcbd
BDGNALER.CRE,override,3776,0740b51b0c586bd0fef5ba7794218764f32f8a231de306460e6eb9c92fe18b06
BDGNARG.BCS,override,3080,6673b618c1b05b5d6050c68d287fbf35b7a2db5e9ebdd26a34be167b31ef8283
BDGNARG.CRE,override,4888,619d85325af3a6fb648ab3c466ec8059d33a422082808abe5ecd3e1d91364d60
BDGNARG1.CRE,override,3820,bcb513f36ad15123dae07e860da62aef3225768b25a0c3e03059a10ecff7914d
BDGNARG2.CRE,override,3836,7fd1e239c0913319143dbf94ef466cac1e8a36e1f0cd328ef7d85c5fbf972ed6
BDGNARG3.CRE,override,3820,b38b81b521699fddb938e149e5ce6be1efa65ce3a8cfeaf9ebc26e8ce0c71bba
BDGNARG4.CRE,override,4604,4e1b88262c41418c65c305918028a4c95a204a6440e110aa5aa576ccaeb1dd78
BDGNARG5.CRE,override,3844,54ffe779c4e9958e6d415821fd57a7ae0fd9611b0eba3a0f2d31d742c57c01c3
BDGOB01.CRE,override,3836,bc7d859bac6ba462e104df3364c84005c527a73cf5285759ffdbad69151a3083
BDGOB02.CRE,override,3776,1f86d92f2e6c628e6164c11730ea5238dd2f9ce3068db06929ddc768ff5e1ba9
BDGOB03.CRE,override,3288,c45452dc82f638cec39bd7abd9d30cd0c8e73c221539c72c987e817c6568e893
BDGOB04.BCS,override,91757,e7fbc0f04e863d743b1437155f7462707b80365eb37ff4c7f2316959884fdc25
BDGOB04.CRE,override,4212,37de9109817d15cf7c90e7ac5e1ca5506d2e5c2a60a8dd33ef2387ffb5e56049
BDGOB05.CRE,override,3248,93d208bdab001a1673da1fda7af2160afe3dac3a3ce05108b01e41506d959e9c
BDGOB06.CRE,override,3288,f45110b91d1234245f0984d2cc057aae55b62f63725d723d8f3718151b70973f
BDGOB07.CRE,override,3328,a1f483de6142708cf8239ed6204467049338e3e8afa1a79c757900634506e338
BDGOB08.CRE,override,3268,f3a8133e8619d89522c440fa35bc9cc5dc8ae8e3f843dfa0788bd3b4d43fc183
BDGOBBO1.CRE,override,3228,25729c13089e4b80c083aacb073fcd352f7d0b000257d538da19e6e407544595
BDGOBBO2.CRE,override,3248,7a7262b031166cde6bab26b975bf59f7d8cbab48c1a38aaca7a7a8705a2153c8
BDGOGH01.BCS,override,539,9f2f2360c3279ca0dab0427d0b1fbdbf4599377cf8804b97ce08f4ca06a1c3a3
BDGOLEM.BCS,override,3019,915ba0bf2ee073a9fd0997f67d8862f11dfb96d355ad78461ff8f3912595238f
BDGOLEMF.CRE,override,4588,1b4ce25840bc8cf453ca719a81b66bedb470a6839f459865633df111ef263178
BDGOLSTO.CRE,override,4832,0bbc508b27c80906cb6216a9540066b63d9da02d001d464ae5cde62f50dace4d
BDGOLT.CRE,override,4404,fb375e26a55c2b7c728c1c5f60fd5ede431def4464aa317ad1255dcc58e974e8
BDGOPH01.BCS,KEY/BIFF,856,70d6f77f99038b1820816e0a0d306882ebb80c975f5c1afeb15c77f478e72d0b
BDGRIMGO.CRE,override,3900,d1f14f6d210d5ecbe9a85b45263b8b38cf34530c6f5f5e74c1f96a384860a35d
BDGRIZHU.CRE,override,2704,274f6101f03cef2170bf437fba7d15bc194566727e0199a94ca660825ea03b50
BDGRSHTV.BCS,override,12188,7ef0fd5ac961d8ae499e835f4a4742e1e09c31859dfe9a788328ad7c13371084
BDGSPEAR.BCS,override,456,237f1dcfaca8b1a7685f9e6366254afea9b9ba7746a03dc6fe558d04795acb1e
BDGT001.BCS,override,451,e1a91d13c74d7b13606b0d801d76cb009ad66b89abed4afb662d2bf9045d4706
BDGT002.BCS,override,451,f823b31adaaa71a13f53b21249f1f7f2a0a607fd61d8b5bad5a3cd5cc11ad81d
BDGT003.BCS,override,451,0cbf65e3b3cd242d0e9907b72a78ed169599632a3638d769cd2f0cf7e0ae1572
BDGT004.BCS,override,451,b197f7c743dbef56d110588b0de3482de97f4a9f4a63c35d400ba68e19a693ca
BDGT005.BCS,override,451,d33b7377278cc8fd77d449a131fa9fcb3f25434a04f6a22f042c53006f3da9ff
BDGT006.BCS,override,451,774d77fba28348e4dc2de154c22b5963bddefbe6a13904b182542094b543710c
BDGT007.BCS,override,451,2ecf9fd9d670a3dfdae0e0917848f39f018762ed52da4bf0e0ee92d4d903622b
BDGT008.BCS,override,451,109ae9392fc0ed0e11ac3bdc864892a90de185413fd96c136a105c10dc631313
BDGT009.BCS,override,451,93b2e8fa49b86132faa91eabb87ecdcecee5217b60752e0190603dfaf49d4c1c
BDGT010.BCS,override,451,cb7d48aff863e0fde38dfecbf785950c49112bd5fc8b5acdd975c460b28a8de7
BDGT011.BCS,override,451,5cd7e282556c418ecad0fef085b75d72de3ff09495dbe4cfd8517edd40e36dfa
BDGT012.BCS,override,451,0bddc669f5d8b6d56eb418b33cf1847178e65e974ad6c8fae4688480f4163d92
BDGT013.BCS,override,451,6dc0757d23d0c60dbc46cc30f36c556aac6ede59175b877b2862607c002f331f
BDGT014.BCS,override,451,fc94697eefac6d6b708ac5e157039fd4cf086df9c4f92d1aa1ff42e41ceed2cf
BDGTSNAR.BCS,override,341,861fa68429ec817bee401e0fe8b05169118aa440b60f5338673afcdd980c3df2
BDGU1697.CRE,override,3512,4e83b2cefba7a40511c3bd8155e540fd21115071b0b6183a9393ad25e54b6ab7
BDGUAR20.BCS,override,3118,b498cf93bb267331b1a2f20fbef62bd2428f459a53c05d30c76ef0b1085ee32e
BDGUAR20.CRE,override,3612,20bec05f58e4b6ac01b0956cb02f27a741bc1cc80566d20536cb615a729c32c3
BDGUAR21.CRE,override,3632,565c94c9273620d65eedf047318bb6c846c0cd5a67e2db9dc2dddcdf8b35d926
BDGUAR22.CRE,override,3632,cecc7443fa739bb4afb2315e097fa5e0a06788cc1c562c6b69aced2721e69a6e
BDGUAR23.CRE,override,3652,e0ab52f604db74a0dcf85232dc267c2a8ef55757c10bdb95a3faae1a809f5e4f
BDGUAR24.CRE,override,3632,a9d1c8fd65e1092dfc8725af9498f75aa39520f1ff6802eef851d0d58838ba1a
BDGUAR2X.CRE,override,3592,5201a141888d364bf73559b813478fed0174e9c0ae75e9fbf748470b2a87d33f
BDGUAR50.CRE,override,3856,5cbc43ffd5ee6d59fcf95d9d17114bef3e9152bad653edfe873cfe5da91e094c
BDGUAR51.CRE,override,3856,ac143e6732c811835646740692c68f09b04c601efa50e018e5342edfb28452f6
BDGUAR52.CRE,override,3856,e0c6f317d14d3b33f5c705fb0e332078b2bcd01357d612182a80ef280c6cc526
BDGUAR53.CRE,override,3612,dafbfc1f5005654b314eebf52aaaec292f858dd9bea16590298b8508b4d32569
BDGUAR54.CRE,override,3612,c4a838f5054fa8965e236426c1b8f6dc87eb11db5da47965ee733ea05265542d
BDGUAR55.CRE,override,3612,7c35dfe34b7f1979d4b478b1063faa787773d4e350d76a1f39f815526f8c105b
BDGUAR56.CRE,override,3612,ec686dcec6cef67401542bfec1fc12375cf646f5cbe1a3ea59bb01d2607373be
BDGUAR57.CRE,override,4388,c4514ff71b31c029d5b9564282cd71309f572511467abf73e2b5e7a5482867b0
BDGUAR58.CRE,override,4368,1e00e13ad73b2fb36374afcd8d41b14e76bb53a82e29c7ae41f3d60d028e0346
BDGUAR59.CRE,override,3836,b44034f5458b1bb9e499d15ec45c56a823e4ce9780fed1f0827f00cacb9e7bb1
BDGUAR5A.CRE,override,3632,270a8cf5471bb15e40d74537a3d7e11540392fd9bc4cf9309b6693edbd9537cc
BDGUAR5B.CRE,override,3612,5b7e1e99c9097079715d7942e259d57be1dd82642ee44fb7f586a4a426aad9d2
BDGUAR60.CRE,override,4144,b7012af97307cdb82d8ebd89bea81340b2eb39478a136e7f498be2165d3f1e9c
BDGURFLO.BCS,override,3938,90105b37d0127ce1c5fa92b2e4a0e25ab62b3c733aa018c217a5a53ca343329d
BDGURGLE.CRE,override,4140,d414f4e75c3f0614ee1555b716e150d199471dd5acf7563644ac97e20312c29a
BDHAERC.BCS,override,156234,1559088082ccf7e1b7276367e232bb220d6fccc9e4e2b4c129a02a10173f8de2
BDHALAS2.CRE,override,3632,234b336a1df7e894bc36d1ba53f5a0853cccd807fd002cd484621341e3cd158e
BDHALASA.CRE,override,3632,320a696533d68028a80b0e28d1ef8edfc62ccba0134d1014d3014032144754c0
BDHALAT.BCS,override,1886,d82024f47ac13fa418ffd00a885db108f111e98f1bae5b363578c021b2ad8a33
BDHALAT.CRE,override,3832,d971e76cbcb8563cbc2342469ff046f3144cccf9cc691d5d57c2e683bacf74d5
BDHALAT2.CRE,override,3832,aa8e19ca8a12b0cedcc8a07169ce4c49ae22e5750ce291edb2c9d04cdd69ecc6
BDHALATA.BCS,override,7554,d93408934cc7ebea10fd2cc58b00b1c9ae8a7435b6992f8df95bbb850a56fdf8
BDHALATA.CRE,override,3832,09cfa0855f65f5b98392dc6ebeacd802af4e5af040963754bf527c361faae5c9
BDHALBAZ.BCS,override,6049,b6278c8ad5035acf40e4297d819c8b2c1b6864ad15ab66de403d5ddd0082df81
BDHALBAZ.CRE,override,4540,281efe3dbb244f714aabb7b9b8b6c5767324d2836a110b2ce2730cc94fa708aa
BDHALFGR.BCS,override,48996,aa7686495ac48ffeefae37d734c03577fa65a4670030d31302bc2c20c9d252b4
BDHAMADC.BCS,override,44770,1f12d971b8f8feefee456c05c8ab38c1d23e931af06f68db83ddd64a60998b04
BDHAMADC.CRE,override,4264,6f948a617f2160554e0adc0811ad66154dfa9b4b436ef58c001e68d2658ea21f
BDHAMADR.CRE,override,4264,eb57ac11fa4210ba5d30ecb8eaa2c2eefba59b9a5ad313e73669eb5065945dba
BDHAMATU.BCS,override,47327,10c0e2725363cac4469d4bc5a045e9e03d74c8c8e7be45f57112699d1dfc98ee
BDHAMATU.CRE,override,3024,0685fa5c252caff710640e5bd6957c17ba9c812870610ceddf3ff4740de2acfa
BDHASTUS.CRE,override,3228,18f6cb5f00d6b06dd70e15b01e1c0aa28026bd724a1e7fe04859452836728951
BDHCORE.BCS,override,211,f08a02c81947dc15945e2a864a3bc3f1f465642aa5f524c89cf9ddb83d921023
BDHEASY.BCS,override,211,ac5d047a8017aebfc23d4956c2a2365df7d84c7c93c194c7eb708974454489be
BDHELCAT.BCS,override,5118,f8ce3c9c3c7bc156d9a51d224bae76978c7bbfcef55f8b4905d724690329800f
BDHELCAT.CRE,override,4040,0fef1a811b170a304ff44558251fffd042c7e21e7555872878ab15d5499d28c6
BDHELDMO.CRE,override,3672,30b3253898d12066e36a736d1e765e1ff56f7fb46156b00a05cb1e331cb43076
BDHELLBR.BCS,override,797,3c16d36947ea413f78c1828aaba522828893ae2a9efdccba08c08f16895c61d4
BDHELP.BCS,override,4463,2af31fb66c2fbbd700d39d72612fe77bfd7ed26297d1c0c1137163663d1db773
BDHELP01.CRE,override,2700,3665507bc3749e6069bb8a61efd75e39dc144f0704192da8371346aff108e05e
BDHELP02.CRE,override,2700,99134fdfce72218f14c6ac445bfa4dab6f7615a4146302fca936e3e72f595af3
BDHELP03.CRE,override,2720,8da75fdaf847e27a3778e3f0bd9084d03a17f0995db3372b0f1a65ddd7525572
BDHELP04.CRE,override,2700,16a599af516d430e5174c14e856f4538f7043be07294e4e5a845e79f32889f54
BDHELVD2.CRE,override,3632,988de8440dae6444183576abc8e71aba7c72906550caf31c8b5b1001afaea9e2
BDHELVDA.CRE,override,3632,aee5ee26113f453e66612865f8e543e4b30992d8a7e154da3fefaac904f0118d
BDHENSLE.CRE,override,4668,643d0fa1c73cc2139e6af990b12977c54b18d006545ec1123f6e8132ff617e8a
BDHEPH2.BCS,override,6,73dcc19e8d2e648f16c01b63312d929761e03cc93c4cee148cfac13f19aaedad
BDHEPH2.CRE,override,4744,649c1f4251597cd7e825c51e7564f9550b5070ed722f7fefd050cbe236b98bd4
BDHEPHER.BCS,override,3449,0a85f42e11fb97ca90d83f2f663489404527243eb8928ae956db667cc00141c4
BDHEPHER.CRE,override,5136,b844eba4da317ea746747b9871b77bddf976a604e9a53e2474ffba5af0b1b8b7
BDHEROD.BCS,override,229,dfb3fd68a824335a2575b0fc12b0e0d5b2eed5660711bad444842302af00c38d
BDHEROD.CRE,override,2660,7424e55d051956c96e7ecdcb016d86097e7d0d430fa3ddc584076f4c0563276a
BDHESTE2.CRE,override,4264,b0a75d303171717c7db9ff2d92bcf8253007b69f995d5ad2e8ceb362f17e4d2e
BDHESTER.BCS,override,990,12c46fad13f2bd62bfcfa39efca95b68c7bee3032cccf748a7c9c2467673189c
BDHESTER.CRE,override,4244,f19f18bc25c9bb4d807780d88604fef1dc8726f00c919b969861c9a8b3c2380f
BDHEXXAC.BCS,KEY/BIFF,13604,0120f5ba696f988125d4f0f2ac9540c17b5a82bf39a4a8e5cf10a1ff64818628
BDHGUARD.BCS,override,1280,db2757e04b31f1a4143ba65573809734fb3836bc8a2dd1e427d7b1b7e5468be5
BDHGUARD.CRE,override,3288,395c6fddbd3f671290d0ae586c956d145d57ba2e43112d2600b0856b1190bfc3
BDHHARD.BCS,override,211,f19ed2c419229307ec19fa50618fa040ece85d4e20b5aa46203a2673f84f24d7
BDHIGG01.BCS,KEY/BIFF,1134,6ae10f597100bf78e4e4565430518e321713f376d82854fe33386647e159fee5
BDHITBY.BCS,override,1580,a857ff53b79ef25599769f49e9e94e5e51e7a18159b0550a6665554c8fec3daf
BDHITRUN.BCS,override,11030,3e43cc73c2d570f3bb6b2af104b633dedd9bce04c8ea973756f7818f27f4e6f6
BDHNORM.BCS,override,211,836b4c90366992544d3793ac67be51ee1e0fdf6193d7e31043f1fd7bca6bef40
BDHOACH.CRE,override,3492,f6a0cb980d482f8723b580986c344ada6d7edac9ad36f8b416f50eb3f91bbe2d
BDHOBG01.CRE,override,3288,27ebe1c7fcca18110ee537e074ecd25e05409e66efbd00011a008f8f25f0c2b3
BDHOBG02.CRE,override,3312,c695ce97192de1943417a5df395a8bc89f6a30d9824c74606c239c78e9191450
BDHOBG03.CRE,override,4672,e5ea50c6ccf7a18f3f99a37cb1ef7a9d29e7c2a8882d1054571ed7ff8f710e8a
BDHOBG04.CRE,override,3628,8c08edc2fea0a793499a07b6967eff2f3497e4e6523f858064ab2b75f6cc1888
BDHOBG05.CRE,override,3248,5fd4331ff39f741d8e7d8d96af5d965c48e7a80384b1b9e275baa13dfbb38ab3
BDHORMO2.CRE,override,3956,17a79a625d0edb2e2f0d2927a135df5b166f7e3dc176b01ddf79c0d22078a0cf
BDHORMOR.BCS,override,1067,69a6a322f23cf31a8bf45495bb9349bdd1d604f0869cd912905d845be19c48d5
BDHORMOR.CRE,override,4436,998224e381fb2825458dc21e31b3a1c7583c3cf4eeac4ebd21e80337f18389cd
BDHORSES.BCS,override,390,5fca490ed0fd838d74f6e93ce115b3c281a6acabb5258820b4131b71ddca1107
BDHORST.BCS,override,1107,85a56a7a3365232ed5cba01183e48dd60554ef502ab2fba042300ad07a8d2484
BDHORST.CRE,override,2944,7cf7bb0783500decf3f2579c599f19c2bd6263c2b7e248771f1663413b4481d1
BDHYRETH.BCS,override,2562,fef1fde5cbc0f3f962a66afd510b1af482bbbc9ee6ddbc4a5e2aa2d91e3fb1ee
BDHYRETH.CRE,override,2720,a6d8f7809c79ceab8029d637112a3b89d474c383726fb0372830da3bcb9d7930
BDIDYLET.BCS,override,3828,bf85276754f5451e5c7829bd85b07a088908797d0c9a909d3e3624f877537d68
BDIDYLET.CRE,override,12648,da36a1e26b4cf22163785a3b6c71a4ca1e07758f69e95128626e904e1bd1e00e
BDIKROS.BCS,override,4914,8d7d16ffdb61b6484c5b3daa8eea0e730bdc09d4c1925be20f0a5171e6f696ca
BDIKROS.CRE,override,4404,311289c81a09713fc5393f15f19d2ad1515e63a26100bf0c04d606116277820a
BDILLARU.BCS,override,10198,f1783bb897a7fb20088336faef6fc70cd8de32bb7f33e1a852e2d7c9da6f4a17
BDILLARU.CRE,override,8912,39b945e918ec79ac83c49c726f4c7e1075853c8df6bcd1010b9e1953660f3764
BDIMDEAD.CRE,override,4604,2dd08fc7bee0bd109db5feb00d6c16b2a1a416e0a58f71d2dec6eaa4ac236982
BDIMOEDO.BCS,override,1359,27697aa9e93eb84edb68cb2d4f158f7aafd3bce6380f5c53a287aa22d8636d94
BDIMOEN.BCS,override,2659,4256ed3ae7304bda02f79321bb011c24939aea8e1ba2b209c4b5a94a5fb99375
BDIMOEN.CRE,override,5680,37fa6fe6935f223e23ed24add0c3a66d583678be567c16cb93a646e52f509aac
BDIMOENC.BCS,KEY/BIFF,185125,bfa88300a5c1145c596a1f513c0de55428010039b2dc8de5287fda1d982f14d5
BDIMOITM.CRE,override,3228,39c9e78e235f1ca47a1a77456748e08fb4c7343ed019f091b2a9090b61b32642
BDIMP.BCS,override,34157,d786bffa107000c6ed14d0e31388f24daf6b8f62d906df983fa39ebb85bc17b9
BDIMP.CRE,override,16164,ddcc3f08d4dc812c39554aaae79e95a33fe538cb2917f95d35f96b08b153c580
BDIMPD.CRE,override,3516,9b10e31416bda054c2f6b99fbaebf96e7fbdbf70df142f8c281370cc52b9334c
BDINFEC1.CRE,override,3004,c7e7a0b43c18dbcfc5bd5cb1ff8fcc11bda60a6a1df436e98717abab04dec8f6
BDINFEC2.CRE,override,3592,92afcb5607daeed5d366bb92b20e967155f082f6c7b68cbf4207b64a84460422
BDINFEC3.CRE,override,3004,fa846b0807d32c0e3b283ebbb7bb933e7530617f14affa529346e762bd673255
BDINFEC4.CRE,override,3592,f5dada50cce2b81135fcdaa7f2c0056d98a669761787706ae2bb354c74ce70ac
BDINFEC5.CRE,override,3004,641c4c75077a1d7203066826301e27b575fa0641581ca952ae66561dce539754
BDINFEC6.CRE,override,3592,d46406c6c9ce29d1c38825eeedc6299f2bb40250d5ab1a3d81834d341a861fff
BDINFEC7.CRE,override,3004,fe735b05bf65128be6a71f34cada94fffca906052a6da2c135ca18b3a517c07c
BDINFO01.BCS,override,1832,fed29a10786c6d268de53907e64a9f1255693acd6c33573723c46875efe41f7e
BDINFO12.BCS,override,1589,3e26066326fbbd66a6cf12e2fbf80cbb82f95e7f7555631c6e76adaa58e4d4f2
BDINFR01.BCS,override,1326,124b8b65fe034f995e626ada376e1dff5af9a54167076d73732bd02d72ef06d5
BDINS001.BCS,override,1331,267d87643641c5aae29cd619fb4e94571b20988d1a4f445370da0bbdb825557b
BDINS002.BCS,override,1330,aed86abf5097cf3a2c809c6045c8169a9a46cb43c9459dad267fd209f7c74b2e
BDINS003.BCS,override,3592,128a0d951badf571dddf106c639ed4a4cccffff2bdd8c9d7f265e7b36338e8a1
BDINS004.BCS,override,3632,7997503ef7b50341cc1652fbf814cf928a09decefd49a3d6d8278b1ab995e9cd
BDINS005.BCS,override,2683,1a8349108bba56ac795b84232f77504d38f135581995ea9f8eb1c343ef9d3ca7
BDINS006.BCS,override,3586,2d6f368218059d77e7e7a2fd76cb8851d4a345af5d435b05a630bbab45f60af6
BDINS007.BCS,override,3628,5207b7604e96b11f83e5686b62e3ead6fc47fb4689bba5956e434b40b50f203e
BDINS008.BCS,override,3628,88bef57f9dc7c2a9c8d8dbf9860ebb44be80b62ff3bd7501c9140de9a4967814
BDINS009.BCS,override,1322,1aa125ed8f0b6fc6f9c717165865fb3dfcc4210b3d53ef9a8355689c56a950bc
BDINS010.BCS,override,3609,22a16326a2677d03a49bfe879aee3eeae11b4f920b1ef2b3257d6a0b29517523
BDINS011.BCS,override,1320,48b1f69a85431d107d3ba4d26ed0c4a720ad8223d17ef2570d59d8f926792288
BDINS012.BCS,override,3629,3f25f770d871ebbdf129592322855a0b45cf1b465b8c1088011965e75a7e7676
BDINS013.BCS,override,2731,ecdae3348491cdde1cd4fe95addfcbdd931653f1304aebe0f49b6ba7c58b23a2
BDINS014.BCS,override,1331,8eceed7e250ae10597617e808ad3f8620b9f7c1d490f26affe377affd335bd2c
BDINS015.BCS,override,3622,e8940a26f8565e555f961253b4e5cb4763af0e8fc62484764e70d7a696accff3
BDINS016.BCS,override,1326,b74cf465901b37959893e81feb98b4bbf9ef4b394129287d8ae337266ac4267a
BDINS017.BCS,override,1319,30b62ac4db10981b5eb2ba8ac8b68e87fec3ed3d34e3dcdac255abf609b7048a
BDINS018.BCS,override,3629,4a44b3fa75df07b4c6d21126d5149330de0698bbc44f3caef2a87d3d5e66fc3b
BDINS019.BCS,override,3642,35571e04146f04bce9977f7a7239662912fdd82a61d891c600b1ad1cb347c5bf
BDINS020.BCS,override,1325,f6f296c193811880637e3973320dcef72f7e3b4b1dd8aa0619088fba105cab78
BDINS021.BCS,override,2699,9ec9d889f2e3100ed6cd688ac6a764cf15c1ea65d2d5fa4020dd7767947ea3a8
BDINS022.BCS,override,1323,fa2cc092bc583132ee25e77d030cdfc3bc00423612e8321adf0693c5d50f3e5e
BDINS023.BCS,override,1324,ab27586ed633077b5ccba289dee8cd140e18d1e872bef4dafe9c98ecba221c1b
BDINS024.BCS,override,2703,54f37ff51a642d13c6683e763c592c689aa70a2afa8baf8e9f52628be0d38129
BDINS025.BCS,override,3632,a86c1bf4f0f2cab67fabd41760d776428435271aa24e0408df10815d94d0ca8f
BDINS026.BCS,override,1327,db5227349460025b40b070a3f29aac454bea7db46451f42ba34812a47a8f74aa
BDINS027.BCS,override,3655,82c04a64d514781ecef9989f6b1622f54106a11b58bcd6b168020c99fe11ddec
BDINS028.BCS,override,3645,9f25d28b986eed810227e5f76ad9c93bc2e4217eb29fe8bdddc6742ffac61d40
BDINS029.BCS,override,2713,823bf99fb500a8c2cd5e0132d3cd1182d35845e2692e68ff2d13a438edf65f1a
BDINS030.BCS,override,2731,03d06004c1bf151cc31aa25d8c77e7ca80a68b1e2149dbf0ffff9a65eb542992
BDINSA01.CRE,override,4140,453556931ea9c22f1cf87d7087284479cc37bf7423e71d1d03be8a11f8b72fb0
BDINSA02.CRE,override,3612,82ab37e13e6a89a77eb93bfcfb2c1785ae46bbe2a404fd4846a5d2cc176b9432
BDINSA03.CRE,override,4460,f2f8df44004da88c814eec6e97a787e8b22099beed5df8fc10aa4ede28fdc2ec
BDINSA04.CRE,override,4320,ad08af2368466954ed684bc8ad2d7c7b466bd5f3889da7662209ce909326c935
BDINSA05.CRE,override,4156,2612a437b54768fd2d915dfaa75e7e2075b8ae7fffb03c38c5e0ee92c98cbc78
BDINSA06.CRE,override,14492,b4dfe7ce69d147b4c127f5119ee5f1933fc1bd49f76239d00be24406943e9f50
BDINSA07.CRE,override,4264,c1921b71d29b5f3ee5a9900d38ef90be914ba79e735052f7469c672a3b1ff1ce
BDINTRO.BCS,override,45212,521f5cce78e5a1cea8723773a60d89a50f69f85502e5788c151128e1fef92ea2
BDIRENI.BCS,override,5274,b13ebe5f593f918a4a4cb6cbe0822011f62ac7ceb3d6e4f0db99aefd1b6c7c3f
BDIRENI.CRE,override,3796,99208f92a561ca85e7190a16ce54e18531e5c713035a3dc9d1aad778f05e9920
BDIRINA.BCS,override,4967,3653ae3616234564a5047a6853bf7df3eeade5e554c476b2555b6c8d3f586bdd
BDIRINA.CRE,override,2944,f69ed7aebd24afe9584c4bdf2bd7935ee7432ce646460f7216b799052dfc0b90
BDIRREGU.BCS,override,7456,c0c8f3cfaff24f2408ce98ee6ed558245560e9955b33fcce0d65c87bb174b01e
BDISABEL.BCS,override,5954,27d729aa6b9f4ce8bbd737691532b00f620eea9845315196ebb95c4e8a196e8a
BDISABEL.CRE,override,3632,dc7959a72d2191226cf319d7ee3e77d9e1eda81fdb57f6f9d610d281ef56a7aa
BDITHTYL.BCS,override,9237,d0fdfeff36ce755216b2a388877d51a632849ae61de76676b38328beeeb77bb2
BDITHTYL.CRE,override,4532,78bc8dacabb273de14a7ae19d6b3b51a8090714f02b2d8a140886c8e0879d74e
BDIVANN.CRE,override,3672,54a9ffa11290a3637e1702744982436909c6c26abc876999b124295da9f73314
BDJAHEIC.BCS,KEY/BIFF,84239,efe836063133cde33b44c351c2804483feb5f0d1ad935d50725f2848d80ada56
BDJAHEIR.BCS,override,34785,6f97cbd6637228ba63c7d6fefdac7378ced7365f08ab4336449bf5fb8ee530ef
BDJAMVEN.CRE,override,4140,35ae1323433a768960623c22522e0641e60328a5e2bb8cfbdf5f15fe2465cad5
BDJANC.BCS,KEY/BIFF,133465,5c96b36fde2450ab28f780a5c3fe2d073b4e795c424c5cf810e6de6b9148ddd5
BDJAYVIS.CRE,override,3552,1ad23aef430d87a89e55bad33c5f854d577ef9c917732a6432e4c804a3e53db0
BDJEGG.BCS,override,946,da4ba9c39f25b81b19e616594a5c7361eae0e72111fed8ba646ea94a8086d624
BDJEGG.CRE,override,3512,9942183621e5c4eff7e64e5405303edd59213a2fa55ac351277e275b53145d47
BDJEGG2.CRE,override,3512,2790efa2c0760edd4811dcea8ddf0469bd982ef117e9ec4a83f292652c2dda50
BDJENKS.CRE,override,3248,05065e7d1cdb432dc04c810a5fcf38a9b8dc20912d2589c49fbc7fcb2cdc5526
BDJOSPIL.CRE,override,3288,0cba06edfb127438927e5816d79b95b98a93facc27fb3c4c8de5645604b4926c
BDJULAN2.CRE,override,4428,a464cb03aa27fadef860e276fab1f223f4bb4cfb25720e5f91452b04d15fe471
BDJULANN.CRE,override,4428,729265c27863227319aca4d1bd6f7524c3ca2d02635bd681228c3758865fb94a
BDJULRIG.BCS,override,1331,c1ce57042904a608a0e6fc06ae3def275dcda0159f226a2dcad9aa6051ecc067
BDJUNIA.BCS,override,664,a20f0bb7eacfcf3657fe1149ee21dbc0a21ef8fe06c54b9de0704975f4f53dc0
BDJUNIA.CRE,override,3828,e9699d3485504c6982631430e829bb0e2aeec1f022565a99ae1b30bbfcc78fa6
BDJUNIA2.BCS,override,1648,1041cc3b30ce3c6eb323dcf6baa02213bac1fae2008a2b2b4f8e7fff9c6a895e
BDKAELET.CRE,override,5032,ccbaacd9f75ad2613baca668ec36584149d57386dc3a0cd2ae6ed59ebe630910
BDKAG.CRE,override,2984,a47955954fe19069c281f7b15fbdab94d34b56aac07162120d0c335211f1039d
BDKAGAIC.BCS,override,11218,887d38f94adb1a96a26f80343129712701d6de30e4b05b13eda4787cf3504731
BDKAMBAL.CRE,override,3796,c1de7378e64171ed5c90bac728fef7b73976511434b770f366c0b8246de2027f
BDKATHEE.BCS,override,1367,cbfba220eb3d1ade4f27a8516487193642ac47df826c7df65e720372306ad783
BDKATHEE.CRE,override,3532,9217e9454c45ca93b40f4977c56db6ed46635d5ac193f0716c5323cef021e63b
BDKAVA.CRE,override,4144,27f239e9ed0665739a9920309ccedb0794c28d8ea036a951009c23ca7a3271dd
BDKAZZRE.BCS,override,959,75ead43432d6ff522a9339cde09f4e04da33b8dc3f4cc57ed62ac7219ed9fb42
BDKAZZRE.CRE,override,3284,44cadb240fd29e0b649ed05b9f3c862d92af144afa286463a40775622b07cc1e
BDKEG.CRE,override,3716,c1a2cd4fefbe28ca061c38e9b74b43743dfd1a6a39a76a7e47733b6ca0163958
BDKEG2.CRE,override,3452,859b95ce87a8b67e205b11493a61eddb7a7816e90788ff7054251f3536a9f01b
BDKEGX.BCS,override,796,d2438a7ad93a02cea85a79d08c02b2c519171d917c0cc0999cdd0cb3b5930adb
BDKEGX.CRE,override,3736,791b3af6d04785bc2a58560d441ff8e5aeb3cf48d464348fc628094260975156
BDKELDOC.BCS,KEY/BIFF,32813,ddf036ce9096dd5c0c2699bf807a7d62b6a90ead8855fbff560af365b3ebe944
BDKHALIC.BCS,override,11218,887d38f94adb1a96a26f80343129712701d6de30e4b05b13eda4787cf3504731
BDKHALID.BCS,override,55979,2c12ec71147f5e5593273c81312c97b5e0d0e77d6641a49a4fc341c1bc4558cc
BDKHARM.BCS,override,4744,874ecb9c4460ea6b64883928b339c98b2e28e5ca2bbcb663fd55817ff0e48d79
BDKHARM.CRE,override,3632,b1e1f09e4de56578fc40a184194fc1de30b170e08c42e413b6f46a343a82bda8
BDKHARM2.CRE,override,3632,fe68a120fc0d3b18219196edb959dfc2f183b1cb62187935c0e66f82dbfca3ca
BDKHARMY.BCS,override,449,9ec3e40ffdb38a5080ac19b2a9371439c99e3790392fe75aa5f9c11cf00d4098
BDKHARMY.CRE,override,3492,46c15dee3f7553b9faa3d29c352555e3a4448add28f95403f478bee6af2b3a4f
BDKHER.BCS,override,1142,5b0f79a1486a3f64525234b23b7009f6d6c4dee420898d6d44e1df2cf8dd6db1
BDKHER1.CRE,override,3452,358e4bd615ae12f4ecc2e3bc49145a580d4d802316f25e0f202892fd840c4d9d
BDKHER2.CRE,override,3188,55d5b3a9f7ea2b63fafe234516068e7573758082553e1a8eb57b1382b292f1d2
BDKHERR.BCS,override,3309,5d3b3f96c22fdd9de8306ce0de67276c4560bb55d6172c88a9e43c53ad11aa27
BDKHERR.CRE,override,4684,adca7cfb2430447eda8c1ab5e34af9ffc2f6c40c0749897b2b440b2a43056578
BDKIERAN.CRE,override,2944,35aef2d3698217bd3a31f6f35126c519ace806e2b250f7608353b2327876d68e
BDKIVANC.BCS,override,14334,68d76b20a516da217af8e3309bc75b27a785d4547632d360f6b77232c9f36b6d
BDKJARVA.BCS,override,1560,164bea0d5d7279372fda1acd662072f36cb9550126962263a4ff9bbcb3dbf174
BDKJARVA.CRE,override,3860,5900b2484f0ec2afdd54b689130d70b5f2f936cbacea5a0999fa7eae13d56d7a
BDKORDE.BCS,override,2648,5c073f207a3058c42e553c9c015cb1de689ad1984966c5c9df4ef5e387811da9
BDKORDE4.CRE,override,4140,cc0cd4002aa24ab35c59ecd8e3dbe64ebbb12e522d218c98171449fe0615534b
BDKORDE5.CRE,override,3352,68d65d21f8bb7d7061356f8eaad4f000729e96f4e35fa3b792d9993693cb7d5d
BDKORDE6.CRE,override,3532,94415537b68afddf4b30701d04bca13873274cef3263dd8e838b1ac2a69a299e
BDKORDE7.CRE,override,3352,07ffe345cad367edc920762ebf7b6e32d78745ac5d07bf547efd6a2cce250d9d
BDKORDE8.CRE,override,4752,48321082350233401e44509cd17e94900b73709fbaf094c912eaa2dd48a55de3
BDKORDE9.CRE,override,3628,3bb467bec52d3c4f68dcaeba279331b8a37da4961518a44ec0074305bd5fa87b
BDKORDEO.CRE,override,2680,21b501199140fc1d166715474245f8f6d9b1d320902b13d92af3064071cee52b
BDKORGAC.BCS,KEY/BIFF,13860,0eea9a92589f697a9ee9d34ada05e0e1c29ef211cf05f1281e5de9afec449c00
BDKORLAS.BCS,override,3321,cb3093f98107a3a26efe5d5f7d83892d16b1095696b09880efad646212ba2602
BDKORME1.BCS,override,3246,ff5092181c6446b4bae157179e4ef97c7e43163986512d43fdf9237a82c62797
BDKORME1.CRE,override,3552,d51199f2ede89199603a5e2d8b794e1c4d0bcacab7e3fb6906b2eef3ac893ac0
BDKORME2.CRE,override,5460,867ff92c90dabdb3c83bdb043349abc6c8d36c7f9e22de83a123fe3c440ca135
BDKORME3.CRE,override,3596,d4b5d40d15f4e96086fa08b416c964b56a707ab9bd428c6f279f1f35b8364185
BDKORME4.CRE,override,3348,f2338d2cc72e462acf58938d0a3c41cb50c763f44300f65f99954e4d66d007fb
BDKORME5.CRE,override,3308,2667d4aa7dd4c2a75d2149e71ab04f45b0ce874346ef89282e82a1e25797f163
BDKORME6.CRE,override,3332,509850c783b44b313d906af9a03e4bdf4f6b5fda6d1252f1abc14c72ff1572cf
BDKORME7.CRE,override,3268,eb85828831867a53e81ab79927e11a2e8272515a9eb11f3303194b79e19243f4
BDKORME8.CRE,override,5724,6cf77f5cbcb68b9da463b071d8cf05bcc6746ff59b087fd9270c7f7ac06d9561
BDKORME9.CRE,override,4424,0850f6c4d6c20e2facb00db692891d50ea70216d3396d7a0676a09dd375c54be
BDKRUNTU.BCS,override,360,202cf59d1b6f1968ecd24811502d45786a5295a908ac7091ee5c9317f0c9c44b
BDKRUNTU.CRE,override,2680,d8d454de46ea4f344b312ee6891bd12e5b84e9743954df2c5fdb2a32ffe2ec17
BDLADLE.CRE,override,3616,ca053c842113ba63bef713a51243ec5f3fb9aeeedb4169ee1b5a24a2a8c15154
BDLCORE.BCS,override,211,29e0fe0cc4619573127c73255f345f343fa1b35594b88087a3b68182992b834b
BDLEMURD.CRE,override,3496,52f861f481cda01231bfe3658124c5aa1f49f49f3bf8724ac3c43f707f0be1a4
BDLEMURE.BCS,override,6409,aea66fdb9932e1110152e0b3082c39b94c58170fb5d58a6e9ce2cf4502b18634
BDLEMURE.CRE,override,5932,21ba19ad80d0c088789db6d8e8309f5082e3d84a018f38c306879707bad1bc6a
BDLEOPAS.CRE,override,3652,03b13e31985cd90e81ac03cbb74c8d813a233de39803ab7594a1299d35dca99a
BDLEOSIS.CRE,override,3652,4a8e7f2e50ee0e724ade0d133d8163791c18238d81552e070045d5953e6d59f6
BDLEVER.BCS,override,1348,c5c3823faaebdba3c33529fb682235993f9f1e6e46a281ba82a1d27e12696fd8
BDLEVER2.BCS,override,13857,bad9445f776c3af8e1662e2a4ed92ec382ed8b8ea0e34e804a44f79c62252407
BDLHARD.BCS,override,211,fdab068ce50c31a7998c327e94624162524d7d8b1fe690617377018313deb642
BDLICH.BCS,override,10889,dcfda75bfde7ed2c0e11a21e933cd3b57cfe219ece9e1b5c9931aa15af800654
BDLICH01.BCS,override,238834,d76d67f51ec123d9c51487a0c25bdf15b7fa2ff91166bd4aa95b3b826d23e448
BDLICHT.BCS,override,859,55ddb86186c9271efbf4ce71335e85e34c7825282765914449851b3f0482591c
BDLIEUTA.CRE,override,3696,c30104d6414c6c19738904861ed3d71ca10f6df2e9ff8f5b67fc31bc8bbddc73
BDLIEUTB.CRE,override,4392,4e752d8d9247f077dcec9a537bfd43415404d2de2a69a26e227115572591c3b3
BDLIEUTC.CRE,override,3636,c0188838724e2b0213dc687c989872b2fbe47c3a615e913d73ab251c40c64e1f
BDLIEUTD.CRE,override,3676,764756eb777d766e478920c48120c1ca6518609d74c719677e57f4f4f5027aa3
BDLIEUTE.CRE,override,4204,588e57cee4f68dd07dfc2b6ff922e57d7f425e2bd7d74d3336d20312eb312d56
BDLIEUTF.CRE,override,4412,671cd2af6f4abb5b91ac497e64377d9d20d186a4c5bf0dab0b154e78a401bfdc
BDLIEUTG.CRE,override,4176,ee552c9aeaee27df52a936c4452e4cb1fd2fa29ee114362cf2c5657a7e0f253e
BDLIFT.BCS,override,1413,55ed956384a867378133512da0b29a381fab8280f4e9caff6576d2b917d06392
BDLIIA.BCS,override,710,64e45249646e750d5dec42593655dfd64b8a70258740dbc017ed3b79d6c36117
BDLIIA.CRE,override,4364,f3fd8c28327eebae9bccf7dba7ab028fdeb329cb82cbed54d88b2ab6eea70473
BDLINSA.BCS,override,211,f11eb9e372a34038c3d91f79dea5becbcb71ae6e225bd803f1e145fc7ac44874
BDLITLA.BCS,override,28957,4feb2dc8215669aa2ee3c6160d62928d948e5752468cfc0886812132c648ab45
BDLITLA.CRE,override,4792,d132916a2fcfde234a0c989fdd7e758e044ac49b292e3f193c0df0f36ee14588
BDLLUIS.BCS,override,4895,d77a6bc15dac1bf5b35e992d04879af06c212fe9647cb6fc052da68b9dfb8df9
BDLLUIS.CRE,override,3592,c9d1d0805bbeb55b373366351a5789ffc4ff7005e12f070bee2b766d3242cda7
BDLNORM.BCS,override,211,664d0db8b79301d02278e3712867fd72618a959173efce764fbd57473ba49adc
BDLON.BCS,override,6777,3e560656fd476e7e81fa347b8237fd7e2030be61720cfc9c0f808b6d8f2625a6
BDLON.CRE,override,2680,f0845a35f18a76ff2ab54e4d1b873e3f9a872a167fdb2fbfcca1e1e7b1732514
BDLORDDU.BCS,override,1449,c46d29948849812d963c296a13d15d052684d88437b3f2c72ec518e31b716373
BDLORDDU.CRE,override,2944,5d477ec3a36da54716cd13c0d62023cdec58e05fd6cd9b07f33b63b801ce43dc
BDLUCILL.CRE,override,2680,d91721dd852ba091ac17f9ef7e2bc9876739115b19e1b675bbd9d9be9948fd60
BDLUGG.BCS,override,588,565256dadfb6333dcf06ea6584999a9ab15c66e351dab6d6e94c04f654f929ad
BDLUGG.CRE,override,3632,56bcf1d0c575ae06bd20f5a3c24f1d258a38a435148279749783bb061f72158b
BDMADELE.BCS,override,585,62703a2ea7e38e53e16f505624e8405193245700d7dff92c2439179a15f27a42
BDMADELE.CRE,override,3736,08803192e4a88030100086e5874b11076637bb4a8207c1ea79903dbe537b89a5
BDMAGE01.BCS,override,154072,9f888a03c5cb5b3e0ae57e226ef7087de679f164c99c64df3c3f71c047a0c7c8
BDMAGE02.BCS,override,168091,e23d5eb790c1446f216012b489a7a7c0653ec4408906b92c49b0dcdb119e634c
BDMAGE20.BCS,override,66579,f2f5ac6881e0b5d1270ffdf8ae7ec4ebb1cb3778b9fad9187d1504ce6e94c6f7
BDMAGE21.BCS,override,49551,7c33af6357ea7d10d483ed5cebe4015c2880f31341d3a7dbc92d1979f0fbdc6d
BDMAGE22.BCS,override,53503,77c19764316b2844952acc695253c4cfb904d4eba7f8da18b01a5880e43f5e6a
BDMAGE23.BCS,override,43054,93c167ad69afa1917cc2edcd84aabeeda5d0cb3785977d52a2b85962b1b1ced1
BDMAGE24.BCS,override,53443,4be1b05affb49ad39e42ded3ae5300d840dada1843de4fb11242ad58cf067132
BDMAGE25.BCS,override,49800,614ed3c399614aff7deb4ef245d722ae747cec7375545fad1cf1c6b979aace22
BDMAGE26.BCS,override,32176,a42d994a5d8340bee628b81e647be11486c430871e5e3ba0fdc657d94b1ef932
BDMAGE27.BCS,override,35115,29496f3ebe375bfc37c21c752fe596a9c405ac04b44539eb70ebd1f3985f27af
BDMAGE28.BCS,override,39907,cb1d75dfe758e88f601c2db6724ef5d31a9041b3afba488c8a3c70211f7ed7e3
BDMAGE29.BCS,override,35210,d67477e0343eca930c44945e0087977b3afabe0a95b97981615ef28783cc9e4d
BDMAGE30.BCS,override,24488,56267d9e4d1f8b201eda3ad4cbea3f9d32a181c277e75b8fb3a4ea28ef1de18b
BDMAGE31.BCS,override,30268,30b1d00971d1c9a70c63864193c18ef212c8b6c3ca724f3258fb7ab84af9692b
BDMAGE32.BCS,override,47518,b1181844085792871bcb407a00872d84e5a25d3d0b20a0ba09b783d7a8844879
BDMAGE33.BCS,override,43642,09a2962635f09de6886386ba5bdcae64662183d9ef39c5fc2a2fe12428ede281
BDMAGE34.BCS,override,42519,034cf3a77cfcc6e8b92eb83a75f615143302445e091d51a20ac35347446d979c
BDMAGE35.BCS,override,39461,dbd3f354f9c9ad34c90c803e020980c8bb537251ce67f9c5c852870b4329e9f3
BDMAGE36.BCS,override,29916,0ecf97b73362dd18b6c3aab592bbcfb2f240857341f4deee85f1925785b52442
BDMAGE37.BCS,override,60818,202836839a86e9d066bd5d8065430e7035d9377d375e5e9203b3ec866e1145e7
BDMAGE38.BCS,override,66579,f2f5ac6881e0b5d1270ffdf8ae7ec4ebb1cb3778b9fad9187d1504ce6e94c6f7
BDMAGE39.BCS,override,31116,7595408d2df2a2584333919c3ed2c0620a60854c230bd4ca1e3a43e9f443f60c
BDMAGE40.BCS,override,47013,2039df804d5c93fccf637d5b45aaa5176f6ea35f2612020cef3b9a543f3ff17b
BDMAGE41.BCS,override,52346,c5cb7fb166404be7ecc5db3b50a97596643f8638608101c4b187facb280538c6
BDMAGE42.BCS,override,60279,308a597cd8f9408ac284ef0e12fb1a8541098b26b6fcb264f44369afc208ce73
BDMAGT01.BCS,override,155397,58ae6efa921879a298fdaf2065cc77623cb79059bef16760cc2cb62eea1e4e63
BDMALDE2.CRE,override,3876,dcb58de0772381109bbc0b3b6873f57672e9c7be070ec3a43b33c3da46dedc37
BDMALDEN.CRE,override,3896,751f5712106d4eb7814da3a318afd2047c71e1ea3a5e32879ca80cc3cb1459b0
BDMAPGUA.CRE,override,3632,48f5c52bd2d30104925b0f812de30b2ae93f36868b4181345e251c5f455b1981
BDMARCH.BCS,override,17406,3695365d725c6d9cee747091a880342b9f83038b8d296ae6799c0bcc01affd3b
BDMARI.BCS,override,294,62883d3552d37a975d56415d51d2c396e59d71be47cf989957625bd7f851fa46
BDMARI.CRE,override,3896,c7b7c544949842c97069d7440e023454eaf0fbfb1fcb15e02ef86f6634193a8c
BDMASK.BCS,override,5332,ece1a646eb0d50e84f51c2add9032343db1aa6ee067a021d859ad7dddf375eb6
BDMAXWEL.BCS,override,1807,57ab618c392cbc241a287c7a36a32fa4793f2fbcf67d81f1f37a9e7280e20134
BDMAXWEL.CRE,override,3228,1327d210f9309cb32fd5ff262eb50b76ffa249ff0626bd5a29111622d59ebeee
BDMAZZYC.BCS,KEY/BIFF,22848,b9620be7d96d7130080f17be5316663caa75971b1916f274d857dcca62d24170
BDMCARRI.CRE,override,3472,fd07673690990fd39f7ef0fd13708d5e1beec945a968a0a9d148b582ff585aac
BDMDEST.BCS,override,497,422cff5458b12d5c63fbfdf7b39189545c9193b4f27de74c32f4ce60c4e66245
BDMEL.CRE,override,3652,a3fe5c8d5f52bd4d4b960400cdff0060cc071e9e7dca7fdd81572d67027cd168
BDMENGO.CRE,override,4568,3f0f9af5f6396193e3eb28dfbcb4629d6077ae2686e2ca86d2b0dd1d513bf843
BDMENHI1.BCS,override,1732,8e6ba5ba90267f668c7df1b4916588106817c0bd4ff151f93d357c6a23d42426
BDMENHI2.BCS,override,1284,7d386c41accb5b70dd6b3189c5a0129c2cd7468051e186099d2955eb9278a544
BDMENHI3.BCS,override,1284,9400bb46302f814487e79d29d8aac705f4da8617864adc21919c646333a9ead9
BDMENHI4.BCS,override,1732,1e5eeb6be7fcee63749f79c28bd6edadf7a9e5963ed250772e5e4f5967b4ab9b
BDMENHI5.BCS,override,1284,d1dd8f456dac0dde225f20fa232f5541c12e409b987621014163706555a84875
BDMENHI6.BCS,override,1284,0b605c8330a2d189532383cadefec022d89f6e294edbd45a2c39434d67c249a5
BDMENHIR.CRE,override,2944,999daceedad256c3a86f6b0f6361de78b1ad08504499f27bbd344c9c6f81f811
BDMEPE01.BCS,override,8801,33ff8955ec2918c08600d11a42a0d0c79f2ffd08179f528ed6beb0a42f7da532
BDMEPE01.CRE,override,3540,2a6d7a1502f9b902ef0b430a98fb0176c9c586a1d4aae707008955edfbafa63b
BDMEPF01.BCS,override,17278,1de7362a8168629e07bb44c82a16b638ce6177f7ad28cc5543c00b1972270832
BDMEPF01.CRE,override,3552,23f5fc2128c7ca0ab80819041e3f40f5bd0c3c7598b2f7656f4a77e30ef21660
BDMEPHIW.CRE,override,3228,b64ae62882634b029ef5a62b1d78a519fe2aa0a7c2203a81a7e67e4ea45945a9
BDMEPI01.BCS,override,9643,c23d5b264448ca1a4b7124641fbfadef6c9232345fcd1c7419b06699230418c2
BDMEPI01.CRE,override,3540,b191184672559f718ba188202d0aede5a9659bc21c44f7e42687f2849fecce95
BDMEPL01.BCS,override,10070,91fa8038705c51be6c9f32b7c4bfef07f13f81328fbbdb44848299a5c1612d3f
BDMEPL01.CRE,override,3540,6bed7211c1130db8c9fe92a08ae4e873ef0722f765c472bae5ace612faeb8160
BDMEPSUE.BCS,override,8005,e07dfbbbda0bbc168a7f8c4dc6094b802e3fecf47fedfac0c0cc6b253c47c3c4
BDMEPSUF.BCS,override,20615,c0b44f2fe884b8bb56f06c252eccf271646d84ba4bbc3e0f12be4770916697ff
BDMEPSUI.BCS,override,8670,fb682d2c7e4b7d2123a7ed712443b65a0f9dbd801fba29880d5c3e25d5eb14b3
BDMEPSUL.BCS,override,9036,30fa77a2b739f7dfc222f62a60c00d57eef4cb41b4448d9f6ba56dcbab03e75f
BDMEPWAT.BCS,override,762,9437e097169161704f85f3be530a4e7405014135b6adaa9c9d0b64ed48a80811
BDMERC02.CRE,override,3652,5f7eef7b28fd6f979afa04d4a2625b8e715778908ca8bec0b895a5d8386c4a8c
BDMERC03.CRE,override,3632,c55c84df9d9f268cd2f420593d414e774cb8160b586d22fbf6d45b7c10776294
BDMERCCR.CRE,override,3656,0540e1c62e89fd5fdcd2b2069fb622c703964bc69af1ee7576f11cbbce2cb3b4
BDMERCZ.BCS,override,4083,d31e16477cb65804d469f3b53cac01630d650aed8d6c86583737b600237d1ca8
BDMERCZ.CRE,override,3328,18a584b709833865e26dc38a3397c9299205ba080d9fb7861a59225fddf4ee97
BDMEROME.CRE,override,2660,b3a0008efba7d39c768a4b03aae6ec2c9dd000b0189775c2083d9ffb0e50fc4f
BDMESSE1.CRE,override,3672,d16cc9ac47aad179fbf43cbfb29e155ac4be4048518b39523599521025a99855
BDMESSE2.CRE,override,3672,c2f5ef3d41208d5b4db6aeead8b7fae59a165228e2ed4796cfee45a7902e5ca5
BDMESSE3.CRE,override,3672,7089cf0d2b643a18a75d9a8984098f0979e4d495a1518cea491528775c9a8730
BDMESSEN.BCS,override,2698,6f2f04ffcee467580d98e89b75c0b48afdcbc05569917ccfee5c704bd43dfaee
BDMIMCH.BCS,override,306,0497734620ebb2549f621327496d6962316925356f290642907dfa3bddfb4b71
BDMIMIC.BCS,override,1681,8201764ac48a83ea486789fa9cb83bc55ab9f828075926f2430504cf008449e3
BDMIMIC.CRE,override,2720,1aad807396f53498281532397dcd5f54ba07b8fedc80ceb54d9caf47202c9537
BDMINSC.BCS,override,51074,fe493621cf9071af0e13f2adfd7461dc80c6ae8573158eec8b0f105dc856206a
BDMINSCC.BCS,KEY/BIFF,21041,d587215e8f83eabf61a8ed0877ca5c04b722666750c645b57b2a6e95e10debf6
BDMISC01.BCS,override,7221,07405f6f332e8deb9a76dfb0a693514d0ca57ca5512e9342d2fb74f24ef3e931
BDMISC02.BCS,override,393,0b1bd035850ded59391d87c6ad7dcd312175f1f1aa16e09c01bb7579ce1e0e5c
BDMIZHE2.CRE,override,4228,f79b2454ed801c4f783aa41d495264160cc07f73a02de17a19c8fa9c6d9ce5a1
BDMIZHEN.BCS,override,3886,91b515ffb215be1266f371460cf23011e9b36ce165ea2234072f1ddcbff55f75
BDMIZHEN.CRE,override,4208,8e43fe43dbd6e8222ec4cebe2618a4b22976c86728559d00e48cac392a33e645
BDMKHI7.CRE,override,5420,0f8be302d1f1cb513b288cbe62398c4e0f7e012784e66eed1f9f4e53c6afb8c3
BDMKHIIC.BCS,override,100301,13e90b440ea5cee7c5e716213fd2dc5441303064017219be844ad5cc4016af2f
BDMKHIIN.BCS,override,33971,2a41807124108c5a242c7a8296ea8ad45000b1c39af2b5c56b6873a2254bd227
BDMONK01.BCS,override,27017,e667e97331cd9b8382d5876a8b4b39465686efe0a6519eb7fb8560a65a74742c
BDMONTAC.BCS,override,12809,5803ccf3a0655b01b506f765556f40cbae78f36a28abd582a86d496f831aa271
BDMORDAU.CRE,override,3808,4c7544013aad6547b89de69e2d366c54ad5b595db8d7e22bd0824dc9b76472b5
BDMORENT.BCS,override,27497,9522bdb5e547614e759106bd6dffec005c19f935d71ec497b4077a4a71848257
BDMORENT.CRE,override,3864,217cc453fef015d1b6a10f636ff49d797087d9b6736ce89a7d7b86e868cc4a07
BDMORLI2.CRE,override,3608,7de058caeccec12a9158d76bc597df94466376ef1baa100f660bdfff2c52a0d2
BDMORLIS.BCS,override,2123,d2cdfde319bc7b93627437f1da8d60559faf26f86fadf550b3f006e5124434d3
BDMORLIS.CRE,override,3608,79896d4d6792d50e2fcebe1a1537b4c39e5ae623f9bdfe241a867ca4a94bde5e
BDMORRUK.CRE,override,3268,83e8a94601fa9baecac1e6a07501b926c0903c175cd1bea9b095507e2dd07f33
BDMSLD.BCS,override,592,4227420c8859c7fbf1ca57e7bec61c72bb9b8b6c87019984240222d7ecae3bf5
BDMUGG1.CRE,override,3836,cceb1f881e46e9bba45e8abafa5ce109058e0782be3cf9a7a545314b14d43e5c
BDMUGG2.CRE,override,3836,49b571d6ba434150cc4524a47c1b3ef995e9f31f3adaf4cda1e7fb1796f12862
BDMUGG3.CRE,override,3592,ef73fec1165e8661bf34774e356e18724586a3b120f7a18bc86367e281871019
BDMUMM01.BCS,override,3118,51465b17d373feac9d38765042228366cc0b731afc99cef7fb98c063363e4303
BDMUMM01.CRE,override,2720,5b86bc8ddbcaa48b63a00595cc3907a0287bcdbea870a9b7c7c7aa851880e78a
BDMUMMY.BCS,override,1435,7a2c3132522ecb59195cb9baebe50201d79f3377630b3a6fc3c5ae5a38bf4bff
BDMUMMY.CRE,override,2720,a6dab223517db0a51807ab7f39d0cb6767dbede5b8ef1853f33e4024bd657b93
BDMUNSC2.CRE,override,3612,25eb0bc1cf2bf7fe1bfd045762413b5634d37aeb1758005d3578e4925b008e41
BDMUNSCH.BCS,override,1968,4ef1cc50b1b865a7e858ead7497fc6e6be15470d57c8b2de8b8917a4a2f93e3c
BDMUNSCH.CRE,override,3612,9edf5172bc6e6b6c49ef28ae5a4e4a0b582a0613bd732289d20e310287574f72
BDMURS.BCS,override,5942,a75e71b36198829cfb665e656c135da87308ac5ec5911f63630946e3c19221ec
BDMURS.CRE,override,3920,15d9b52e25930116f82cef6f6a54f3593a81f734f5dd99cbdef66ad0ae7d9306
BDMURS2.CRE,override,3108,8dec2fdbae17990f9ce8e67cde5ad8a2f183ddfc652282994167a64b413dba56
BDMYC01.BCS,override,1035,a7be5f4ae63226275fe789d2f8b10668a8843c99b1d1dbc5c8ab5dfc1755bd1c
BDMYC01.CRE,override,3056,045af6bb98bc3cd09446ade3959a8f7bfb59d29f32fdf574de772bfeda9b3c11
BDMYCBL.CRE,override,3152,1dcfeabf5ff4c6205a2002fe10123c3b345c8c9a2617d7ad1d90c652b878e5c7
BDMYCELD.BCS,override,955,8e72d76c8f8e8936169bf3644f0f4dee8a3953c8f21b13083832b116ad5c7046
BDMYCELD.CRE,override,3172,f32123d7af810100481be197e1cfae79252ed320cb4dec4e146ae5bd5d38bddf
BDMYCRD.BCS,override,23654,d4ab5a4aacbb4db92004a816b4f86ab4f65e5738d197e0889765be8c3c092a12
BDMYCRD.CRE,override,3056,e647a3052637574d982164b7d298fb92e9741f9a7be729ab5c4728f2172100b1
BDMYCSU1.BCS,override,11015,ff09b36e4532bd3b7a808cc81471104e269dfdc4bd3dfdba5a8358cdebb8f183
BDMYCTLK.BCS,override,636,a9e3b38aa762996097de918ffa35716378a9053999a60e54855414f91b5b3dcc
BDNALIAC.BCS,KEY/BIFF,133465,5c96b36fde2450ab28f780a5c3fe2d073b4e795c424c5cf810e6de6b9148ddd5
BDNAN.CRE,override,3632,975e12969688b2d28a7761b4c2bd4e9f06cdfe4cb8bc59237c0f73acf3a31bc3
BDNANTRI.BCS,override,2518,8aec20a5b1dcfbeedd1f9c50bb8961063e2300c82f3e5fe6eaf89c5730a4f9aa
BDNANTRI.CRE,override,3308,d856f05fab15067e98ddf833caca3aa1dca94af0ca02278ffd35626807ba65e3
BDNATHBA.BCS,override,4650,8484e8dc3ef239cae3591a8451f5339d652b58d91dc2e40a39390cd0e251148e
BDNATHBA.CRE,override,3532,747c6442e5ec7b1e62cd7015c40054397921881ad6f89b8a1ad23e6414a93bef
BDNAZRAM.CRE,override,3936,a516e74f5f7f3e24ede393d0885262a99cc6c113d1648bf5063fad039b210b69
BDNEDERL.BCS,override,3335,727d5eb6d6598bed34acab96eddf111b8c5ddbb15962530261dac873e2b5a687
BDNEDERL.CRE,override,3712,a34c106764b6cdd362908acff6fe6d17f204a0b81b8c4cdd45929b4cd5c9af4c
BDNEERA.BCS,override,71136,41760869aa34112a923f36e59b3f845298e67105e0cbe6363e99391c7f122e62
BDNEERAC.BCS,KEY/BIFF,136037,bb94db460f531eb70adaaf5f79d7d9af5b1aed34b0958e4fcf57e2671158e355
BDNEERAD.BCS,override,290,d5c5636884e366f389276215617bd18247912f09ece610eb4b1637bf619395dd
BDNEOTHE.BCS,override,57808,1e659dbbaa7f814fbf0e1dd1d32b811a617d346a374bae44e02fc4b812b740a1
BDNEOTHE.CRE,override,2884,851257ffa713a5a628f72b0f65e83468fe31faeefccd721f0125063f90c5f525
BDNEREID.BCS,override,44702,4a06531fc5919e6db639f48de4b1730513b98b6bde366e84517711c21e2a3c79
BDNOBF1.CRE,override,3452,6fa86ba6c7e77ef75a40688506dfd24474a3d8482ccd55ef12851ae17e272342
BDNOBF2.CRE,override,3452,02fb22e6445380834e9eb9783ac86e9b324d69f934211d6c9bf34318d5dc519c
BDNOBF3.CRE,override,3452,3631c1d33548425bf38a7d97b258f75718ed79db37a0d7fc8762a9799d158021
BDNOBF4.CRE,override,3452,30e30b5b586dab312cb095313120045fc046ac789367e7c5590363ad46eadc7b
BDNOBF5.CRE,override,3452,598207bda0625f31d074bcdd90c40947140ec5bfb8b64dcd440464d2eeb4ba4d
BDNOBF6.CRE,override,3452,11164bb376005b2de1014ede5667de0c3a402cecf0e62a9c24346583b9a961d5
BDNOBF7.CRE,override,3452,34b4a15660aeba137f9447a3ba68bb79ce0c56c9c6a5fc22368566152b3e2244
BDNOBM1.CRE,override,3452,b19340338a7a66d88fdf69de7072e0957fd72cfe99e5ac2d7e270c5c6ab3e0e9
BDNOBM2.CRE,override,3452,8d3aeea59090d8e5730ee79d1755e7a3097a5a6a4f9ffd822386a1208bc0018f
BDNOBM3.CRE,override,3452,526551047a5e274848c20b48d69bcc34291b680d0992f718c16940c57a9ea307
BDNOBM4.CRE,override,3452,17eea9cfe733252c3baea5842777fc8392e5947b6df5cec53e94c5d7e7c402ec
BDNOBM5.CRE,override,3452,073ada3f2b60bdc6553db861a196a1455d9a27c830e9351eac7a7e6710d618d9
BDNOBM6.CRE,override,3452,69bbea78ac319ae5436624a7d1fd9c476c0c267501962540645430aa31a1bbfd
BDNOBM7.CRE,override,3452,2592349b15f7df3c6e76708e71d7418b84fdeca37a87ec7b4d58ae1f07a24690
BDNONIN.BCS,override,9242,97ae54b2f6090ca64560a7def0f13780344528a982bc81635584d35afa4836cf
BDNORES2.BCS,override,1954,9bc7a5d9e53c609f9ec50c983a9ffec11a39866469ec5b08dad61f5128abf1f6
BDNOREST.BCS,override,8226,ff7a15e32870ed7035188bbaf0f916f503e179097da37b2c1603a74778163ce3
BDNOREST.CRE,override,3228,eb50cd5e0b52ee1d92081a70733daeecf64c2f6b3e1e8eaed50ef2b7e6643fb1
BDNUBER.BCS,override,3335,9ef84e99e327e59b2d46707f7afe38b015ac3255b6fc3f1b94fee5bc4dc85ef8
BDNUBER.CRE,override,2660,030ac483b19b6c29f9715fba2c8f5ea44efd1d286b3ed559bc2be0fa03ecc732
BDNUBER1.CRE,override,2944,effa1232740cc86997ef2d72f73d3f81bcf690aae500119caf8a3f477f0219cc
BDNUBER2.CRE,override,2984,10017c5eaf14decdc932fdc12ac7a8d4e8d1d8bcd2d1e67f2d5c4cfd1f1b5602
BDNYMP01.BCS,override,69402,707d52c4a20096538cdba97e99b32d81dd7269e2f90db28191dbb82f873f37b3
BDNYMP01.CRE,override,5164,9a5c7a0500f5aaf7e37d4f161e2c3c55dbbcd85712778edacbd80b9c1611e70b
BDNYMP02.CRE,override,5164,e510545ebc7dc60d7d0f029892d6a8f88fe5f737bab67fbb90052b8846f2ee73
BDOCK.BCS,KEY/BIFF,1362,f4122f33fb9a5c3b1adffe9440043d9c6eeba4eae2b71d3098f1baf814682570
BDODSCRY.BCS,override,10235,e627e019ce9e56536cd07b6cfb33b54711b29826c14c6e2e86d16435a7e936c3
BDOGRE01.CRE,override,2680,069dfd7d7ebc0e210e8be50524c3a14cd989b73a103455d80f84665fb6bb9336
BDOGRE02.CRE,override,3272,fda097f6308623c6f7f4f734c15237a5f0750be403f07dec323d042f2977a931
BDOGRE03.BCS,override,40160,f4a634c2c9c423d0f894e6e7ed8bdbcc62302baf5e3b2bc01aee16da1702afd0
BDOGRE03.CRE,override,3756,c713ef286dcfada2809b288fb5a755978d5f3fecd305c6f4e943badbe7778a92
BDOGRE04.CRE,override,3552,1778c60d723313738372b468b0dce9956c5bd8f94cf22a8457f7106f426116d5
BDOGRE05.CRE,override,4752,1a4fde6e6f044285d3da888a2640a7c9c720f274ac0aeaa578da8f12e0a5c8ac
BDOGRE06.CRE,override,4096,51f727345854b10aed233ce8b0cf7f0c4d9e4c86b7d6e0a973bd1d4454e932f3
BDOGRE1D.CRE,override,3248,d28217e091733070b473d8cc4fe5fa4b1d915c69129a1dd1882fbe75e30a5bab
BDOGREDS.CRE,override,3516,ff73d19e7965982cfdbd7f0e6dd234ab6f95370eb2e79ce423d073c7d13c6a35
BDOGREF.BCS,override,1100,18888c86aea6f3f2b7712bd4d923709fefbe01a3279076e159342c6df2b8cb2e
BDOGREF.CRE,override,3248,ee1a7a2f85aaef1e582b18a9cec320231c7b8cd1f8899f115823701d9cd324dd
BDOGREM.BCS,override,2083,ccb7e068027c9028b0b57bd86f8edc1de17336c28c6502705939b8c92e5dfd20
BDOGREM.CRE,override,3776,3e9df629590990fee18a3ee1cba526a8f9f9f2c0450a2991b86a62f58385b961
BDOGREPC.BCS,override,14310,41be7fe8bf652c427397f4ca19e7b921f91633fc8beb01b9daa15a5508151f41
BDOLONE2.CRE,override,4460,24185704124460fb5ebb1e039a6a423682734ec8ddc14f596e209ac5359d1218
BDOLONEI.BCS,override,1577,5f2c742a7fef4c60e986cc830006f58b4ec080daee8506c818167f4350d1a33f
BDOLONEI.CRE,override,4480,6c9ccd3c3f6f42960dfeacc1d071c959cc2f679ed2e12f5fdadc4f1238825c54
BDOLVENA.CRE,override,4376,1dc5edab5d015eb095daf4ab6fc846edd6af1a8272a8ee36429b690deb0de445
BDONORO.CRE,override,3208,a703f019043808d82571d7ab6056532fcd5b54a350c3f8136386d7c72cb05499
BDOPHYLL.BCS,override,7899,99fd80dc0cbe6968d91060d183479c9530010e3e25c4980fc9605953bfd8eca6
BDOPHYLL.CRE,override,2660,812308f11a7b55ba8a3b2fe6a6b7829fcccbdfbfaf32ca70aa5079968ba22539
BDORC1D.CRE,override,2740,7903c1d3ea25bd32e722d69af2e7d333611c1026efe326836dbbaf4e6e47fcad
BDORC2D.CRE,override,2740,913d1d5b2354c0b2e5e175fff89d23566189bd169407b930097c6efcf432ecba
BDORCTRL.BCS,override,5370,2348cd86a7dd9513fd12f625c2217ae24c209b91b84d8b6072727cf969ac2df8
BDOROG01.CRE,override,3208,189905e8777a68955fcf3e1c6a6bbbf5caf697853cd68f422669ef60cd051417
BDOROG02.CRE,override,3324,14f9c9a0a573fc03147efc6eacacc24d4675d5bce9f4a07f5e6dc03e3e762435
BDOROG03.CRE,override,4108,9e9cf9e1c0ddd6f0c0aa4833026027cd5f604ecafc9faf904a3f73d11594a528
BDOROG04.CRE,override,4772,15ddff5900c9d7934e2c4a7d93b2f0dd9928a821864771240c6d64ff4cc22368
BDOROG05.CRE,override,4612,d91eba2fcc00d30164127a4b5cf0b3d567758365c546d8833f30cffe61358fa6
BDOROG1D.CRE,override,2660,731b4398ab118b0b090f8a89d4ceb5ab9ceef0e6e3b58164980c06be855cfd89
BDOROG2D.CRE,override,2660,c845e87443ddced8030ba5dd84e6bdb7cd33699d2528566f48efd882bfc4ba84
BDOROGSG.CRE,override,3892,6cda86c733fb3c97729e2942d998e8bcbaaeb5cce957ed340fc769cc932fa379
BDOTILDA.BCS,override,1137,b3580869de5677402133bac4efda418be91b0879af02b84122e025ee5b2f8e8e
BDOTILDA.CRE,override,3632,871a2712b2c7bea40ee53d98188c70bd20ee4c1082672599a104b3e35894dfe5
BDOTYG01.CRE,override,3472,7579934a15c4b8b30e6a505b568f61cf2782676994ea7525e44eb2ac96cd84b6
BDOTYG02.CRE,override,2680,25b2689cef548f7de2361aace51ff54a9460c0e2ecf190097598f2f1217ecc0c
BDOZIL.CRE,override,3208,921f99923a0d155869739b4b7cdb101621a760a4b29eb07fd9efc2822ff26006
BDPAL01.BCS,override,52877,403a7bdf7e17d8de499e8ad410069bdbd39f998afd778dc6c4c06047ba611bdc
BDPAL20.BCS,override,10041,5daad9aa9128ea9c4f6a9c8b0fa52d72de403a2d238e009594f588e91bcf5bb9
BDPALACE.BCS,override,4922,d87890ca782261fff0cabb903207b7143076f11e8b3bc16ef1ca0a491f759240
BDPANIC.BCS,override,1586,4a0dae4eab6c26480eb78ea2adc21a70e7ef888b509607f49059d871d706fe7d
BDPANIC1.BCS,override,350,95a7a5462fbe89a279f55a9b807c542cb459c8ce322544ff86cb10745a5b4d41
BDPARTY.BCS,override,48916,8bd530cc602f8dae3c494d94ec1b8e94a136a214c75c08d9ba95205fb1c5e3de
BDPATRES.BCS,override,1162,013c400069cf17943b57edf58a653055ac29967a7e48243391fff5caf6867061
BDPATRES.CRE,override,4140,7142b0da59a35b4852594a171f3b276ca63944b2739fd2113b8d3c951e5b7fa0
BDPCRUS.CRE,override,3620,212948e354bab80ca42d40a94283cd882ba7ea5ee132c37a4c59691e83ff581f
BDPDOOR1.BCS,override,3135,3d127b8b440b213024f02db4b3a6e194c16252832607d7bdf87f299228658990
BDPEDRO.CRE,override,3612,acfcafaa3bb2ef9e74f02cc8ed7431c209200ad0abc054dbdf8647631ac908c3
BDPERREN.CRE,override,2660,ec5de9d905306aa5866d76d07e92ced23b1d8bfbd6b06a3cdbc1e9c0f19b50d9
BDPETCUT.BCS,override,2893,4ca562601480a9d71fed302bc9987e1feb31d8e9f86d1c59a653d4530205d5f3
BDPETR01.BCS,override,2304,fe427f87ded79591e323018ee9fae201029cff79c2d6668070133a947693e8fe
BDPETR01.CRE,override,2680,997447171eec18c2c23190b349c0c86ae0d93a89d58ff1da9e7155b5028e07be
BDPETR02.BCS,override,2305,9fe68c408754c6d6d55992a7a3f3e597e1d454558f0e0ce636f6ea5bef0ab779
BDPETR02.CRE,override,2680,296d9b7ca9d57b655b2dafdf3ba72b7f1f0a30ebf2fa2eb77e702ac0c9680bc6
BDPETR03.BCS,override,2305,d0098318d8ede77f17a274c91a547197f8cc573e3f7ff9f8ca4ef67ce123f3de
BDPETR03.CRE,override,2660,50f7b5e952e5b5fe4e9a9b5416cedf6fb92d5e8b6261df18fda68b215da9bc5d
BDPETR04.BCS,override,2304,ba397bc556fb0ec1bd72b1c88567f8c4d45e2e92d44d5581ee2e9cd28ec36429
BDPETR04.CRE,override,2660,655b768744e0dbfdc4b7518ba098bf74a04d6eb0c125e33f589ef8d24c18cccb
BDPETR05.BCS,override,2304,36f7d6e13e9805d2dc41e6ec78442cb3a2b0459792ef9cf630b06b1dad113813
BDPETR05.CRE,override,2700,da849a5e6eed4352b6df111cc7ebdd591d5e6da309d3e146ce1a0a6262afe22d
BDPETSG.BCS,override,1115,ba679ae7d82a619edcaeaadce8680038890ef3337bff612403be3e9e9fba74ba
BDPETSG.CRE,override,4852,ad328635d79f6857a546a326c590ac05770b15990ba3b438755b161711bada16
BDPETSG2.CRE,override,4852,496b0b0d547d3f31d09ca408388cd687a44cb4759a689248ef5c7a3da0bc93f2
BDPETSGS.BCS,override,1513,d7b124ced900289232374641678582852a4270a0866097a8bb5c2ec28bdb1420
BDPFAUG.BCS,override,1039,4575a19ef1981cc5cc0858cca897841c273a30181b4c91157069a9d7151b48f5
BDPFAUG.CRE,override,3648,b9e15da59df2a77b33a9378a4fd8701e8cf771555f6d00b37d67435a785eb287
BDPHOSSE.BCS,override,4415,412519c0a598b2e0d77ed43d881c947df7b6a1944b528b027147450e3eff1070
BDPHOSSE.CRE,override,4224,db51f56eabb2384f4bde14a96923cb48cb8bd65cf3d483931a64bb8ee1dfc9df
BDPHSTOP.BCS,override,210,442e09d95f890144b6dba70ae290ce56bcd864dd5eb4619285e18d4502f33e40
BDPHY01.BCS,override,2009,3b7f6e4cff58bbc40fe085ad46ebebb6bfaa454a23bf8f2c90eb2dc032ca1378
BDPHY02.BCS,override,1730,40c4b11a277c0e3515d6ecea15af0a5af71e9bb887f9c5a3f5dfbe04bbd35675
BDPHY03.BCS,override,1858,96cd2523080b126e95708391e3ef36f637961adffda28b521a392f2bd6a381e2
BDPHY04.BCS,override,1858,3a0bcf5cbce4660ba974f32e35a80131def5411581856078cd05f80f1f9c3f0a
BDPHY05.BCS,override,1731,da3568b984fa781494a1177525553b6dd371587ac33fb70a923edf8da59878bd
BDPHY06.BCS,override,1731,f3e9e85e44509261de62ad9bf0be2c25a6146d7d2c4725cf3a470dd30a8b7e37
BDPHYDES.BCS,override,2243,5cc9e57a23940b95aa110b4a888d22051baae7b18168ae612cd49d2f88a34ccc
BDPILL01.BCS,override,2975,303b6ab339f29e4b79698c08d5407332e1b5e9c8ee3676475ce09d07a0af7db3
BDPILL02.BCS,override,2972,57ff9d249356f4e165ec39fb368f18cddbb16ee09a637d1b2e16cecce1e8cf17
BDPILL03.BCS,override,2975,688406b8d401d21ab288976f255876d9517aa0d2e3d8c04d5fb496ace91a2d0a
BDPILL04.BCS,override,3732,a9f1e2cb1740ec6d6640226c2059aaeca51b268abb10de10502293b6bf84a920
BDPLAYER.BCS,override,412,7991bcdd9fe64f6a971ab49cc8ab9868bec19c81265ae237889d9189d8c2ba22
BDPOLVI.BCS,override,4019,27795a0b67e993133aed7325b84f96dc09e2d098a56e093b2e7a5279e05b14c9
BDPOLVI.CRE,override,3876,42b6e447a4f9dbc37e7bb6fc8382da80771f957773e6968760b56c6e48a1e1ce
BDPOOL.BCS,override,2599,22c4b4b69ac2fea5ebcb3933b64b74701ef2ebf93bb75a65c55d1df40bb236be
BDPORIOS.BCS,override,58726,a7ad450f355455a756aa23cb5d8e8b2c2040dd043c1cc01180783b3340541773
BDPORIOS.CRE,override,4024,763c0ae09442285510ad6b6f4406cfad5273abe02c61b7dacf6e3bc4f68760e7
BDPORT01.BCS,override,8651,f307bc9c86637f94cc6a7644c90477e23938ddb924da727e27bb0964fba9e0ab
BDPORTAL.BCS,override,9595,61a7de1cc321f660d7d83f428439d51a86d70ffcb86c713b118a17c793da372d
BDPREMAT.CRE,override,3636,e2aa925ec9ce8c0db34348d3e7aff058a13211d50e02d45a09fc2ca18ace8cc5
BDPRI00.BCS,override,105950,402175f270b80f9eca64b918a63f7b24ea2725152e366d7938872b01dbf36e4d
BDPRIES1.BCS,override,1534,67899afa0589270b1f0c5db73036246e226d35f12a7cd269d2a4f91f9b88b7c7
BDPRIES1.CRE,override,2660,bc3f97820c36b467144835161bd13743f8dc56d246a8377ed13d6e49bbc2a211
BDPRIEST.BCS,override,4512,3ea8d8e1f6f8a60491b15aef3bcb6b148d7429bfd656378271bfdd047499a1d0
BDPRIEST.CRE,override,2660,b5eb23d73b4349eff9dcc89aa63e7916a85234efbd0165cf904c885e5427c0e7
BDPRIN.BCS,override,1596,f37474368e928e13f9af351aa0426e94c6e6cc1bb87d0760e90d36514da350db
BDPRIN.CRE,override,3800,8612202e995375b7d3cd1205335a2e8c7c1e52db1a333bba3176aea2bdeacee8
BDPRIS01.CRE,override,3532,f634040a77a7c4757dad3056225fe5ae0cda374e2cfd2ab4bf7c900a0433caaf
BDPRIS02.CRE,override,3936,42a26c9c56e2980a13bab253d0bb1f29006a42bd828905102ae2a6900c3a8c0a
BDPRIS03.CRE,override,3552,dc70e35e2338f88a9e37565367dc16a272818dd2c62acc2769db7786d100515b
BDPRIS08.BCS,override,2404,6b25a8649847b23d238b9082e2ea62335eefaf07da4001e8cd290d96affb8e91
BDPRIS12.BCS,override,1787,cb52b129a50b1c6f22dcdd65c72146b07009f27dc3b58f1c71f30917a54c4b40
BDPRISD1.BCS,override,4363,23724c9e85106cb74c087d082a37aed210881f88da9729d710b2a48f778e9faf
BDPRISD1.CRE,override,2680,f4f5d417dedaee818ade13347ea95e9d7a1a65252e701bcafc61dff23cd7f224
BDPRISD2.CRE,override,2680,57b6fe1cde91c9e1870f4157b33ebd3beba7a20db2163ba1f3e1bb6f1ba3d209
BDPRISGU.CRE,override,3820,6fed0cdd02cff10386bf576aa16fdc8f06e4ef662ec3dfb6cd19c2919b260228
BDPRISON.BCS,override,2072,617ad506546ffa0d8dc8605e3f156bb25598ed8a38b857ab6ee3c4aa8a7de38d
BDPRITCH.BCS,override,5759,e6b1630f2eafa9167f229ca38b162882ef5edfcf8945877aa9ab1318512ec9b9
BDPRITCH.CRE,override,3836,7effcba3748ae9997cae7b55c49609af596d07a446a137fb8c25b6bcd99f8e3c
BDPROST1.CRE,override,2660,18bf95839553bf0771af134fb42f0a8713cc0e7d52043a2ff1e04b2572c7265e
BDPROX.BCS,override,331,81e72706c8af2b4217f740abd5e57c121aba49aed2855534b48baea1100d82ab
BDPUDDBL.BCS,override,840,18a77b0b522254b042e2c7472ce698b058058d12f119628ffa6d3cc9d4f749b4
BDPUDDBL.CRE,override,2720,9a1c4e925be42dd6d4ade0dcae82c18883c4ddf597b95408932b4bf174cab5bd
BDPWATER.BCS,override,1111,d1b942063050e6a9779bff41b5b1450b94df78e6e32e267d25dcd5661c8a2557
BDPWATER.CRE,override,6732,9a2677e54e71e4a6f993e55420969a38509603b2ed541ad490c2a5f9960982db
BDQING.BCS,override,1560,1ed48e8a36cb95d58aa9bc74f706580ba00ef603b4aa995055107df8433c7a01
BDQING.CRE,override,3552,dbe32e364d9fddae9adcbbb76208213001c6dc904de49737d74f5cb88ce9f1f1
BDQUALEC.BCS,override,258896,3e6906e37e298272881c46dae8250a7d94a0cc8173d65a393b36af2a24a9aea3
BDQUEUE.BCS,override,1277,5d3ab2ced634096e6fe62f85c30377295ea4f7f9e405fded87a61bd87258ac91
BDQUILA.CRE,override,2660,a7bf53d2e2db5e7787c8fadb6c6827ffa92346a970be2a0e76e8f8b052f7574d
BDRAEANN.BCS,override,3487,acb09e9bd8178b1194880dd51f38f62f64b1969a2c4a6e4dd3641e046f7fbf51
BDRAEANN.CRE,override,4032,c4e5ad3882b21833cf1eeffd7c1341370330c0c0018beb48719e195ce127fbca
BDRAGGEM.CRE,override,3636,dfa2703b96fb1bfa63e156f497a94cdcb43e8a674f022863a9c4dd53077d7c8c
BDRAKS01.BCS,override,65154,a1bacaa982bb273d0211c69e88a87a42d8299ab0d41edaa62c1178ed40344e16
BDRASAAC.BCS,KEY/BIFF,46978,a2ee26e28fabfb63f170a477f16a70c446fc869e52a559ca4039cf0ea29750e9
BDRASAAD.BCS,override,58376,07031b4c16a098db541adb522f036dd0cc2c553680bf29a29903ba6ce665a13a
BDRAT.BCS,override,2511,0a16b8b99c306fedbd7ea2294c2df27ccddc3cdb47b7f777e7fe7b62210ba92b
BDRAT.CRE,override,2924,8c3b33521cc9a276a8c8417289aeb9b49850bf7a50f41e1047531b542ac57d88
BDRAT2.CRE,override,3188,e251cde1860a924ae29fcfbe457bc8fb8015e4c3bebc2081581d87470b2474e8
BDRATDIE.CRE,override,2924,f0b24d11d72dc24e460765405cd3ea7c0a588762a918fb0895d78c90c975f609
BDRATNC.CRE,override,2660,1126bcc1ce3db61f562e358c56415df3c92ff3c91139d527a36c61cad9caf6c4
BDRAVOC.CRE,override,3900,32cbe55cbab72da58a356f7b7c4ccbaf148ebea84947069df81cb3c89bc2f407
BDRAYLER.BCS,override,703,b3f9f177d981f15d1f6f1b12216bb6b49ccd15348c3cb31d993cc7d129abaa24
BDRAYPHU.CRE,override,3812,f12a588a00333eb7cd4c70c14b9080c2697b233efa7d96355ba182a6deeac50a
BDRCRUS.CRE,override,3884,a18e560b1465b0e9c43c74166451aaee13513c823d58dba3c23e7dbbcf07389c
BDREDX.BCS,override,3787,e70b6e32172a67f524f474d3b4df3fe652fafb71afbcee9c0eff7523ed1d4901
BDREFBF.BCS,override,4506,a3bbfd91dfc9fa72fcb042f0745d7ab40d22535d29a3b3657a3f65794403578b
BDREFG.BCS,override,6089,d81728f5f25d5b40666785fffa99e022a4f8e8e6b0342cad054f34a739da2b88
BDREFG1.CRE,override,2660,72ffae41290bfa6dd95633bf91f5004299f1d5aa6f0f39f6f8f044b5ba35b5bf
BDREFG2.CRE,override,2660,becebf2139c4469ee3ee0c237d94c67ace682d322b53f49abdc3a5b2dd8ce689
BDREFG3.CRE,override,2660,97ce8040e42a52975e7678dbfc1f641fe835db2c9d39c1d12e00fb4e6547fdad
BDREFG4.CRE,override,2660,5be0a80f73c9530bfdda65f763156ccba3f12e395556a6c5b544a0a5648f00bf
BDREFGF1.CRE,override,2924,abd4e39a988a86921f5124ef8b86f4f48ec8cbd6f0bbae1ddb6977fe5771822c
BDREFGF2.CRE,override,2924,1071b9d0246a5fe868ad5246b9d9c362d197dae9f164430b0a3b3dcbee3f5edd
BDREFGF3.CRE,override,2924,61a3e96e083967c73e14ff31cdc3cc91d9dac8a0c888d42cdac893c30d386196
BDREFGF4.CRE,override,2924,47362928e7b1debe804ba174e7a4cc356a187d4a62bb5abd18250714b5241433
BDREFGF5.CRE,override,2924,826ff3137745babd6bf97d6f1b9085ea66c88300835bcd6c0d707a7b18d2157f
BDREFGF6.CRE,override,2924,47bfc80d05998fb00c5e14692e98e0066ab4009c458bfc3766938a6f1f80b62a
BDREFGF7.CRE,override,2924,55bcaef300eb54a8aa047f2cf7e482e8967bec1a1df0b57a96404a487cbad7dc
BDREFGM1.CRE,override,2924,218ce685cfab326447dfc0132a9e0b9cd9e92a9ded6924a5a7fa5406f401f61b
BDREFGM2.CRE,override,2924,0d924cd15486417d1d9b838f6e55cffaabd5d756499e178b10e76904320070b5
BDREFGM3.CRE,override,2924,1e7a7f123179b31717955b7a038f3b3dee89e1533b709845f9a0987872330275
BDREFGM4.CRE,override,2924,cc2e25382d1a94fef09dba955135896364190ede06347d9bfb0f1501e567e9c0
BDREFGM5.CRE,override,2924,119eb807a65e2ee7513a9c4cdaa08ba5f4b9752bb8747e94b571d627067cbed6
BDREFGM6.CRE,override,2924,2ddbee71cbd6635490dce87461f011456a95a2e5ef8f6e062e986362df71c2aa
BDREFGM7.CRE,override,2924,bb5b1270528faade10fbe030841869ea81f09be3c9905408fd56db79b6c02e27
BDREFUG1.CRE,override,2660,68f10b810bb5bda1bea110eab00e5d755fc71e16a39310fa8cf74aef1873586d
BDREFUGE.CRE,override,2924,71902a44364109fa3ff8a26ce3ea88b2100fc99936ec1b4ac8707a999cdb8362
BDREFX1.CRE,override,2660,8ebc17408e117a0c899bd1afb21f33ba8d1577d6f91eae5c327d3814c116ecd6
BDREFX10.CRE,override,2660,3f49ec0a9f3e575e020d003387ea4f7a6ad8aa9f272f1f6cb9c9bd2f84b9add1
BDREFX3.CRE,override,2660,62ae9eae789b04008ba64d94f3071ed087854af02e62675e0b1674d4757c1748
BDREFX5.CRE,override,2660,09d6560bf6a646d78a503fe4f1aacf7636ceb25ce03d090ed8b39569c5eacb84
BDREFX6.CRE,override,2660,b4e0aa52981eea0356007790462f111ef4ba2b1abcae3a2ff195d8a6877106f2
BDREFX7.CRE,override,2660,bc7e7b614696503c92c5f14f8e45d2b521b58ae8a0aa2b975b40b886e6b266b8
BDREFX9.CRE,override,2660,b373889163f47d3745504e56a420a1a4e75f582977aa6e5f7420e052c37c5c32
BDREFY1.CRE,override,2660,bc21f434d9bb5140ddef788bdc7ea18f338bbb5f2fd74b39dd6a7080a1ff834d
BDREFY10.CRE,override,2660,459c534294b56a0084342c4588537cd46f0f089371518c10d52413126556824e
BDREFY2.CRE,override,2660,a9d78fbd2abcf20d02c09b2d46ea0f8c05e2f1ed07888b4850a098dcf199bfc7
BDREFY4.CRE,override,2660,a53de1e0c1f6a3517ea931df64345f0e89781976e3b589a18aebdc7e9fc49df4
BDREFY5.CRE,override,2660,5fb8ce35eb3f4e126440a65790f579c6e708913cdce6b2df09974ff6f15b8da4
BDREFY6.CRE,override,2660,53b6cb719d23a84e270c0e7d45cdef358b4f30d64234573176aabd07906b5b6e
BDREFY7.CRE,override,2660,cec69bd164ab6112ff677bf2aa560de5ed4a1d728c267e0380da5236314a72f0
BDREFY8.CRE,override,2660,de371f7e2f719c4280a4d9e31b67c69f8e226b6b7e37ecf034545e0a08e79fe6
BDREND.CRE,override,3860,8f58107f739d597d8dc13a667e0f557e73d21afb195cbd8f34e2e19e98ab4e0f
BDRGOSZ.CRE,override,4040,0ccfa0be1d10d58d90ee17307e5743ed7a820865dbb5e7bfe44e97175b5991da
BDRHAYLA.CRE,override,4036,80a035f490bfdaf2d21cea3256e1e801145ea65e01b3e002cfac35b25419a4fc
BDRHONDA.BCS,override,1533,fc7a8e90d2d8e81d9c80e0dfdce8af7310505cc98ca226a4d15d30300ee1de51
BDRHONDA.CRE,override,3532,beffccdc725e4e2597d336d18631d8034545721d3bf758cec83c113e386104a9
BDRIDER1.CRE,override,3512,48cc5d478746e98b1b2365e27eafe90b8e227e012d826b76401c056258b03b78
BDRIGAH.BCS,override,1489,729c7ca078e3176f062ca002c554cbc670adcb175ff9b7ab7fe6319027233c6a
BDRIGAH.CRE,override,3932,cfa3a76d946ee5398fabe6038e3fe708b0180a8d1663d157a7da20b4e1b31b2e
BDRIGAH2.CRE,override,3932,9923f0d14ef3618abd6376b04d88ecd445c55842ac4eb2843ffd37109b1d75e6
BDRIGGS.BCS,override,3581,053408c7d3471841a8dbf096528f8c1d417d3e31499d44efded3fe7f2d605474
BDRIGGS.CRE,override,3552,64d367ae85b737ee2b1bfda6c9eabfea6d9ea1ba4572b5a4bf1097a4fb851553
BDROARK.BCS,override,4171,2298c2b93bbbd3e110cf0d6b1baed3a3a288343aa5c3bd4b0cfb6e32da6fb4f5
BDROARK.CRE,override,3916,eb4e401e589e5d9f054e4fa282a507e4403e5e01027659f57930fc738877c30b
BDROBEL.BCS,override,1535,90b8afa8d50bb3e30d9b6f212f81e17ba528d446a5e2be33349b32a6625eea99
BDROBEL.CRE,override,2660,170e9c0cc418f55bccfaff9fb12366f4cf9b4a299e8bcd4331a0012afc265b89
BDROHMA.CRE,override,2944,ab1ebad1f7fa1f7660adada9c863bbed267800b4e089271cc0c6d7198fcb5213
BDROLFF.BCS,override,14044,e949222cd5fa51a62c3004a85c70882df3e748ad85f6dc800b3ce6ab42e7e57d
BDROLFF.CRE,override,2924,9b3a4f0d747ad1db5e68bbfd129821bf9d7d7b9d2acbe004d7df2da07e8f7e3a
BDROM01.BCS,override,2212,d1c78544b3befc8055274b7ae47eb68d52f222c13bb2e50289682d3d6ec0cbb8
BDROM02.BCS,override,2482,209934a5afdee85a98a00a35bfd94d5396ed6a167d597d2ad4f0e358b1a4f5bf
BDROM03.BCS,override,1255,c608355d7bb2dc722e9973176d8fddd253483b193aca2748120772c973cf7666
BDROM04.BCS,override,1233,d4926dacafad5070dacf1021974af87b382384e5709143842519862c9382c725
BDROM05.BCS,override,2350,6b0ac4c98f28ed7ee5f923b71b17040bd893463e0d3970c6a1f870c092c324f1
BDROM06.BCS,override,1178,ac388446a87db591b34ffaee753d01899c4131e8f87e0ee3f26e486246da1af6
BDROM07.BCS,override,2482,7e76325f07f7d2e25c5494c8fc4063273f0a51572584b7ded4c457d74439471c
BDROM08.BCS,override,1138,03207e2f9124ce22183c6efc8d0ab74ded540c12c931721e7481a3ca46cd4f71
BDROM09.BCS,override,1189,8a97c3485b19f7eaedae9ecb79ea5506857681cdf35c49c4f1a6fd018c308b5a
BDROM10.BCS,override,2350,4c5ef4cb2f2b36026078ef42eb99ec44d57c80acb5be701449cceaf7bc62511a
BDROM11.BCS,override,1907,d1ec91ba4687e4546003a1f2c44be8a59649b4600c224169c51f4aab65ddc92e
BDROM12.BCS,override,1035,97f0a00a36dd7b247083a7aec57efb2e4e72795cfe74e87bfac49fd80895b5c8
BDROM13.BCS,override,1055,bde35fc89fcafb811b94b70d89ab219b592ba781e13894db52135ec858a90a52
BDROM14.BCS,override,3392,04dde09bab5e35bc53903bcbafbb706e07375f54d07fbbdd7b4c5a38fff536ad
BDROM15.BCS,override,2248,69683edcb21194c3fceb956f71ff16875dd1b8d384810568c8b72ad8491fe0ec
BDROM16.BCS,override,9618,96d078deab65cf54d2d34e22b484b2224c1fde74c7fb1c75e40725f779c534a1
BDROM17.BCS,override,8972,a70a67964fe19ccbc7b8521f2371023204141b8e6ba932636e0d2e33405fea2c
BDROM18.BCS,override,2362,84c69f1a3acbf308c25594492d55301e5598235a36dc71c9afcce47222ef5539
BDROM1X.BCS,override,825,28082b9aa4ef89f48ea6df9ee8706ee570f83dbcc6da71efc671dd18c5f32d7d
BDROOTS.BCS,override,1912,35496efa71d99a49935c10380be16c34a765d3c56a0c139b582e4616c38bd591
BDROPE.BCS,override,766,9bbd9726add283909d7bb29b5cca52d21c019adcc5552015c9b890b434cd1a74
BDROWDY.CRE,override,2680,c171f4bd5babfbcde7642d5e74b4efe9ae32823fbc52307578444d87b7940ea8
BDSABN.CRE,override,3816,93836941b351f49793a879b3dd1fd33159d46b4b926e237a1d9eab2f6d00915a
BDSAC.BCS,override,17123,769d900164ac5069e22b95984e30bd53dee16681ce697de9aafe9a9fc66495d1
BDSAC01.CRE,override,2924,fc4c40079eff7ead15d272d5f960d2b908e1426391ac7e2b969c6ca9599a7f44
BDSAC02.CRE,override,2660,e92e3747f13d22453d488c66e022695c3aa9b22c9c82c200c19101c8337c8a39
BDSAFANA.BCS,override,56112,dbc631d9dcc53b962aa693807484c4444ec5cdc05a03487d7f5f39ffcff7d4bb
BDSAFANC.BCS,override,22126,cdf84f99a762aa87390a52a7fdbbb06979763a95f25f7a065d06859ebb972447
BDSAHGD.BCS,override,23513,f522395cc3729258f897253a4e8d0e9518d57859561f7f1693f271e72bbd4fa2
BDSAHGD1.CRE,override,3632,8a855ffc104f6caadf909ba38355ddab86d5a86824a2d3c474d91655329198b8
BDSAHGD2.CRE,override,3652,e0a1ec5ddee09186ef8a65640acac703f86f330cbb9b32509aabcf61df1abcd6
BDSAHGD3.CRE,override,3652,397e0214b51c322e0023b6dc6226532a20ceaba8f316289389a71bd52932e5d3
BDSAIL01.CRE,override,2660,396ef4db82d3cd4936961812abb942dc866f2c6b1d88aa75ab8adc69dea1c692
BDSAIL02.CRE,override,2660,b38ca9a83a7d658209f177a7d78bc7a2dc0f317984115fd2efd3574ddea2e9c8
BDSAIL03.CRE,override,2660,a260fc8ee264fa12bfdbb64617410f0b5080808b7016186f1a9a6ab936df8f87
BDSAIL04.CRE,override,2660,488113caa02c0846dcedfc2a69df0aeab27cc691edb03ffccd46fa8e45aee48a
BDSAILOR.BCS,override,10331,5cac3f2d905e8c22954c08982de234ad77bbbb4ceffef96f4618ffd0f5b0c9ac
BDSALF01.CRE,override,10620,387e7be1d9fa5996b18293d2d71a60811cd332820c64431bf2748d29595cb38b
BDSALLO.CRE,override,3612,7967671c23baf9444e5d27ccd18f2a613b80052ffe0c3d8debbefb80b94f4eef
BDSALLO2.CRE,override,3612,beba5f7dfd131d60122f3a61bf3f81925a3d86cb80a8836349d3867f1bb12349
BDSARC01.BCS,override,1386,2f2d9eaf3ef6711d65d9525ad820d040b4aac74fc9884881b234a0aa45628dc5
BDSARC02.BCS,override,1751,e45e99583dba77a2a5d30d7357ffaf70b9ea1166fc4e345d5297b72f0ac8d1f2
BDSARC03.BCS,override,34895,f2c868e554b6b613a2b86770feac9aa58aaaf28085042a7cdb749f011cb96a91
BDSARC04.BCS,override,598,769ab208a180fc58ae51bafda303b1a8ecbd2677b7be2e8056030151a7736767
BDSARC2T.BCS,override,1006,de90084e721d76e3061ec07961310a1a9fd59003c07a0c2cda35574e0692592a
BDSARC3T.BCS,override,440,044f150ad3ae916d6f5475e62b6d4d0bf516b8a5e1262a3507c652194e23b26c
BDSAREVC.BCS,KEY/BIFF,12070,e2edf36bfe701cc0efa88de2b59782b741a7a02e4ec2956f6b3421968c6d6052
BDSCACHE.BCS,override,3748,9846ce6af650505eeb78a69e445ba4bf6c8440b2ea622b041fc3fbb3522c6919
BDSCAGE.BCS,override,3662,1fd3b4cd4988cee4fac5d005dd9b4eb016b9e5a31bb005020eaebca3394b7f17
BDSCEPT1.BCS,override,3598,0cf3aa522bdf840d8bccd04280449ebe7a2b1fbfecfdff35b64defdfa17fec98
BDSCEPT2.BCS,override,3598,fc975786d78b988422502e2581a3b72e49834cf1768625129aacc7dca324b5fe
BDSCEPT3.BCS,override,3598,4ecda429ce2ed0e33ed802bfae5d53e8c4baffb0da4ad7b89ee3b057df5c545d
BDSCHAE2.BCS,override,6,73dcc19e8d2e648f16c01b63312d929761e03cc93c4cee148cfac13f19aaedad
BDSCHAE2.CRE,override,5708,d7ca50ed88aee383fd1ec31adbb191030da3727cf4365276ec9d069a1e4f000a
BDSCHAEL.BCS,override,17149,20835c80572b29da4e699af877c826c5694b7433e2eb9daef1a0cb41496873b1
BDSCHAEL.CRE,override,5728,a604335332564e0e0ab8168acc6fdf1d03fadf29c9ef4ea8f88b9810c6bd1680
BDSCLANE.BCS,override,2886,711d67fd076ec69416ce4e5de5ec6e18f58607227e25532210a9b0aa6c0a0227
BDSCRY.CRE,override,2944,a088cec3a5afd882628b52d208d92e60dae0bf64b1703e2c8c576b3609378f05
BDSCRY01.BCS,override,8450,6391a1245c3a123586ab860a766b35fe20e120161471c934c87f693fd5b8cace
BDSCRY02.BCS,override,2585,1a8cf054e3a0f8c6f894bee8149378a13834166a994dd634f7505d67ddf4223a
BDSCRY03.BCS,override,79317,950f9c2db0fc514fe916fb36b1f050738114568d7d8c1ab9e1f4205de537d794
BDSCRY04.BCS,override,1558,10a4f669651cc86d25073a389d921d5d69f5a7adebcb548d0d2ade9d9baefaba
BDSCRY05.BCS,override,8324,ba12fb352f2e6a71bfb6acc911245176fcb00de1106f10e5fba5dc3c83192250
BDSCRY06.BCS,override,2594,7efbdfc2b2b42371afe24d872d0612da152da61e6977fe78022ba3d94eabd19b
BDSCRY07.BCS,override,1875,d05385a97089cbccb997225918235234220b2d1c59004dcdf74321b4734d97ae
BDSCRY3A.BCS,override,11742,173c8b6e0c179b272b7e8417e5c37d7806f468b8c850625a5b22705636c0188a
BDSCRY4A.BCS,override,2617,78c5f846c69153950a194b7c5cef6ee43b1e4854b5e2221408d1d6247bc7ab31
BDSD302F.BCS,override,1107,1a46fc85463e51b8168ce4edcc363ca1917f17ae45a7c7100978a30df748f7c5
BDSDD118.BCS,override,2880,9b6a9679a3030b108a8c71396192744ca02466f37fe06f6ae77bf2c83b566791
BDSDD201.BCS,override,1905,d689f50dba740bd7678e202e8564c138ff56c4c07b723ae95f3547ab15dc4a04
BDSDD251.BCS,override,2370,4457e35f1853428e57dc7f6c50b13d90e9e31c5b04a84a1fa8bda447d1e9a4b2
BDSDD252.BCS,override,3722,e20ec7499c6b21b0b055af1330e8ed591635c76a5f057225157e45fd6a9d9c73
BDSDD302.BCS,override,2860,ac41854ed2a343f60a1da75c032a34f94e6c8191e83867f2859a121a79bb87cb
BDSDD304.BCS,override,29983,a7cadbeec74b0c6acb451a7805753f7dee6f5d064dcc4bed4485f664c366e318
BDSDD315.BCS,override,2314,13f2df080ea736bbfa59f977259466bc2417c2d38a5fed2a8649e2b310ff2480
BDSDD316.BCS,override,2313,a09d2da9ff12717f016b1a5ce27deed835942e58f8cb3bac9788e0077089363e
BDSDD317.BCS,override,2063,42608793ab0cd9528dbd749ca78192726f66208a2eca545d401790afd71ce203
BDSDD329.BCS,override,1832,01b35441a00f2f9554fe67cb12789b0f62c99ec9622689e3a93efbb82c33be70
BDSDD350.BCS,override,2828,1bcd69022216d270ccf0fcbcae737a611eba23a2b13d655e19aa76a46698654d
BDSDD705.BCS,override,4045,286bd41aab81271e111127da2c0d2cec6b6bb2ae7931eb35b1374d0332336da5
BDSDDD13.BCS,override,3093,0ba4998e490f0323d3f636838f8b13af08f58861534ce45941128f1597d66bbb
BDSDDD13.CRE,override,2700,df2ea3c79c602e2f3c94db654a6eae0d7bbabe86c849fce25f0d4083ad661f19
BDSDDSKI.BCS,override,2251,120108e75a1569f60fe1481924c3d2e45727463de1f71903439219c8f0013c85
BDSEAT.BCS,override,2397,21981a96c1cf3fb0982db8206ba0d03cb0a28bb3d99a8beb35578e60959ab95d
BDSEMAHL.BCS,override,7641,14e0255a88973517504493cb2b2e6a8ac4a4bd5e1d0ca3edb0a54482f262d5ed
BDSEMAHL.CRE,override,6780,4c843ef511930307a751236c2ffc741e25ce3f19cadd0d2feff91944ba7c05b3
BDSENDER.BCS,override,3016,ede6e43cd137c1f937b251a9af38dc5277d1e022af005d65e76f386203dc6ae0
BDSENDER.CRE,override,2660,c813df90bb053cd5533f3724349e4116497841aa1caabc464b536612cc6ab96b
BDSENNA.BCS,override,772,666c646927837eb9829c9392a64094ef147f20686434ade19c96f621e6468c53
BDSENNA.CRE,override,2660,b24d99a8fdb5036d95d865ab69cc57522ae600cc3ac5b72d1c87c0ee07d42d36
BDSERV.CRE,override,2924,9201eca94082da59420d926312b982b1ef3af9166b99d8bf2641a9db5d5fd656
BDSERV1.CRE,override,2924,4d3acee445e3a1aabd06b2ce58c413b53f550a639f924c0d3a63bf3b8c337a24
BDSERVSU.CRE,override,2984,ed7af847bf27c960d6ea4ce3f4e9ad3b030e25c3261a1343cda9b882cda1371d
BDSERVW1.CRE,override,2660,d6e7c6e0b9007ca75fa339c17266f6c058b706f70f18804178f68b21b184f2f7
BDSETHYL.CRE,override,3992,d37b61b884132a184e3aeb7ac2e4e7c4fca42491e0355665c60de7c9d5e292f1
BDSEWER.BCS,override,5372,dcf933368e5b816c71b17d5edfb2783fd0d2aff046bdeda282d9b539e4e35743
BDSHAD02.CRE,override,2720,a1f5577afc6ba6c607c7cbdee1649f74e76f17fd3ff4fe299d0815dcf05e33e5
BDSHAD04.CRE,override,2720,b92c841a6b814466718565b06173d03ca83d06fc81a9a9cf2eb145d861fcbd72
BDSHADGR.CRE,override,2740,4a0023e09604578007078c47e4aefb322a3d7c3df5a25452aac20257214e40cc
BDSHADOW.BCS,override,10330,dbff1fead3c896a233cb8dcbcc96244da2a78770dd7ee5c5b9d9fb74d1d9e729
BDSHADOW.CRE,override,2760,89e75d4391c890140ba63e65d029778d845622365e163f03ecc9667a50c7be74
BDSHAMB.CRE,override,2720,4592f46eab763b01be80ddadedac5e1955b68fc945adbe8bdd057a1807ca22cf
BDSHAPUR.BCS,override,2086,a6d589d187a488cefca2597335b3ddba20c8d70ae0e8374323d03e138048ff72
BDSHAPUR.CRE,override,6156,7c031e48284d3c3698660bdf0349d95ca1a480da9e01dbc7a0e13abb21220fb0
BDSHARTC.BCS,override,11218,887d38f94adb1a96a26f80343129712701d6de30e4b05b13eda4787cf3504731
BDSHBRZ.BCS,override,6264,d7b87c45516a6c6ceb73b670b40012c368a5efa0ea1d94f0177abcd26ca2b9fd
BDSHCUT0.BCS,override,1741,a9263551067914cc110a166a2b0730450598344d8a01f7c22baf850f1390dae8
BDSHDOR2.BCS,override,418,df1195a8cb89afed1cc097c016c9f03fb5aef323ebf3a25fd328a0cdf124855f
BDSHFFIS.BCS,override,138533,cf1d2c6f4a4fb57baae99de4f1c547c74d7a636944233b36eb3fc8095ee5f35e
BDSHIMFT.BCS,override,640,7ef5aa49841e0a985f93f614a33d22eed04dc57ff6b0a2f449ebfae1a331a2bb
BDSHIMOE.BCS,override,17175,be5e55257b991952d5b68de5c196ef0c1e974b38715c6cd2fe0938504fd88fd1
BDSHIMOE.CRE,override,4604,0fa9e81f168e4e303af3288741ca6989936696b605e56f07c36328d7e1ae37f6
BDSHIS01.CRE,override,3552,bd3e1099c0e21a0519a477b75106217b4daaf3559b0914ef4746f00fb2d35da6
BDSHIS02.CRE,override,3328,99cd12a2dcfff9e0df7d466a8b7b3a16a18d82653621dc2f253dba4bf85a0cb4
BDSHIS03.CRE,override,3612,3a32ea7706f2b4e7940c98584f9116a7884b727190ad2ec7a405d745fe65e765
BDSHIS04.CRE,override,3288,46e998774bab52f19a1422dfd3af8e203e0a179872d2883b7255124445c4de77
BDSHIS05.CRE,override,3912,ee52034557b6b61fae48850dffe90cc0070dc39e9e09ea69ed07618e6ba85321
BDSHIS06.CRE,override,8924,31b6b1657329ff75342f6f628aa698562c506fca0961ee65453cc738bfce42a8
BDSHIS07.CRE,override,5404,0158d625b9e3ab06a6e6f4fab1f1422ec3ed239a3b0ac90520f78a5b285c282c
BDSHIS08.BCS,override,35899,0fdbc821ee60701d0f239229ca941a0e9b6574b99d9829933930ac71122c7649
BDSHIS08.CRE,override,4064,1ae4353bd8e3e7ae29cbe1dc18fbad94f798779bfc65dcc7a5ae33025a14e60e
BDSHIS09.CRE,override,4140,811c36abb3944d86d4ce7a93213c4c08c6252839bf9ee466b3d694eff4279777
BDSHIS10.CRE,override,4752,b5f3a85619bd918fed42d1735ad69532a16746438d76bc9e85511f2b353e3bae
BDSHJELL.CRE,override,2720,a63ffcca4d13ef945ce551142b214883723102d431a91a8eea8aa9ac34b75496
BDSHKFAM.CRE,override,2836,464a60024ceb5d6788d98e157e351446981d591dc1701ddb670d8bf809d7de37
BDSHKFIN.BCS,override,2644,e991b3955f6ce5beadc216677a914bbad37e621ba9aba76eb755ddc699f44a2a
BDSHKORL.BCS,override,104250,84c7fc3eeb14c02c892a7284d8abcf670e88f37e7e3efbc0d706a15912c7e155
BDSHKORL.CRE,override,4404,f207b318ecaa746a93829bdc16368268686d135f4479fcd5f5941d06fa19baa1
BDSHM00.BCS,override,114740,34a457a670b665a18edee9970521e95f2519592b634a94bcd384c476e18f4a80
BDSHME01.CRE,override,4552,5a8babddf443502c65b6438fcc4a84ee93a4bfe372071730623ad3c7114628f5
BDSHME02.CRE,override,3288,05945926687ba5d71f8c5fcae16c5f7c847fd80ec50be7e8176f00345f7cf123
BDSHME03.CRE,override,3248,cd2bf9e32d974d6ba1328ee0abfe24209d29097c93cef79086fe66e4c5960080
BDSHMMSP.BCS,override,916,bb1f2a5605111ccf4aa4344c6c9b8f98ba0851c00e710866171508942928c787
BDSHOUT.BCS,override,30948,0b90b763f99c93b0847cb3f4b7165d755a21bf8d3a75dea7fa7c936112d578f7
BDSHOUTD.BCS,override,330,2b14cbb3d56a027e874fb050224f9aa06990473702810e66c087a9658d53bb31
BDSHOUTG.BCS,override,5497,10e827de666f9b00528547af76a6f5452e3ef65c6466716a559c9746373b98c1
BDSHRIE2.BCS,override,4228,f368bc1880bb46e4b9b81d2857c850f22ddc52877c14921470b832d0ffe1cf06
BDSHRIE2.CRE,override,6396,d1f9fe01cdb57eb549d7ceb5e37aac20f70bf45c7fc11619b08f4db12430dbc5
BDSHRIEK.BCS,override,810,1686b254620af52676079356ec23ef348d833ddf336c4cbe880a9bc1b5ed38fb
BDSHSARS.BCS,override,2486,0eff38c3705a6ec83a5d62fd4c8e8b8f8ec6c58cec48993f1a8711f29bedd124
BDSHSECR.BCS,override,467,d7117178e69d9093017a315d5bf7e96703eb6ec6433708d2c27a96d573ffe82a
BDSHSLIM.BCS,override,2286,042d752b533300b97219476562db3e480d18f2fc551a5dd91e54c9ed63c02410
BDSHSOUL.BCS,override,33312,7d588bb8ddcfe42477d85a8bdd07f76fbcce71a931f6d4f36c2023794d55a3a7
BDSHSOUL.CRE,override,2720,a9efbc906c177b24d16fea7877f6314d751e9575b371b659e7bac1528588b9df
BDSHSURR.BCS,override,2650,a4f70bc23f232bde9f5de86d1a455cba17c87175dc825837b2e161567e865ca2
BDSHTAUN.BCS,override,8947,8697317c1eaa189470ee3f42d06716ed9393bdbbefebb5034f8b36928c9fd425
BDSHTORC.BCS,override,6081,699cf498fc278839e4ffd2710fb6a368d2b049a124c0cc01c591a69c304c5aba
BDSHUNSU.BCS,override,3128,3abebb0ab0b6279f70dcdce950c7882bb4697a79e9ecbf6425ebd749fa22cb18
BDSHZOM1.CRE,override,2700,c43cfc2bc06408c924582a015775a3a922ddbf3765ca73943f1253cce5b583ba
BDSICKLY.CRE,override,3512,97301e66a91ee7c809874bf8a38a7c18e607f0bfc6a89ca6e14ade2378f8c1ab
BDSIMONE.CRE,override,3672,824310c152a2dd6141f7c9ac53b29a3312171c0cc7ab09c5d513274c22635234
BDSINDR2.CRE,override,3592,2852687a6955009ba802afecf8dc587adc7aa9247ab00b04722f0b6f61c89077
BDSINDR3.CRE,override,3592,d85d0bfb82f28e7127ddeab2a9bd5a70f55e77b6506b533231c6c9162b47e1c0
BDSINDRE.BCS,override,3520,a0480dfa56d409ec4f58c752536dd63689ecf98a382402f82aec6a61c6ab6394
BDSINDRE.CRE,override,4176,d389e9e6c58fc17c52caa8561c149c89fa798f474539209309df86945f2e03e8
BDSITM01.CRE,override,2660,e2f6575bf92764c8d2ade17c76c18921764aae9ead1d78ae941625c9e6861e31
BDSITM02.CRE,override,2660,50ccbb4297511063104c1ef35de668e81f5b2080e5147187268e423622e16aae
BDSITM03.CRE,override,2660,86953dd65615098915f50c6e86d4c521ea39fe035796bb1bab9b28b90035b499
BDSITM04.CRE,override,2660,d4308b708cb9246f770674c4b986f96084ce767bc92c9f4a4c914e820fdcc872
BDSITM05.CRE,override,2660,33a59a768ef4d1a55f005afbc012b7607835cef0d0c00856514e1550d8ec4df8
BDSITM06.CRE,override,2660,f83c491f22cd289ba9ffaf158037c21229d74ab23121a8f61b35e5a7ff2e7985
BDSITM07.CRE,override,2660,efa182b5f80a6bad5ce5930dcc856c7842fb02a3b8cdd2e32eff367cebd4d396
BDSITRE1.CRE,override,2660,be42eb1cb8b1e0502bbc03cc116e53f7612c7438c44572cc8d2574646136bb37
BDSITRE2.CRE,override,2660,deb75784558667c4c5a46c3c7eda38d30546dc0301769a5b3441ce26e2c873ad
BDSITRE3.CRE,override,2660,806b87802f02566ebf0c7218acf50e9761e70063aeda57a4964ca6c7402aae23
BDSITRE4.CRE,override,2660,51b51f2de30cd2d3507670f76b3daa1c05fb6f6ec61e3ccd32dbf5a7b602f06f
BDSITRE5.CRE,override,2660,c03d258535e044ce3da291eb37259c02fc8274a360172958cb8169c8b841d9fc
BDSITW01.CRE,override,2660,193f5bf03c61c13f8007acbf8426f777855e717941fdeb5eaa62e52938b7e730
BDSITW02.CRE,override,2660,6049eac662e5e42404e2214906aaed065715376f47db0a4b3e9e2374a0364c57
BDSITW03.CRE,override,2660,570fcc4c4a4dfb4cbb058b93563fbf783f477316edfc67542dfde14be383d1c0
BDSITW04.CRE,override,2660,05cf54f2e682e09b592f7c81c2da1ede3d7830ab5555f85362525ae4d218bf68
BDSKGR00.CRE,override,2984,9ae294ee80ddf475c0205bc8845813b48427362a9b9b867ed7038c15a0698c80
BDSKGR01.CRE,override,3248,db7e31c4ed39b9dd486b1c92bbbb17e36343670eaa225738629a8dd0b38f5cfb
BDSKGR02.CRE,override,2964,336f9e147cc67941bec79de9d51f18b40850528100d50bcd2d59d6bc440692c1
BDSKGR03.CRE,override,2700,bf7b02a2919fe5e2257e6bc00c17b4fb8d2b6ea3b9d6612a7bbd684cc10d92e5
BDSKGR04.CRE,override,3572,6a5fb2f077227d5384befe7cbd7dd6307b8b0d91167bdae5a9ae26cb41fceeba
BDSKGR05.CRE,override,4040,c8775dcaa87b10df5b6b23dd09eaed934559c12f548b89f9faf0f298a760f47b
BDSKGR06.CRE,override,4100,51dc96e861b0c1daf3590565906698f7e8e0300445dee6664f90471b4adf49e1
BDSKGR07.BCS,override,45565,7768dec8f554156e3fd4181c76372004b4b04503c61900f623f5c878e9cbb721
BDSKGR07.CRE,override,3676,476c68d9c508fb58d023bcab15781182d5592f3727912d40ea51e7221fef5ed3
BDSKGR08.CRE,override,4608,8542d8543f28ffa5f4bf81ee9eff1b0c5d8fa9b52eb49daa3b15ab1ccc591df8
BDSKIE.BCS,override,9166,c38ea3b2b751db30e1f14bba37f4b1b208ee404027bf601eaadafd8542fdb5eb
BDSKIE.CRE,override,3952,1828bb57e5310a9abb77bfe2071f55a2862a04a39e8a5f8bcd7c111b1e7247d4
BDSKIEC.BCS,override,12950,ccf54de954f138f4c69387099414add0477e40826066dbd0782b2ee32c8c5d1e
BDSKIEDR.BCS,override,4760,be3553de2d59b45d016dbdf7cf97f3f68d7cf319e565e8cc676b0a08dad0f30a
BDSLEEP1.CRE,override,2660,45d8d42241aece7b4573470c242c7f9257214864388c977ff9ca5ddb9c6f813b
BDSLEEP2.CRE,override,2660,26a4c6e0992c5e05f06fd313a43698f450ff8804c957b5a59d2d46056f897db6
BDSLEEP3.CRE,override,2660,f8ad7b492342bdc051d6ccf1bc8966e0a67bad840fee51cdda4fab10763392c4
BDSLEEP4.CRE,override,2660,3e738a67cc6bf8ce5ed2d67a2c4ad2a1cacb53feaf080eb143ec89f4f0fd5ceb
BDSLUG.BCS,override,1443,9458d62da17abf20a1c5e534f6eda8786cb2df6d9a3498cce9ddf82e74eda82f
BDSLUG.CRE,override,3520,609e0a1c742c8f952e641f49a3ecb7bff8e620bad93c76c36eefe1b22102e1a6
BDSLUG2.CRE,override,3356,4f606201aeb5147e8c6260281607bcb483b2f09253e53695c0b543c191c01774
BDSNAKEH.CRE,override,2680,be7bda5ae3b07f7a1d0fa2b3ebffa5b93a6b8f8f88ea5c62d83d8b12aa67b7ac
BDSNORGA.CRE,override,4084,b4f0b88e5e88d50087e84e05c12be39766e128d7a0457d2f702f927edeb11e19
BDSODIMP.BCS,override,16986,af10fcf3a523ad5ba9c637fed777c3e2f6015f1518c4fa0196f205f7f1733395
BDSODTRN.BCS,override,5269,aa459829a8e143c9ae2d4c9bf0a1c380bedcd291803e2b550234c0fc2d7581ca
BDSOGR.BCS,override,1066,b66d2aaa3fe0b765a12bdd3b6192ceb7e652f322b3511493c7fada06fd48adbd
BDSOGR1.CRE,override,3736,7eb5c30a4d0c2d56ffd6d3baa1a0852977cf81dc618f983540d70ba12e3cb910
BDSOGR2.CRE,override,3736,44786c95d9ab2e5ad1a531b903a2d2446ec528a1de671cbbefe29a3bdb13bdf9
BDSORAL2.CRE,override,4544,25a20911c13ccc1192145f87716a78d4f2bd4598b06c82e15bc051661ce1f43a
BDSORALI.CRE,override,4544,bc6d306118736a6485ddded544536fd3978a508216745131a37c006346cc82f2
BDSOTDAR.CRE,override,4040,020a7ceb51db16aa7cd8482e7ca7b735cb8cc24126b147005d6d6054cbd82732
BDSOTUK.BCS,override,15609,97535440f981350f5d487acf0bddab5a137c609c7c69b14d091dbefe0446e9e6
BDSOTUK.CRE,override,5344,48faaa8c4593d3d68ad84f559c5f6607835ba15f143fedd81f92655d864078f1
BDSPAWN.BCS,override,1611,1c7dd432744fbbd743ce25236d490c62a247310d5e14ca74f7c53372ae40983e
BDSPENSS.BCS,override,2774,68155726b49040b0d6eda2d0770f1029bcc3a5f8a06c895611cc1854eee6a5c0
BDSPENSS.CRE,override,3612,58a91d3dec0d019dd9c884d8142bd6c65ed81dc5cdb0793fa48be59a722a7252
BDSPID7L.CRE,override,2740,3bd90707b21130de424aff3945841786ddac17e700dc278d45935f6e41938428
BDSPIDER.BCS,override,282,e99257be585a21376a93d5f684fd8900507056c21e7a57c821e7ca61616213d1
BDSPIDER.CRE,override,2700,3d3b87a05a3fa92753e33c9a47cc8b8d85ad8a1db5d75483a85693922c61ebd9
BDSPIDGA.BCS,override,7572,9de780545e705be6fa73e6fbd548582a89742b64884c38dc92359b29dac32796
BDSPIDGA.CRE,override,3756,b0d16e74138248d8d6390e3496a98dc31b66f1ccda2b53101a9e6e89bb2cbb81
BDSPIDGI.CRE,override,2964,98d0292a2a99d8dfc0ad849399b358492923ce5339098d486865a6e2849f1cbf
BDSPIDHU.CRE,override,2964,45da0aeee9c74b8fa5e5caa3c616e438a68fe59f796cfd769d06ba7881a71890
BDSPIRIT.BCS,override,2122,891285f2e0ad56ede38e934be7a8004de03d51de30691f7c47fe93490f872f34
BDSPIRIT.CRE,override,2720,bb87a04a7d41bb589089edd6932ca489c2cfc402697f0fc5e7e3ed4e232b2f9e
BDSPSILK.BCS,override,2157,d95e498ed6f18d150dca5fa52fb479cfebfb9e5b4503f7ae483f2ad83c579aa8
BDSTALIA.CRE,override,2924,0114b36a58973efcf1f574453beadc62300158f35a22265b5f49c6fbb8c23682
BDSTEAL.BCS,override,277,4a51eb2a71d51f53e953a2ab72e9cf5f8f1cbee4509905614e6ec1817978ac9e
BDSTINK.BCS,override,1465,1a26f71d80599a800c679b80d5966c8126638964fa9e8ce8bd2dce2116156768
BDSTONE.BCS,override,15421,010add5ea012e992ad9c41e355bce0993cb2332801ef5cfe8c329f4f15e12603
BDSTONEC.CRE,override,3980,3e81795b45876662d807c9e5acc344dff2ae3146f6bae8e454dda1a8140b8c8a
BDSTONEH.BCS,override,344,2f28dc81f4a36926bebc1145efb7519693e1bc9e849c436349ba54f458fcc665
BDSTONEH.CRE,override,3712,5f23ae634b6429b35a7828bdf62cd178f50f493220b3782a96dd196ce840a3b4
BDSTRUN2.CRE,override,4724,92d1a347a841163d030c7f3109fdd006eaba1a8829cef5dd0d7ac4873a8b7d27
BDSTRUNK.BCS,override,6476,0715ccced3ec209a8ed8bd9faa49c112be256bc117db2fd89e2fba23d68c798c
BDSTRUNK.CRE,override,4716,164c70a8b3740dba3558e3275539f605c09ee62eeb1bad9e4b19b042751fa55c
BDSTSNAK.CRE,override,4000,882d56075502c21ace3ee10b31f24b58a833f640c0f510236bf548fa8ee8fb2f
BDSTYSIC.CRE,override,10300,d6fdd4c2ed76d075f0d217d4f4ef4dbacf651d56467bc9ec1047e7bca5e5dc6b
BDSUM00.BCS,KEY/BIFF,12127,66cd757e2e160f43a6dabd60aec5c09f25f238007d1b8492ced9ebbbd201f2db
BDSUMMON.BCS,override,278,202e60a90a6742a32d6ec7e4ea0096b723a2b5bbb27761bf43c1666b178b17fa
BDSWORD.CRE,override,3268,e8a865806c785e22b80309a05234730600a8138e8444b42c4346ce755bc78b37
BDTAIEL2.CRE,override,3552,75199f33b10e047177bd4bdd8bd69e310f84c4bf4dfe5dd7bcddfdbbac99a0fc
BDTAIELD.BCS,override,2123,d244057a58156355ba56974244d335ee9d238cb2456d603e8704880f9a2904c8
BDTAIELD.CRE,override,3472,230d7218e0af22ca1291330bcb4e7d3574009f5986009358331ea73d054727b3
BDTAKOS.BCS,override,1647,88c96d0fa4bfc8de1afd5111cd43c16ac894b13c3565fe07a88b60ab9f0cace4
BDTAKOS.CRE,override,3228,c5f1be52f093e1c861f0249290b1426fc3e55439d4dd1b158edf53d5e6fea4b6
BDTALK01.BCS,override,426,462ab48954f37a9ce6e4cf2c5554483d25387c4c4720b174362d74f80dea0b81
BDTALK02.BCS,override,1066,0ae5a15d910f184336ad19f4b41590660a3b2f9f77fba5e6f1fd8af52b0b39b6
BDTANORM.CRE,override,2660,7ea4b8456bdeffc8764e78d21cefed63602cb2f4894d47a1690904623001c1f6
BDTARGET.BCS,override,66878,9be6bfacd76128848c570bcd3b42b7f8ae8f319729c458d5e82b5b24da3cf13d
BDTARGET.CRE,override,4284,4569b49e033cd23e45e7d5d75bb18831add994500a0928338f1bdba052792db1
BDTART.CRE,override,2660,0e667830f52774d3fc37785df01ef54eca40fc958642f7a2e3f8786dcea4bdae
BDTBUDDY.BCS,override,400,b8d8e904b5a62dfc89c2351503cad7c8b2a45747ca794402f442ffd897e1ca9c
BDTCRWD1.CRE,override,2660,085a7ab05f9788a0368897692c671e3fe6eeaa6613cf26b9a7190d1883c9101a
BDTCRWD2.CRE,override,2660,7919359a62c629d8cac841a1de99a7af343f6e0eb162a91427c70a6e0d4f7cf9
BDTCRWD3.CRE,override,2660,768ea8acedc186730922b6ca19a71a8430e18a9a5cfdcaecc08c895da12f56a3
BDTCRWD4.CRE,override,2660,5dafacfcea355ffa80567261dee26ceefa52a2629deb0e74f1f153b4181a312d
BDTCRWD5.CRE,override,2660,6e9b71dfec2b7cd0f4d260afed2241ca8852c89e0b01bb7304b9e2507bf8a29c
BDTCRWD6.CRE,override,2924,84ae11e5fe5a18b67ffd51c8eff20e893178df229fc22952d05c6f273a45bf83
BDTEAM11.CRE,override,3916,fe3708042a1799866673b4ec667cfbf4ae567eef8f381478223109d00835aa98
BDTEAM12.CRE,override,3896,02b0540482e81c11a734d96430aa43bc153ac2bf99ac847657b5422812dd5808
BDTEAM13.CRE,override,3896,743311700a3ec92032588e58270de0d967a1675abf6eb7a9c343cc8cdebb7849
BDTEAM21.CRE,override,4972,c5d6d3ef74339fc35233dc04678c2ea7f9792c838606942688346d3a757e5ebc
BDTEAM22.CRE,override,10300,9c000e310dac4ad26d56917c494c9e599a2f0a1d4e7ac7bf311b307086fbf1e2
BDTEAM23.CRE,override,10280,d1ce2bac5e62ed29b451b4a550d588d525d88e41832a05a3c29429edb18eaf91
BDTEAM31.CRE,override,3796,7f59778ba2608a2b5098fa4901af4e2c8b0a5b6b0b98c5784c9b93453208cd4b
BDTEAM32.CRE,override,3796,b951cbe5a3cdfdef36beea345479c8321a6b55beb2d1258bae82ab4a7c73ddf6
BDTEAM33.CRE,override,3796,ecbf83dc5ba3a10181ffbd9cbe0ef888e5d385c96c87e76e20d88fbd90ebc9cb
BDTEAM34.CRE,override,3796,6b969199190568ff354c7b1e73ff90cce8bd7b81f9462dda7ca5f0b4b1bdf8fc
BDTEAM41.CRE,override,3696,fd82a4707d8551b8e1a440f11fb77bfd3b9347e3296eb33df8c65cc8f8cc7000
BDTEAM42.CRE,override,3696,c76c1d5d640f874617a5ee60278718d4d672368459e746606d28af333a73980c
BDTEAM43.CRE,override,3732,7eb49350abd73e3eba434d301fb23253def9e160983d6ef4b1e1acaff43a7dd0
BDTEAM51.CRE,override,4068,f7526d8f3d553c2d4b782e1a77f61cab9d127c7f77bdf5638ec83ba158d7a132
BDTEAM52.CRE,override,3636,f79f33b805b4f85610a281797c9f4f157b94c036f45af5fae5422f4ab1e9d710
BDTEAM53.CRE,override,3632,4fec719d7c2a2b58c6e62d866c38be89c95ae61c5ca8e4dcd3947c66d28884c2
BDTEAM60.CRE,override,4264,747ff06702bca744a1664e996b86821c629e24fbddcd521c27362e458678abd6
BDTEAM61.CRE,override,2964,c242c0c96b357705dc82ef7fb381adac7ac6e6c4ba43fb147d152292e4f8ef29
BDTEAM62.CRE,override,3512,16f749f97ef3e26cdc543c5665c0995732ec13fcbfd97921c2545155c19571de
BDTEAM63.CRE,override,3532,46622b1c868636826a8c6128ba98c85909e7fc4845449e72fe0d2fa5be10117c
BDTEERA.CRE,override,2660,7d4f90c6173c53ad0237c1708033c50ca02efff5cf8beafe227ce943a5793abe
BDTELEKI.BCS,override,3735,bd80b1c8cb37f2419a7fbff541b451c39d9327bb2a6a4aafc68bcd399e3d07fa
BDTELERI.BCS,override,6117,5f7fe6daff0a713068a3fc9d19beef34cded193c74741cb124cdfedc44eb2ecb
BDTELERI.CRE,override,5172,bfa9012a645ef55a1b6d851f48a85d988f92dc80e68cd6c28cdf14026503a8f0
BDTHAIRD.CRE,override,4968,0b92d5279fb30e6c6c627504020f42ec61360b58f991c0171748cc28946a38aa
BDTHARAN.BCS,override,1155,b877db2ae041ef7d7e6de340f452e6cfb52a423aa84759f0a80bb9f06802cb2d
BDTHARAN.CRE,override,4204,d63b356f456b2d3194e55b5257d1529c90988fabae65cbd947f761584415979e
BDTHERL2.CRE,override,3632,681d8116670becba1ee31c0191eeffd94025f2a56afb965187bffb114266aa36
BDTHERLI.BCS,override,4333,52b5da03b97a23512f051dcf837f87200edc00b2afb4ebd327564ed04ec8168c
BDTHERLI.CRE,override,3632,3d9b42fcb89c7dd645f3eb40f80a87c16add3abb23e763258c5f05cac7bd3d14
BDTHERTO.CRE,override,2680,817527d2f82ed2b638629acf5e9b503dd0f383877842db175dbb1535b2bee1a1
BDTHF00.BCS,override,62274,3ee07c815572ee2001c9e5e66c7fd76ed73d09c2dfa13d8c49f337ad6b31c149
BDTHIE01.BCS,override,24571,45e8c6dd940678af138a18ca48e98689483f87a99e6bae5dc8cf61c9ba9757d6
BDTHIE10.BCS,override,10705,fe80e2435ad904d05fe8b94f1129e5afa73358ad951304064831ac4652e1f579
BDTHIRRI.BCS,override,2816,5c0675e35afe63c8ce4a349bac71fbf7a5f4587a54157ad44b465d129a617267
BDTHIRRI.CRE,override,3976,c0a546ae0f7dc06bd09d87ff60514efe24060d8de411b8f0bdd5aa414d7d82cf
BDTHRIX.BCS,override,23759,a7f8ff858a468d4aeacdb72eda20212ec2759f7e04765813bf00093efb7acfd8
BDTHRIX.CRE,override,3576,d9646a3f0f03dcdf94b7d30de714fcef63eba9952bdf609b7d5c5b884bd97bd8
BDTHRUDD.BCS,override,4860,4be1f02c4897991b300a13969f712198bb42f93a62106d254f6a662da030bc5e
BDTHRUDD.CRE,override,3268,bbe08f657426b679889cd792362db51d62ae7b78deec1f0f7af9570636d78061
BDTHUG01.BCS,override,1467,00a2c03f9cf2ede425ee359540ce471f2ec3791578c1b0e21fa576fbb4595683
BDTHUG01.CRE,override,3208,6c48219b5a886a0c17485fd87954c5d66653365453ddd2f845c746763126af4f
BDTHUG02.BCS,override,1467,c7ac1c9fc78ee96e87525db0c814b150be95ceb227bda76eaf18e1b52e1f4644
BDTHUG02.CRE,override,3208,d9cf75e5a0ccf050704096fdd305de916299980af9856ecfa1d23d7d2b873dff
BDTHUG03.CRE,override,3208,54e2b6215516ce2caad47e9752fdb11e4bc9538661dfc429f3595fc047d7f218
BDTHUG04.CRE,override,3208,db8de5ae92804c766dddacdce4229aebb41dc7391d762e8c36e6b4342e4f0cef
BDTHUG05.CRE,override,3208,ce210ff075ba2f8b158fe3f6f8c3057297739f31e68c112ea085c16ecc845403
BDTHUG06.CRE,override,3552,c0d64ff9c6b343062743783dfefbe3a975386827f04d69d1022a9e9d4f933bfa
BDTHUG07.CRE,override,3208,fd127b7658444b154aaa7db3d9ca53d17337531b851784f3bb928b8a017ddb14
BDTIAX.BCS,override,8631,8e91648b78c55de64c629fb976accf088f9e1153afb6760b1980d95640cce342
BDTIAX.CRE,override,3712,f586aadf0e5c5772a98ae2f0e819cf05a9bd3a423b5f75d07a879f09bdaaee4e
BDTIAXC.BCS,override,186477,4f26d44f64f35497912b9b2afbed222c1f7a5d8923596b017f47a2b8133e13a2
BDTOLIKS.CRE,override,3268,583adba3fba22444cb41aa2a362541f9f8e3f271a9ddd2cc479f74e6975f8cbb
BDTORCH.BCS,override,4517,02629c1167a79603f775acef5825f01be5bd7e8029c35bf6ba4eb1c409c982e1
BDTRADEB.BCS,override,6,73dcc19e8d2e648f16c01b63312d929761e03cc93c4cee148cfac13f19aaedad
BDTRAIN1.BCS,override,13676,ced8a4bf61d3c3ce7a91907bd931386450727676921fd0303240c31a90d57fd3
BDTRAVEL.BCS,override,5620,e0ad8b2c17091dcd6af3281a388ad9905cec6a3b7b91cec9cacecf4ce62877ba
BDTREANT.CRE,override,2720,b03c52952a864ecbe5b45ebb9880a93449619a0998c413632777e6fbf3413434
BDTRIAL.BCS,override,8026,d1c4d3d4ad58185046f98a8a2bae7ca2022fff9f645822cbcfd490d6f6137dc0
BDTRIST2.CRE,override,3884,b66cd766c68b11f7231903fcd58fd928ceee006fb9c61ed1124d63b05dbb5828
BDTRISTI.CRE,override,3904,9fa059e937a19776c56cb0ee02f3d954f8bf6fe6a5584073743085bd01cb369a
BDTROL1D.CRE,override,2740,cd9f286f05c1a0aefaaec2375d84f46e28c8fc244879d71227e30778fd9e12e0
BDTROL2D.CRE,override,2740,b668092f944e324162ed90bc1d787b94897375ea415dbf30834c7a7426ad2c16
BDTROLL1.BCS,override,1010,5a3c14847714bb06e5fc58ecca1ee7d268a5604c156e5d186f60d25aed495dfe
BDTROLL1.CRE,override,3004,973e350aaddd55c3c6e69bde088d93e78fbb8546776dbf68a3236eceb21787ee
BDTROLL2.CRE,override,3004,dc4100ef234b583707938d980193af8acc1c0a5c61029e13561d23a1192c9812
BDTROLSH.CRE,override,5892,48e04d20e298df7ad01ed87eb7d2d75a4645e70cacda28339f971f70bef23e09
BDTRUST2.BCS,override,271,07fb5ba7de5173af2b7105de029737d6b9eaaf77d52ae26e4f7556fc4fbe117b
BDTRUST2.CRE,override,3612,eb1e168986e3b231501d9734952ce44d679ab544df8d58985bb3b078d8c4c170
BDTSMESS.BCS,override,597,2af659cc4c1c7ca209f04dcc9e4e386b507070b49af1f6c96a6f4d5abfc7fbb4
BDTSMESS.CRE,override,2680,78f4c14fc1d5d44975d98b5212d6c6a3a02a156b886c697916cc5df3dd7476f7
BDTSOLAK.BCS,override,1732,dad40fa6686abf8b7969eaa36a9a7ac14771275df31fee805ddd37e02a7bf675
BDTSOLAK.CRE,override,3044,8e20d1709f7f1de39e4cb7d9c93f8c805fed36a99983b48cb35fd38087d16612
BDTURIN.BCS,override,1861,be4043ceb2f0fafd7663afaec04314880d881f2ce7c31ba5f8a460a94d90883a
BDTURIN.CRE,override,5256,f7c3be0bb891d748af6b5c3d45234e868115a5f147cf63bed9516b2f3e06e709
BDTURM04.BCS,KEY/BIFF,431,3bfbc7dca2b5d02385c11b5a5adca85f91d37467f931da0c71e44edce197285b
BDTUTOR.BCS,override,10350,a906bf1b0cd678de0ceb2334b0a224cf1897d8e63c29d1fe8ef21e11d39628c2
BDULORI.BCS,override,7270,4eb9b2a17963185bf2a5690fdd15ccfb1b6cf878d327c43119c008d364d10f65
BDULORI.CRE,override,3004,4cbc8d43664dd9599ff754523d94467ea7b7915dbc90442df363e35834f0494b
BDUMAR.CRE,override,4880,8ee14552ba90871188ecdf0082e4f0bee47ac486806e0e8c336b6cb28560e846
BDUMBER1.BCS,override,10575,205e3d7472642ff75129531b24a2a52310937e27ff108e858d21ca6bfeb80532
BDUMBER1.CRE,override,2680,0b7f49b3555e29c217ec45b57c85756285a30d3065a7dd9ab0c7a93bd1deec51
BDUNCONS.CRE,override,2660,5ff5e6ec4d0608ff485e0f5d50b57220c9378cf3b6536212b9df9ad326613c3b
BDUNMN.BCS,override,1538,74da7d1cca406335f158f03a8a8857eef163fdc67aa57325db04a3d71ede0582
BDUNMS.BCS,override,1538,1c0b77ce9930d0958f5849740b063d232f8c937ca3c6f98823f650402a8dbd3d
BDUNSEN.CRE,override,3776,696229d378bad8de853a4a21bf770f2ead520477c67ef25492d17d2f25e6e759
BDUNSLGU.BCS,override,29688,2e83e9fb2066bc8349d438d39f274ce082fa99a916ee353e3c7eef1da94b3913
BDUNSLGU.CRE,override,4568,066382555dde3ef8d039c396e2c7cb15bbd8cfc79b0119fbf6d8d81f6c811a6b
BDURE10A.BCS,override,1826,9ca46bcc376a6d82005d0dc85da921170d38946ceb10b719dab284def2c2281d
BDURE10A.CRE,override,3592,0fe273eb74ba1013655ebb531fb0db38c007d5cc706c5623482a5e856979b0b6
BDURE10B.BCS,override,820,5c9272bcdea53a52f05fbb578d6d98638755a5ec204c8beb42027ca93be3d2d6
BDURE10B.CRE,override,3308,c8da6e0e904ace0449a2ae3f82393ba1fa557917732c61c52f35398f0968fab4
BDURE10C.CRE,override,3308,99852ff7041b639f142dcb8b3a64565939bc30faa239894787c11357578aacf8
BDURE1A.CRE,override,3248,aeb0d1852f6e14449630be9f1e07bc26ee85e7745f0a585813786bccbb0d6d45
BDURE1B.CRE,override,3328,ca4055d4888cf5c7938d0050c37f56b454cf8e1e741e340b6638276eca420c06
BDURE1C.CRE,override,3648,97bbf6e4d1563f42050afd495048532156bb47c7b350e44ea412a1f8bcaa6e81
BDURE2A.BCS,override,5691,24504d7acab35ec4d81c4cc733206fa409846601dedf37b1b52ff18365c5a7bc
BDURE2A.CRE,override,6268,a6f12d595e56dcc54e07ef02479c9bccc04bd3016e072bf0221a9bb358663548
BDURE2B.CRE,override,3912,820ef1209e948c80c7578a498e6c42e53df16f5b412d1a89ff68d74497b5b82d
BDURE2C.CRE,override,5192,c03c7e35d5198970447559ae5c4665e4b75e1bf10548bb7c2298a8f38da936dc
BDURE2D.CRE,override,3348,94aeced16d8300d14b96edffaa88b7275a860a6fa870e87b2c3614f9ff1f3005
BDURE2E.CRE,override,3328,b33a3ca76c0b4657f76cd1951f4a6806c4b1d02ba003cd68a24de24750aad730
BDURE3A.BCS,override,1243,01d19ba882853dfec1853167d3abcb834cec630da69fe40ff6273eb898b87ee0
BDURE3A.CRE,override,3188,3e379d48329b3c84778dd67f6d25f507bedc1753b7afb34085e29eda23002cea
BDURE3B.BCS,override,1222,d9246ce747fcb2e3168713f9d43e1071313971fff4241e0093d24cc7e7ebb969
BDURE4A.CRE,override,4284,bfc7e1ccd441e8525df47a04c1c213d8153d7aa0f0fef34abe026bb624900577
BDURE4B.BCS,override,10389,250de49f9563ae66fd312f3fb485b1cdf502cf255a50e98489333ec517bba3e9
BDURE4B.CRE,override,3532,427e11d79bffbaacddb7482173825540f9836c322eb330b7f5b6030e2b5897cc
BDURE4C.CRE,override,3532,5db4a9e8cf306a4ad369b18906d49ba99e79d30ba2293dc858ce562fdf0324bb
BDURE4D.CRE,override,5948,ed200623740f18ad5a26f0d735523fbf44d04b1c4113a7213a89750807481ca4
BDURE4E.CRE,override,3532,5d5495df11b3ca0595e7ff8a89467ce66096ca49eb1f71501314b4a245c5b517
BDURE6.BCS,override,2035,cb5e1ce36c0bf5a61df9a7e3c5f68d54a1e3c57be0062b2f1e930d6ae0267fb4
BDURE6A.BCS,override,1781,6a36895eceaf3d3f56771065198dcb7f3cad4621c55449d1b60e2a5ea40ef796
BDURE6A.CRE,override,2660,26385f4867e0a73ef4fadb33ea84937e62a0a9abc923e4a1b472aa052be5c738
BDURE6B.CRE,override,2924,92f4987f8cd57f6ed0f3fc9bae4503dd98039f021d7d47987956a5c2c7bf53d4
BDURE6C.CRE,override,2660,208dfb4d16cd163c1f7c622adf8ab47e509e76ee4cd3e97f339b47fa7c3604f4
BDURE6D.BCS,override,279,3bb6960e92f471d997773deb6dc21a42e0ce3ae05a6f2e035b78bb0b247d3d6d
BDURE6D.CRE,override,2944,e22c46fc3b4590190bc92ac16875410c0d5e4206a5d7f36c0cf5ff83d94bc83a
BDURE7A.BCS,override,4349,c501e18f50f0063ec8c754570581289038c43446becfeae4cb4e1604790876aa
BDURE7A.CRE,override,2924,bd8119f6ba554a4091f2aee83850cbff64885a8229ce8726622157d6f4cafaa9
BDURE7B.CRE,override,2660,7cd0831c4a2a580e5f3bbfd71858cdba7855585433804a8a4e79e8fc0fc0cc2d
BDURE7C.CRE,override,2660,2f19b488806014c63c57676e5daee6b841a08f1a894c543be63cd6d726800aa4
BDUROLD.BCS,override,1070,30f4075d7451321c835fbcfeef9271278a1621455450252a705ec02b961aeae7
BDUROLD.CRE,override,3552,ebdcc089f78b574f7d9ebcfc1cd5faed9d7ffc2a5f30b164e4d6ba3d8be3c163
BDVALIS.CRE,override,4424,dcba59f51e92c994104dd181bd3f53badc77775ffcb2e412cd4d78109ed9c128
BDVALYGC.BCS,KEY/BIFF,21041,d587215e8f83eabf61a8ed0877ca5c04b722666750c645b57b2a6e95e10debf6
BDVAMP01.BCS,override,38502,181b3074da6bd6acf5f6888439326b9c78f16cbfebc39e3ec92d9d34f284d116
BDVAMP02.BCS,override,10011,9252106f589f34bda2890655c7e75ba53920aa235d1ab7c37d71ed26cfc89994
BDVAULTD.BCS,override,10780,e6b3e28123285aba24d8d65c62d6f2733eff0af0682732068febada537b6963f
BDVESSAN.BCS,override,3004,3b0253fdd29b4a91a46c95b3514272a0bb4c8dca265acd83a30ddef9bbf78a1d
BDVESSAN.CRE,override,2944,0ddce25e8b47d8359abde278e8bbf6ff533bcd5df15fbf58e871ba6eab21969d
BDVICHAN.BCS,override,3017,aa2b99fd1136d831b8fa5dc71fc0488e767e1a3a9f83771d812d18e970890fa5
BDVICHAN.CRE,override,4316,efb51ebc824887d2ac117f60c967f39e53b3b93ec13f2cf6e9d954b338c6ff14
BDVICHST.BCS,override,5745,8c87d04e200011132d3666c0e0f3785a13ddfc21b2ba8ac8976a231baf96ec6e
BDVICONC.BCS,KEY/BIFF,185552,850781168a5e7fbbc18aa3d577d5f79172b1545fffc6c7ec876413bde802bb8a
BDVICONI.BCS,override,43995,d4170421851a9a37d42d0af585eb305846701bac601477d4f4da327d2fccb486
BDVIDYAD.BCS,override,4019,bb927eb61f455d1714340c8076c4c917daee45341ea715ef8e71e0f5d3276ea1
BDVIDYAD.CRE,override,4388,98f43806193aa39327ae952cbdd2e67f4723ab58a13b8dae47d38f391a092c9e
BDVISIT.BCS,override,3895,79d98d0734ecb55949f0749a2d092fa2f4cb48b8071ff6dd78ebf434d472eb23
BDVOGHIC.BCS,override,151523,881eb114887d77cb96108f8e3594fbe8dfff5fdd43ce3d129947dbb9e04058c2
BDVOGHIL.BCS,override,37644,e24356122e49ad022619fb767706c68267a285fd36665bb9422170034f6d1ff3
BDVOICE.CRE,override,3492,fcd475207ed65a2842ad49e6c2b8fb77faf79609f96b641d4339f439eef0dc2f
BDVOICE1.CRE,override,3492,e494f81695807766e669e74531e421f0f7551686aa363757a558d39fb402414d
BDWAIZAH.CRE,override,3632,60d5c958afce7a0d82541842c2902cefe3bf180b37f7a42a15b03777f19c07c6
BDWARMA1.CRE,override,4552,132df2c03f7d3780b0bc2524c36488368f067730d5245767f34a7aecaf9b6155
BDWARMA2.CRE,override,4532,2c0723ac76acc1b97feda1968efdfccc4c13c61d8ac8fbddeb8b83c80e381103
BDWARMA3.CRE,override,4532,37ccc2bbfd4a33c361132c4c6310af6289f798e66e9c1195ebc48773792e9f3c
BDWARMAG.BCS,override,4531,1d38e9b9eeb057cc9a408bc55a2102b20c7b619a1d401618a25c58ea8427d5f9
BDWATERF.BCS,override,10147,c219d6f94294981b8b88593660d6ab6dc4e361470d56bef2d6e70dac3be05e31
BDWATERS.BCS,override,6553,c1b6b3d07542941dab7e17a8319bba8c75e793d1508df109fcbf9e2a8753c377
BDWAVE11.CRE,override,3004,0ad3a16d26d14a25b8bc4a2d645b47c1272c9e6a87bd79702a74c6286fe6d065
BDWAVE12.CRE,override,3536,e25117522b41eb07923fb0de9c9e0d39a20457eb41b800eaec433f053c6cae61
BDWAVE13.CRE,override,3800,ca2d410ae956090640149b15a5ca02c26d8f7bbe7be90a8e95b7d16e2e392763
BDWAVE14.CRE,override,3632,406244a317f632af65640c1eb8346cecba0d142b7b96490e4656847e7802eacc
BDWAVE15.CRE,override,3860,bfa802969466ee9e1466933bc572a6ad306d8088c90eda3e89791d77bbfc0260
BDWAVE16.CRE,override,3944,b8c50cd2a4c3525276bf3dcd3548ea78c7d5886ded0520c078b785ab7ef7bdf6
BDWAVE21.CRE,override,4436,59f0fcbc2a9e5325bb17aee73bc8e68c4109459f3730a34df5b509bf17709d3a
BDWAVE22.CRE,override,4116,9f6d1f4e9a73b0195326e9d46fbff069718de4e0e57f446fe95ed85e369bb378
BDWAVE23.CRE,override,3648,20219ff81ee620ee25ab93b04e384b6a1770741e12f03fd30a27a72a5b7ca396
BDWAVE24.CRE,override,4312,73e17197369054eb40256c106bec3b42b333bf116af807c7c343f5fa0c887bda
BDWAVE25.CRE,override,4340,eed1e003a71fb853bc3b52a289f811b36189d19db7ab8aeb781a785cf19371fa
BDWAVE26.CRE,override,4052,42eebd070409f9e84a68c165fc5530abca9fe77f135adc494cf450447fafb354
BDWAVE27.CRE,override,4116,982ec9d4ac2df63c0ce014bb0c94d555cef5f942092d4899ab623040bc4996b2
BDWAVE28.CRE,override,5068,561d8fc051c90087ba19175f0edb0f4e0fab76a6a72bdc3f9e254d3eaa1a3832
BDWAVE31.CRE,override,3632,28fcd843482495055f7115a0a3834b06f2c0a0dc7cc9b02b4abc25c585a8dd4d
BDWAVE32.CRE,override,9092,4e40fce5875a8944c4df08d774eec1ec8f163a7c4990abdc709f074efdd5f185
BDWAVE33.CRE,override,9092,2d879bc73c1af9dd3daf5afae27928298a145b79fdc9ab942e668bb1efb47d4d
BDWAVE34.CRE,override,3808,7bed715ee26b2294a1e94f26b18eba994f04f9da37d8090acc5c909bf72d5bab
BDWAVE35.CRE,override,3632,6a18da91ad1909b0e3b4bd0db2862f013cfced46ac40581a275fd40e5b8f19e1
BDWAVE36.CRE,override,4260,4dc4f268a6b959b958c6d5c199e478bf5372bd692b2847f0a0963b4a4648c9d5
BDWAVE41.CRE,override,4060,a23d33cf227677ea14510cc35d7ad935eb7056618f7dece69cadc3a62b2c4907
BDWAVE42.CRE,override,3612,3c568c62984b3243f1f820393981acc6becafc6eebc759009aa1662ad3e93a27
BDWAVE43.CRE,override,4076,92214da620e222cf61a1de0698db2417427b596cecc84f3dc986abf54be0a5f6
BDWAVE44.CRE,override,4336,ed055487fbd748c5577328f72c6b1fc129e30020ebee102fcfda4360abd0ea38
BDWAVE45.CRE,override,3892,1eb4f6f6392ebcdffbeffc90184406b2d1147bd470f0ad5dd034830563d3c7ad
BDWAVE46.CRE,override,4200,ce8989175b29a1adc0a1f4bd6d99482f08bd3d5dd5f44941e96f7c853a668f98
BDWAVE47.CRE,override,9092,943482c1a560adb23ce69886567890143e6906ecc57754790542f49972c3f372
BDWAVE50.CRE,override,3612,47dacc2289c1676f1491e1f2ded371d2aedc36cd6508776909cf3a84f670622c
BDWAVE51.CRE,override,3652,66075b90f0b06e45620222df9d58d2053803182ba7263447b9e8260030ed63e3
BDWAVE52.CRE,override,3632,bb7943f0ff2840289c65496f491043dd2e5129d512b9792d5cf87ada1e1f5351
BDWAVE53.CRE,override,3592,85857fd2756716f00095a50ddfbdd3ab6d44eba64724f2ccc4a14391546f8844
BDWAVE54.CRE,override,3652,4ad7999bf3b47ea3e19548ed0e00c948fc3520ae3a8e999ebd4cfb9cc3cdf1e8
BDWE1STR.BCS,override,3213,07962bb1e8654fd466d729739a0e9f09b904299d7bb9b0b4ea99c672589ca6ca
BDWE1STR.CRE,override,2740,02dfe13728dbdfa28e84b352e4ce419e0f271a1f941ff9d9f68f7170e5918d6d
BDWELEDG.CRE,override,2700,10787dad2aa03c87b56883f4797c89ebcce6cfa0377f23ca7c70f30c3c90fadd
BDWELEDS.CRE,override,2700,3c6601c8f7539b0653ff75cfaac95cd0ffe2dc397ad876f1aad636ea858b049a
BDWELL01.CRE,override,2680,0a14e84affc38ee4cf45e49d540b1464e1f13ec631f1b0b7b69f9f1639faeaa3
BDWELL02.CRE,override,2720,918c10cada98eb213c31e8dc032f58ba15eb910bb1b88dab50e9f975d21ea679
BDWIGHDD.CRE,override,2764,d50a9022664434dd74bb32a782d3ac172cc87f7d128e2cdd219b6ec98cfed3af
BDWIGHT.CRE,override,2740,b77c8c9a6116947db60fd90fff371e0dce26adad5a2c0e84b43c74ac3148a9d2
BDWIGHT1.CRE,override,2720,7d7ac2c47559e4c05331c61bbd978c6a4b3360df7d5b58f9d4c93c061aea177d
BDWIGHT2.BCS,override,14119,f9d19c934195bae9ba75f03a99726f56dc460325e025c7ac724aa19aafa08283
BDWIGHT2.CRE,override,2744,fba1034108e029c0427fab80cec28da3f89d47d3a73e7dba5cef9851600bad9c
BDWIGHT3.CRE,override,2720,85602185083ea7f06c2d3ca3205d0c243ff669ca60d377c313b5e203bf4b525a
BDWILCH.CRE,override,3632,4679d320196f187b7932e41e54fec61544c345a31722bd65d37791fc6cddccdb
BDWILHEL.BCS,override,2225,acc841108d15788be47001f2f48febb47bcab27311479f68663ea10cbd2692de
BDWILHEL.CRE,override,3672,d191bece1a894068a4651ca260be43391f35553b5dc36d461eb6571d273517b9
BDWILHM.CRE,override,11288,3a0c859152103761f8f94cd25c8e1bea6a06a0a918e46d320e7fc561c82f2a1e
BDWILSOC.BCS,KEY/BIFF,13810,6dd67540750315fc93b92e635163a97c8d685f558a362424a438c1f70a71c594
BDWISTAK.CRE,override,2700,d8bbe1569b6c7f35978c86036981d34494b1cfca0c71d7d0976ce53ad7cdf235
BDWOLF.CRE,override,2944,00fc0a3207c053a0783697a6113383ad0584dc338fb9cdd46dad94323c59465c
BDWOLF02.CRE,override,2680,7d0e7208055d33f6af4159a3a3179bf76017a06838b092db6cc1ad6bc1700913
BDWOLFDI.CRE,override,2944,05ddce00d9a031e99e999bdd3a4b043b12eea19305749d2f8f89e3765e9efa7f
BDWOLFDR.CRE,override,2984,e295c7511258eeb255b082a01a9d017ff7781d97d283ba1f243ae664de265030
BDWOLFVA.CRE,override,2720,b0b18198851de518080b4397c5b16330c2ca2b979632586b1922c144e4813909
BDWORG.CRE,override,2944,f090f3a74e21c9945134f1e0298924ab2322117cdaabbd949af17fdb2556f370
BDWORIS.BCS,override,8492,3311bf0b75cd5824e30cbd14140e4a253651fa67c5257c595fd3bcf47c71700f
BDWORIS.CRE,override,4084,8ed9be0e8120c3ea0add11a6f0655bb5ae33049e257f82bd4b4b18696c2daadd
BDWRAI01.CRE,override,2984,386412e3ca1e03e44722903312f3dbb56b1c6903fdb85481c3c1e95d9ebb26a1
BDWRAI02.CRE,override,3004,4693d610b13202834d1fb90cc6221a8debe37a4b2feec4f24d9af2784d91c662
BDWRAIT1.CRE,override,2984,9f0d5c70e3b420cc6f9d62e49020b45ff03b1a989c64352a57e568c64152301f
BDWRAT.CRE,override,2700,99ed3e03deaeabf3f51932eef9da73fb80f2e4edc658af3f5e5ff68237409af0
BDWRETCH.BCS,override,3174,5fdbd672b8c2798cede9ba9fc2aa937c4639de1449e895090e7ca55591b46104
BDWTR30.CRE,override,3612,038a0e788a47eb8f781d2391316b74b077c37db5e4fb56ce7c0863380cba8d64
BDWTR31.CRE,override,3652,e20662ca1b32839449a41d9b8cddc6d079ce92d67c04e2905508f050d2e815c5
BDWTR32.CRE,override,3632,1ae943401f1452e425f7c2c064e28d75516e816c885eddf3eafb0e46b2b69580
BDWTR35.CRE,override,3612,d64a6cc47770278bd557702247b34b11a43d05130faaf14add95326a99c08625
BDWTR36.CRE,override,3652,78b6150b72be3a76ae01bbd1ad074c84a831ab26f381902d85e490a9bf62a574
BDWTR37.CRE,override,3632,5b464e73876bb3d2d2f607856d16173c7d47a82e7a7a3fa9df0863e922e54a74
BDWTR38.CRE,override,3652,e1651bcfd07668e50e6e6959731b67679cd79e0cf6793275bec4f776bf2e6cb9
BDWTR39.CRE,override,3632,5e094358582a8e1f8d7c8489a5637504a30a9ed2f9547861371c84f1e636d971
BDWTR40.CRE,override,3612,0878b3b54f49255c1200c09fd9a8f921aaa4e43df1bc558252b4f13e39157418
BDWTR41.BCS,override,34203,458207f79f2c72f9a61c09a1bf16f644fdad072fcff1d64c4ec6924bdfd8b1b0
BDWTR41.CRE,override,3612,52fbaae4b58de052c3a5fbc0274c0c23bf19619ff9e9672a3cbea2d341391b4b
BDWTR42.CRE,override,3612,bba3211fc781f702df2583154cb3d26efbd8705820a92ab35ec6e7047d016406
BDWTR43.CRE,override,3612,825e495a16610670148015444c6f019584191125af5af758e34d36f782bb4b68
BDWTR44.CRE,override,3632,d2d72195ef11a9cf9bce0777f355a150c44bbc5dfb739db393ed7f457c049321
BDWTR45.CRE,override,3612,2e82d5e20262f8e44d7d0cdc99fa5dea1b919c99e9e139c7d07f1db13628d95e
BDWTR46.CRE,override,3612,6008b608adfc92d890ae8e95d03f1f1921a225954cdc202db7284dda3a017a63
BDWTR47.BCS,override,4618,6f111150f4488fd8055b56a5fe61dd1241bdd23b67c04cd2b45a93224e86c522
BDWTR47.CRE,override,3552,a7388f7b56c1f7bdd1ec86f19e28f292dd8aa7fc4e21fcfd5de3bec3c1d9b908
BDWTR48.BCS,override,15497,06ca272288a03f61a0ce31a4b781db3b4234c14b454929d569f9271f6a1e6adf
BDWTR48A.CRE,override,3612,b34b7619e503db2cc1623504a256a49da56f6bcaebd89a229839a8fc476214a5
BDWTR48B.CRE,override,3612,1a1bdeb8cd2ab35466af40fb7eb46e61c83418b8c79ca577a96fd33f3f036844
BDWTR48C.CRE,override,3612,8e464d5e89edadb033abf829da193d645e0069f87328692f49aac1896626d1d3
BDWTR49.CRE,override,3612,7bef6aa079e650d296c0adf548ad5ad5903182e16f1eb3c7d9e99a778886deca
BDWTR50.CRE,override,3612,dacb0e6c8854bf196dc1f79a06129b713c0a6fd02f5ca4ae7fd085f6b6c36440
BDWTR51.CRE,override,3612,6fffc4cf9e509bf9a34cfc28d5a81c6eb66f554d0c210ff6dbd3742723ccbc5e
BDWTR52.CRE,override,3612,25f9d775d60936fe1efc0855d72fe3658f5a3de52c64c0095c557b7081078ec1
BDWTR53.CRE,override,3632,d08aa3276375422ddc3ed36ced5225f61a265716b72a6df21c5be3f47023f389
BDWTR54.CRE,override,3612,fd2a00aedba3f5627d68828600d95d5dd0248dcda82e7554fd0719a76b0d3a06
BDWTR55.CRE,override,3612,4bec23a896583af86f0719e9b2754434b4549fe1095ae1bf5ce9e88179869413
BDWTR56.CRE,override,3612,e1b87a4a9c4161565db1e5f6d2507e8ca8c5a566fb1d6e8b106a22292632a3cc
BDWTR57.CRE,override,3552,9cc1b1e5301bcdaecb19096e809af6f6e101327accc132c35b37495893b046b7
BDWTR58.BCS,override,15506,06a91d2ca860d4b8990f7a69a6f22a33aad316eae0d9b3c5a350181c91e751d9
BDWTR58A.CRE,override,3612,faf9518ad74ad21728c1fddee75bdfacc3901b54a174062177cfa662cde4d806
BDWTR58B.CRE,override,3612,7eedc6966d793502767e72aad915f4613264cfd3a353b7a1811900ef5aa04d02
BDWTR58C.CRE,override,3612,e22d79c6c83cdd8470c4fde29914d090a751d7f2a2b26a5c21a0569b526d0ea9
BDWTR61.CRE,override,4180,6c2a2b78ee82389bf8e0d7a8be19cfd6f68e4e9767a9be834e951022b82af7b6
BDWTR62.BCS,override,2894,bdcb455cda943e5c2034d46f1906a71fea95ad19c59aeda26aa899d3d28475a0
BDWTR62.CRE,override,3612,68f26833706356d25b4b971a4889b896632de8417ee7a60ce980c5ca13e10f8e
BDWTR80.CRE,override,3612,bc1bbc1359896c0b41260d7b5df8d1102acee88719a9a4c83368a1c54a9a6598
BDWTR81.CRE,override,3632,efe8fed8924e35edfbe37c68d436ed28eac90df42a59bd2cbbaaad318f237097
BDWTR82.CRE,override,3632,b8e6913ae510b35e12e70fdc6090998cdca7329a00f38de2c20cb69023d10e3d
BDWTR83.CRE,override,3652,5a858c4f24ddba0f8686de35ab828f35642f0dc746f921e840ca8932c12a2785
BDWTR90.BCS,override,21998,4673583581eb2215a6b137add53b12c09522ca37b950ecd92876ef45a22e7184
BDWTR90.CRE,override,3572,d3dd2b24b4de9e4ae174930d866a17fdcd32ef042103d453c6808be53b12f1b3
BDWTR91.CRE,override,3632,70f48be1c7b6e9140e06efcadbaef2a12d18bf66c8d7bb8d4bca46f060b7ac3a
BDWTR92.CRE,override,3612,55101252b05da6ae033d8a588e0f9f3dfc79c32a7e5ed1bbaf379042061b5cc7
BDWTR93.CRE,override,3632,7f0cc4de56d9e250fd30f2b7afc9ddd46c371b790802422a982e4c34e6bbe383
BDWTR94.CRE,override,3612,515e41010474fd83b5fc3ae0307abfeb659fa1dfcecbeafee0a80eb64b573036
BDWTR95.CRE,override,3612,477ce640920b45a1cd3ef45a592f9541130c3b77e511d11dfe68e7dd298f1415
BDWTRX3.CRE,override,3612,31f9c052a1bcff7f7d933d74aa1c759cc734444fee9c8833edd973579581b8ee
BDWTRX35.CRE,override,3612,97629809b49f99cc1f21db235ed3a2fef134ce6aa5c7b64b58e20554803547c9
BDWTRX36.CRE,override,3652,1ee6e19fb47addbb7b9076c6487b2dbb64a3bb8380eb1bb0b8d8ca4422ee4653
BDWTRX37.CRE,override,3632,01ad6f1fd14600d0e9635e7054e471ae80f573f47bc892f8a2f455a2064cd44b
BDWYNAN.BCS,override,7443,d79049d564d6eec0299338fd82015d0c70b291df10c32af5ad3d8c150a3a1528
BDWYNAN.CRE,override,4788,c2a88c4888d61482d244e897e1d36a6fc535b195543a13f32dfa74d85d1fe0b7
BDWYRML1.CRE,override,5624,857a12e67c1ff32aa12776c05704c53a46b3fa1be6d3897126bb80f9e17da1bd
BDWYRMLI.BCS,override,4394,1e214963e02030cc3fb88b5f659ba53cabc1a948a5317245c3440283b1ae6478
BDWYRMLI.CRE,override,5664,73ea6ef52a60e9f36ca848b0a716c5cae7c08db196458a646bd1b76e2fc847bc
BDWYVR01.CRE,override,2700,31276038c72f0bea0f32a9d7b8ce17272041632c8c38f6c339a3f3d509f8e927
BDWYVR02.CRE,override,2700,25648906db8352b2ea9ebf7e55bd41becc0920fcb76b20a28c2c119374542a06
BDWYVR03.BCS,override,884,df0bcccddd1b9671f17fd900dedde58f65a6e71811dad24b9c65b846bb40f4db
BDWYVR03.CRE,override,3492,3846c107bf61292e45dbb53965adbde7dd82257ee57f8be853da52901804c6ad
BDXANC.BCS,override,99101,6520638ce2261e51002e6b8cec70fedafe76765d245bfb1c2da5e5a91ad676ae
BDXERRA.CRE,override,3004,12064b0e49aba00a123b823b5120c550396f9b5de0146c2cc538f115a8286a1a
BDXHOST.BCS,override,5900,a9a95541995d293664b5cecc9a5eb6341ac95d1caf2331759b011a23d924ab6f
BDXHOST.CRE,override,3552,a6f14d3a82f2ed073beecebc35d3f735b2e52a06196c3d993045c91d9cb71f6a
BDXZARC.BCS,override,125812,adfe186ff61f4542ab2cc21514f0ceaf43087fa933490dad01a2fc0f8bb45ecc
BDYAROK.CRE,override,3820,dccd4964672f3018a63301aa9ff13cc5d5c3f74e90f6949f6d6d49ad26575caa
BDYASHNA.CRE,override,3876,117d11a682f9acfaf0f59fe57bfbc10afab323b49d28cc83907c3e0f942559e4
BDYESLIC.BCS,override,183521,ee326bfbb6fceb0f5edb2f0c8fc7aca439ad97c54e3f8732cdc6a9ee30dd40b6
BDYESTIM.CRE,override,2944,ca41eded667b5a0d33183e1fcdfade0a608d49ca23cf3ba8ccff4fbad6077742
BDYMORI.CRE,override,3592,4b6a488aa5f63cce7a25aa5f43905cc8d627709e17a6d15d5b17fa6c2c87f4e3
BDYOSHIC.BCS,KEY/BIFF,13745,a03080605d58e7233dc3b4addb58eb1ffec612b860de92f4fc0639800962f33c
BDZARE.CRE,override,3552,55e3717fe57e0ae6ec36480454774ee9adee43b52661e9c97dc61edf27dc548b
BDZAVIAK.BCS,override,1784,dd577b7bc2e010d6c534431f4e59a667fbd98ac5c5a59063d17fc966e052a4e5
BDZAVIAK.CRE,override,4136,fabafb188d48b164fd3f1c0031f20825a864cd9dcefeb39470b01ac46340760a
BDZELMA.BCS,override,1885,b981360b8b24454f7e7e729596c6de2fe0329120460c4ede39ae494404ce0344
BDZELMA.CRE,override,3816,6a6fd42823411bf3b5e420415e7f3b8084a133b6f10c1d4eaf3e9f36090eff9d
BDZHADRO.CRE,override,5968,a1965e6c0181e7295f8c3ac4e8be7db08f00560d3f08526e48edf085e01f57ec
BDZIATAR.BCS,override,1115,e2b5380b07528278f07e0563c138c91ceedda5ec631ee262e4bf4edac73acd00
BDZIATAR.CRE,override,4900,243d9151b1b0ba02300516fd365816beca15583173cf7625349f2137bd2da4b1
BDZIDRA2.CRE,override,4972,65f9519d25f52c9c02969d4ee6b559a61bf2d568bab467354f809107dd1b457d
BDZIDRAN.CRE,override,3572,b7d0c35107273a9aae1eb94b0b334402d979cbb88f9746708ee9c1ed5915c407
BDZOMBIE.CRE,override,2700,4168179b87f3d2409af3d84c216f47e44082683662bb495efb1d0ddc47490643
BD_SAFSU.BCS,override,2822,739b9399bb959ddd4b0a02dad3f8f235d76b50ff04d41c84e8b50b7ec0ee7804
BD_SAFSV.BCS,override,2822,4c921f61eba973ffd635714305f43450b41dd1e10c31dfed8e58c07df2e57798
BD_SAFSX.BCS,override,2828,3e1de1adc07dfccbb618b0559f2a12a424d63270bed22e32cda34b728809e440
BEAR.BCS,override,3669,3c57ec5d7f9ba26528700dba65ae9738be23080dfb875dd4520fba66707b4d59
BEARBL.CRE,override,2680,42ecbb212a95a1c8f40ed7b0ef7090322fac9f80546e691e03e5992a27b91659
BEARBR.CRE,override,2680,03446c2e1fb90a7c3a435ae2ad27ac48899caf6903f7d1ab189d175e18a7a7c2
BEARCA.CRE,override,2680,6995de4df765c7fc1112c64815c22b6552c70079410b3e39b2511210567b06fb
BIRD.CRE,override,2660,a0215ba5df8bd9420e71c40b5d9dcc21ad652c210db1d6aaf032ed2915a0efe2
BPASIGHT.BCS,override,1467,cf94ddb3d6497b2ec45e5a4b209e084289ed6e6104fcf7e2d17e4291617718f9
BPSIGHT.BCS,override,6927,6cfc262d49aa53b28269248a0afdd73163bd64e1612aacf88a83efc063eeb126
C02AKOKO.BCS,override,4463,477afe0b794a73da8e2ba0fb92baa55e7862d070ae6398cbeb805bfe9cf4b791
C02AKOKO.CRE,override,3228,74e0be0ad2c27a7abf52b0e02372606747c8ebe5ec2a2d053092081c2a499336
C02AURA.BCS,override,121901,8a8798f9151ea9d902a8fc38c7857ebef755badb6af76ac45c875b96ecfb3db5
C02AURA.CRE,override,4760,49033c891528f7440653e1ab2de0b37d987093a65262d497872ba7fb847dd7a6
C0MNEV01.CRE,override,19880,6c2b5f5712f1e9b8e7419b39592c33d7739c1ea7e713b9c6e894e1ee76199ccf
CARRIO.CRE,override,2680,c42f64a230de335bf78ce8a8242f4ae0f92fc8620d779e840251cabb488aa842
CAT.CRE,override,2680,f215448e459fcdf1e562ef8dc2f135b5b62ef9ca9e9981e0d1c4491aef792b4f
CATDEAD.CRE,override,2660,924d76e810062e2f705f153c9e49e5f03e866ff336c8f96dd5f14927bae818ca
CATJAG01.CRE,override,2680,58cd649397e63631937e9f9088016f3c52e46bbbb9954e00b79d72f32e5cb897
CATLIM01.CRE,override,2680,5f60af6aca5d32dc30fc2ecd2584f520558ddd4c64ee273f0525c370845418e8
CBEAR.BCS,override,2415,05058f4bcc039e35dbbcb50e73767d39f0084d5bf6fa443ebc5b48a198c88f42
CCRAWLER.BCS,override,9741,e8204000d9f9618929c0d505caf22cecd8a9297c0cb5de812ce70bfa45f32b92
CHICKE.CRE,override,2660,a5bffeed5cdf3105b099691e4b85ce18e6eb665216f680d826b8b454659436b0
CORPSE1.CRE,override,3268,d6e5a08090837a0488d98e2105acb25a0dfb30a3d9f95b64d36fe5e6fdd0a552
CORPSE2.CRE,override,3248,f463b8bf4e077dc0cc233cac1a752dacccf9c3c9eabe7e6413f8a340f0b82613
CORWIN7.CRE,override,4488,268c6fe82bba4af8286460a83e9d6072d9e566b4a95b9f93d026c0074b116d3d
COW.CRE,override,2660,fcd594393e2026e16e0c9e652de4aca1523c0b106cb59539b5f7104af4acb945
CSRFFGD.CRE,override,3632,aa38a78fc3342f4223a0b66fbb88d35ebcf0111e0e8e391ca3c2f1e2f7048189
CSRFFGX.BCS,override,658,c9023a3f968a07961200cdd16a5c959d7438ad9be2b3dd6202a27d09045229f9
CSRFFGX.CRE,override,3632,d457bc77939791e2b714294db3f6f12859651001a71933b9fd4971480b2a0135
CSRFISTD.CRE,override,3288,047b6f94fc8c5b7cf889201ffd3785b706f22332f819e4b0efe575de5fb2d2a4
CSRGRIT.CRE,override,2836,056dc8950a5ed23d4ef6bb485dac536d76152f368c187dda8f16371ecbe96775
CSRHASS.CRE,override,4584,f42baa2d1dbcee3af2a4bc7778ce738c723c6f35b003c50767569006b4c1ade8
CSRIMO.CRE,override,3656,1c74d0de63cc13d0141ec08d2c2ab939510b5653a62620789d860b6fc6853d0e
CSRIMOXP.BCS,override,6300,6d0e1e5941acf194e3475fc33859ab8aa834661d757d0b56ef1dc55285fefc19
CSRKFIN.BCS,override,2509,8bfcf209a3c20fdfe86b48162c17c78663c5392cd248c655ba794f73b2ff0106
CSRKORL.CRE,override,4636,5d29a22bdd63dabcb9999c5d44c2eb4b61bad468dd805bb5e74e664d57aefb0d
CSRKORLS.BCS,override,1560,b5d55358364a090863d45f7c6f804142d8d5de577b9443dc1c2c912dcc4b362f
CSRNOBF.CRE,override,3452,1dbf890813e669bfd5f06276e69802a77dea68a5e534eeff9717e43aa08473a7
CSRNOBM.CRE,override,3452,3fbcfdeedd97669be85d0a2bfdce03928b022f1ed3151ce00f4d7a29b3a5e81c
CSRNOBX.BCS,override,225,f025f45de1f322db78ca360e5bd294b0e863a314a4205bb363604190e9c1e8df
CSRPORI.CRE,override,4076,012f57d64d3a90b8f7cd1e456a409c9939775ab97e68df8753c62fa6de6bca96
CSRSERV.CRE,override,2924,369d8cc30e8ef37f5f0dd82bf1d956e1ecb3e69a62d8612116250e3ba4798d7f
CSRSILL.CRE,override,5544,b401c5b164c5239570e050d17d4ad15dc2f301d6368e31b254e89e663c6e9d82
CSRVHAS.CRE,override,6272,e8c96deb2be3aef28cdba0e9acd2a0841cec530b8328bfb6ab9443f866655ad5
CSRVHASB.BCS,override,794,901388059150f463eecd98ff540b500c3a8808501488a179edb8d265a1d11bc9
CUTSPY.CRE,override,3492,dbe6bb99edd21b732d696703b810c12816a9036bb45b53f72e037c96675d85e4
CUTSPY2.CRE,override,3492,e68d3eafb02bcd82b2f579ba674614d02c9cbfd8cc251f176e57e91cf08f1ea8
DEAD1.CRE,override,3188,751eb38c8add6ea1909a12c1ad24616e0b8705ed204a058e0414b94df66a464c
DEAD2.CRE,override,2740,ba2293a122dce1b1667aaabb1826cc613dbd489783fd16b67b30c3e65a323617
DIREWOLF.BCS,override,622,92bd07537dec1392eaa8f289a4002424a4755298bef31fd2b17645a166a42101
DORN7.CRE,override,8708,c8d90bb573d5804802d95298324f4021be687aad8201e75382d29b7de63cf128
DPLAYER.BCS,KEY/BIFF,473,bc34b9b9f2ec79149bad5abd793b82ab7c79d036fc0f3032a21ea3e7eef03d92
DW#GPSHM.BCS,override,55527,1144ede216836177989bb746e85ac330e1e54e98152fe61b24933038ce2c1ec0
DW#GPSHT.BCS,override,55527,1144ede216836177989bb746e85ac330e1e54e98152fe61b24933038ce2c1ec0
DW#INNHL.BCS,override,1853,7b25a44a6ed1783e27858ef06bf975c4b695fde04ffaa51a9bed9ab52a90ea16
DW#MG13.BCS,override,440221,e0c071c53bccfb91124e629f76d4d1faf6ae6b85981def5425749e0f24937436
DW#MG37.BCS,override,296950,561bc341bc411803dc6cbf204900809ed3923086def1be2a791e4d7028352fd2
DW#MG38.BCS,override,287352,c059a15e6c228c4e4882b9b47ff1273fb4869871b555ade179892a10c0e07b6a
DW#MG39.BCS,override,380606,0e36cf2d491617404613686735225393fce99aa72c574742e0fd6f2406578496
DW#MG41.BCS,override,464116,802d8381c4ef6ffa7614c12515a186ef4db43996f5c3f4f94893e366e737408d
DW#MG437.BCS,override,600513,fe986c15aae2c6636b9292915ac27e92c6f2b4350622ade3115fc93932726f5e
DW#PR19.BCS,override,316692,9a270a194e4c81d9e8f7ce8c3d56b51d6c9824445187a3c97c79f3fbec60a2e7
DW#PR303.BCS,override,438262,683e5d3ee706e0483af145ef3ec48ea9f587c1cdbb97ba0e81bf4fc2b42bfe96
DW#SPHLP.BCS,override,53783,76186afb9e3d1e988db0904f26d04d6d9ef726fad8b937ab58e7110db8310ae7
DW#SPIDG.BCS,override,72251,ef14bd5d2eaad21a8f4be9e83fbd8afcb5286a08866461b36202763bcfa2f950
DW#SPIDS.BCS,override,67596,fa94fbfd6356693806d9eb46fd2b3b911bab475dc6e3ecc7628e9b6dc630771b
DW#URBHL.BCS,override,53816,9f9753c40f54c78e71bb0cbbb8242677b1c840dbd6e21c6d021622dfe4efe719
DW1MELGE.BCS,override,214853,42a1bf59ec572de6a74a1ef0f6bfcc049dafc7a4b4d3c3c4a8b3558e090d8c91
DW1MELMO.BCS,override,66379,698f6d45ad5387921e613ca95ddb751085232882805046ea36ee1b732aecd628
DW1MELTH.BCS,override,297630,97f082280f8790a3adaf156e87455505762a346495d13ab7e99aeb9e8d50b91b
DW2MC2BE.BCS,override,287786,7ad5110e0dddf276d993498d8047c04320149d426a23895595198fafcdf3cff8
DW2MC2GE.BCS,override,286206,76c91c861ce7b50db0a53b542f4d1bc4771039b18c9a7d7ad2db952fc539a809
DW2MC2MO.BCS,override,78926,21407ed937c38fb38e4405944d73374bfbaf7004731df6f83ac885ebd17c0238
DW2MM2AR.BCS,override,286441,20fb3d6a530928a6f7e650a9d8b6667a437cbfce7730041c35b66ef3b782ae55
DW2MM2GE.BCS,override,284862,af9931c72aa3244d03441639d794c379cdce0b8129d6b85872559a4aa0ee528b
DW2MM2MO.BCS,override,78926,21407ed937c38fb38e4405944d73374bfbaf7004731df6f83ac885ebd17c0238
DW2MM2PA.BCS,override,324592,42e21c50355f8c530fc7e67f8d702e5ef88a47b3235cba4a748906425e9706db
DW2MP2GE.BCS,override,286206,fec3b6f3fb5442b232cb86eb69b3c9d3a51fb6dd038a545734ae75dc5968030d
DW2MP2MO.BCS,override,78926,21407ed937c38fb38e4405944d73374bfbaf7004731df6f83ac885ebd17c0238
DW2MP2TH.BCS,override,402475,d63c1f816dc195f3fdca72c7fe0c5a20aa8bfb5554336bf03ba7ca17dd7bbf0a
DW2MS2GE.BCS,override,286206,ccd87f199161285641f9796dab1e2f816d5bbd442a733e3205786478fb048cc9
DW2MS2MO.BCS,override,78926,21407ed937c38fb38e4405944d73374bfbaf7004731df6f83ac885ebd17c0238
DW2RC2MO.BCS,override,71702,0348d5c125bf253aa96a0e396eb0a302640c4d6dd69d8454708cdd1454821b57
DW2RM2MO.BCS,override,71702,0348d5c125bf253aa96a0e396eb0a302640c4d6dd69d8454708cdd1454821b57
DW2RP2GE.BCS,override,320395,69d50681b428d49248b5d9203d2fd5158cd5ee860007b426fa0542137ea4cb72
DW2RP2TH.BCS,override,393900,f9333bb13aeee2cb3a63e695aec9c34ff15465232fbd27607e639c3c7d9dc4a4
DW2RS2GE.BCS,override,320395,dd4d190510d514fc8d41bbe8a60003dbb259b6403de98db8db8f92914eebbd85
DW2RS2TH.BCS,override,393900,48039e267fac79dbed6a53f58dab6c0b90c62a131b0d840ff3e0f68ad055e381
DYNAHE7.CRE,override,4548,a8853ab43a8378c155e787d2337d3e5e793a16c744b93c61fd4d853432db2411
EDWIN7_.CRE,override,6720,1d178e9cf5e737826b4c9f5d125abc823a7eee7741594dc62ce0225c9e8d35fc
EFREET01.BCS,override,370873,499050d6232753c93b2f40ee376d8dccbc7cb7707fd098e896ffec691bf452fc
ELEARG01.CRE,override,3228,bf396c55a557c41a9e4dab88b96257d1a139fd58c1f9d70fe5f10e915beb020b
GAUTH01.BCS,override,228133,f91c4c0a3a6fb46566eb3d6698a2b6e661f2df04688596dea11853b6b9466d27
GBASILSK.BCS,override,11205,e67088c1440e5d700da54aa91997ba7f6085ae701af23b387d90b820d7102ccb
GDARTS.BCS,KEY/BIFF,450,bc2458e8d7229898acac9af962286e41b8ea381941675079b143ea3734b4bab4
GENSHT01.BCS,override,53797,5d214c52e7fa8003bd78380b488bbd0535364d72c9f34de37c4f46284a9436f1
GENSHY.BCS,override,514,b31b6a0d7497033e6b240c41efb221e649b667c252f84dea1875371d97b17402
GHAST.CRE,override,2984,f68858009f702eb9b9d82cbcf488b7a32a4fdbaf1a9c35eb00efe9ff86dbec52
GHOUL.BCS,KEY/BIFF,801,e92bc9ed9a10d9e8cd8210b5d59f050e613ffe7e3b39a786e8283f8f6eb7aa1e
GHOUL.CRE,override,2984,b6451bf00bd18b11f112750f4cf2cad5144ec483d8a616db0365c32dec00809e
GLINT7.CRE,override,4392,664600105d778817ba82d194903cedccc00a96923a7f39a20960e53fbd9a6ab4
GNOLL.CRE,override,7472,59f3e5212eafa4dcff1b57ad04dcb4395256c9b0d6dbc5bdcb4d7e5e1a69d496
GOLSTO01.BCS,override,482,3483194500daad3a0fb1f1e3cd0d56f2aed23bc78633d83c689881e3eb1f7518
GORION.BCS,override,2018,693589e8757ad21040df3b404907e2ab240fd17314d9120a5825f99be429fe23
GORION.CRE,override,2932,db7f0fa4a884726f8803934bfb1674e43f9cee1162d8b781bc3c5cca6009f5ba
GRHOG01.CRE,override,2660,318f7873c936b5e608ca91bdcde6f7b72fceb030ba8ecad33cfa03ddec4264ba
GSPEAR.BCS,KEY/BIFF,450,f6debed891c6dc5cd61a61d15aa99bbc744a6d574090cdb5723816034dc68474
GT004.BCS,KEY/BIFF,450,2c7ef89f68b116a13ef0b79e58ecfe18e63693d0c493b3afb2907b98d28732e4
GT023.BCS,KEY/BIFF,450,c0097cbe8f80347ec7ce7fdde7d9f140b8d4b399acdc405649ed1e7ccb4b436e
GT025.BCS,KEY/BIFF,450,22a43429227cc1d278987d228092dca836ab8b6e4c1fd68775f97a279c10aeab
GT027.BCS,KEY/BIFF,450,0ee9649668a2a80a9b6966f70c485269decd4aa7ba3c50ac903448d8f1745342
GTAR10.BCS,override,453,0a0ddd502d9ef60977b4b9f884add80326f718f14c9fa7224b7218014a493711
GTAR5.BCS,KEY/BIFF,337,bdb6b40b583f863072ebdf7a57247fa5158f77f0803904b3237f4dc1c4874cde
GTAR7.BCS,override,453,11f84bf429c25682814f12b59260d9a9b136ece3cae1084ea37ec2ae79e2865e
GTAR8.BCS,override,453,81a46e3f98a6cfc64a79406b09f630476d9cbaf12f1bb45321b7e807761f99a8
GTCK.BCS,override,453,a369de04c672a5122d58d9123686261266f96693f5ad63de1a7e41ff91bb15b4
GTCL.BCS,override,453,9ef88aa91ff981caf8ac0b2c799b3efeaaffc792772114785c8b11ef3f3a00c3
GTCON.BCS,override,453,ff3b1c1561d8c2981e13cd4ac2aa5b6fe6b2675227518c4eb26be55140196379
GTDC.BCS,KEY/BIFF,337,4c4cf3061d08fb0442f7d312e0b0b060b42c012b382d832f59720a4d1086ad48
GTFB.BCS,override,453,7a2e2af80497908e6365451c986e5235a22c6b25f59f5c20a7c47b70e6a0f9a4
GTFS.BCS,override,453,5694699ff90085516e4374bfbf73bbe191a1bfd3680d1d2d48f9cada4e2402c6
GTGW.BCS,override,453,c0ddb4add4b027d82f3879dfc0c294aff55f6446a925432b82e9025fe9fcdd27
GTHP.BCS,override,453,73ddadf6cc7d140e1f1cc88f6ecdaa8b29544f4469f1f4b769d15436cb417326
GTMIS.BCS,KEY/BIFF,393,d99b0b9b87baa05edc3d5c0220977548cea90aeec8fea744c49940d58ad8cede
GTMM.BCS,override,453,8449500e14d9306747a55d921e59a6769963523f83a247d4b8ef4fbcaa591245
GTST.BCS,override,453,38933dfd1af9c8594e476548e51e15b7bd55bb9273eb987f5e2ffa55810b01f6
GTWEB.BCS,override,453,c4ae559feec8b9204da08ea68ff0abbb68aba89a13925ae55199575a9a541d08
HOBGOB.CRE,override,3532,f0eedd9d2b435c7ca1664bd8047d6f08afa12f53be469f7cdf69d6f62ab72897
HORSE.CRE,override,2660,5b6061bba5860000733669628aee8fa97c8b72085ad06e44d54883bb048eb674
HUNTER.BCS,override,394,1ae9042e9d12ede697f534fc73d7ce613f42e8ff075e8eed784ed04d0b28e225
INITDLG.BCS,override,765,27ca95c7fcc2711c222267fcf76d4219ec7793a2e386cf1bea87f8f9af96fc44
INITDLG2.BCS,override,765,6e37bf04f488a6a5cb6e5504a92634869df14f4c92a877be70bc70a68ce291ce
JAHEIR7_.CRE,override,4952,17708df01d12cece0eb0bac74c4c7af7a63e28d0e054e5f6288814340635cd29
JELLOC.CRE,override,3004,29a76c8fdc9c41892227ea7003cbcb84b3fc191c96ed495b110b00faead6b277
JELLYGR.CRE,override,2700,fcbad60f9fc4d6f10e019436a43dbab6a86cf5339811f6aa00aa1bd6d80506b0
K#TELBGT.BCS,override,54458,7717b28626cab422f1f4957eb2f20d07a22db902cae7aea408f84b6eba931246
K#TELBGT.CRE,override,3512,36a9d7568963fbc3366ca5c2a58f7b2c3303e2de171198c22e439cd9c80201d1
KHALID.BCS,override,26853,c60bfa98bf292fdbb7d257da69942566aa9f15c998a879f3495cbcc8a747f4f8
KHALID.CRE,override,3552,8f60e06bda9569e6ab2072ba5c45159f1c61c89494f65008772ca188e9cbc4f2
KHALID7.CRE,override,3732,ac14afa2a5e6218dc87dc18d404b22487a49f4a9bcfef7f0dda98a1c7bdd24ff
L#2BDFF1.CRE,override,3632,65a3364ba94c50da35b23a5aa48c3165dc01e5cc1203fcd6db4809f9e97266ef
L#2BDFF2.CRE,override,3632,91da3d0a393bf8f65d4608c456cf97c174c7ab580f8182e0857bb445d1cb5b74
L#2BRISL.CRE,override,3956,bc98f11bb565adf30d0037a8eb120f3a143a8d4867a514a27ce1000bf7c48136
L#2BRIST.BCS,override,57421,a50beadaaeffcb62d158f9f183b5ec1e01178ed17d0f5ee12810e1a4ca12ee2b
L#2BRIST.CRE,override,3956,bc308b1416a391a020a68affc2ad9f7f8a41dee1238ebf3d483084ee8da07037
L#BRIST.BCS,override,33391,f6ec9ae64a6454532fc8bad839dbdf71d02d0f3e57e89f48aabd8476ebced9f5
LUISGANG.BCS,override,895,e9b983d69cd47bd16b010f9bc7845300391a9614464c8d206de451000d9aebfc
MEPDUS.BCS,KEY/BIFF,5994,8fb15aa67f1b565af80b40b57b7e8e635edffef277f18b8f1dd8b41454b7d811
MEPMAG.BCS,override,9216,24332a596288b5045833778f24448b523998e8512371d550ec7f49acc0c44470
MEPMAG01.CRE,override,3612,4276e082c38cacf59e6ea32ad5d4fb179b92c98d0989686f84e2ecc3d1c7d6f5
MINSC7_.CRE,override,4128,f9cb80bad7d55ce39f772e21efa0e4f53970026daec71f5dc163e165f82de1fb
MOOSE01.CRE,override,2680,a6790e61d49d6b00659706599b80ffad1b5ebe86da2188bc6a9eb3fe25ebbd6c
MRCOLWIF.CRE,override,2660,7bf1be6ea7b3f67fe20749b1f102950f85189b5430cb8976a936301777742453
NEDEER1.CRE,override,2660,b3f722c07c2327f21b8e8d12b63eabfb2df17fe863a6fa11adf4e8fff2e0e169
NEERA7.CRE,override,4412,a336f541e073015b5b663bbcf4b8cdebf07be844eb3cfc597812c17649efda7c
OGRE.BCS,override,1070,fca1ec4d6a5a4b0fa8f184e956311bc72662509590d4b5caf2d2adcf47610876
OGRE.CRE,override,2984,9d5d3d5b85c4a8f1bbaf15ff14baf01527ef6ec4e2b99943883d9d121ddb445e
ORC01_.CRE,override,3228,9d64a9c928a2695cb33f8ab8501c5e3b58f8318ed8acd4987b017360f43fdefa
ORC02_.CRE,override,3308,e5e09d9663504e260709a03c732d9e9fe8a7cc181f3c96dbedd276f4960c775f
ORC03_.CRE,override,3648,e0f4258e2e7f2f8ac1cd66c92faf98ff3e92e9c91d6b4e574b3c3237d5b51bc8
ORC04_.CRE,override,3832,7e1e2bea822b6ff46e6c641937d8463177a9f496d7f4466c651c54eed530a470
ORC05_.CRE,override,5584,379c128544aa08059a94c47faf1611985bac866d080c90aea00f57e584bbe800
ORC06_.CRE,override,4348,9529e075df66fdb155a49379fa7d4d1aa3690ffcff25d7aa01b86dc5b463b8ca
ORC07.CRE,override,4672,564a0903b459e0c407dc11c77877e939468e995483911ec1c46896a695a9a8e1
PETTIN.CRE,override,3512,dc0d0393398ac52414e000739d45ed1d449063454716b11fdf074268c1986675
PHEAS01.CRE,override,2660,9358d0c1e314fdfb735f207994d31d09c4e498c4a0ec5a24cf08cb92280c2ea1
PREY.BCS,override,274,ae22e53d4dab8645a0ccf8576cf95c5c62bb8418e10a229d7f1a8e27a6138f71
PSPIDER.BCS,override,85045,7adb42fdd1980cf8aac335e099ae23c8104c44ba20d72e52bbdc2fc8b7eb34b2
RABBIT.CRE,override,2660,97e6c62ac15300f31e341b8d21023139727431a9684f40713016cfe4f75c0fbe
RANDFLY.BCS,override,211,137530fe86b6ab86dbb1ed0e96ad43c605cc9b4d26005f77564f8bd2315f6a27
RANDWALK.BCS,override,210,6c4f992cc6e8e6150c8b1e5fe63269b74e5c79caf9b008f8b665639ed31f081f
RASAAD7.CRE,override,10072,2f88c3eedaf15924c3d5e62d97a9d5d12f5c223b76c5aee44e581246248fc3c7
RAT2.CRE,override,2660,09b31efb4d6cc4029f84b52c24c6c94efb911fcd00226d061f862a3946608873
RUNENEMY.BCS,override,2290,a6531b87233ce9ddbe38c427c9d92240353f1bc59f1363b5bf1563247eccd351
SAFANA7.CRE,override,4428,71a159f3d75a16a01a099d284333b5a98b08f838bd8bc3a0948342e9e7835f66
SEAGUL.CRE,override,2660,5aab71402d376c625072cc6c1fa78eee7e04652110fce2c2aa67c33044d23565
SHOUT.BCS,override,53783,24db49e3f74eec2f410aed7f61272769627c9e6c1e706bc3603b0941f730a5a8
SHOUTDL2.BCS,KEY/BIFF,270,b89cd5f3de35949c4575fcb2f1600b9a0d271287c6bceb7e52d296b8cd654c7f
SHOUTDLG.BCS,KEY/BIFF,269,61a66080a02b816481b9d5f31b61d9ac07159807f44d431270e8971bb91726b5
SKELDED.CRE,override,2944,67d88bd49c2e7050496ee3b2e562843afe4d44693176bfa275a3552d83d7fb80
SLEEPDW.CRE,override,2660,dbc3e076a661c3c8f2c06f7f3239680d845b95ab755df0f8548f9c3ad051bfa6
SLEEPEL.CRE,override,2660,fb57ed5b07d5f621e5cef4faec3acb233acda618526e71536f8169d28bab2ff9
SLEEPFAT.CRE,override,2660,bacff49948d86cdcc2d18bafab6948f9bc470da233f234cb7d0592e2349df1a8
SPIDGI.CRE,override,2724,4954f1437587b15fd6104933bdc8e9edb104daf624b5e1b4f552d0639f7fdfc2
SPIDHU.CRE,override,2700,46bc8681bebf34bbe54fc352f1e4cfc96796f8af3b08437e5d17ba553a4e7189
SPIDPH.CRE,override,2724,8bc823b452bb8de432919ace01fb6224133bfdceb6ed5a26be89d591875a82ac
SPIDPHAS.CRE,override,2744,ed390ceaae5b9369faf20c2a49cbea6656cf707f846bcd42f5641abf46e80f71
SPIDSM0_.CRE,override,2700,4f6395c1380dae06aad90e9bf1aefe65a95556f3b111d6709260e23eff2e7d9c
SPIDSW.CRE,override,2720,65403ad07161bacd47bcfacc2f9c9d0718144cc18a14df35395e528d92621ef1
SPIDSW01.CRE,override,2720,9d68c5c96131751b4961bdee3060d807d9a742f9b79a2fd05d9c2d8f54c7bd4c
SPIDWR.CRE,override,2764,3e6183470bfc5331a88420e8e9a7722779808af97dd9d0f3ce31df32821b6183
SQUIRR.CRE,override,2660,d2a95310e561a3e0138e41028c461056bd70ac06f3870560dbbeac91d0a55574
STALKE_.CRE,override,2720,f09cd24f9d133ba3a5c42f3eee44adcdd2cbcc78e51dc71b41f55439be03aeb8
SUMSHT02.BCS,KEY/BIFF,4328,464964d0630f301b25e1550341e85aeb25abfd4b4e5ced9d18f03c1c6ba7ecb9
TROLFR01.CRE,override,3004,c47a25a8bd68aee700208b88ad520114e69c9f7d2db818494297e1a61288320b
TROLL01.BCS,KEY/BIFF,209,ab39e94ce46a0ee2eb5f5c1bb937008b7c0b3df95bf88ae7fa3968cdd111a494
TROLL01.CRE,override,3004,1191a4f668b1444c1eadb6489e893a36eeb6fb49523da57b4d7c8cb0a44e492c
TROLLGI.CRE,override,3796,7422bc3a651ce45fa3c7683778ddbebadf9043d72a0362f73b65507367f63398
TROLLSM.CRE,override,3004,24aa957fe268348eed574e9104ab14862b1f335639d938513f52baa31136aec3
TROLSP01.CRE,override,3796,bf6d5101aa2beb87b9ed4a3966ee04b728f8cc2315bade59581fe4003d77403b
UMBHUL01.BCS,KEY/BIFF,1453,eaa540a7dbfe97d67ab706d657946fca2d4338a03f4ef2c68ebb5cd779b79bdb
UMBHUL01.CRE,override,2680,43316db0795ee6ff94f7982a35e16b2f9c8f207252e5466659a26db863519073
VAMFLM01.CRE,override,2804,031c091ea3882d8e14a2e95da5cea3f3f2345ff3fa8879d2e1de906ea05d75bb
VICONI7.CRE,override,4896,6da25657bf17fc882417b5f1c8d23313af5cdbaff5080c8262d4744885662bda
VOGHIL7.CRE,override,5324,1fb3d17df3f02f4befe678559ab2be2c5a9bc9de938d76b4d6456a7a9ee3d262
VULTUR.CRE,override,2660,80858d7366608566cd3929fb1022b011f0b2fa28c55fa9e8636695cc3ea35537
WDASIGHT.BCS,override,1084,c95e58a9e950914d7f0d0d046f22fa86bc56f9d82b7e8e8d4debf8804f29d267
WDRUNSGT.BCS,override,1164,be9dd5eb5301e00b6fa3a86ec409774f8d343a1c06e9e2062a41f5eca557ca9f
WOLF.BCS,KEY/BIFF,1446,de1b6254d1792c20fac426d303f3b8481b97ee20b5412913474c76d202bbf895
WOLF.CRE,override,2680,8303cea2f60d34c4dc23400603480360b6babc37806c416c81818fcd0c04a3c8
WOLFDI.CRE,override,2680,7c8df172f082911b40673063b8bfa8faf2c4394f47194120d62b46cbe3b74b85
WORG.CRE,override,2680,de59fb2b2f86c37a92dc981a39726a3b573c39780b1f92584bf83655485b0e45
WTASIGHT.BCS,override,1582,d3055bb06a50e2a6152e4ace8d2753e5450df28e066148eae2a0c01651e24605
WTATROLL.BCS,KEY/BIFF,676,97a98b829ce4e557e773204214785dcf798b92d190334d20181f91024045618d
WTRUNBE.BCS,override,1124,8ca82beec71b1ebcd1b791c87120b33c90c6e4baeba968268bff65d4fe0e0df5
WTRUNSGT.BCS,override,960,9bf706bfbad9e335d53c86b12b6facad0d1ee446be0677d149586d00739055d1
ZOMBIE.CRE,override,2700,3cbac1e48cbcec27e9dc14dbfa0012bd88c77130a6effb6214b0b7bdc5470348
