script,lines,create_calls,decompiled_sha256,corpus
ANKHEG.BCS,42,0,d62f64c59be46a118f7903173c143f6b31be307a2cb1d5f32af80d72b8afe871,baf
BANDIT.BCS,173,0,c6e97a4d2869430461402e98fc4bab4ee6f262df0df1b2c3000a3deed91d706d,baf
BD0010.BCS,374,25,e98cbdcdb1ab504f55c091e13af8f4b64cb2f80b3188b38e4b25e54d9aedc88a,baf
BD0010OT.BCS,41,0,87b261bd57848212cda963584f565081de2e5513935b942628f18c4409eed290,baf
BD0020.BCS,418,37,f38001635c1e664acc9c4c969c711b7f6861205b8a774ec55bfd8f2761282cc3,baf
BD0021.BCS,93,0,249c95ffcfe54bc412edb8324c80401d70610f20494e014b1db0531020e4e3e7,baf
BD0030.BCS,254,12,ef4f2e31a46dfcdf41d568a1635baab8b105470e18f929b7f90da787b3e85a59,baf
BD0035.BCS,0,0,e3b0c44298fc1c149afbf4c8996fb92427ae41e4649b934ca495991b7852b855,baf
BD0040.BCS,330,25,6017201545ea60d8d767173d144fb584a5ebb0e0f10ea9f07741ae74a96da72e,baf
BD0050.BCS,352,30,d64b33dc0b80ab70fe5c655fc7d7ad59aa60683a2543354777835f1dd6178ecf,baf
BD0060.BCS,49,0,72d81ad1c8cf62bd76d31196257be90415b7e9bdfd7f6ca79977c77c17b1201c,baf
BD0061.BCS,21,0,e69049b140c8f595e7ba70cb890ec2bc8cadbe083a1c62c30712fe8823b3b4ac,baf
BD0062.BCS,69,15,8570ef94505b59470c47865441d7e1aa7f8a5440b5a5a6e3d92a29774ce9fce5,baf
BD0063.BCS,190,0,e555610430a58ac79b48fa110da9844652573ccc41c055eac739a73edcd6cd30,baf
BD0064.BCS,50,3,eb7b5633ed050f1eb5d62e9bb82e1bb0049a71b3d0ac7919d1b85e781b6346b6,baf
BD0065.BCS,0,0,e3b0c44298fc1c149afbf4c8996fb92427ae41e4649b934ca495991b7852b855,baf
BD0066.BCS,118,0,919310994dd7db095f2ce2131cb7e46cf90c833335aab7eb4899d0153ffc449e,baf
BD0067.BCS,8,0,10f8dee2d6c30024f4d27396d6252b52c5c701a91c2e9bd53a595d949a3caedf,baf
BD0070.BCS,0,0,e3b0c44298fc1c149afbf4c8996fb92427ae41e4649b934ca495991b7852b855,baf
BD0071.BCS,0,0,e3b0c44298fc1c149afbf4c8996fb92427ae41e4649b934ca495991b7852b855,baf
BD0071SC.BCS,13,0,ebdba58a1e42a98228f91735f36f0f676616ff5d58cbc2eb44a1e1513fb5ef76,baf
BD0072.BCS,0,0,e3b0c44298fc1c149afbf4c8996fb92427ae41e4649b934ca495991b7852b855,baf
BD0100.BCS,150,14,b8ebd5cd613e5d4e334419fccbc8f48193270e2d652c58c10f189f17572e4f78,baf
BD0101.BCS,634,19,d4f8ce8424e50fd0a29bd21a4342f772bebdd6debd76a09dc18bd5df52f267a5,baf
BD0102.BCS,506,83,fff66a4f9ede7164e7b673d059d1e42d2b518a4161378cac04f872193d91312a,baf
BD0103.BCS,1209,12,e8ca848591155c7aaa3aac63e16bf1ca4b563b52633dfd077e90aaf91eccc1b0,baf
BD0104.BCS,338,5,ff4648d9fb88a4baf7267e2408e6d7077cdad82174c2168d614ceb22387208f9,baf
BD0105.BCS,63,0,970d2d98fa70016c7c56b29e63b9d8a36ffe8d1c3da5b9fe119fb9120b4d7a0b,baf
BD0106.BCS,75,8,f223d399f50fd80f184b5c89bbb24cfdf6e7a13a210bca41ad552a2f1d0a8ee6,baf
BD0107.BCS,168,8,6fed3fb31acd4eed8106f2e567df441ddba74d217ae2ff3fcee86da77e2a9052,baf
BD0107OT.BCS,50,0,a39e63076e7fdfbf100f0568a123c9a6adffa558d2ef8cf4cd95dfe778437732,baf
BD0108.BCS,184,4,9f8814055721828edc36f9871fa083d3da5335fa785f9f76ba7d9185caf042f7,baf
BD0109.BCS,225,8,ac552e98885cddf314924ebecd4021d7edc544f88424e9248da13ed31147c168,baf
BD0110.BCS,120,1,b01f659a91808868de75a150393845e6ce11b50e8c7e6410c96dd41e29f5b56e,baf
BD0111.BCS,133,1,a6d66c322b949e3ec24d5b1973bffb2f102a5b152c988948d3e1a4fa6fd097a0,baf
BD0112.BCS,16,0,736ea0d33ee6f520c3bc971dd41edf924756d9a0fcac38fa2e37afda1df6aafb,baf
BD0113.BCS,44,0,550cbfdc2812d678f354ce2f32a8bb3cf9f461e2eb16057ec03c324fb6c78d0b,baf
BD0114.BCS,422,2,b7cff33f7f02f77aecdd7625afd639c82395dd948747d80798c077a9266d7467,baf
BD011401.BCS,64,0,856665c01fb36fde695e6a653c8d84125474f87557aa7fee87b7b87b8918f414,baf
BD011402.BCS,14,0,99b12b69098a6858a142dd8c3ed53211b06c8cb14fbff18684eae9dd7f8af85d,baf
BD011403.BCS,15,0,7253a2add81b47ea889196490be58c4a50cd554cfdfb3fdd918108a321f1031c,baf
BD011404.BCS,15,0,6b9e38d6eed5e52d5d9d375b8253c1e420702cf8a65c005032c7a45bd7048fc5,baf
BD011406.BCS,36,12,f15e94a37226505e576c8edaaff023798d9de11fc607f94336d173c0209199af,baf
BD011407.BCS,15,0,b732246f54e8f9e2372813fbebbf31f43627bbcee0a19823009689e8d57c7e48,baf
BD011408.BCS,15,0,e45f591370bae956fed64839697673d2d5851324e6796185e502962370b9524c,baf
BD0115.BCS,27,0,8216ba7811baa0e24720f6e05f7b7022a852641263c67a71bb21fe9ffbd6fad6,baf
BD0116.BCS,256,9,72ad950621cc9ce881b8098d850235082e3974d7a83a2d36a29955083a80ffcb,baf
BD0117.BCS,29,1,0fdf05e5d6f39ee0e5505296b723f5fda0e70f2ae49cc0d37f6f8f47188e7f11,baf
BD0118.BCS,0,0,e3b0c44298fc1c149afbf4c8996fb92427ae41e4649b934ca495991b7852b855,baf
BD0120.BCS,7626,206,3a94553f1df90c163ab9fbfae5f1202bec095a707e9370a4b8d2f6e77afbd16d,baf
BD0121.BCS,44,0,6eeb980b1ebf195bed4e951c3e9c08e04671e959648999528f43cddac442a121,baf
BD0121OT.BCS,53,0,25da8bc3c0e9dd7e43b3cb89db80327bf5551b4c3d42a01f8d46099492c5da56,baf
BD0122.BCS,46,5,48dd3f35b7c69afe8a2179eab38eeb70fb7d0e8a2272739cd10ebfc06b3a2814,baf
BD0130.BCS,1741,32,a1f0068d4bff2309d2a1230d680e8a2114ef659a990d7dec81bcd3519b222345,baf
BD1000.BCS,934,7,9e73a7dd23089b0464485025bb05d37433c20eb80c934da1f6ee2499f6c57b0a,baf
BD1010.BCS,103,28,cb13021ead70d1d2d043366fe746d0ccf4fe0e5f2d89349d63111c9ff4701024,baf
BD1100.BCS,99,0,12112f87d51422a36f9d3e4bcf3c78e05d740b354613a5607add44152ee668bf,baf
BD1200.BCS,231,2,f4a59a5c4e181a9984bee6c3591b89829018bef004bdeb008898f4e0bee3573a,baf
BD122C1.BCS,7,0,848e59a6bdd728c9ae3b07e26cdd68714a827aa1f23a52e33e2922ed9f93eb59,baf
BD122C2.BCS,7,0,7a00bb61189039d531ab7e2c9e0ac944b77018019c5ec8e68fc5d2b4d8903c50,baf
BD122C3.BCS,7,0,8f340432e05cff617bf9f3dcfab6a7bcf439d8972329ab55c2a6231f21a6ba59,baf
BD122CC.BCS,26,0,baab9d6650f573a6b52473dbfda050bbf9b1ac184651fc0693ac60d0e27ab6a7,baf
BD122CM.BCS,28,0,dbedf4a132d4b42c19393839d39e5620d71d12a644f066571bbf22d9508b3f89,baf
BD123IAI.BCS,26,0,64d5446c3646572136bc1598f7145506f5caf66d920ace304a3db41b41c87a5e,baf
BD123LN1.BCS,0,0,e3b0c44298fc1c149afbf4c8996fb92427ae41e4649b934ca495991b7852b855,baf
BD123LN2.BCS,0,0,e3b0c44298fc1c149afbf4c8996fb92427ae41e4649b934ca495991b7852b855,baf
BD2000.BCS,1667,70,347b76c1ed0ef7ac28d3d867199061c550cef52c330387d6fd2415320d02ce01,baf
BD2000EN.BCS,214,0,8ede1bc094a1aa392ccf976c004a87738abecb4d02c732fc5a08e679e886706a,baf
BD2000WE.BCS,97,2,25f99e9f0973ab155c0bc3eb8ae70c716f650d10bd3a16389ed633f17913bbf3,baf
BD2000YM.BCS,52,6,a4ee036c58d51b57d07ad2b8936e5673404235f98e48846e4b07501894f0fa6c,baf
BD2010.BCS,0,0,e3b0c44298fc1c149afbf4c8996fb92427ae41e4649b934ca495991b7852b855,baf
BD208LNN.BCS,17,1,7aa0d93e58f3de535930aee0f9e3416cfc7713898d0a3d484222a7c3a68d8409,baf
BD208LNS.BCS,27,1,0728b284c30b7ad151665eb079fa9cedb564c0a8694e92c0f346d213382248e8,baf
BD2100.BCS,354,1,581f2c40cae29e3a16ed1c0c7fdc76319debcd454f88504efd558f854da4fee2,baf
BD2100AL.BCS,31,0,ba8ee811fe1843147955495b60b7c93087ac8566926919853ce28085b1c81387,baf
BD2100GL.BCS,68,0,8d57d4c933fca6a7823490772040a706cd550cf1e3c461cc4f116a901b7fe230,baf
BD221LT.BCS,10,0,8ae62c353ee2783e0ce00120c5826c387d4ff3214e3e89d314bfb47504d5d679,baf
BD221LT2.BCS,10,0,3b51df5bb1999a8ed4dbb2201efee1aeb50d88c147c24fca8e2f624d2d6316e5,baf
BD3000.BCS,2053,198,054911ce5363a68f159ce48bff07413f394c747ef62a80cee4209cc4fc4cad4a,baf
BD310TR1.BCS,18,0,29c9ad365f6cb23cb2bc7fd58753cb19f8b8628db3766f85b67fc467b89a8e73,baf
BD310TR2.BCS,18,0,586593dcd7c56e27e28ae3e8e45e2ad36137a0b6f23e4e9893962e789838c350,baf
BD4000.BCS,1029,86,259a54ea08ef071a6604a228eba1f7529a6b1b625b5f1d677ab03c921e14db7f,baf
BD4100.BCS,581,6,582ddea32479cb4911a0e5a20f516c207d37eb97ca2b59ea08e930c4ce8bdcaf,baf
BD4300.BCS,1520,71,f04249c377a474fcf76914d406e2c78558279305e1e30c85bcef3efea5d3aa84,baf
BD4300EN.BCS,70,0,4c951223c498c99cc1c623562f1074a3f4a9b74f3ac8fdc24a5898f3066d5d64,baf
BD4300EX.BCS,60,0,351c55d3d6e7b58908011dbb0020c3d25cbfe8897e443248cc497c3fc63f4f1b,baf
BD4400.BCS,413,2,25a389593443acedd229aee8b3531bbe0d7e7ccf26af0d9a681b989b94f73b4a,baf
BD4500.BCS,398,0,c16b01f56303425487b8646ba9fc3af0b8faa2b6e62fe731e93c8e22ca7987f6,baf
BD4600.BCS,57,0,d7ce57bda2273551c0f9d0b7fe17ca9df45ff1bdaeb9870ab203a473ac92a72c,baf
BD4601.BCS,348,9,2d1685f5e5b7b9c3b3ff09430b798f60dc3c5f6d22d10789a25a03da6c4ac6aa,baf
BD4700.BCS,111,13,7a5eca017286c43c252871069aa3e9f4d05755a71fffce2adbb6eedc4cbe329d,baf
BD5000.BCS,527,50,7b96ed26623a075248009aa99ea162d3e82202c0ce5708ecaee1de41181b5944,baf
BD5100.BCS,551,37,3147f984f7d9800aa5b0d84ee17cc5f2b9391c2588e9465143a55590e3ff0494,baf
BD5100AW.BCS,56,0,2d0f93674ddcecfc7c43db7ebb3b7447e308a2c6b473a72904891a4795abaf86,baf
BD5100BE.BCS,26,0,c5b25b61a88847ab61e30b21907fc8cb6411fbbe98c03d9ad2ad5858e6d42495,baf
BD5100DR.BCS,71,0,51dfc415e2f97a8ee32dfcff0fb7f30f20464eeace397543a9eee60e208bb329,baf
BD5100EN.BCS,60,0,1e1adb154b0f4c599bde11df70d35cc64cd890f85bcfbea03a5820e1ada8c307,baf
BD5110.BCS,39,0,b3e7d99233097b421c29d8a830e0feec71632a0d7257c601ea9262bf941d0829,baf
BD5200.BCS,104,0,a9bf7711cc626c9452406eb96d5237f5dcda83eeacdb41c11864e7fefe290dac,baf
BD5200EN.BCS,35,0,a04846d9ebf2ad2008fe08da82755aa9529ad088eca695bd905bdf77ff88a2c8,baf
BD5300.BCS,420,1,358c3e0fc308b8c3e12919e2b6ed2faefba4c0c5304150859c6878c252f34ac4,baf
BD5300KR.BCS,11,1,ae6479fb5511f203f29fc74723f59b1b7c50ba793b2ed2606d3e5a4a799aafb0,baf
BD6000.BCS,160,4,bff45e5ae582a4f03596f3f8173d3d4a716545311a6a3f39cb483805d95565ff,baf
BD6100.BCS,688,14,6f514c862c18b3b075551d6d1b101150a2c6508a61dbe0048e30bfaff55da5c3,baf
BD6200.BCS,277,0,8cfae8de3ba107e252d4de682af3b93b772a147c678614ace96e2773869c55b3,baf
BD7000.BCS,300,34,6668cca37cf727cf84921a51a4e5250d57f5c5c72c2334f1210b6eb6ed1c9ffd,baf
BD7100.BCS,751,9,09bd67e8d2a0d38e1ee5d96f6ee474d78d6a206a640974982c1be4c966da4482,baf
BD7110.BCS,0,0,e3b0c44298fc1c149afbf4c8996fb92427ae41e4649b934ca495991b7852b855,baf
BD7200.BCS,97,1,72694f8875d9695f278fa9d9d1bd8df3773d03bd2ed6f6ecd6ce0706afb6e0c5,baf
BD7210.BCS,134,13,69be8e42f57972c5ef4385d63aa1194e33cc1835a12309ce871d25561efd5494,baf
BD7220.BCS,51,1,cf4a791b7816686d6c273515ba25c9d3f9140d981163461c96517f054327e126,baf
BD7230.BCS,155,4,56533d559de7ccc5f7435d3d76e683c5aabb331425dfa98a87667f57af062cd6,baf
BD7230AM.BCS,96,0,b27a443666e10e4e985ac2be1e0ce9111403ca65b17b1dec2409d594dc15c54a,baf
BD7230IN.BCS,18,0,5298210025f792908992639b095e43d164d45b39b4ae4f1e75dddba93d269a26,baf
BD7300.BCS,242,2,a3d372b462f36b61d8257dc8bd44b78ca4f64d1bbb04ed7f57b878d6d915d71e,baf
BD7310.BCS,0,0,e3b0c44298fc1c149afbf4c8996fb92427ae41e4649b934ca495991b7852b855,baf
BD7400.BCS,139,8,860b17d2522b2f95646e43617db1614d1a9969f0a84cde8f2db0beb55deed8ab,baf
BD7410.BCS,0,0,e3b0c44298fc1c149afbf4c8996fb92427ae41e4649b934ca495991b7852b855,baf
BDABISHA.BCS,869,0,65a2b9699837aba3eccbd88825db37ded15dbb6cbf9ffc05abbd0b38a8f92af6,baf
BDADS1.BCS,90,0,a471af4fbd6e33c3c778b422cfd2559a0c44907ee1397968a56b074e5ea6d0a4,baf
BDADS2.BCS,14,0,a535ea3808c39a859be70e28441b84dc51ef00e6cceaac720648a414629025f4,baf
BDADS3.BCS,31,0,a0ddb636330809942d4121ba2c741b955befbee7ecd312e5dd6df5941e72fad2,baf
BDADS4.BCS,31,0,748fde66c7d814de8d3031c2de3ef72d927ab59851a6f13c987cdb950b5b1341,baf
BDAERIEC.BCS,4373,0,0f630d4bb9ede12f986b38de09240748ccf3565932acd9bc79773a9d107d87a5,baf
BDAHDREK.BCS,19,0,405df28e208c43610b7591c856c55c1dca5f8ad4091967287d6f3b6d70a70935,baf
BDAI0010.BCS,11,0,096cdd96fb509dbdb44f66ac9b882a360240b02c8ad7356e32f3405c2b0f3672,baf
BDAI0020.BCS,11,0,57c2ae3a8ebfc5b6cb3f1e968cbe8d15ada196fb3d0de32f5d0a308342cf9162,baf
BDAI0050.BCS,14,0,768d161cc18dbc7777b24dc10c3c8b1bc961e5cf4df12e91698a161843e1f43a,baf
BDAILEEN.BCS,17,0,b5961a5dc5f96057cc56d1578a6fffc3d1be5755470e6ffcb2feeefe2e5fa573,baf
BDAJANTC.BCS,436,0,d4f318311d63f631e6d2032480064b8911b82ab22b858424a73c87ec61b1ee8c,baf
BDAKANNA.BCS,19,0,4751db5673f7597930a727af7627802e1087ec51a2da53ecca8fde545e264f93,baf
BDALACHI.BCS,17,0,eb223c4868aeb7a0074bd0fcd30c8cf2e32d60899d4b340e1d693a1026d0aa26,baf
BDALALAI.BCS,24,0,81ab430fa55caa333368fbb924c4edd3fe14ec7091a6bba5eb08d1b481b16874,baf
BDALORAC.BCS,243,0,9f2fc5289d564ea676972da1beae2d5b413f842edac271408da44a46c2d847bc,baf
BDALYTH.BCS,129,0,6f3c7a300e2fe62f5f5512449e4f7bf802034fcee8e471f002983f7541e36f63,baf
BDAMMON.BCS,1146,0,4e00a645167fecb27576fbc6b331d4798bd7b0e50de60282660efe8ed3674f16,baf
BDANDRUS.BCS,59,0,7f6960b9f863cf4e454dace24f2a091ee91140532c36a8d753599135f7ed35cc,baf
BDANGATH.BCS,25,0,fdfe7a9bbbad0c70fc7b422d049b11befdffc90a8bb68893aaf9b95f1f34855b,baf
BDANIMAL.BCS,10,0,4d50f4ead5167cc6a72653d548d04697d4efabaa72c2898e7de35fc58c534f7a,baf
BDANIMN.BCS,41,0,de543a1d1c38d77a8c8b1ef3acb7e78eb0a4d3e9a055594dbd67534d3390b4a7,baf
BDANKH01.BCS,44,0,2044301114f9a870827896da1e510fe82b54d110ff322cf7f28ce187dbd2e976,baf
BDANOMEC.BCS,3082,0,dec414787042489e8588ca7053f1a20f06bcbac63e66d49a3c08bcd2c8ed89b4,baf
BDARBING.BCS,160,0,44802e0e37337d8818f65bf14f841ef4328b176272650de94a9674f7d8e60259,baf
BDARCH00.BCS,1080,0,c2c56f22d096b781ad0b4e9bdb2bf0ecf27449611f81e2f107dbe0a39d1fd4b5,baf
BDARCHNI.BCS,178,0,45ab5d250b33dcbc45b7921fa902d02bce7411610f888f8c7ff2ae15958f8332,baf
BDASAV01.BCS,9,0,af7db9e3f766d5c7f5351ef671cbada15179a0fbcf74790464867ac82eefb07f,baf
BDASC.BCS,156,0,2305e3f4ae0215d518a4d625b789b5feababe9cbb38bf85386ef1b7014b9e425,baf
BDASC2.BCS,170,0,d5757b4795c7b90c143251cd745af757f3f8843d8ce9ce06ce50ab7ed2e0e91e,baf
BDASC3.BCS,203,0,ed0ba59318e252a7c015920ff381db4b8ce25da4650fd1fb29941416754dc81b,baf
BDASHATI.BCS,200,0,18ad2aaf393301351381749fa48325719382793837c081f2de2a3d6b7955281b,baf
BDASHIRU.BCS,382,6,1af8d0b8ee61cb51969191556de720a246fb37db5074bef94857c968dcf60373,baf
BDASSN01.BCS,99,0,d65da13b37332519a3c4d1c7204aea41eed904c056589dd24d72f33a08b24b26,baf
BDAUN.BCS,52,0,a202383310f257aec44e273913ad173a88303e56707e04a757f4fa9ac62acd54,baf
BDAUTINN.BCS,39,0,57e54b108053ad8fd5f322329327eb73fa54a9a6078b704b8bcb62b4bdeb32b2,baf
BDAVERNU.BCS,73,0,b2b8645c2d863ed9fd84d990889199b2d805bd66de867e8435007bdb0ea747f7,baf
BDBAELOC.BCS,3009,0,10b6fe636994c9b77e6a809864a8db6fa4bc954cee3a3cad1a476ae9e997e5aa,baf
BDBAELOT.BCS,927,0,d090daa81a7841b702086e290f96c756e0e5804270a0b5fcd4f4ca928256bba9,baf
BDBALDUR.BCS,2438,5,8316bad71f809014ea1186d93bf132de9a09f2a2793a6f86802693f971d8ec59,baf
BDBAN001.BCS,36,0,f4e9ab1c9ca73f4607af96e80be049966502efffb3d339fcafc8b3e55be06b28,baf
BDBAN002.BCS,44,0,9e3f7169997f3eb59c790a0000634abb61c1c9d95e9d303803bb5fd51b82758e,baf
BDBAN003.BCS,56,0,2552d898f6ad6608fd8ab490ee8069e180e512e32c85bb890db4a93fe1316501,baf
BDBAN004.BCS,48,0,3c20916d7bbac2797f9afc8557f4d487a9dc8e3bc7e4dfcd9584251d505c1c4d,baf
BDBAN005.BCS,40,0,499700fcb24afa6840f5aab077102abefc9d9ecd8566bf5ca95e0d8aba892775,baf
BDBAN006.BCS,76,0,bac14eb86b0aa7cabd1ddd082261b16014f5179997d0fa2887db6e9587d8f879,baf
BDBAN007.BCS,28,0,aca26f456afac371e5b126d9e806f4f210974f07cee14f5b661c0c4c38f777ea,baf
BDBAN008.BCS,44,0,8d61e3ac5b03a1e79e990bcbdc8018e02d4e973495d264e50dfa7817363e884e,baf
BDBAN009.BCS,52,0,95031a997763b845b527f610d7c0ff0c83ab435ab78eb3b7374239cd7397b4cf,baf
BDBAN010.BCS,32,0,d1981ece7a7d6953737e4720be2ba1d1aa7545402c835b4f3e31816016b14113,baf
BDBAN011.BCS,40,0,4fa67fbf908a6f8dd6e12f6996f75c26818f209f522ea12645c468f30fdbef54,baf
BDBAN012.BCS,44,0,0de42cc5aaa1b90a91de30f123e57c41819c3a4136cce5a86f0c30e5c4be8034,baf
BDBAN013.BCS,40,0,ea258d02d635e4ba750dfd7138ec7ed1c9195434681f9223a80b83c536b7bea1,baf
BDBAN014.BCS,55,0,48426a5cbc03dc1206a92b5345c383c0699b32ece3473394f0c457e596a070bd,baf
BDBAN015.BCS,36,0,c32f8d7adfe6b5117767b29d6e630aa53dc352166c3f02478d2a8b26ff6c5de9,baf
BDBAN016.BCS,50,0,12a55618aadf803f398baa89b6c5b6fd3ad34daedf0930159c4bf57a8bd15152,baf
BDBAN017.BCS,52,0,27137810f6303378fe56ad7049a494628f576cc792da8f2c1bbf2925dc36d570,baf
BDBAN018.BCS,50,0,8d355dd2bdcf1a82f5718d1346f0bdc51c5ac12223b2d365bd5b957009618d0c,baf
BDBAN019.BCS,36,0,79a6a125d7f9683eb7381afc708813b02f27d0d240467273d3bec04ccdaa51d1,baf
BDBAN020.BCS,28,0,c4296f1bde03d6beabab3ed9ea0ab2355c04cdde98c69f37a4bce00e4ae1647d,baf
BDBAN021.BCS,40,0,620ff7c8a8c043f70823ec81cf6d8d2d05c00afdcf847bfeb6e56ae423bc134c,baf
BDBAN022.BCS,40,0,1f9a87c95a0670ff1051aab09aa7fb7766a1a7ff6caa8a8b21d4ba12985edffa,baf
BDBAN023.BCS,40,0,5a5c0482fc45c05c62aba59cbfce16170220b2849f831320f272ca61a4324846,baf
BDBAN024.BCS,47,0,f65befb462e984d765151c53966baa9133455419310adc6f9e5101e5a45a40f6,baf
BDBAN025.BCS,36,0,3c2ffab3eb790fced37717d4b0ac915c79cd3e0dec2d924eabe5144f6964e990,baf
BDBAN026.BCS,28,0,9e36f17983d894ab06a4686e10ef54db88216990e7c462a51c83fb9e8953267c,baf
BDBAN027.BCS,40,0,49cf101966f063a02222066d47f43798a0a8c7d35872f90afdf4aa23d98770af,baf
BDBAN028.BCS,32,0,c58cebc36305c4a0efd047f2519474c513a0d2fcea8184c4405d94ffdaad8dab,baf
BDBAN029.BCS,40,0,f0aeddf03c51fd7e5a9e22c904c08ab34446f441557bec594725c783c07ab2ad,baf
BDBAN030.BCS,40,0,1065e34027cfc7784d0ade24777e1831bd6d0bc0ad6a16b12defa0a76b834488,baf
BDBAN032.BCS,40,0,2a4cfa04ce40406cdf78b9fd1caa8500de62f441f83e95d61ece844a445f937e,baf
BDBAN033.BCS,56,0,c4dd60031f4a2cedc65d6066f803776647a45d74642f3c59176995203de0e552,baf
BDBAN034.BCS,44,0,26f12d58516e630687eb097e08e9c1bf51305a8fe0bfc214059b5238ecf399c3,baf
BDBAN036.BCS,36,0,f2f17d8b5deedebb1e823bb68e94e13e19e9e76b36249661ec4174fcc5ece008,baf
BDBAN037.BCS,110,0,1cadcadc82c283592358d5c2620584771831b5b453b2b8c97c564f7fe68bc2f5,baf
BDBAN038.BCS,50,0,c9c8f09efe2322b24b8285f77506a9a7c26366cd77f4e48185266017d2b9b189,baf
BDBAN039.BCS,74,0,42c1e2b3627f938edf046239f55cac21af428fc48e11289eb13a69017ec58406,baf
BDBAN040.BCS,36,0,7379f4fc3ade895ce7d770ccde0b14a76f5c8b9911e582239b77d2402b7b8d67,baf
BDBAN041.BCS,36,0,f2197ef649551469663688672c1d4143a7269ce93929f7537848c542b572f76b,baf
BDBAN042.BCS,24,0,1d34308e682c1f6f3a35e2a2cfe369a9ea5c056e6cfeb281f5538ddb7e115ec6,baf
BDBAN043.BCS,36,0,475b7b05279864c8bcad2710f67f7bdd7e42ea4ec51b7693f7a6657c56895616,baf
BDBAN044.BCS,50,0,f526771c5e43efe3c06307b4f58b37e1279cad9151bf32da594157255dbd18e0,baf
BDBAN045.BCS,58,0,6718c267093d373c9db19b2dab022936fa97994496e1e9b3043e20bbd51b9edb,baf
BDBAN046.BCS,48,0,c55a4ec71644556b822ddcc3d3299d265dceb23e26df31e490ab5bb111170d95,baf
BDBAN047.BCS,62,0,3e29a2edc98f39dfb851be6ef0553f4fae6409ba70d88a2db7e14ab0f2b7e07d,baf
BDBAN048.BCS,44,0,2189944908c6bac7c8406509cbdd3a2ff9881e3df083a476b31e408e7970b3b8,baf
BDBAN049.BCS,32,0,cb4d55697ac988467ad8ab6de33e882fac8e1ad8114d8dfe329c63394be3c6cc,baf
BDBAN050.BCS,58,0,ba371903bb623decd31fbab97ba4f522fa5d64a15fc97ea4fd9bc9f0e96eb0c8,baf
BDBAN051.BCS,44,0,542e2b60ce0048901f34f609ae90e5bd5af74a766033e8480ff5b285e4db95fc,baf
BDBAN052.BCS,32,0,dc510e18bdde4bec0e8922700ca5c19e59b080c54e8d8315e231ed9fa678a6fc,baf
BDBAN053.BCS,44,0,3898996035dcacff388d56a8924602f0ce6a95ad857c78a806108b561dff6c74,baf
BDBAN054.BCS,62,0,fcba5fd5ae93a7860fea4636f9d3d0080733dd0e8bc3d429d74aff9eb21fec0f,baf
BDBAN055.BCS,32,0,19f057a9786cfbabc2043e9ab84c9e1855b563f17a27200fafa618e28c59cbc4,baf
BDBAN056.BCS,76,0,7a9e4bb43b8574a17b4e9bc7bf6d0c71cb6a8c6e581ff455535a5b1ffc962ad5,baf
BDBAN057.BCS,28,0,6c49e3949d413405b825994766d4012b5ba8796211795bba2f5a2f04463f7cc2,baf
BDBAN058.BCS,36,0,604c296891d3f7a7bda01f04c00a147231f9a9d46e6526d8a22d29be301c30e0,baf
BDBAN059.BCS,58,0,ad85dfae9efd9ef0034e149a858979189a2aad3b56ca1bbeacca446ee9cbd5a7,baf
BDBAN060.BCS,44,0,0ab920ea55bb2aa9337c4a693461a38ef9e31e6cb9c422f5d849538f58c88336,baf
BDBAN061.BCS,40,0,aa1d9f1a96ee66c7fd5400382e5b6657d45c685ec08bb38f82296eb096a36585,baf
BDBAN062.BCS,36,0,b3fc0dff27f36e27a1d62ebdb62da9ad882269da0b0a577ce30bf543693c957d,baf
BDBAN063.BCS,24,0,ae0af4c662c159b5633d08a437c5a2a4c23670dadd506b6b5fefb01aae6a79a4,baf
BDBAN064.BCS,54,0,8780a8ad8973d36afe7a228bd619a7f67a154191d2de791614ec73fb6165e18d,baf
BDBAN065.BCS,36,0,7d10d5bd866226e1cd3483dc6eddb40729e96a3f3007fa0d416195c4bf4b1a56,baf
BDBAN066.BCS,40,0,a317b5ca4c29932d01e9f1fdb990153dbad545c66eaaabe1f91cfd06a207e82d,baf
BDBAN067.BCS,36,0,c5ab272bb1e2a44efae33e0378f89ee9985ec46354d43eb84bf4dda91aff65dd,baf
BDBAN068.BCS,44,0,a5fdf4047b3d5bb02fa8cecf90e6b0928e9a1463a5138d486f8a8a2c4c64afce,baf
BDBAN069.BCS,48,0,674c9ad581df1cc90c11d18d732f5ac157a6482de19e11fb1212d3dd168aa510,baf
BDBAN070.BCS,28,0,d1a821c85c63357b23cf48ca4db817a87750bec806156c54e5820bc45ab5da3e,baf
BDBAN071.BCS,36,0,0449875bf6ec8a0b9689c7f905135c82a77c401a0341f3dbabbf8fccbaa0e93e,baf
BDBAN072.BCS,40,0,77bc181a45229028242df0f18738205d301d7c9b16f7d29f793655467d887854,baf
BDBAN074.BCS,40,0,8742a95f0f0b63c0ec574fb4bb60d580a3d2d43718bd90c8d39d74771ebbf9a2,baf
BDBAN076.BCS,44,0,55674b1992f2de0b8b67b86cedae414ddecb9b9d3290cf524df7e94456effad7,baf
BDBAN077.BCS,44,0,2e29236126dc8c89e173422e90ac2571b449646bda5be5fa1188e87339033dbf,baf
BDBAN078.BCS,28,0,798f2a934b53b82982099352d3d79a79696d9c45727679a751aa3d6e1f12c96f,baf
BDBAN079.BCS,64,0,f2e249b8a3598a2c9c1839ee0d7f1dfd6963b62b15685d526a78b843656d121f,baf
BDBAN081.BCS,24,0,81fe8ed25f14acb84a2ae0399ae160f394a74ebc606d541dcdb918432890cef8,baf
BDBAN082.BCS,76,0,2e937a0f6fc88d388500d7778a48a300b2ffa207405fcc25e6e7176d6cd97e93,baf
BDBAN083.BCS,40,0,9c7c63b6a460301a2e6ad02a01e304a0965339613d87cde013df7c5bf77ba7bd,baf
BDBAN084.BCS,50,0,db4cf4fa328d976ed2b32a4197eae1b2db4d25d5cdcfdf6d828a9703ea6045bd,baf
BDBAN085.BCS,58,0,af605c123979d847fcaa19a972714473083816a7057ad00aec4cff3f18891d57,baf
BDBAN086.BCS,40,0,fa5b8839be422c60fa215006697a7acb1cefd8b949b474192e05da322adecee8,baf
BDBAN087.BCS,28,0,59f57201fa42f687e71da41174288be643e5f24c2436caecee5b4677b3a2939c,baf
BDBAN088.BCS,36,0,e4c6a47a9ce50fce4cc114cdd53bf446ec5eaf5776ae55c1f7e006405d2f0579,baf
BDBAN089.BCS,40,0,8fefad253a001b3d7d8b175f4e876c2b7ec1e0b8317657a4210e2502c90b6061,baf
BDBAN090.BCS,44,0,07750a524bce667c9dfe32da4937933f375aa52ebf82b96c573eb4a4a07b85bf,baf
BDBAN092.BCS,72,0,c8fe8f18ea99ebe0942c34a6d1cd020cb535c2bf86208e4ecaf20c6d4f9f0988,baf
BDBAN093.BCS,48,0,66b141ce2c5809265e2989a36b7e435d09c6c99d8b16a650d70392bef444b3a8,baf
BDBAN094.BCS,48,0,99598d468a3ad025fb60ea67d35b48f202aace59b96b716d7de6ffee76073a2c,baf
BDBAN095.BCS,81,0,ffcd3546ace620df8a780798312a63eb9359ee04cc59d612a2a67b8ca6d4b659,baf
BDBAN096.BCS,62,0,3cde08d8c8783534062613e5bfdd7f1b2f77e492b24c0d7f7820edfb3d32688f,baf
BDBAN098.BCS,36,0,318ad5b94605e397e626487342f2dbac2d145f07f32c169cd5da0003d2187438,baf
BDBAN099.BCS,24,0,dc65a57b8a49190cdd7a37ddff4e3f7ee12490c7fc2e5f0abcff95deb5677c2d,baf
BDBAN100.BCS,36,0,e0c2b4aa014b058249308c57745ab28c54b947faaddfd0f02610313963f4a563,baf
BDBAN101.BCS,66,0,b51285954e3fa0552d06ad351d90d62247f501365f3cc2d75ac141df74ea7b57,baf
BDBAN102.BCS,44,0,9348f149a38ca059da987210a3ae81c1fe13c281cacf76a82066f26f9726f9cd,baf
BDBAN103.BCS,72,0,b953853104b1ba2f2ee4b711c27217ed2dfee1d72993637d6b8fcecd2c9bf302,baf
BDBAN104.BCS,48,0,2dd0d0319eaba2cdba8acd2f7df9c3ffabb50e2aaafe45f54a3b1fcd37bc6ceb,baf
BDBAN105.BCS,52,0,d305b6c786d7f9a8366413a4e2450490656fcb814350ce37e7754adf6ea1682b,baf
BDBAN106.BCS,44,0,80bdffb9ce06a3b2a8b19fe4a1c99f7c26c07a747f3b97c66fc9a3d126d9bf32,baf
BDBANSH.BCS,9,0,1771fb3b18d4ee22474f91dd22f7ee8acce7bc557e53c67b1807cd6320ed6ad5,baf
BDBARD01.BCS,2718,0,c272f72156bbb427fcbd85875b6e387afce29426214157019ac5461a8b78583f,baf
BDBARD20.BCS,590,0,4cfe91e8ee0238490d95862af75531c4f42ef6209bdc2cc7a9658487b8d4f88a,baf
BDBARGHE.BCS,108,0,041bbf38ea4ed2412bcf467f4d31dc35a6201cbde71d5971fde1081f79ff983b,baf
BDBARK01.BCS,44,0,5fc9cd29af4ac3f3e53067ccdb6fb9bfb42100e73328d720568b475f8b60d45b,baf
BDBARRAC.BCS,39,0,6ea0d4008daffd73ac20d88d5b20a03e8003b9a923da15ba96eadbc82f1e785a,baf
BDBART01.BCS,54,0,b63ff1085af71fd64ffb1f42600deca46c1aa37807a1540c719b7321a1e1f1b6,baf
BDBARTLE.BCS,78,0,be614abe29991170206eff7f48663d5cd1e3ca89a1ad754c7f0a4e56ed4c2253,baf
BDBATOUT.BCS,8,0,f2e542a1328668c7825ff4d42773704282adf9bdcc1754630041e9072fdbc021,baf
BDBATTUK.BCS,70,0,27af3d8a4052e6c44ed5af06038a986eaf8b2b319dc4eb3a1d79f7e4903c3b27,baf
BDBBCLD.BCS,15,0,4ac1b80feb31e1a2b9713d13ee1372c5ac33b95e5de4ead0b1b58103b4e018c5,baf
BDBCOAL.BCS,43,0,9ade25926b93eb27cf6390d653a71e7be7f435caf95f2ff111192211af04d5e3,baf
BDBCRW.BCS,197,1,168d6f7ed7ff5ad511856c7a1e1e2a07d8f3800ab4bd34c01e82d8309ac89d88,baf
BDBDOG.BCS,83,0,6918feb1b9c9438a6adaaa3d3ae8f5ed48356adc3b3b4c9374ba022d02123f98,baf
BDBDOGCA.BCS,37,0,9fb975a0cc944e8cb0b2df3ef9fbb3b670612562cfe2b7a688939b50c1664e75,baf
BDBEETBM.BCS,89,0,ae25c9bc6e1d1efc6d02f9d51ce5f0f2063eb30decc827e83f9d92b9d84b5d76,baf
BDBEETBR.BCS,67,0,18ba6c14016c04db1ece0d6e7c226c8ea5f7cf59857d28694659ea30855a9a6b,baf
BDBEETFI.BCS,42,0,d190a83503df365929183abbb6d753d1f12fdbae293e83b450ef039ac86d7f80,baf
BDBEETRH.BCS,134,0,8c8118a9d0c8318efb41ea115b1a4a3bb050e3517942754518374be37bbd4673,baf
BDBELBEN.BCS,63,0,def381064fa1436bef39ce521983eba98fece6fa624909acbdaeafec5ee8ed54,baf
BDBELEGA.BCS,26,0,d9c74141cb7e6dca12b46436de3129e5d7c539031eee34ac0fd7434f914a60cb,baf
BDBELHIF.BCS,1619,0,cbaea9dc6e389b66c450efd70337563c9bfa982202563aa32136cc7576b6c625,baf
BDBELLAD.BCS,33,0,823258840c2a24424977296cb6419460115359d4d9b168f5863a6a31791d71f2,baf
BDBELLOW.BCS,21,0,fa023ad10205e7363f06e369f1f27fc9a45c5904bb3db8bd6b562683837b3e04,baf
BDBENCE.BCS,162,0,49fe7181c6c793a4721a9b16abeb90e8d8fde1bfaed6d1bd7a5ac41a78f8bcbf,baf
BDBERAHL.BCS,38,0,cfee6223fe666764f84d55639c1a04b9e4de2baa1dceb7a470bf52ec74e67743,baf
BDBERTA.BCS,84,0,658375991716a2cf1f26db487b317793e476500bfa920362cdc94a51974aed4c,baf
BDBERTOR.BCS,52,0,10de01a121d29e66316d0e7e4ffa3bb75c11c6e39c08fe88f734babb99207adb,baf
BDBF1.BCS,25,0,85a8be096407b0b3f56aa911bfa394e7bcdbf69b45e5b08bd2719962330f4f56,baf
BDBFORT4.BCS,31,0,a58e8356e246545d6d3a49f46f2f112670d65214b8f4311f731575b0624e971d,baf
BDBFTELE.BCS,75,0,36fb376cde9b03ca80ed1655be2b0452253ea5cb542094d7b28453b0c56368d2,baf
BDBGUARD.BCS,13,0,c20fe7fdc93bf670ef130e2db07deb6768b9452ede4c943575081bc903774279,baf
BDBJARN.BCS,8,0,7c6b4f0cbc2ea938a5320bc9d6c39f6d4ac6a1171be743827355e032c1316287,baf
BDBOARB.BCS,32,1,c6a2d5eafbd566908f292f3b98e62b8c7df49e44da0aa7eb20d6ba7d1e2111cf,baf
BDBOARB2.BCS,361,45,3cd03a6260297a827c0411bed307cadc896cbc17938a8ac3212a91cf4df16d20,baf
BDBONEFI.BCS,655,0,d776a809e3b1eac1df33c5b6d723273eaecc31c96c885f4ba16f446c9ce009e2,baf
BDBOX.BCS,8,0,8cb63e9a7699bcc4588f1acfd7cb65763bf51944e4b953551904e7059f3ff63c,baf
BDBRANCH.BCS,14,4,c7a82775c54d12026ba47037347a0446099fb30a257ed242f4ebcfab98a78167,baf
BDBRANWC.BCS,3050,0,26ddba706a412b099f428f1d0ed0d453e4b96dfbcb73809fe0a4a6f367c92725,baf
BDBRIDGE.BCS,8,0,94f8b115e16e173641cc547d385874c6b61b905ff14f69ad5f65368e65cc47f4,baf
BDBRIELL.BCS,48,0,5f5388755945f13616dd630fee212cb79afcaedaa3f5c18c5672f22706e24de0,baf
BDBSENT1.BCS,105,0,02f517e21f6ab411c497d1f768e7e7264561dafcc6615f37ef887cd1d4a0ab3d,baf
BDBTEAM1.BCS,59,2,5a7618019a54dd236a55d5df413b4b912f42bc826adc0319e6607273e21450b9,baf
BDBTEAM2.BCS,59,2,44e9022e0520070b5d25a606e833fd07a9747ac9c7b273ecee54438848f506eb,baf
BDBTEAM3.BCS,59,2,e3a7a3edace4cfc46097845ac1f1364f63bee52e79ef156e3a460a24f9043c54,baf
BDBTEAM4.BCS,59,2,608f348aea2f4f5545f3bfbad310533398190be2909b28a09cb4785056807c4f,baf
BDBTEAM5.BCS,51,3,83bfc3762a595fc0e68241e8176f768518902e562ac9308be225082b91e307d0,baf
BDBTEAM6.BCS,55,3,92925dd25115c0284e50c3ee1e6c79bf41fe7f67284d395c8690f4bc3590f26e,baf
BDBUFF.BCS,7,0,7aea74dd58dcfee9b0cc7aa617056020fd6f340d59cbb858fe79e3499c069726,baf
BDBWAVE.BCS,50,0,e1a012ff85da5f2d61b351b8448ab79cfe23541188ec966bf5949bd4bf76e266,baf
BDBYZON.BCS,18,0,013d2c4357730b57860bb7d7502be88a9279c093453613b6a88e992909110773,baf
BDC116D.BCS,163,0,b8ce958df47717ce1087cbce2c87b30e61ac89a95250e576e60ccafbfbf23aae,baf
BDC123A.BCS,23,1,2e06f2fb64e6ac2ad5acf3be707f14bd06a293bb5f59f13c11c12a6b0cbe6c87,baf
BDC205AA.BCS,30,2,f3f4bd60d1d24955d2c1644e2d789317696a18af748288f06cb7a191fb758690,baf
BDC205AB.BCS,33,2,3eca659ba3b8f7f93b7a6ec04e3df7d0331d8cac2bc2dfe4e7af117acb15d288,baf
BDC205AC.BCS,22,2,4d639c54fa0bbef56ceafbd0bb51fdf9bce242fb930d6ae2e06acc8878893aee,baf
BDC205AD.BCS,17,0,b40c3c246be9760c15aa4635a2ea05a7be5499ae1d0ab883be5cab8ed3bdfc96,baf
BDC205AE.BCS,20,0,34659972b173d8e81a05edacbabc722ad60c3140d27aec8a5bb7e4f837b81019,baf
BDC205BA.BCS,19,1,44d26712351d5ad0b7c1c07f5c9343eca8284e85575b6a7ee5854fdef14e19a6,baf
BDC205BB.BCS,23,1,f8d990d810b621c48970632140b0787786242a6a55f0001e71f20076aaac5c2e,baf
BDC205BC.BCS,16,1,13b7e874f09a14ca91f16469d093fbd8c24ad2f53f06d1a6bfed9ece7d164997,baf
BDC205BD.BCS,13,0,4edbd479b496b2e645e520955fc3c921648fad7579fc543025e407f398a461c3,baf
BDC205BE.BCS,17,0,b5015dcc113f9fecf24933fdaa0ae59be3506ad65edd28a1c5aa4750dca1eb25,baf
BDC205CA.BCS,17,1,42b9ed966f96c1efc2a8c6ae8d32bb154e4dd632a113f9f00291b50af6376d4c,baf
BDC205CB.BCS,14,1,98e3a1970cbfb27241cdaad0740077f1cc117943e5f1c877b229c0fd4255d26e,baf
BDC205CC.BCS,14,0,e91743c1fd9291006a599a2bb3315115ee7c5b01bbd40f064e59657d7d6c1170,baf
BDC205DA.BCS,18,1,94e5d53de4e07cec11117667ce8aeb2ab5bfd99eec710dbbdbeac2ced25f9b7c,baf
BDC205DB.BCS,18,1,b729090a3ab76151ec4c5c6684eab950c72ce9fb1f85fa14ecd0cdca235e5515,baf
BDC205DC.BCS,18,0,2cbd4d10721d718a775d6a0069b0cd3fc63fd1eadaaf9df02538e0d28260add4,baf
BDC205R.BCS,11,1,78a870cb4b99e9e1ec72e301bf55ba4ec5c9728b5805558271296bb66fca079c,baf
BDC208A.BCS,15,1,4ed1d4e857eea8f9544e9ed6e8c8f4221ebaaf8a6b8a2d96150a36e02045b8c7,baf
BDC515DC.BCS,14,0,a0f0205e6c13f6a1509bc4cb95c8638cb2a57d06122d89f3ea8728a0a9cf3255,baf
BDCACHE.BCS,16,0,bf9d26b3ca95e136abb9810c8ae8ff06b351d1317c3f0ea75e32d12fc10e66f9,baf
BDCAELAC.BCS,1199,0,8e7d31627b48ac68943f8f4af632b2a64101614fceb460d3fed8be9ef338e02f,baf
BDCAELAR.BCS,103,0,4508b4b8a9c8bad2a92b561a1c1115b77f508099c9295a52a69b58b076b16df7,baf
BDCAGE.BCS,10,0,a198fd4e5dc509cf3ca08a27516ac154727ab9621697d1b90c5e977b68110094,baf
BDCAMPBE.BCS,0,0,e3b0c44298fc1c149afbf4c8996fb92427ae41e4649b934ca495991b7852b855,baf
BDCAPER.BCS,48,0,87f8195f465dd11dd7bd1485d51e821d5047837afdf18927de067a5fe87f649f,baf
BDCARLIN.BCS,9,0,9fed6908073ef4c2f860d02de940dfde066f7af0f3f947b82ce82a8fe40f7863,baf
BDCAVA01.BCS,296,0,d810fa33f34423dc3926e6cfb56e5ed7f3064c0c38624c980497470d42460ae1,baf
BDCCRAWL.BCS,155,0,5a1ed4e2e620297802f9b28799b8ccb81d3843a6e8734cc22c6e612d7a3c64be,baf
BDCERNDC.BCS,1157,0,005bac51279013ae917a58abb2dfd72054ae5e603bf62912d3c49314a932507a,baf
BDCHAINS.BCS,68,0,7a51df67b0dc445f8174ae3f557ba130916136f305a2ce5074a438a353e09f85,baf
BDCHALL.BCS,10,0,7c7b6b90b52f879d0a18c1626579dc560fcb1a2bafd598a78f68ad3ac6463278,baf
BDCHALME.BCS,28,0,eb2fff22cd258f8facb2117b81a81c865472cfb6d509c77a1f6e1afa661b9a04,baf
BDCHESKI.BCS,150,0,1f8362513bacf386746e42a661d430ab9822ab9ba4e1dc60affa1b2f52312836,baf
BDCHIC.BCS,48,0,bc7d1e81817ed730f9f6b19aa726f3e208e2af3a0dbdf9f281754f5f86e6cc86,baf
BDCHILD.BCS,75,0,1753e0a1d2e9e4c6fa0420592463cb1b1844611534840f326e2b1834d53b1062,baf
BDCHSPWN.BCS,10,0,c432d51880e60fb6516add1c6a60bc66987eeb60b82b09531e5dbbd2b1b66d1e,baf
BDCLER01.BCS,1697,0,cdf5f481d641c099ecfb510005d8cc46b1cae642fea5a263efde25471c639ab1,baf
BDCLER20.BCS,660,0,03c3842bd47f69a102b046bdd96f1120cdb99e57ddbb37948322fc971789ec26,baf
BDCLER21.BCS,599,0,e586877ffc689e7e29c20243075310c74315ee25bbb1dc7aba4734e340c86521,baf
BDCLER22.BCS,570,0,c8b3184090f4b11144cfe5a0b918ed050ad36b6f140f7c7cbdd53f77978fd47d,baf
BDCLER23.BCS,684,0,46d04854a7782dcd0f5a95599c23aafebc76ee8dfc56e516f0ffa45a7daf597f,baf
BDCLER24.BCS,403,0,2190c52f7be50b6ba3c8fef0c7783df9cc840b29353827566634a54c2e6d8f36,baf
BDCLER25.BCS,684,0,46d04854a7782dcd0f5a95599c23aafebc76ee8dfc56e516f0ffa45a7daf597f,baf
BDCLER26.BCS,489,0,1bdefcba22e8b0085f1eb4cbf26c5ca1627de2ed395ebd2675c1a9b7e1380b23,baf
BDCLER27.BCS,577,0,5d376cfc602aaf1a84fb8867d32960b64936afe7e42464fea8722a94bb46ab3f,baf
BDCLER28.BCS,486,0,c7c2155f80ed4cda967d90d25ec5896f8d573558c9b3413dfeb0721a18e9641d,baf
BDCLER29.BCS,402,0,e21b9a38535dc92318114a5c4376168e31b3c4a86bab1038b520acd74b9cf6d4,baf
BDCLER30.BCS,396,0,a0c50a185a74899492eae3065c4de505139855b05adc5c717bb75a4857e229f3,baf
BDCLER31.BCS,521,0,ab6de7e483b778067e7fb273bd920edae0b6d722889dc630b2f8e4198fdd43da,baf
BDCLER32.BCS,440,0,cd89a2a9bacc4ad643787b50894fc67a4ee41a02ca860c07854d2f29cd7a8090,baf
BDCLER33.BCS,397,0,1fd791bf5387bb838df24749955dc9a123e9df5094552ad2c699f62736e9d149,baf
BDCLER34.BCS,586,0,f2b19377cd71d3f247c904733f1857840bcbf446b62136f609992568e7c63b4b,baf
BDCLER35.BCS,410,0,1349a0ca89f42d1008d20c99340f109d31f6772eda51622647b39fbb505654fa,baf
BDCLER36.BCS,613,0,9f5e99ea1ff35ae8498883249739f3fea4119e30b90b147c4fd5a01460ff519f,baf
BDCLER37.BCS,673,0,df5d071c866a06d6671130932d31b5062c1023272443ceb30596089a6ce6bf84,baf
BDCLER38.BCS,756,0,f2f7ba7fbcd48b97ad7ce4bc2d9d8b942c44c5d9206e6e9600385ca849027d19,baf
BDCLER39.BCS,688,0,8a1993dcd05f1cf2ed165d82c185b63d96ce16c97990dddeeada81baab5dd023,baf
BDCLER40.BCS,460,0,9fc4dc06ffa56a10d1f2cb93c65cd552698e5c71b527152348f44a031b112905,baf
BDCLMA01.BCS,3775,0,5910de3386e7dd51d2f5b2f1118981c97b5b8c7096e559a7327238795f66c9ab,baf
BDCLMA20.BCS,1297,0,edef7d760314df0bcef5a259fecd0f2623870918ada78dece78579c707cf3541,baf
BDCLMA21.BCS,181,0,862217fcd9cb2ab9d665fd8d5582bb1f58c8e7d2ecfb0529d6f450451fbc8a89,baf
BDCLMA22.BCS,1342,0,e4e75497bf524afb25cea3dde60121364ad2c38662300b22ce1934b410162c62,baf
BDCLOVIS.BCS,32,0,59790eed15c73b67a54b25eb3f1ae16c1cddf5c13f87295527564b96437b2a46,baf
BDCLTH01.BCS,1731,0,b5dcdd35d027414005938c4b130312c12abd8c1db08a9ca219d76af700cebf5e,baf
BDCOAL50.BCS,7,0,6fe0272401943287c1b197c9ff8a3c79eecd5bcc5b9ad3a7834fe66d47aabf27,baf
BDCOASEN.BCS,28,0,61137532f21bda6985b932536478c705d730b38a9d80a389ac17753dec66f35f,baf
BDCOF01.BCS,135,0,3f196df394578f6c9ea3c6962bfdab8e0a55d8c6b2b98f3a3ac336014f214943,baf
BDCOF02.BCS,8,0,96af578c0af502a768946c1587c7953c93a085ba0688b719067b3a391837fe84,baf
BDCOM001.BCS,46,0,da2433a13afe3922fce500a6f5abe9e0618a7534be4ac24c406dac57d72704e7,baf
BDCOM002.BCS,46,0,13fea38e0cb98a063a2af2c8a3d9a5ccedeeb2c8648f665b06479530e0e7f1f8,baf
BDCOM003.BCS,46,0,502e71416f0768c28b0f990809e1d9ed2576822d469f2a85e60d4b862549003e,baf
BDCOM004.BCS,60,0,999c6b275495d96917fd336c1ed7c7095214bd64cb1d3c76ca402e2a5de02bb5,baf
BDCOM005.BCS,60,0,a098f4d32a7c7722e919cc210a0515f8a519e919d4af2050c2f20179ff29a01e,baf
BDCOM006.BCS,23,0,8aec7d8e552e2a51e8d02ffa550ebfc8179619255e6eedcec0017601a34094de,baf
BDCOM007.BCS,23,0,c90abfbe046a8304fae78820bc397e2742cedcd2548a2409081a1adc7bd30cec,baf
BDCOM008.BCS,46,0,6a442b2f312000b34ede59667475a26e9bfc7bc3222c195d4c77eb58d7d2135f,baf
BDCOM009.BCS,23,0,101942f7b1476a4c1d1b9f8b5fd4403439fcf0afc7249b0fb632b2d7dee238df,baf
BDCOM010.BCS,46,0,e7dd7e197095db3ba722742e03c2b3197e5faae00e90bd890d672a315178b8bc,baf
BDCOM011.BCS,46,0,e0c8ce6a01ae99cb9a0234026ed5893f35b7746b9878c31a4d399f492f4b2bee,baf
BDCOM012.BCS,46,0,c680e49d88ee1bff3a59a5a56210c7b72b202a696c3e794dd7f4eeecd72c374a,baf
BDCOM013.BCS,46,0,8aca983b7ade5f00f605d129d3755560db0eff3adef6ef2694fcdec36d16da77,baf
BDCOM014.BCS,60,0,6b8ac466592cb3dad718a8b53f8b4080eb571a647a3e9fec39d7c5de1ed79ff9,baf
BDCOM015.BCS,46,0,304ef0202b18dd0fe30f5d802130a59941e5a06c9fc89f2fcd0a6b0ab843cdb5,baf
BDCOM016.BCS,23,0,4b93935f35d15d27d6e1f4e1123195e26da0f4242155948a16aa90d7c4facae5,baf
BDCOM017.BCS,23,0,22c5a721bc62838bda173316bb24e2c8fe7e967ba570ece0f6444ebd85bef89f,baf
BDCOM018.BCS,60,0,310533aff025465ff10238e824254e49e0a8a6790b5be658e82674f71d7f9450,baf
BDCOM019.BCS,60,0,a52b5bdcbf18b8c69d94ecd820520d353314c900746697c67976f401a08f2551,baf
BDCOM020.BCS,23,0,f14fcbc73abb9033182eb5762fc1ea52d8440c4e1226dc1d4a218dcfbecba9ab,baf
BDCOM021.BCS,60,0,0e7ccbc395b87ec9795fa793e9cd6b8d271fe1c30c8e9edf7211afb699510074,baf
BDCOM022.BCS,46,0,612e655c0efa0f32255bfa056f37ab432d2553ef255166506dc92b6eac052c54,baf
BDCOM023.BCS,60,0,a44127094d607a0fa53be2ca0338e71c26740db5f29ad16f859286df21050dad,baf
BDCOM024.BCS,46,0,f2c680cff0974257f569a3664407f898a61ed21ed45a1a2730d03684784ca11c,baf
BDCOM025.BCS,23,0,850e88bc79efaa7580d0b5ee81dd5e5b518e437a2ad25f0b4a4c57e099cfb339,baf
BDCOM026.BCS,46,0,0a548dd35fb693fc851111156a8036cd9ba825d6ae9ca8d144d10b2e3b0b0ae2,baf
BDCOM027.BCS,23,0,6708bee31c9fa50e6af794532cfc1879e7af75f462aa4b92a24c0a7488a8edeb,baf
BDCOM028.BCS,23,0,56b66b7da7ff7bb14628417461f0f98f4ba20b82162060e0a8ea97c2f7b6394f,baf
BDCOM029.BCS,60,0,7a1d60eb4920d84f264b3abc7216f85d2a87cde77d3a7ec8a6131e34c08c6852,baf
BDCOM030.BCS,23,0,f796f3cfe27052862245d6cee739e3f1a7fe656d7f8ecf43463bbc048ac66bcc,baf
BDCOOK.BCS,82,0,6a2a61b15f8c117cb66fc8de97c6aec00abf5d66aa35576413c684165fb5ed66,baf
BDCOOK01.BCS,78,0,26822c71765e3d3e76a54098d9630612ef22cbabfface7433b47f1564fb3a0c2,baf
BDCORAN.BCS,10,0,990497c54bd480dd7eaeaba7451725220f49f43b24fdc195e792dd2e5ac208b2,baf
BDCORANC.BCS,243,0,9f2fc5289d564ea676972da1beae2d5b413f842edac271408da44a46c2d847bc,baf
BDCORPSE.BCS,7,0,92802711e56bb252669c554717c7772e16f24c753129019141ae115928137f61,baf
BDCORWIC.BCS,392,0,a3b61a49da9c3dae162f3fd37a43a8b2667bb309bd5eacb19605ede17b3f3a98,baf
BDCORWIN.BCS,734,0,9871ca77bb43362e01ef35877099eb1a2f919f89e027508c208072d8f4bcae24,baf
BDCRALRT.BCS,26,0,6a2579be0863f95c0967d46de8704488452405f1507206fcc107f193a9bc8826,baf
BDCROMMU.BCS,26,0,94642540742c6abf4c9078991cdc7160d42b5cf6dae10a29ec63b6792d186799,baf
BDCROWD.BCS,104,0,5afcb7989efa3984116ea40257dc59ce94805c11a47d39ec8420a73b9649dedd,baf
BDCRUBB.BCS,78,0,46ee35b368be03cce1a16366c5fdcb9cccb55ecd4715727c896cbd2638cc5f55,baf
BDCRUM30.BCS,17,0,19a3b61f8ae685b0778c1cdf5ce4af8f6a78559baf2ce6af68f0f8b5127c3411,baf
BDCRUML.BCS,416,0,d8edf899bc2faaf813e2626ae551952e935ab5179144d46d139551216a370c4e,baf
BDCRUR26.BCS,89,0,241aa2517cd1d6d8d765c6ceaf4f64474a711b3948f1cf786bf1fc68f881cbd9,baf
BDCRUS10.BCS,59,0,6843293f922b69b2334992229110c4fd718fe4909540f25f8d7d018f539dd773,baf
BDCRUS80.BCS,130,0,8c696a647859864196242b2df11a59390e289703c84e87ea3104e487e91832a9,baf
BDCRUS83.BCS,130,0,b612c1e5e095fcdca8f76dc452a8df692af7fd6acf81259c32bef5a64c512a93,baf
BDCRUSCL.BCS,326,0,38789eddff3741736bb5555ef23747a0534ff2a0db9d2f8baba7f80b134c0aff,baf
BDCRUSDS.BCS,19,0,7765c7bcf036fe6fa28d1edbe255f59340a58bcbe335c863fa83bbb60b460731,baf
BDCRUSFI.BCS,48,0,ada71d33100966466e1679a93244bc6c310bc8b43e9b993ad0da0d6d391813e0,baf
BDCRUSMA.BCS,285,0,593346fa6d80f2ed4e861f4b75b56164e4c34f72aa399b1b0580f42ae37a0488,baf
BDCRUZ01.BCS,11,0,af0384e02d68573d80af5111080753369f4ba80c38919d2ae0c04c6a5f8f4644,baf
BDCRWDE.BCS,52,0,27f96606ca4507e8e7adda881ef694b8400901504ca64fc77a2e4366b820b7fa,baf
BDCRWDF.BCS,169,0,bc31790d2d9e63b37051e8d7c1ec92c8e083cf577ce05ac19ed8702d9866cb20,baf
BDCRWDM.BCS,169,0,beedf5922e96fd7252f351ba4f886457d199245a1ef01f628aad3aea258f453b,baf
BDCSKIE1.BCS,20,0,058ec2d57760017d5f7ddcbfb6ee8b91aeb85d90069fae04559f01d9e44db3fc,baf
BDCSKIE2.BCS,12,0,db8345cd9b4faef9727b665953279b12a761ec656aba292aa9c2a1d497e1be8d,baf
BDCULT.BCS,87,0,27d1fcdbd45adf812b46e78eb3ed496e30c2ecdb2e82cc419efced74a3d7b3dd,baf
BDCULT30.BCS,103,0,95f26a565b64abb83b7498cc3ca7df61eb051360bb32ad64a254bad041a4427b,baf
BDCULTX.BCS,20,0,538c8d07e321742e0de059eb1c08922f09ef59f429e4bcb406cf10d74754fd12,baf
BDCUSRUN.BCS,17,0,24a8a8c14723882f1a0599a579764ab1489f1fd2ee166aa88e58176e7b62d950,baf
BDCUT00Z.BCS,33,0,cf280476b92634bca0aff0622cccb6027156b57f5c6e9013f96e68fb3f835f13,baf
BDCUT01.BCS,11,0,86832ea0dc9889e4455e4dd05d5ba4fa017c3a4eae90cdae3b2a9727dd5b98fe,baf
BDCUT02.BCS,70,5,4f90d6ddb28e96f8720f7d3ef326fbffa4d4e174ecfbcec7381260c59e3269c9,baf
BDCUT03.BCS,34,0,5b93a9d8358ef24dd262e8c09319f1457b4269c4827b83a60c68d198f1bb12cc,baf
BDCUT04.BCS,18,0,a8b906e2adf64c59d15a0d09bba2fbf277f22d8693eb84c0f9d7fbda8ced4c69,baf
BDCUT04A.BCS,14,0,2ae37c05d436194a1711ddb16082334872d911d5d3739b601aba143d8deede22,baf
BDCUT05.BCS,80,0,14c76c156289010ec519f43672f13393ad388a519e34067c48b8ffbf78f2f467,baf
BDCUT08.BCS,146,1,b46158851e4505ef01de74b6f5fc07155028ed9986fa3e4c023874ab3e04185f,baf
BDCUT09.BCS,79,24,b5a93dbafeeba55eb4a276660315c2f48bd9f3399e35dc9e5e447b8a90c7bbe8,baf
BDCUT09A.BCS,76,8,a29a236d395f7ada7d7efeebe95d994596e6bf39d462fea4330d889451fc328d,baf
BDCUT09B.BCS,164,36,58794f716726b8f30f992d5a9ad04f9a69d1470097933c88860cc0de76b5bf88,baf
BDCUT10.BCS,39,0,06f75c8f44aed3cb6eac84c549d3e1716153e9528e12fced6c71ecb137c18c92,baf
BDCUT11.BCS,231,35,58a29b6c6a02b76d038c6c56b1e0c8c9a53e0d94cc4e089679fdb349606c9d4a,baf
BDCUT11A.BCS,452,42,96e5549ef0055c2272924ee6e85b3da82cb91af9f27880f0a8b1f573e90c27d3,baf
BDCUT14.BCS,415,4,e650f343bf5ddeca9c99433867de80816206ab0772c846e6821cce60b154ced3,baf
BDCUT15.BCS,133,12,da2e3cbd79b3f237dffa68e91d4a460250b08ad4610bb037e4f1333f93742018,baf
BDCUT16.BCS,289,4,56acb1412eb7b8c9d39504f009cab45289db321e9a373f148d62dc96f297d987,baf
BDCUT17.BCS,17,0,d56b5784443d2de604ae2462d3f1bdb2e67f67e00228c46d692a8bbddd8b1693,baf
BDCUT17B.BCS,27,0,79a7dddd5e83d67e35aa1def78eb1732425f6a4a0b546f8692d27050fb8be78e,baf
BDCUT20.BCS,38,0,93ac1fa4c77d7a1c7668486a80899fd73eaac0666149e5f0a1edf54605ff7a6b,baf
BDCUT200.BCS,18,1,6a4eaf842bd6b5dba236cb2f05ae0faad629b54b5bf8d08eafafca4217268ac3,baf
BDCUT201.BCS,13,1,a8a048cb2f27079f2c86f97219a5c300300edb824897ebf538e59f53135327eb,baf
BDCUT202.BCS,44,0,9a048bec3e0543221e6679b91f7c26d8f28e6287ffae253c78e760dcda9625d3,baf
BDCUT203.BCS,47,0,06c79a46cfad7c5fef6a05b6455d49ba13e5699cb9f859d87e109b261e7a8916,baf
BDCUT204.BCS,94,3,e86b65423019746c7eef147989499336bee8c0dea5d2b83b6eeee8cba3d653f6,baf
BDCUT205.BCS,17,0,17b13de0b6bbe1d32b89f8b16a0fa75d7689cd17456b560d25471ef69064fc83,baf
BDCUT20A.BCS,93,3,39d8f32fe101b5f46ff4978273793d72d5e059ab727891adf9ca1e63b3d7e128,baf
BDCUT21.BCS,58,1,5e4d1d48a82b1e0cf4ebe7561eb5916955b81c796ca7a1721697cef2b7987258,baf
BDCUT22.BCS,25,0,17ec95dded26e6157612513997952f595f47b33e13a3923aa1f774997abf77db,baf
BDCUT221.BCS,30,4,aa854792d8627897a0e0a148b0f6bc68d7995b96c050af47c5bb598309c76c31,baf
BDCUT222.BCS,15,0,5951d28634ef5140a08d759e1b0cc542e8af64872162e6bf1f34a4731768fab7,baf
BDCUT223.BCS,23,0,77f4f7c0cb7974d250b4ef8c26193d7536f801d8f3e3398fd861bf347faacf7e,baf
BDCUT23A.BCS,28,0,402460fc4f18ecf2f3e6852716616dda078349dade6ad17cc365701e2f68a88a,baf
BDCUT24.BCS,57,0,af77430eef950d105215f9444ffc465074e16e1cf66ffd96bc1857ae8ee7885c,baf
BDCUT24A.BCS,67,0,986daa9b642140cf11593ae58c88d5e80e30371b0bf0339a4b60fe7a814c94f4,baf
BDCUT25.BCS,26,0,e20a6318662992a2e752d8d3b67266a2dbc9f6a725062bd27e8db6028d0fbd7f,baf
BDCUT25X.BCS,23,0,9d5865900439a86a2156edc331899c544b588cdb5608810f4f8df8a10ec387c3,baf
BDCUT26.BCS,15,3,d364f12981263ffd54ca61f57d473e4baabca3e440737fe6845ab83c431437d0,baf
BDCUT27.BCS,39,9,4f7f473109e9ff8159628952b803c415c134afbacbf78de888a6df8de801496f,baf
BDCUT276.BCS,12,0,e420f37c6115d89c50028a588347925fd9378cac76dbf64c60e4ed4999cc3b66,baf
BDCUT28.BCS,91,5,e91c599197410a22da4c44f76a3a8d646deae574058abb4b564e90a16ba80f48,baf
BDCUT28A.BCS,143,0,56228d03e07e9a07c1d1bbc0e90d01092fec4b988d6b8386c1a804498f75baab,baf
BDCUT30A.BCS,177,9,71a2efa3886e7a325e9e900e64744869fec09e52527ff2c1037dd1d43a3ddadb,baf
BDCUT31.BCS,21,0,fa4939bf4f6ababf3376aa6cf6a6e90dad9d13ca4afe5bb26a7a23a16941eff9,baf
BDCUT322.BCS,55,1,896f2db778b70ae3dcf20a31494ea7460542d03a8247cbfbe6a11c01a87497fa,baf
BDCUT36.BCS,30,12,f51a1bddd63a67b4473d4baebb7f9d6a450b8401a4602ece8ad51fc188191877,baf
BDCUT37.BCS,18,0,91b63b5a95777e736ec8be39ea58e1242c4d453d38d7ba818bc4f85348cd5c96,baf
BDCUT38.BCS,34,0,1c245afde960270a21757b9761cedd762a75d05a2688b5cecfcd5753df047401,baf
BDCUT38A.BCS,63,0,2aa4fb82252067c4abe9fa6c59b58b78ce2a105002f172374539038ceeeb43f6,baf
BDCUT39.BCS,63,0,18887ad4c545d3e5270b1dea37c96eec2efef32f351156d3f55fbe1473733964,baf
BDCUT40A.BCS,49,1,c00a56b4e010a8a0c61c8a18b2c62a08355d5c31aa2f2f1cca4698c32a496996,baf
BDCUT40B.BCS,304,29,e7490d24cec371f0a0fb87fbfc5d2531a32a6c502724021e7b99bd004181a09d,baf
BDCUT40C.BCS,299,23,11b39ceb76f3ab99e024d293cff781821bf56a2041d7679f1d0006c0a00d9a3d,baf
BDCUT40D.BCS,306,30,db1c6fef3762710fd1ce93de02e66d9a6c80d6c6426a64d9473b5f9ae621047c,baf
BDCUT41.BCS,333,139,5963f20d00776cf48de7a6905dfbc071b0a63e6dd6bc83f558cfc0a40f59266b,baf
BDCUT42.BCS,449,89,0c50074c844a15bbf20b2127f42031b5444942bf8f6d4852d454f92d8175658f,baf
BDCUT43.BCS,228,36,67fac5dd62ae06683291408acb3965d23578d155d00c2709c979dd8c9f8477c6,baf
BDCUT44.BCS,22,0,dbaaa93c68e1ad6d49fa84c10348be524d55ea42f8e0a61867bc5d86c6a249ae,baf
BDCUT45.BCS,65,2,584558588e5fc9e1403faf5fef01669dfafc4ea591ed44dd1d4b61340d036d84,baf
BDCUT45A.BCS,370,13,c5f378f82db1bd99a3f35910e892fd08dca0de253d37d2d819cf5a9a452b9e3f,baf
BDCUT45B.BCS,244,0,a671458d899fa6dcd9b6efd20ec1d2a81bb2ce19a477f00d248098444594f89b,baf
BDCUT50.BCS,144,12,e6bdb10a80520e29614e566024bbbca81629743e59a5c14f640a5bd9d612b424,baf
BDCUT51.BCS,34,0,e5c0fe614a8af5242af3b9f63bf42ea141056876cbab14e6fd49d7f933eeb840,baf
BDCUT54A.BCS,21,0,dc1195ebf4e0012d5b6def33188658782e6bef40d205ba70a26a112a8831cc04,baf
BDCUT54B.BCS,21,0,4055396e8572b660bafdfe2d16afab51133998351a2a00ef552b96da3de61715,baf
BDCUT55.BCS,22,0,cefae51816eb7f72426f505453c7e7e3ff9f096ebc3eb0297b56b09e212c6c39,baf
BDCUT55A.BCS,21,0,2669cf748348e20754621abc5b10f09d38f15af487dd109171fc3ecd0968e8bb,baf
BDCUT55B.BCS,21,0,4df3d996b87c83bffc61ec52eb170daca23c52fa2b3af22b57f502955138ae75,baf
BDCUT56.BCS,19,0,bc0ff6f98d3568d0a608b1fe78bc3787b75022c97848baae1dcc3b8a912d8f14,baf
BDCUT57.BCS,159,2,63492e849dd2789f894cba23389626499d58a021bb85f8c3158029c94dc26aac,baf
BDCUT57A.BCS,44,0,73158b9b59103cd5b7398f2e77f9c45221add82096eeda6700a263244858b0ca,baf
BDCUT57B.BCS,29,0,42167ab9a57057259126239030281488de512515cb042dc787b235970c463e09,baf
BDCUT58.BCS,260,7,bbee7b40c2ebbbedbc2b1d713d3370dbbe55b10acafad7b2fa45e536042c024e,baf
BDCUT59.BCS,190,0,946054b01921cf4f8eb5e29389545d14bd6508dc9df84011aeb5bd6d648c9102,baf
BDCUT59A.BCS,18,0,dadcbf3d521c7e24a513e65841c8de8216db9725c632989a99bf6c1b55b8bfc7,baf
BDCUT59B.BCS,450,35,a873b3b9552a5f6fff518d77c50c50eedd8d2d95630b28dae4288dc169643802,baf
BDCUT60.BCS,50,1,23879633efd4c483d3aa74d28869a59f66def45984a041a522c33f48723dcf56,baf
BDCUT60A.BCS,123,4,05d1d73828c4a7e3a362bdc381db8a47ec9588186cfbcd0fd420a41990ad9cbf,baf
BDCUT60B.BCS,64,10,6db5b44bddf6043f304d197f649d6ef785fa36e1ae2a17f215c97bc9e4fb7e5c,baf
BDCUT60X.BCS,29,3,d4aaf24964cfb6808f81aa2b4768ca3807731b426d07439b77ccefe938c8e3a0,baf
BDCUT60Y.BCS,157,0,b30ebb237094730d727a32a8b061540f75311d4214981936145bc53136557e6d,baf
BDCUT61.BCS,246,0,0bda05b3aab7961b3c7a87a15c2306a3f5fb2ad5d65174c83bbdd7b725d21f67,baf
BDCUT61A.BCS,77,4,b2da653fbc7f68005c178b72df26da2f76345c62d77820fcb92f0280fd64a9bb,baf
BDCUT61T.BCS,106,1,794a7df3b1a58aaba0e3fafdaf58f9894a5a99210995cdda4ce35e48b54de74c,baf
BDCUT62.BCS,95,7,e732afcec6656b572421477100a745dcca489f39fd73306e63d8c0186bd035b0,baf
BDCUT63.BCS,23,0,733f97dda11f91401c54425e605dc2e4633667261863518454c2d10c48e1a26c,baf
BDCUT64.BCS,165,8,9736f993410d97d3d51a67f4776c4ba354957a668bbc0833b053cf0dcc01c2fd,baf
BDCUT64A.BCS,21,0,f844097e1a11e770a983ce74a0450abe361d1e13f66fd41d77e43ead70c468c6,baf
BDCUT64B.BCS,54,0,8f89c13bb4ef04f6f4f5cb3f53e29acb45ce26cfbb6f63c75861143d25cfbcc4,baf
BDCUT64X.BCS,151,0,8f11ebd11df648f941eee0e0a9695beb198220f9ec8c4092fbc69c857542a2b9,baf
BDCUT65.BCS,62,0,b9aff67072bb5d7d0d6f12cf4c0d4f80cd4891442060534b09cd63dbb4127f61,baf
BDCUTDO2.BCS,25,0,96e0252f896e505dfed2169e5a042a7858918d6c13b42bb67bfc4ee38b900339,baf
BDCUTDO3.BCS,15,0,e116fecd1a8aae6d46777249d9d922d5647c159d189953a946008ebe547fa6a3,baf
BDCUTDOP.BCS,11,0,b7de18f68a5d82c638505d9f487fe694803652431bf870514a4ea683013f51a7,baf
BDCUTDRW.BCS,51,0,e94b25b165baad7748df767e51e89699b78902bbf79151589185f72de73cf553,baf
BDCUTGL1.BCS,34,1,39230db96415cdebd4947b3994ad1804bcb27ddf053bf9efd2d8b3d725f026ee,baf
BDCUTGL2.BCS,31,0,26681a920f30cb2420cf7f8b4b329a31de60c68069ef53b7e40b0afb1f5d55df,baf
BDCUTGL3.BCS,32,0,550354454e3ed294c11792dbd016e2338ca071e00330f52dfb2b274d125d343d,baf
BDCUTGL4.BCS,32,0,5a5e40589c75825358ccf682f2940504bef95c9f44262e1b7cbfe1624a491211,baf
BDCUTGL5.BCS,32,0,5bcc79397b0742b5af1439fbfdd87e938f3539e1524ce3a0ea5bacbd8a1381fa,baf
BDCUTJEG.BCS,94,0,28f3d0b8cbc47f4a9faf29f861e2bebf83c7a04034d79f37400dd5ff5e33c82c,baf
BDCUTKOR.BCS,42,0,617b198022801326b34aa8a485ffcd07efe60981c494aae9ce9e531ff0dba2e4,baf
BDCUTPIL.BCS,20,0,509f33a2da3323aa8d8cb87eaff6df0303b5d9844c8629312f2834dd37f80c99,baf
BDCUTSCE.BCS,35,0,a5f4c55d14bc965957535d3a365f3a0673a86bab97b4cfb49025cc83b64475c9,baf
BDCUTSLP.BCS,162,0,cce54db19b1ad282e2a774bbdbc9ce7bf0c1c143c58084852a8824e01e1fdba3,baf
BDDAEROS.BCS,43,0,423223ee7af05bdd998787f84fb261dc53dff4ec38af410a1ab1db3a173349af,baf
BDDAGF.BCS,58,0,1589c45b4067e4d8d4d5d2df75697dee987994984f14971e3901c3b6eb68a360,baf
BDDAGF49.BCS,32,0,45e1aa2647fe3e246cc56cbe99cd825c805f38fb3cf82141f55c71a3e6433d42,baf
BDDAGF57.BCS,47,0,2f037931cc9cfc7eabc9a19f4cdd486350925c8132e7e7790f72f95c53410fb8,baf
BDDAGF61.BCS,21,0,46905e9b0b3591078cd0a61dac3d2f3f91aaa7b59fbaeb8293fdc09db2db4317,baf
BDDAGF70.BCS,148,0,3fd9e3e26e05ae40c05078b252a6ff2b0a5eb74e69797d67168f92ede5a52f08,baf
BDDANC01.BCS,22,0,7344c426accfa821c6809896b77a8efb236869cace60126be169688eec120fc4,baf
BDDANINE.BCS,32,0,9a698d89e51530ce588922af75a58d75c197edc2f274b31833ed53974c6808a6,baf
BDDARAN.BCS,51,0,a537761628d2886b24abc301e18e5054c127f8dbc8a13804f1243aaa4b179d8e,baf
BDDAUSTO.BCS,37,0,f559f447beb4d555a19f09841420a14e2e2698dd360480678efba7a33e4e1e7e,baf
BDDAZZO.BCS,16,0,596339eeec9c7ee2f765ca7c91b89fbd48488968b5ac9460c103fc21735b8d04,baf
BDDCLER.BCS,9,0,e4f36eae1c29214dea6b939deeaeb6fb2311b6073269d12dbbd3259df49859c6,baf
BDDCOR01.BCS,678,0,1b02f6bed4bb4741c5919999d1c2a1fa464d63683890e55571f3644773837e88,baf
BDDDD1A.BCS,47,2,0ec6cf57fefef2d413c724f0b3814490c52275cbf2baaf2bbbd3026353103345,baf
BDDDD1AA.BCS,41,4,1c641373c33872ba2281f83953c8878b5ccb74fb98287d7f4a15ab7cabd1ae81,baf
BDDDD1AB.BCS,19,1,3617ce485d2b1552f3f7948a2b8a6b28f1b1cee7b8b682d7b245637f854a1d97,baf
BDDDD1AC.BCS,41,0,6d7faf1611a918b83a05a41e8498c1d495f66ae0b98dac8b212742316e779ded,baf
BDDDD1B.BCS,37,0,50bd056c3a927b93337435ee4004edeed8c66ffba10f5f96b3c39a3a89cda416,baf
BDDDD1C.BCS,51,0,b049ad90865c06ffa84a45f349ed80b88b2a2ef955a8754470463ee92814543a,baf
BDDDD2A.BCS,60,4,d9f34716d3031192586e80a1d079af7c47fc1b38d43062888088e80404c52a41,baf
BDDDD2B.BCS,47,2,a5e19f308a5bc8f5e0b9c853fa1ad3f90352676d26d9762fed41499d67c7922b,baf
BDDDD2C.BCS,50,0,daa0ca2aeeddedc64e2969ee0cd238177089bc7a76b88c9d8fa2d30491a7031b,baf
BDDDD3A.BCS,38,3,3689e48e2894c97c876b79f61debcf2a1d04ecd745383e10b0075e88b1aab461,baf
BDDDD3B.BCS,19,0,8ed56517afbccf750a96ac47dd05013ec3d164feb9333aac407e7374b6604da7,baf
BDDDD3C.BCS,52,0,8204d75591f49157f4c399d82f33f1a641a487ddb41c341db7218fbda87c4cf4,baf
BDDDD4A.BCS,39,3,cad4cc1805a5a31792796f8c577aa308cbad999b17847fe28f413cd9a3aba5cc,baf
BDDDD4B.BCS,35,1,68bee066148c1963fe7db1734dd2777534457262086267dd47eac88766549153,baf
BDDDD4C.BCS,52,0,3b513c522830c3f48b7ee81413105d90962cc35b75cf67674afe1c8d6171a8dc,baf
BDDEBUG.BCS,326,3,d5f6536610f2967632bb9f9349df646bf29b1dd9a4942630d4e12aa7cd52fdca,baf
BDDEEP.BCS,56,0,fd637af5aa52a8d78ae836d2aee40ff8730611df9c7c500e585089fda55cc208,baf
BDDEFAI.BCS,8257,0,b7b807422f47721f4d53c6a612193d74437c49aa6df54a7ad743faf9be149999,baf
BDDELANC.BCS,105,1,6daa47e0f540c0ca1b0eb4057baadd3baf81bd1d0b18b464781ac6676927ec6f,baf
BDDELEND.BCS,56,1,d9df7ba72fd66c75431186eb76a094a822aee5bdb11787d7051cdecf729ead87,baf
BDDENELD.BCS,32,0,73acbf9d2f91859842b2a4d37945d4c6e847220c79454e49d14f727106885779,baf
BDDEVAG.BCS,1010,0,b3bfcf9758b1c3310beff6be16d68b4e93bf0d35ea78f86e20cc1b4a672f2756,baf
BDDEVIL.BCS,8,0,d8236c275f5c2456d84a2edf94c9ac07899082a1816bdd541c3b6d8067f74f60,baf
BDDFAILE.BCS,7,0,f442aa094441760d74c0d24d5f748a79e9c87581bbc3b758cb344d24667702a5,baf
BDDGOB.BCS,20,0,5e2d72725d90f7a9e2f653d1cc0fb7c4973e7e211df92e181efda1ef4162af0c,baf
BDDGOBL.BCS,41,0,352bcf0a139987a33fdf85cee62ea75f0852913e6b13ee54a4f8eac5db3b7ea6,baf
BDDJINNO.BCS,677,0,bd6318a873bc53032aae5af8b7f817442f36fda1ad5bd265ca91cc057b97e32f,baf
BDDLTRAN.BCS,65,1,0aa39995e6a0f135142b911b34e9b23f4234a835a90363391d906741188f4539,baf
BDDMSH.BCS,92,0,d12438dc2155d9d15a86ddfc4cf2f58fa02634424583e5d827c33adda5ab4c92,baf
BDDMSPWN.BCS,32,7,adc0a47bc343f21e6e369541b0f6dc8f2e4a466870eccb643fda0c0de1bfbe72,baf
BDDOOR01.BCS,24,0,8e11501b0659fd6370ef04a4a69acfc8c175ade060d163966096525d8f79d319,baf
BDDOOR10.BCS,14,0,c8b9a8ce8440ad9493cb7061a0248baea81773dea12dad45ddecb4cad8407492,baf
BDDOOR30.BCS,55,4,9cab7fc9fc0c80341e03a72c79fcdada0f538beed4e0ee15414b7664a2bfcbe8,baf
BDDOORAV.BCS,18,1,8cd0e6659f9a1ce0ee9652db6834eed16d1dc2d8c2602f9d3a3f08e58d167206,baf
BDDOORCH.BCS,94,0,29d58b4ec61c7b561d50e2fe418c30da5f1d6cdd386df89835e1844ee94bf91f,baf
BDDOORGC.BCS,9,0,cfc2ba676285333e7f4e70e706f885f1f0df3dedf7834c0892dbc6b7352f2032,baf
BDDORN.BCS,723,0,a15d6f1fa9b46b9066623f7a91ff4cf54a6eaf31135291872c9f2e902018eb10,baf
BDDORNC.BCS,397,0,d681b1c5dbdd98063d92f25b085d35baa78356e18c9cb4aba0aea8accd954be0,baf
BDDOSIA.BCS,84,0,d9c3c4d25c220733bc9e2b3b09a5acd319024a17515f60fe0231f556508cf688,baf
BDDRAGGH.BCS,181,0,b60d5e74e0250b9b5b6504de17da9d25aef9664bec10038079e1f0d477af24cf,baf
BDDRAGSP.BCS,37,1,ed07b5b21812c7af7da08120f72731d270987188258e107d91ab236711a5b5d1,baf
BDDRAWBR.BCS,56,0,da7c694ec99f1bea6cf42fb70eb45349238c438ac287f415891533513b2d258f,baf
BDDRCL01.BCS,1750,0,10025a585c37bc02d8410435d5ba898682bff62d27afd5076e41777fc3c848fd,baf
BDDRFI01.BCS,741,0,5b75db2ec9edeba2bf2ee4d63d7641b75b121c4c41522beae914c20cc0d19042,baf
BDDRFT01.BCS,702,0,036adff0994b62f069995d9d939e50f3b5113b4e3f0379acdb0022767382cbd7,baf
BDDRGGRY.BCS,104,0,5a8af2da1de666b78965dd29a140afa0cef55a05d082df897e67b52676b70f43,baf
BDDRMA01.BCS,2784,0,794445a6b7e9116078f54c2b3a0da1924c83c3550b4202ea393388d5c9161a45,baf
BDDROWCL.BCS,571,0,147a349fe89b9859c4f5f214d3929fcf4fe9c6170f6385c3a8a56a56ebcbcc95,baf
BDDROWFI.BCS,122,0,fce73fb1963eb0e8e9aeeede0d73afc7742f24e2f7555c91ab03fcb5934f8b80,baf
BDDROWFT.BCS,253,0,93b2da40f00e77cf49498f84e40856ddd1ce5722d992261686f9921d3132ae20,baf
BDDROWMA.BCS,489,0,cce6f4f5b9951d5b823dd905f0bb1f6715f799879da929054e81fddccf900906,baf
BDDROWRU.BCS,79,0,6d2061f42ea038a488035e865424be5cb38675468a29f59fb987aaff1a6f1c37,baf
BDDRUI01.BCS,1208,0,1660e132d216c126e57c85f5f1bd9d7f9fcb466f0a16e95400cef5543501abc0,baf
BDDRUI20.BCS,462,0,2434d77ce75496d032fbd6a44fcd9a1a83e50727c4e4eca1877ad5800c44e261,baf
BDDSARCH.BCS,17,0,9850a53435d7fe3d6ef4f9be48365b4ea86924e44f1f8e701681c7daafd5bffc,baf
BDDSC.BCS,348,0,9dbd059245171838c18c38a31ca4f963a8ad1f9800869aff2b5d86d76171670f,baf
BDDSC2.BCS,85,0,a91d3a7f40c64a7d278e1b362f3b74ee9ec78bd888f0659b6bb068d12c0067c0,baf
BDDSGAT1.BCS,152,4,4d510fd41163b17e25010b3ef9c2c49b11d176ace031fdca9e1dd8e4ca1da5c5,baf
BDDSGAT2.BCS,76,4,c8c505f9e7bbd69209f6eac222f09dc78d80bc3067566ff59bca07f8581cb352,baf
BDDSMAP.BCS,38,0,25fb42eefe3b9248aedabf8aab91eafcdc993534bd3447177718a5ff3ac78c99,baf
BDDSPENS.BCS,26,1,a9728efce43e90af8802f45a91a260635ff317f0e58faf956496a473b8ceba0b,baf
BDDSSEN.BCS,80,0,fdfe0ef79195abbd70eb4c13644c4b26db70cf7801a800a457ee9effdfbbbc27,baf
BDDSWALL.BCS,136,0,24ed22552452c40464eb6bb7ac9fd530510787fb5590ae6c68fabe45b58975eb,baf
BDDUGRAF.BCS,20,0,747a2640e5d53847f1f7811c4a050f68f0d57149b2208bc91ea693d3824f99e5,baf
BDDYNAC.BCS,2052,0,75ac0b8a34951a971e32bc259859a730cb24723af62ea1f1c6ceed958c6834dc,baf
BDDYNAHE.BCS,1109,0,480c4ee29f99a67d75371c8ac2994e0714b1e203beb5bec56cf1a7b2879ed9c3,baf
BDEARTHE.BCS,72,0,c62339b5ebdd10ab570fb9c8c8dc1dc24438b098d65e1c522b75685d2976267f,baf
BDEARTHG.BCS,56,0,ca6d079b34434289b99e18c7a506fccc17a2027dffb3efa6cd5ca780c196825e,baf
BDEDWIN.BCS,893,0,d159ad6d4e5f95eb97b1c363c238ddccedf595bf423c6486c0a6a7eb38fc8636,baf
BDEDWINC.BCS,2266,0,cd62309a530c5685c651fca3138e8436bd741758f98c2e1c59f06ee33435e851,baf
BDEGGS.BCS,8,0,8ef05d60d3bcafb95e40b9ac68ad742ddb2d4bdc4fbe33f2a4d78a59707b50ac,baf
BDEINER.BCS,33,0,48da3c22a03ab19edc28558467984277a78a168d51aabda836fbb2efa012f3a1,baf
BDELANDR.BCS,47,0,7b987459da4ef46e60145a88963927080076e024bfec7408686853762dd14fe3,baf
BDELDOTC.BCS,2487,0,f956a3e6c2d0f20579b434b27345a0e856d97a0b32d1372c43d8d5d2ff46cc03,baf
BDELEFIR.BCS,37,0,8d25435e33eef9a884df59127552f2adf2bf7a5305cc940778eae422ab633e27,baf
BDELEV01.BCS,84,0,942c3880c1e6ed78c6c83d3a076978734dca78fbfb45c67cce570450c3756f3e,baf
BDELEV02.BCS,47,0,0667814554819b4e33d6c5360900f3858e92f289a5c181e5c0eab513ac4d2445,baf
BDELFRUN.BCS,153,0,f86e470e62c5903e22b8cc5d9721c79d733dc6326b0e253616249bfa0c47f39f,baf
BDENRAGE.BCS,14,0,df82457e3cbb3eb10fc6ffd21a790cead15cab176ec06a20ca8eab57408a65ac,baf
BDENSHTV.BCS,164,0,a79de7fbd7060309bcb77540c8e2ff07845dcdde13e7e94b2e08a5b0ae124471,baf
BDENTAN2.BCS,102,0,7034c9c72831d56017125e46cb780cc39c7d2ec370c8d8669ae4161b4b4bb308,baf
BDENTANG.BCS,125,0,c1497d30a9ec333ee0cf2a2ca9214a9e514c0dba6337a3af1a1c288b506b9103,baf
BDENTRAN.BCS,166,0,d24174881a0b69835fd65aabef36421508521734c18ca38b3c46c66801a8f3e4,baf
BDERINYE.BCS,1094,0,4a9a3128d01f255904f47482e6c3258c3110d5ee92bd9860ab462485ab7bfa6b,baf
BDERROR.BCS,7,0,f4903a58b45ba7c22656e5b590d8ff4e5ddfbb0a01c83f6dad1948154a1d0ae5,baf
BDETTIN.BCS,103,0,2595010cd57f6e5d4ea22d6c68cfa03efc76b7af07fad2c59845d2dfdf7f4c13,baf
BDEXDUEL.BCS,94,14,324f7e66e5225b824d1f404abf3247facff9d3a39afad6d963b89b269d10f892,baf
BDEXITBF.BCS,38,0,9e2175a2713effee5e490abd6b68e633c454b5df665dc4ec816b61255539ebcd,baf
BDEYE1.BCS,12,0,fde7ff48e0334dfebb9a55f82437d507ff06eedbd25ec5b111a5e6f643d7f25f,baf
BDEYE2.BCS,12,0,7903b5c72aa7a35fbbb74176a31af94d2bef2cc3afb6c2345b03d3200f652027,baf
BDEYE3.BCS,12,0,4f8e91e0892c6551d2b5208a8fb2348cda6b79aa5d77130c2cc434cfbf748a94,baf
BDEYE4.BCS,12,0,8e8d1f20aaa025ceff1b4b9ce9ded0ac0ce3c07a056c53c03db8afac968f796e,baf
BDEYE5.BCS,74,2,20c4c787405fd4e2a678b2c2fb9999b10c992fd92495f5507419aa9d7200adda,baf
BDEYENE.BCS,12,0,53cc7afec2fa659f2b4999e1c68b8d88bb93f338f2e65906a41e2d6128b64d38,baf
BDEYENW.BCS,12,0,56ce60060469547265c67869f43feace892de389ef4e93478803832eb9a8bfda,baf
BDEYESE.BCS,12,0,c5be0eceb3e5faeacd2e2fd74270ad2110301b583d5c0c1b373b77777c3e48b3,baf
BDEYESW.BCS,12,0,6c0da287a30aa476eb4bd6d16ba0e3732ce99232acf04d852c745fcfa717e833,baf
BDFALDOC.BCS,1159,0,148da3903399d3d835c19903e9deb244f9102be0700e407735f28c0ecd4c627d,baf
BDFAMARI.BCS,64,0,8aa19661c5d21c9e8cf0c84daed3203b923e9abf0f078ac6cdde20b106f24510,baf
BDFAMCRU.BCS,39,0,249aac14b57da0874f1a31bc747aeeec2cd274bfe77ae99b3cb3a682ddb7c888,baf
BDFAMILY.BCS,36,0,1cdf95145189ed9c1a2f7ad2592e709d8a1287a83fe8628f4d36c0f58f30de0a,baf
BDFCLE01.BCS,1871,0,559c927d854283a39eb947be88ba8bf99ef84002dd64ffafbada16f05dc02443,baf
BDFCLE20.BCS,677,0,5d66038d2b253f4754aaff627953d00d0b8c8f433cd156ffb638752f043812d9,baf
BDFENSTE.BCS,10,0,a6eecb107a39e78ca42af8a1415a3449514732ea55a3df818fc47a5c7a306096,baf
BDFERRUS.BCS,74,0,d94116c2d8e9a90b1cb01047668eb5011e4949e5ae48a134e6c27232786877cd,baf
BDFEYR.BCS,190,0,cc1a038a66084ba11efec50ae9962707dacc7626af9ac5dc6f13426edd4bc88c,baf
BDFF0010.BCS,23,0,7c16f711f3f71f04284887de1da6b39b50c68e1af380878299381d9c2e13f2ec,baf
BDFF0040.BCS,23,0,cc0b1824503cb6021a3916495d5932cc7507d116bcf99dd6421d3675f2a2cbfc,baf
BDFF1248.BCS,8,0,33f21513089b15302514c7da6bd79369c48bfc83c6aaf6875debe13fcc677194,baf
BDFFCAMP.BCS,195,0,f686ad72657845e265426c0b735633a7127608b730ac7b33049862778586ce5d,baf
BDFFCELL.BCS,52,0,0c5bf306bec8a1b38f36f7776e03c59e5e4436576e718e3802dd0f4290494fef,baf
BDFFDOP1.BCS,81,0,addb11ce244be4620a069816a2fa9f1edb817e0b4c5a64e0cff5f6c5ae5dc101,baf
BDFFDOPP.BCS,103,0,acdaa66be2a006864a3b5110d3bf06945fe91e561709dd882e5ee670daad761e,baf
BDFFTRAP.BCS,10,0,be0558633609aef598a1358a5b0bd13206ceb503beea2195437a69a0d30a9b75,baf
BDFFVIDA.BCS,52,0,e62682ee97513602ff67ce5e107475dbf22a4c18d633200fcb74a50797ccb12d,baf
BDFFXXII.BCS,14,0,b8b2e40dcd687a616b50d1703d1be1f28e1c60ec8dd96f967c403abd379b0b86,baf
BDFIG00.BCS,982,0,5bd0db000c5f06a46c5bf4808a5be4bf5944b98aa50895653242b8d971072233,baf
BDFIGH00.BCS,14,0,28fa9e69ca66b2524c3d0c90221443b34d977bf594bf03cb2b30f427d4354d48,baf
BDFIGH01.BCS,596,0,8baf22d48a444a485f69c396a754313e1e7158f8dfcaf79b755422cda015da7f,baf
BDFIGH10.BCS,69,0,c6525ce01d837ba726828fc1c877acf8763e32ebabac742ccbb49d61e3f172f9,baf
BDFIGH11.BCS,105,0,c35483da3a7ef3215a8da6656139e4f94538db88802b0b5bf005349f1be083ed,baf
BDFIGH20.BCS,89,0,cc52bc2e1c620301211e20c4cd2bf99f90b5e403a27d645acebb7d5bc6c92b10,baf
BDFIGH21.BCS,71,0,4b5cf5651eee3e7565dac2b69aa41983bddc2e40e394caee54d68ea4fdc4f498,baf
BDFIGH22.BCS,90,0,fc48ba880e22f0442ec3e90a7f84fb49555bc7b87bd0d7e0d34e9b54ffa56eb5,baf
BDFIGH23.BCS,70,0,21c2605ed4bf9b5cd72b0b23b6d33e40d26ec4660b7f6d0af1ae3e82c2b50ed4,baf
BDFIGH24.BCS,52,0,1ab3037ebd3332ef86646e7356e9c44bde1c90ee81dc1f2e7f2f6b4410194110,baf
BDFIGH25.BCS,52,0,96a81a22037ac20e84b2d4731f51f70d6f0598084f3318ee8001f4ab1e54aa44,baf
BDFIGH26.BCS,71,0,4b5cf5651eee3e7565dac2b69aa41983bddc2e40e394caee54d68ea4fdc4f498,baf
BDFIGH27.BCS,71,0,a5f03cc4ea9bd92c31650633b8685152a207f27d7b116e09d73c9d075bfa5b49,baf
BDFIGH28.BCS,91,0,b2b10669deb6cd44f53b1129ce639ac348b896b5f60d5b7aecf8fcb678f76c4f,baf
BDFIGH29.BCS,89,0,6262d9c035aa9e0405c15df82dcd787f1b152466d1b7dca6d44ef79aa254fc30,baf
BDFIGH30.BCS,161,0,cd0c95d49ba2d539aa6265df65c7989f8dd38ec00de02022971b8fb34b557ede,baf
BDFIGH31.BCS,90,0,3fe60012898588d8358c2af04b05392d86112ea2becc3c7dd1cabf1389ffe21c,baf
BDFIGH32.BCS,89,0,a8cfa4b3e3dca499b3b45676b323b324bfd336e6e6e3e480f5b81da622dca2e1,baf
BDFIGH33.BCS,74,0,918157ddef4126fbe29a4483d9d3053045721af889f51a9658396ce72e7cbe19,baf
BDFIGH34.BCS,72,0,427bc3d37d5ed0a32c4e9750f795c64b9170bedf75a5f264f44a44946dfe4a15,baf
BDFIGH35.BCS,89,0,cc52bc2e1c620301211e20c4cd2bf99f90b5e403a27d645acebb7d5bc6c92b10,baf
BDFIGH36.BCS,72,0,427bc3d37d5ed0a32c4e9750f795c64b9170bedf75a5f264f44a44946dfe4a15,baf
BDFIGH37.BCS,52,0,1ab3037ebd3332ef86646e7356e9c44bde1c90ee81dc1f2e7f2f6b4410194110,baf
BDFIGH38.BCS,71,0,be68e8f3e6a1d8df408e6e345f22cff3ff16c50981c947acee365d249a1f3c23,baf
BDFIGH39.BCS,92,0,63c766e7392996a2e9c624572e058703b3c2532716f935d71e14311438c9cae4,baf
BDFIGH40.BCS,71,0,4b5cf5651eee3e7565dac2b69aa41983bddc2e40e394caee54d68ea4fdc4f498,baf
BDFIGH41.BCS,90,0,fc48ba880e22f0442ec3e90a7f84fb49555bc7b87bd0d7e0d34e9b54ffa56eb5,baf
BDFIGH42.BCS,70,0,21c2605ed4bf9b5cd72b0b23b6d33e40d26ec4660b7f6d0af1ae3e82c2b50ed4,baf
BDFIGH43.BCS,112,0,a7afe1180e57f09c4fc102ace7ea7c9dd2fca057962b90483d5d08402f044af2,baf
BDFIGH44.BCS,109,0,61d6b8fbb96122ddd0ed2501c14a0b433687621422070708ab43a514a94ce70f,baf
BDFINAL.BCS,73,0,acd701f66cf7ff809b6f02d56f01b7e28912f75eaa01d901bc3798d1c216fd44,baf
BDFIST.BCS,150,0,6e3f9b2b913bc129965a9b4d45c358359da5df5b83483d57168ad54748a78804,baf
BDFIST00.BCS,18,0,3626aca7085551b87347e43639ea30c3642a469b83ad86cf8a8c51d4a9678141,baf
BDFIST01.BCS,47,0,00a28ec1fa3a1e865974ba0c32894f4c65d1e10568b2418f75317f31861cd489,baf
BDFIST05.BCS,47,0,abd30ff9da75f676575f5e9f86253a9f431cbe6abed4f56024f02913bea15a2a,baf
BDFIST1A.BCS,10,0,2ca9d71b8a55687b5a44bd16fc0fa11192d2dc9f083c652c5cbf3901f9df3a17,baf
BDFIST60.BCS,84,0,247d432658c3e23ac99938cd3c4126e7f20167fa51dcb829c16c4e89eaf90bd5,baf
BDFIST63.BCS,10,0,807597bfbd73042195b4611fe2cb7b84a55b34d681ab718f6054a8105ce35022,baf
BDFIST64.BCS,21,0,9cd8eea412e6590a9bed24470b0790e89eda9641c9edfb22f0128566a3998008,baf
BDFIST83.BCS,168,0,c83c6bd8ceb36b883d2765891fef9e8aa8d5f5727529738547159117ccf23ed0,baf
BDFISTCC.BCS,18,0,3e49179a75b92ae530e4f88a1c2a0e86de6cac62e7cc86d710db00196dbd96b5,baf
BDFISTCE.BCS,74,0,061937edb17e640fff50c84e8a3d33bc5090f1672f5b987eff1d510626a45cde,baf
BDFISTCX.BCS,7,0,1bf34cb19cf80ade32678544543305ced0908ab3ebb5281228e4bc1c14a5b9db,baf
BDFISTEX.BCS,91,0,3abbb5885583397aa014927116c9d6bf16ef31dc1664e3f1164711c50c751802,baf
BDFISTXX.BCS,27,0,0ecb2758d45ad9212a3a37f6e14c376a75ccb15693907c33d0960291318e16aa,baf
BDFLAY01.BCS,521,0,4f0f7bc105aff7a29dcf336248088c117a6d73b699805b993706c0f00f0d954a,baf
BDFLEE.BCS,7,0,0264f524870cc2e4343811cf0ce3ced44df5e41c34268e452d51a0bf56371db6,baf
BDFMAG01.BCS,2889,0,c67cc7fb6ab52952ca4a33952699a60140ad81d0927240c0aba702fbd474635b,baf
BDFMAG20.BCS,824,0,7ab81a4703e753a1e4bf728a6fddc546b6aaf2e66f39bc156fca1c4f0dda1d77,baf
BDFMAG21.BCS,824,0,7ab81a4703e753a1e4bf728a6fddc546b6aaf2e66f39bc156fca1c4f0dda1d77,baf
BDFMAG22.BCS,824,0,7ab81a4703e753a1e4bf728a6fddc546b6aaf2e66f39bc156fca1c4f0dda1d77,baf
BDFMAG23.BCS,412,0,b850b1d1431bbd6ff005ea1d23ce9e2a930caa6ccf5394eadb16e2be1aabc094,baf
BDFMCL01.BCS,3949,0,1b4a10bad7a20cc8aa149a9178f5582883d896523a289973201b2b17947cafdd,baf
BDFOLLOW.BCS,28,0,0547414024c05755d4c40ad73868d0c73720cfc6ab7d22106816bfbb3fe55ef0,baf
BDFOODS.BCS,110,0,5ac85b5b4de41a5b2cf41f3de4103f1a7404ca819c123fb66117d84cb381d7ae,baf
BDFORCW1.BCS,43,0,9bd3fd27e673211f554547426d016147c57a4486b78d7467e2e6a69ff9911f8d,baf
BDFORT.BCS,272,0,9d4630c555f1bf759e43a60d7947690cf4a6928d1b2356597ac2c13ae1fc9bd8,baf
BDFORTX.BCS,41,0,05530224937f7ba0906a9e1aa88bea9eeb226c55a0dc7fb93d56f980079e63e7,baf
BDFRAIR.BCS,8,0,cc5fdc29ecbb4c5dbf05c13ec18f5a5612b289669b8454d69fc6a2b3255fd046,baf
BDFRITZ.BCS,25,0,f27954ca68407e711cd3acf7569d4b24c696ae457631253007df147fc8ee6a73,baf
BDFSCOUT.BCS,31,0,1e3dd1e73ad27d5dbb0810efc2472322283dae14c777abd70c26b3e3d651f182,baf
BDFTHI01.BCS,557,0,7bbb3d603b4a0a50d3fdd8471459a4d7207b07767680ef6d2113442610120aae,baf
BDFTHI20.BCS,87,0,f5b020ec914442adbd3932442858d3854debea627565a9271febc4a7ce5fc09b,baf
BDFUGUE.BCS,100,5,e856a3e736147bfed0f9cf6aaea52955d821df6dc9c94655ad1c958b72d7aa07,baf
BDGARRCC.BCS,2485,0,45f24a94fe2085d518e11e2278254487a8374fed91d188e91fccdf9d9deba067,baf
BDGARRIC.BCS,142,0,74dfececb662b7cdb7e8a80d99a811854fcd81b933b9e5678937a1e5bda62ead,baf
BDGARROL.BCS,32,0,bf2b1241c1569fda4ad18fcf56cf734539e2607cdc34e2b342a9397fe34e8927,baf
BDGASS.BCS,27,0,3dd2fc3c6a1714acefe4357f5d9e6ee3faffc8a7d9c2f6d923321da34eddaca7,baf
BDGAU01.BCS,52,0,8fcdaf76f8e3f0dffd46c5494af6d031f1f3ff3138391b27a23b1791caaf487f,baf
BDGEAR.BCS,777,0,98bcfde245074855df8bfe9bdf89947819b4fe1dd784c2e3a6922fc7c1eecd5e,baf
BDGFGUA.BCS,0,0,e3b0c44298fc1c149afbf4c8996fb92427ae41e4649b934ca495991b7852b855,baf
BDGHASTG.BCS,9,0,6e21200e38c54d7ff2108aeac0b1408bcc99efeedf029219ab1b2666ac68a83d,baf
BDGHOST.BCS,146,0,9b606c9110140818ed07a2b2008d64c2469e98f0e0f347e4d246c1cd5487639d,baf
BDGLABRE.BCS,1640,0,9321bedec96748b11775a634acb386f3eb32464984404cc2def5374fa93e26e9,baf
BDGLINT.BCS,1066,0,67c5591effafa602caea835acee89ccce25378de1229b5abf2974f1ae83a7d7d,baf
BDGLINTC.BCS,3161,0,70f053a19f434627c6246967370425ee2100f41522869ddae74f0bbeb1a256ac,baf
BDGNARG.BCS,51,0,06cec172a3a91aa6e9f56ca0b877a81bc1e98117ff9310faaa33950a1273a614,baf
BDGOB04.BCS,1635,0,1ac94536bb4dae22e2dddb39c9fdb95ac14cd383ada89a1a89be73c582934baa,baf
BDGOGH01.BCS,12,0,22c635d6c0de6218bfc6d978e8415df6503e034bacbc0d10e9ca5dcf4a01e069,baf
BDGOLEM.BCS,49,0,ae0fbcf27e9263b9aed81afcbb3a298bbe513ca52d7c6ec69927fc9a6e527a0e,baf
BDGOPH01.BCS,25,0,d8c2b2b0a899e4d31c6ec6a3d2a3ad8ff580bfaaf1045a236b6cf73db9519fde,baf
BDGRSHTV.BCS,189,0,b9f050c3c1e8c8ff7140f349ff6b0d154a66005aa3b929a4415cec696c0851d4,baf
BDGSPEAR.BCS,10,0,9ebf2a0d15fe52f1e90924fee9f35fb6c34394ab4eaf0e2deed1a12cb9f10f81,baf
BDGT001.BCS,10,0,5ca06b4ec51b7c0401eb5033349dc9d4439339ade1a1c550535d150d109ac22a,baf
BDGT002.BCS,10,0,685591d0e5d97fe690b3e1d7872b152dbcddc32d223d2694f900079ff9c29162,baf
BDGT003.BCS,10,0,471ed056c7e1ed6db692ba337c2655ae530c160c4a9dbf493245f7d35c77a330,baf
BDGT004.BCS,10,0,5f164f8bd5ce0103ed35956e8ffe3104b95a93d9689e43c5c47fecb3337193c0,baf
BDGT005.BCS,10,0,e15b3c760b8d5571f0e67a3054b1543c068247ae9a8d4bee7eb8600fbfb65750,baf
BDGT006.BCS,10,0,c1a83bc578a8a0623021c751f9f2a12907232593c9e1f2c08761b4c457d22f2f,baf
BDGT007.BCS,10,0,e20d059ec031c48d947711d641f02b590d0c1238ccb0e66f8eedefe54859143a,baf
BDGT008.BCS,10,0,b8fc4938d4a0530180f698deeaab4698ff818a52234086cdfe9c32d667e89201,baf
BDGT009.BCS,10,0,49dad5d67555b201282300c02058b234df5f68b6c3a25c229529ed6ed53fe7e2,baf
BDGT010.BCS,10,0,63acd35ece798b0a590667a78b6796c84e1f6e7f5eea91fa727b882c6964c7ad,baf
BDGT011.BCS,10,0,0ea46f162a4da89e10d1b9e19c447a0f5d8bc183525304c4eec56e01f0d9ea1a,baf
BDGT012.BCS,10,0,d7bf9b79b68a5008d4de3ccd92f121e0f37125751896fd691ad1ea28db96eb1a,baf
BDGT013.BCS,10,0,db8f32f2c9f8eddcd1328a940c27087a80dcfa0f2cbea5d211da1d6216c22631,baf
BDGT014.BCS,10,0,302e5e47e0d069dd4eec2d3064187d1bf6dc120cc69c96cf008f254ecd3ad5cc,baf
BDGTSNAR.BCS,8,0,1fc72d9ad7ddbbf8c600e00a84398053b95a94bca0e28235ee17995a77f502b6,baf
BDGUAR20.BCS,57,0,239a291ead59e240c270a57ac4b31f38f5534b27b5837e9fa25d8c1e94ce2b09,baf
BDGURFLO.BCS,80,0,e5d529466f052e00c4b8dcb10ffd637f5e570b2d4696970bc3918f29cad4387d,baf
BDHAERC.BCS,2652,0,2a8b0e2c12c97713f80b9911fa2e755f033cd7e373db95a0cf4ffc0da23932fe,baf
BDHALAT.BCS,43,0,6c34076814bd871155fe138423b47f928d4d1053df220668f77490abbb36653e,baf
BDHALATA.BCS,99,0,a3ec64976a7779634f0f83a7a283f5171d759bbb5e808def2e0c1c1eff867537,baf
BDHALBAZ.BCS,80,0,c4a83f9b511f5389a6694986edbcf319de5b54b0bae953a7ddc47fcc98f821b6,baf
BDHALFGR.BCS,853,0,2b972951d864661a39975c7e0cb9f6cfc9ed165e3406f1595dc3894d2c1ec700,baf
BDHAMADC.BCS,748,0,a64bd79abda7c4a31ff7d06542bff19cf5e2797cc616f565b00719efb2ffd560,baf
BDHAMATU.BCS,818,0,cbe419a0811be9accb2cb714afd09e822d5f9c5cd7b4c3d57957d274a5fc50de,baf
BDHCORE.BCS,7,0,ddebb74681e3b2fe696fad44d480bf633356a538e0bab40571e5daa5ba93db1e,baf
BDHEASY.BCS,7,0,b936b44ab4e15753d5d539e5dcb04b606775bcace613e45357f2ceb3acc5f558,baf
BDHELCAT.BCS,99,0,d6f4cf12359597d5a696f603b01635104655f0f044df1eec5735f15e85374b06,baf
BDHELLBR.BCS,12,1,87d6aa091559dd7dc265268acfd822c30745e0cf7f52940f701e711b3c007818,baf
BDHELP.BCS,67,7,823a8552a7b4226a1bab216f6806abb8fff086d3f1e211f540fbf05ee298f88e,baf
BDHEPH2.BCS,0,0,e3b0c44298fc1c149afbf4c8996fb92427ae41e4649b934ca495991b7852b855,baf
BDHEPHER.BCS,56,0,5daabead17cca37f51803d1168eaee85fba8e9dee7d1b6959a146219c0809ea0,baf
BDHEROD.BCS,7,0,dfe2b9f023af50680e51bce7147f16267a995401304e9f579e754b4921048c1d,baf
BDHESTER.BCS,14,0,b11e232d24909a6b70658ca2ae64d10f3aea9261200319089c0a2d9c5c091365,baf
BDHEXXAC.BCS,256,0,76ab9bd4b92ab868dbf7e2233e0a3d68374dd6627163c08ca64836c86954e0f1,baf
BDHGUARD.BCS,23,0,1f9598a254efdbe607b82f6c6fd718e947404c80498c68db027ae40b71f0b8ea,baf
BDHHARD.BCS,7,0,7211df1e99aecfd492464c078028dc7a4bbee9ee3432ed48c49eacaf0ddb004c,baf
BDHIGG01.BCS,22,0,5221c1283eb00f0cf5ff5cf633160473001e94b853236980ca149fa34a9c5689,baf
BDHITBY.BCS,31,0,c8d17450a70c90c40758026fbbd2f9f0845f8cefb6eec8db7787673c056f648c,baf
BDHITRUN.BCS,140,0,7d5b403565f93a541b914ef80c7d17473004cefe33b656019c675315ea649973,baf
BDHNORM.BCS,7,0,e93eecae75d86322768d627c5f1783e1a0d8cea1a56e2749058caee79bf49f44,baf
BDHORMOR.BCS,21,0,a8053ac091db7e1c54f2d13a7ba58864b99f866a1d8a6d585efb9c7e72727bb6,baf
BDHORSES.BCS,8,0,83b0f81d7b0b0d507d19c649c0c57129d35026486f30ca265f7c008eb16f2363,baf
BDHORST.BCS,21,0,e01dadfc0b64f74e54fb9590145260eb4dfffe580d8d5bd3d85d25a6077d2d10,baf
BDHYRETH.BCS,43,0,4ccdaea07b62909f4be39b55d96310b1a5a3a1df3d3ca7442150e58746aafd15,baf
BDIDYLET.BCS,71,0,4ff6a8da5d761250353af27c21aeaa0734f5ceb113fc1c570648db3c3b82ab0d,baf
BDIKROS.BCS,70,0,c53c6609175cb8b8de02de0a8c8a84354ca28e7df1d3f583aed799aa8680bd27,baf
BDILLARU.BCS,107,8,2312132a133cbe1f78edbfe5e1e6a46df0ac4d0908946f2a0d2430662210a727,baf
BDIMOEDO.BCS,36,0,ecfe58faa587820f005177227270c0ded7f45e1e69a78128459c6bad01812557,baf
BDIMOEN.BCS,50,0,3d6e5ff2af380befc401fb9dcf1c914e952006c72e99d4a41c4f9f9f7cb992ee,baf
BDIMOENC.BCS,3147,0,c28ed934b3121c3525ad51c97e7f7692a7def20327ccc60f06aad3d6363dbea5,baf
BDIMP.BCS,562,0,4b7b71280d77c42e929e91f8de4b2e68bf461a176f17cf6e4cf55bb679a9e401,baf
BDINFO01.BCS,47,0,7846925cb59584c473f1e5ec58d153f49d3bd730570f4ae6b6abbd4704a4c963,baf
BDINFO12.BCS,39,0,96d04447d35531630e918f073599828e5cd439f3ab4f4c34f5ce97bf4bad9cee,baf
BDINFR01.BCS,21,0,d0d669d530667c9fa9d575283ba8e4016bbbcb70cc92edb88f552f8bbd3aa495,baf
BDINS001.BCS,23,0,74a675dc8fed64247f7952d2ce680514a2e41c67eabb48e082aaa37d517b1326,baf
BDINS002.BCS,23,0,67f32438e180601a582fcab75b5870c80e8b3f48f13f630771c3294dfa7e458e,baf
BDINS003.BCS,60,0,b7c0158dba0a3f0aa84afc0bc9a9d4d399cd06b9f2ce257a89a8149c61631e4e,baf
BDINS004.BCS,60,0,66540cf885594894bbd535d09bfb033e5a33c032c054111929ab1cfddfd778b5,baf
BDINS005.BCS,46,0,d54784701e0f38a0fcad305bf63591c21d87c9df529385d4bd01a09b09473f2e,baf
BDINS006.BCS,60,0,ae286d464eaf7772ba02954177ede285ca335c2697da192ec9ec8b65b3d9ad39,baf
BDINS007.BCS,60,0,b8cf4af84842f46f4a20411e849594db8f6378aa5c25aaeb22d486db0a7c50e8,baf
BDINS008.BCS,60,0,9cb75e2ed5eda96954897ec585643b315421fb1a6b3a17dfd5765fbafe43038b,baf
BDINS009.BCS,23,0,3eb157dc791d7bb3f9949d79a87e4e3e19c5ae4ba34a4b3e9dede92dfbbb6ad1,baf
BDINS010.BCS,60,0,08764f9606b42ecbfd491768aa3e3c584d8c02b7ace588ffa0ffe2d67c764e32,baf
BDINS011.BCS,23,0,ca2bf3ecec490d13640f0e7e94bf0453125b7a067526383a6fc2a686d45322ed,baf
BDINS012.BCS,60,0,d6588afc83676e6009110b09e6c8d96e311be42b8f22e992d3c4aa1c77f9e3cf,baf
BDINS013.BCS,46,0,27aebc18c6ff359c7b0da793575005ce00b6e24db5297ab2c51d673bd8d40edf,baf
BDINS014.BCS,23,0,d6379a9f16a8c0b9f39f9b603363bc58f282c70056090da38e41edde7a0f5e79,baf
BDINS015.BCS,60,0,78a901a3d163155c62a43880f930cdca55dfd3fb7a69563da5a8b39ef39693da,baf
BDINS016.BCS,23,0,1f543cf517037930cad816446ee6572b72c18928a8e6666f53a5d26a0b39ed63,baf
BDINS017.BCS,23,0,8448437f8cec82a688ff2355ea51a30a9576c5c7f34ee974e528b69fafc7df65,baf
BDINS018.BCS,60,0,ef7207a91cdd0bd896388845ae7701572f99eec966ff1212adc38c0cde9771a2,baf
BDINS019.BCS,60,0,adbda1fbc42828b5a8f9782f91fc3f5fe5e032874894990398ccdaf33525cdc1,baf
BDINS020.BCS,23,0,d1d69c8fd6352ee0f71828dd9c155ca3e20bc8423ad39cd1829ea2c93d5bbc36,baf
BDINS021.BCS,46,0,96115b50b4e0b69ad234234e9255334d3550c5f0d3d1cf83008fec88025fb271,baf
BDINS022.BCS,23,0,57689049805c923b021c5dfc2f729c8f4224669c8e63ac4b5df7bdc6b2791818,baf
BDINS023.BCS,23,0,5764655cc621381b6da2255051eca851a5540eb93ff601867c76453139ac8ab3,baf
BDINS024.BCS,46,0,80cbea35db5444d7e9c505dcf3ccf5662c4529902b83121efdb8bf4d82b9f7b3,baf
BDINS025.BCS,60,0,f64ece2b86943022bf8678cd183f4e6305295487149fb15c9f08d73587d68b5f,baf
BDINS026.BCS,23,0,7f35deb91d108db7204d8e6dba497b9ead93b8fdfe5441f85c70c3a986412af5,baf
BDINS027.BCS,60,0,c478cee47a6e610247a2b9ae925d07e1dd302ce6b9bd6c647a5d5c1b47227ae4,baf
BDINS028.BCS,60,0,216ed4174b74527d2f199c38be119c45a41a1d4f91078569ec747d8040fcbd2b,baf
BDINS029.BCS,46,0,816201962e9b38201e6c34ad493b73fb1fec1038390fb25e7630f15a05d09009,baf
BDINS030.BCS,46,0,54e9d6b3bbb508b5b86c3fb9b1fff16daa9095b5d422cacaa6a2f6e25b145321,baf
BDINTRO.BCS,667,5,7a26f5fb33d0e2d5019909bcd573c922eda17b7dbe98863420aa69c0a981a4c1,baf
BDIRENI.BCS,93,0,1058d47d6b795679f45e7bcb58bdbf9c36c81e76c4ebf66d13ee05e24485010a,baf
BDIRINA.BCS,70,0,9f98feee7a6b81a7f901fad7df4c4892c7d771ace2255f9825ef1e61e0ea25a5,baf
BDIRREGU.BCS,148,0,955f17daecdee5874b43d4d98d400be39f88e21c3b602dae3b1275b2515fcc5f,baf
BDISABEL.BCS,93,0,59a7f16fbba282911a36624c882627525b8a67e286d17e890c3038bcda1e89dd,baf
BDITHTYL.BCS,125,0,e98e75ef9a22f8285485298c144471444df3ceb26b67f32dc61416892fea6026,baf
BDJAHEIC.BCS,1425,0,4670f909b16031c911c10aabf07f7246196041c6365493ee9a4dedcbc311bacd,baf
BDJAHEIR.BCS,621,0,0a24cf512d23291b9c061b62b6cf209e5be6937fbaba132ad1199be654c665fc,baf
BDJANC.BCS,2259,0,1c773c11623983cacf1ce19a8a600d6144cfdfbcfc9cbcf72eb176d16991003e,baf
BDJEGG.BCS,18,0,194211293c13e11a0d720b98a2f3e6915a599ddd8d359d00d27ccecec5df931f,baf
BDJULRIG.BCS,24,0,0898f0b5178619e66ca4ebabae2665757b3d5d8689e02ebc421e7d9f3abd5cb8,baf
BDJUNIA.BCS,17,0,fd5395ce66a0f9eb63b597bfbe15688ded58b01751a4bfdc1cca18cff513f02c,baf
BDJUNIA2.BCS,32,0,164b4b7110af825d4f9f83cc292318aee7fd9391c4f9eca53960d2bcd1f81c09,baf
BDKAGAIC.BCS,212,0,3a3aadeac33c62b8226c25cee7488c3a3c0baa9d8a707292d578449239701d7f,baf
BDKATHEE.BCS,22,0,420fc20069009b242e988a31f97a69d90427f093cd3701336c64f007d7cdf958,baf
BDKAZZRE.BCS,16,0,09a9962c084944c23e31ed967ac5bf06a3f90a99af4f0967ab3be62b850af316,baf
BDKEGX.BCS,23,0,90b29303786e879dee752930506c0cd87fd88cf88874aabaf876580f9b8b5db0,baf
BDKELDOC.BCS,575,0,b851f1211813b9d5a84a46f07d409f679b308eaa869fd9f0d63d5500de951a2e,baf
BDKHALIC.BCS,212,0,3a3aadeac33c62b8226c25cee7488c3a3c0baa9d8a707292d578449239701d7f,baf
BDKHALID.BCS,947,0,01f35d400e710ef59b83d7de4a065b13b757c195f7ee113658bf6ac0fdaf3d89,baf
BDKHARM.BCS,60,0,83c4c0a3e2d62cb4db6854f6d85e05fc71659745c018093f94d1231e22fe71ee,baf
BDKHARMY.BCS,9,0,981685b0a30594569df67fea8d9856a5797c0d30126b49f792e2856b34deb48c,baf
BDKHER.BCS,24,0,b1c1b2a0a44e18e9232fedf4c0585dd3cfd13d5933a708f8fa6a46a88a8b64c6,baf
BDKHERR.BCS,42,2,29aa18e1d6f2db4c836c0ad4f861d3d7f7a7584f4a751e258435401d2ccd97a7,baf
BDKIVANC.BCS,267,0,d080caf38929b8c9db1a6df0a2e938182b4f2ac782eed6ee63a85fa493db47c3,baf
BDKJARVA.BCS,27,0,c13b38ee33a526caa6195c31e2d6dc21b68a3b77374622f441e1ee767c0f6b36,baf
BDKORDE.BCS,52,0,911b0cd650c7a7e86431b170d3597079ba8c95a890b287be7e2afa73b2767688,baf
BDKORGAC.BCS,258,0,69bb30e432cc53a10bd611aef1b381e5760c2e1a8d6187b949541080494a3d18,baf
BDKORLAS.BCS,39,1,e8a56aa23e8911eab97bc4341bcc1330a657a83f2ee0bcad45c10ace4dfce978,baf
BDKORME1.BCS,54,0,c21e2e055542e0d7897e7651d94df473a72bbf1b0fe7b34ea3645068231c30ae,baf
BDKRUNTU.BCS,9,0,9ac816e46d59a81ed1caa507c8707f0543fb9f23ee84ed69534c4f533800a6b8,baf
BDLCORE.BCS,7,0,6bcf29d0685dfea92144ec871528adccccf70dd2cb7e2d8ad639e1e97f8e07a5,baf
BDLEMURE.BCS,122,0,72caa457d5927060559c526a44160339457ec3cb3053256ec0e02598f51cad71,baf
BDLEVER.BCS,22,0,95c36113b50bf0d5f1da826e6008ec19ac1332178323230afd4c06a830106c45,baf
BDLEVER2.BCS,155,0,dc03b269355a3859ef69b1974c2bfb489194c05626f0e4e7c827268e7bbf8c27,baf
BDLHARD.BCS,7,0,827ca7e039390011c13c6867d0be82a88f37704ddea26ffdd7fa2fcadeb89ef3,baf
BDLICH.BCS,265,0,6ffcbb5f1b59708d8d9191545e9d118f1904e162ac6311816e8ef22a5ac82c6c,baf
BDLICH01.BCS,4086,0,8941bed369558d2d6f601a7c2f7f013e37d1671ed77760c9a667b69812e55afc,baf
BDLICHT.BCS,14,0,db07afc5ca46a184cdbb7550cded3f8a1e3eb522f6f8d93b1634b9acd5057934,baf
BDLIFT.BCS,32,0,9c5ba35564ae15ee174932f12ae6f1946a7455488fc3efd7f906b779ee9e4702,baf
BDLIIA.BCS,13,0,f7469a4a60b49ad18671fefb343326a92e0e069cc57f09835166ad87248add18,baf
BDLINSA.BCS,7,0,38bb7db978a7c4338af65ca867638afe72ac7be2c349faa7c4c19836839055cd,baf
BDLITLA.BCS,521,0,33a21f687715239a0152ab2b441e9baf67eebd4571d594a8c9ad6f9495339741,baf
BDLLUIS.BCS,66,0,065faca577fe7acb4b6534a3230ae6569dd9985d5d4f64aa9aa1eea105aab05f,baf
BDLNORM.BCS,7,0,0dedd6d293e39e95e42eef028bf46e7d0d992cff8b72ff1e1434e3aec4d97597,baf
BDLON.BCS,87,0,ac79b69e42bca31fa5ce6dbece6e5787c7783b162306f8cebef7599f3e23672a,baf
BDLORDDU.BCS,36,0,29ad3694718ea8a6b6a5e33e257117eeefb0cc6adf358c546347662eabfb71c7,baf
BDLUGG.BCS,10,0,d4e4bb325c1e7df0792061935c57c1829fc647d3b05f93c2a5c3b95c4d8f6fb1,baf
BDMADELE.BCS,16,0,3f64b4e838438ce5b79c05261867b3338d68c753a87061e2f3aac94c94ec2dba,baf
BDMAGE01.BCS,2732,0,3880788771224ee9109bc1c8b32ed69eee9273f273eec71849b597f605718c97,baf
BDMAGE02.BCS,2961,0,17a36b0eccaf9b6b608d0ffbe952f616ceb9cf9232d028470d45dcab5f27a445,baf
BDMAGE20.BCS,1192,0,7247fab42a10c418f0cf8a093a73e14b52dcff32ffd0c083e5417ba78659f4b2,baf
BDMAGE21.BCS,901,0,44a293f5ac35e5c743d2601dee93974686d546373c4d9e3b0461e97fb556d606,baf
BDMAGE22.BCS,960,0,8d5173f715314ae340dd44ecdd8d5fc97055b86f8a5e6121ef5f2f5c1f8c37cd,baf
BDMAGE23.BCS,771,0,0b82f9d9339edae5f1b44c0c5f6dc789785b99d6b1be2aa5b2b6c1cfbfad69af,baf
BDMAGE24.BCS,945,0,843967162092f7deedaf86695d395e1cb12c453016c53f1b4d96bcc658c25be5,baf
BDMAGE25.BCS,885,0,b0554caac3d941bbe60f3d1ceb79fb5b05983e086d031deee6e676a4a6cf2945,baf
BDMAGE26.BCS,578,0,5ee5b4b1895d1d40fec25d808645455ee65d34c670fe5846706ae76be8c0ba40,baf
BDMAGE27.BCS,642,0,ed410110641eeb103ec15350783587760e01189965f341db77e140a27cbb38e7,baf
BDMAGE28.BCS,730,0,c4268ac2e73c7bec4e9cb6024ba4210d24516f2e28fb4672dba353ced82abbc2,baf
BDMAGE29.BCS,634,0,4c58595cf249d5c66b0a5f8861bf55f8ac587023a2e8c63ee47b8538b85bdb57,baf
BDMAGE30.BCS,437,0,f46fd59e4cabf43751bc23b01ad779d8218c91e57e3ab071610e3ca4755df38f,baf
BDMAGE31.BCS,557,0,a135f424e7964a702d78486010411c6a37e43c7a45abbd8ff7715d614c13df21,baf
BDMAGE32.BCS,859,0,e2b3f74a5ec8248bc1ab190852757d2cca4daec57cbdaa352e9565e7ccc14b25,baf
BDMAGE33.BCS,791,0,c3a9b9d242e2f0d7aa039da2e70960238bd6266e39dd83502fe49b86e9ceee35,baf
BDMAGE34.BCS,771,0,16fa8a26f6f786e25cda7fca7b016d5db48bf9dd3579091b7e20469b69940fcd,baf
BDMAGE35.BCS,710,0,28a958b1f12f60208e015e87dac55ed03486e052a4a408995fa30efd958d6daa,baf
BDMAGE36.BCS,551,0,ce1c68ff14ed0bd22a05e7fc37f8ea609a52dd25a229f4915c85d2c824170771,baf
BDMAGE37.BCS,1093,0,af87f35a1b0ceb0728b8d38a175a4e09328a70bdd85681994ad5a3215d874e58,baf
BDMAGE38.BCS,1192,0,7247fab42a10c418f0cf8a093a73e14b52dcff32ffd0c083e5417ba78659f4b2,baf
BDMAGE39.BCS,557,0,8ea0669ecd0557f6fe07f7104d3a215e78d2c3cd3494185eb64546305fa0c92a,baf
BDMAGE40.BCS,859,0,82af32afddd91726624192cf264c15c8c82adf6dcf05a7b651e7d61e8f4e4580,baf
BDMAGE41.BCS,954,0,cc9aacfd6cd2f3dbcfe49c23111fcdf3b0ef3a514d1a22f2cfbb050ca2baa0cc,baf
BDMAGE42.BCS,1064,0,c2e050b5bb985c9a433afb699f0ea1ef65ac8c3ca187f8bc4a5e31436d35e38e,baf
BDMAGT01.BCS,2749,0,ac3c416383d1e232da7e9c34adc6432ccf0d4acb1d28f15b42faf82edb738a8b,baf
BDMARCH.BCS,167,0,517bf61145ca15b24c06bfbf186de199daa06377ea7f0a8346db5a1f7d6122f4,baf
BDMARI.BCS,8,0,b0de12c6440dd1f9c62f697c8ab0cd0084cd8b5c7fa55d729d4b8734291e10fd,baf
BDMASK.BCS,77,0,cb07fb098911351f29e396efe054b74e321d5485f0b4c42c06ba24ea0889fbb4,baf
BDMAXWEL.BCS,26,0,d7a46abf06adae4684077bf620b2afaa88dc4279a29cb1304530f96574168600,baf
BDMAZZYC.BCS,409,0,3274c0cc75aaf14ad190b9a9b3c4ed790815e8bf9ce978bc012761cd648e7c83,baf
BDMDEST.BCS,15,0,427143d8bd1b254627737d8cad1dbd67ed50de025edb1059bc74130dde3e1574,baf
BDMENHI1.BCS,51,0,6e5fa943ffd6255b7cd3e946b60276ebe483671a505c8f28ea80f289cc9e5fa6,baf
BDMENHI2.BCS,42,0,970de22656c7ffc9c885e595d059f0f2c69957fd1d414b337f6e910920a91630,baf
BDMENHI3.BCS,42,0,43e16ff4aabb2b9b250bb0ec345809323cd7a56bc6056b2098f31675ac708320,baf
BDMENHI4.BCS,51,0,fb2dffbc2cf0bfc19a7306438fedc50238ad515fa467f8af1722d38043af0fe7,baf
BDMENHI5.BCS,42,0,90226e7d89b782d2f43d94b9e7abb871e00d85a0e224c3992733334f0d7f81ae,baf
BDMENHI6.BCS,42,0,93711019874d0a1936d485746c1586a74992ce941ec8ee94c3c0e002f13936fa,baf
BDMEPE01.BCS,141,0,fb526cc8e3e295189cf550ca0238dd1d1a87e2420bde4080864b26aac063ad02,baf
BDMEPF01.BCS,276,0,d2e194fd2b8b344e6edb547e9f24b3de334135ecf0312053abb0b2d2e0b8dc8e,baf
BDMEPI01.BCS,153,0,a4afe1627bef3f7a42218dcfaa028737e2ba05d2ba157c1f4d05fff2787ea3bb,baf
BDMEPL01.BCS,160,0,9ea0e4bb6b2b79bfc56681f1b110fb30dc499f652387703248c1757a9fc029af,baf
BDMEPSUE.BCS,129,0,bd4d23aeb28cca097310b3d03410fc3e7e868361fd2cd0abbb4657d09b741abd,baf
BDMEPSUF.BCS,330,0,3139a21dbc06bf8ead96f1fbfd88d2107fba5cc4f25033ddd6a1a945d6595b2c,baf
BDMEPSUI.BCS,138,0,b5794a7f757063032282c9fbf66e96d4f87151c6496d5fa4c026ae6dee40dace,baf
BDMEPSUL.BCS,144,0,3cb80cdc50863bb3bca703acf6dd739d85d585db1a9a6a852e97b92418ed4380,baf
BDMEPWAT.BCS,17,0,f9305af923f1e9bfd2f578b2243aac28120ed24681a9284d1c63c172b8cf8bd8,baf
BDMERCZ.BCS,96,0,f6231fe416fc454321c7bdae61eba7dd1f75a3ac8bd239e4dc7ff26a59aa62c1,baf
BDMESSEN.BCS,51,0,a86eaed93fd3ca16f96b4575fcdcb0fa2a1139fc25eb54ec5a77ed8f3f4b8c74,baf
BDMIMCH.BCS,8,0,2112ab0399dfa3560ed6240c1b610c27170f7aabbbac083849d322be3427500d,baf
BDMIMIC.BCS,43,0,02b928aa8f358743cb28b30e6071fb59e993d583e92c2cc161793262886676c0,baf
BDMINSC.BCS,851,0,2724e21082f5e2b1199a8651187dde0c8ea32d8d0bd8061ba045b7049759f71c,baf
BDMINSCC.BCS,383,0,d022dfd614d6d410682eaf480edae251eba435b9492a6452f3ecebc4a737da79,baf
BDMISC01.BCS,124,0,6143cffe3d54ca134bba50effaa20f955877c0119659eeddd1c21ebfac22c2f5,baf
BDMISC02.BCS,10,0,dd502480a74dfebdca905478c6df79222cd086d78501f0f049f964170607b031,baf
BDMIZHEN.BCS,64,0,785ca19261523bc6ed811b7215ad72121403ce27b7419660402c9d8462ea0ef3,baf
BDMKHIIC.BCS,1667,0,0c2c059ff3344c2f74602d13ef9fe785ffd5b4972f70b9c6a306a457edcc968c,baf
BDMKHIIN.BCS,599,0,0e701b239f9f8a5c7d42ac4d39fe23c3708cc63ad5ac0ec717d417114a9e918a,baf
BDMONK01.BCS,449,0,44d11205d96baa0da3376523b82c32d809d3ce070aef75bdff28fd34ccb6571a,baf
BDMONTAC.BCS,242,0,6a5107afc15c028f245a833cf0c3d3106bdca10e52f86b5d2674550b6a4ecc2c,baf
BDMORENT.BCS,447,0,d6579ac72cc4e00aa0d0f6b0884e216f6724418670c5d163ca27fd88477138df,baf
BDMORLIS.BCS,32,0,26f3446b0ae22bfe1292186b4ccdf674e367f3e3ef4954d5ccc9473274137eac,baf
BDMSLD.BCS,17,0,e520a95301461312d7759d6903dd9601dd3d38b72b8e68b0e887e2ec717d7dbd,baf
BDMUMM01.BCS,63,0,0c87fce47c9f05c52f1a14d4e9bd3948588bd10b0e5c049ae258f18f8693c62f,baf
BDMUMMY.BCS,24,0,1d9d9305d19fccbca9bd018d96d49b32aa4b96be411f560286f1f4a3e913d35e,baf
BDMUNSCH.BCS,35,0,8319dd6e3bde6cd9f98b155214bee99d2a30c5b62c071c79c8f64337bf2cc3f7,baf
BDMURS.BCS,97,6,9432250514a1fe9bf080b9affd987ddf68d87efc472aae85ec5c636b908263f4,baf
BDMYC01.BCS,26,0,810ac61502d8392f79d282f5d6b43cbdfda91038d620094033c4c77c4488f4fe,baf
BDMYCELD.BCS,20,0,52244f44c255ceac5723128b3e420054d26e6723d4b8437a608b9d3523051bf2,baf
BDMYCRD.BCS,366,0,a750c7b07f7a10fce7a85daa8c93e467c216f2b24c147791b8bdfe6e69739128,baf
BDMYCSU1.BCS,174,0,4d7a2af90f0247a56e039d08b73e0d093be65acfb6b09209ae649dc0ac304ed7,baf
BDMYCTLK.BCS,14,0,8eb9f5b6517f0921d2466d1b9ea20b9d053ded9c13f2b1f5aae6685fa2d4cff7,baf
BDNALIAC.BCS,2259,0,1c773c11623983cacf1ce19a8a600d6144cfdfbcfc9cbcf72eb176d16991003e,baf
BDNANTRI.BCS,39,0,5756289a54397e5457f9d27c3ecab056673b49c3522461797a734974fdc73d74,baf
BDNATHBA.BCS,57,0,1aa46ea463fc7be49bec080fba503c789c314233570227fa27f28752ae759e29,baf
BDNEDERL.BCS,59,0,853873ef9c3756f1d2b50f7dbe7059b67a11b5d8402ff4ba52f56ff1be14ffd7,baf
BDNEERA.BCS,1201,0,c8f3e5d7acf30eebc0c6fe1ce85ceb0ef21745d73b0879c148c47bd40bfa7d0e,baf
BDNEERAC.BCS,2315,0,b01efb338d8c26188f3ede9f57dcf1f149944674a9ef9dd9918891fe3898270d,baf
BDNEERAD.BCS,8,0,5a737fbc439de7aeaf633834f1119d79de6e41fa8e95f7587bbfbce9aa051471,baf
BDNEOTHE.BCS,1030,0,6d641fc3e5593ded6a0cabb6ba6bfa04dcc5e1927e6debf2fec1c6b74d8f1063,baf
BDNEREID.BCS,747,0,a67fb218fd44ca53762213cb14b6a0cdb639512826395eccfcb1a5dcee16acde,baf
BDNONIN.BCS,227,0,863b5000ccd2823b629a8faf0c6fa48f266f4308573057a1b49c3b441d1f0396,baf
BDNORES2.BCS,40,0,20aeb5f03897b1576504575fb53651fe29dbb3872114b97d9a72516af266eb03,baf
BDNOREST.BCS,110,16,2781d49ad10aef82db01509d372730f365178785cf9113f628f8296ea0263acb,baf
BDNUBER.BCS,62,2,4d6ca66c244cd962d7bd6e411655197e26df04fe239212a9f7e4dcb6f71fcdb6,baf
BDNYMP01.BCS,1174,0,165ad3c8a436b97b2d8fc41c866e960404c8aad9e1c96b103f0ffac5816bdfc3,baf
BDOCK.BCS,39,0,57130ef7b8873bc4a270b85f1a4e53913c7d70374d6192194d04315d0371c9a0,baf
BDODSCRY.BCS,151,0,7547d6c3f46f12423c0355efee1117a315470ba6d34db3efc06b92d52b287227,baf
BDOGRE03.BCS,734,0,7fde74bd36faa6551985192e862bb506a3a4e61f8c7d8b9110927618a342501e,baf
BDOGREF.BCS,27,0,4e7ef0f25818c239faa4045ea7026dcb89ded6d867b4ab329b8f561d970af638,baf
BDOGREM.BCS,46,0,ef47f62a994328cda05d43c390c07412b7cd3839de5b98881e0aa5fadac4660f,baf
BDOGREPC.BCS,294,0,862d80c4a7d7f751fa296a2bc7a76733140a48e30602dd6cef0d26ae448d3a0e,baf
BDOLONEI.BCS,27,0,e75c3d9321a39cef010fc70d6ac5008d74b9708044787188a2160ececddb63aa,baf
BDOPHYLL.BCS,135,0,1d3ef3a329e690cd2748b34f5613ff65c13d24fbbd2ce37228ffcc07511c1bc4,baf
BDORCTRL.BCS,111,0,f60da1a627692a78200991262bc43aade3b3aeb7f8f656b98105ae14a4ba7a94,baf
BDOTILDA.BCS,17,0,d9781ecfcd24b5031eff7b5e5d85c08c221c77f5c6a495e41f2951eef90ed938,baf
BDPAL01.BCS,903,0,e6a1431a50a4ec8a2fdbb62d75c96d747d4a632d321291e726bf0e2bb0bfb43f,baf
BDPAL20.BCS,191,0,d90fd9ea28599f8b5e8620d2659d23d636f3df616f90258d506a04d36e56edc8,baf
BDPALACE.BCS,90,0,a2b2d62daede0c4435bbfb56d79c629b13afcc80839ec452dd840cd999eb7019,baf
BDPANIC.BCS,31,0,5bad2427db1bddf59fab4bee0da0d56c8ba3cca3e175939520eecf5989a6f48a,baf
BDPANIC1.BCS,9,0,f5d555eaeae4a5bc8b8e988834f74f2576c4d6760d207751e54f0bf6d237d94d,baf
BDPARTY.BCS,744,0,b19d6e2169476f28f1553118ae972e0b32147a49fdf59a470e7f80e793924873,baf
BDPATRES.BCS,25,0,904f085b2384f9739ebcbc51e212f21f78f8d04caaf9455b7797d5f93431c3ca,baf
BDPDOOR1.BCS,58,0,0a7deb896f721d7ac59cd22b93c4ab89bb62c967f846dd24f49e63878971f64d,baf
BDPETCUT.BCS,28,1,fa9ff56940006dae34b3cb2374ceee77b24f2d968dffed94ba01ded61c87587f,baf
BDPETR01.BCS,43,0,f394d4aa97c0c79d02c475a4828436a338130767f8e1ebcf367f82e6de45047b,baf
BDPETR02.BCS,43,0,3e2c9c3feea0c12de5f4047db5011da06636683ebebe4bf5fa167b6990e60cd3,baf
BDPETR03.BCS,43,0,56ca84a1eed9c5f022d5816132308f443fda76620c014bbae0182f614635ab4a,baf
BDPETR04.BCS,43,0,98a0b9dd48d10a9d1b55c775b1ae97e05e4b9c1e17fecf0b94408d4cd23f53f5,baf
BDPETR05.BCS,43,0,980af4439e6a8452adc0039d38a48d68a6ba3dcb4bc8bc07cb0cacbd09b24c14,baf
BDPETSG.BCS,22,0,a2c01a56ec7f8e8de84ebd7999666408348e47851ffc30e220f85313f0495e53,baf
BDPETSGS.BCS,24,0,19a955ed862dc135825fdda5af8deb411cd7c12b3bd993779973117e4611f73e,baf
BDPFAUG.BCS,19,0,0dbfe4dbfcc19c0c6aa1b94e7093bf5cdb2da4c02dda266309881c16196fed5a,baf
BDPHOSSE.BCS,79,0,455e58e76a74dc506e3a85eb307d6937245e464851845ac848c8e7db2f3ee211,baf
BDPHSTOP.BCS,7,0,54521626f93c3c1167d04d746c521a5f41b0d4709027c90675599ab3cfe30238,baf
BDPHY01.BCS,34,1,a003c18516d773e2100077ab0ff516c970558e5e9f274b7b630d6aa00e09173d,baf
BDPHY02.BCS,32,0,03f48a8396e29007fa87e2d7f7233788bbeb2df53c8547e018a4555badbacb7b,baf
BDPHY03.BCS,33,0,898db7e4c85d8fa750e231eb6f435e55aaf7835ca7ed1f4b2d0e7e719802e76d,baf
BDPHY04.BCS,33,0,48477767082b6254a78a7115cffb667eb44fed05f1ca89d03128439e7f5b9e34,baf
BDPHY05.BCS,32,0,83b1227841304cf8b9c6950c5dc8010aded6f77b3fc04bb48e4507f52ac29c4a,baf
BDPHY06.BCS,32,0,a84806e6fc8cf4a8309a9806d85b8201995016fa934880dcfc00f8adc6f445b0,baf
BDPHYDES.BCS,23,0,f62711c59df10f7f1800b951d9736647f5977c8cb9a006f00faa1b7b7d224093,baf
BDPILL01.BCS,47,5,1dc22feb4c5238364cf3483b13dd2373658601d76464aea1f388e3d53b411c17,baf
BDPILL02.BCS,47,5,9154752fe44b1b5db84c05f34d0e5657e36ca6e23468060cc4379367eb1c7227,baf
BDPILL03.BCS,47,5,02df06eb3a1e806fe706e30787dfe20236a98da6e3b7f900cf1d44da38e968b6,baf
BDPILL04.BCS,53,5,0ffc91dedf1c068773a049b92f9e843910d681f3cfe5092608d34f1273e79b10,baf
BDPLAYER.BCS,10,0,04fd396fdb8f05b8277ffa62e221d7f706b2f605034e25f1de562869da3e43ab,baf
BDPOLVI.BCS,45,0,a27a60b1caba6a454a42376cd5bb2e5b23e9de30c690ccb0064c872cfcbf873c,baf
BDPOOL.BCS,48,0,6d2fcbcecae9225f72990986b89265f70315912367f1035a40b67efe239c5768,baf
BDPORIOS.BCS,1061,1,29894d7ac31ed7f707113edb3732ae7a1c26e484cedac15eb1dedd9d0a51e66a,baf
BDPORT01.BCS,177,0,a07436e9af1e8d288fa01a4408231b77434d39eae4556a39ead5cdf4b23133b3,baf
BDPORTAL.BCS,139,8,5e436ea8c1984fd35b2a97ec2cc5621d85e7ecb265b6b561ecf3f0193f0c8391,baf
BDPRI00.BCS,1892,0,ee93e33d1140703eaf304e45613320fa74d582e31aece486f308163aa9f2e629,baf
BDPRIES1.BCS,31,4,40c827e1501b7bc8492ad2d84fb77eaa414962e47fb4bde494698add2dbb290d,baf
BDPRIEST.BCS,54,0,93bdc3768e638b6b789e6d5a24c443cd10e3a452dba863d4f14f612256974447,baf
BDPRIN.BCS,29,0,26ff5a71e274837b563a70e960c8b7d8f22dc12811c675fac91228d039fa9cb7,baf
BDPRIS08.BCS,25,0,84309ef5abec5adcbf4c27dba104a77a37b59d08582c4dde642b29470a3af797,baf
BDPRIS12.BCS,20,0,e08cf4eb244e74d163a3401b6fca5a3545472e45a85d1db1ec2e17ab30d0df13,baf
BDPRISD1.BCS,56,0,9b66859f9bca2ed611736d087f919a34ce2d29d9f423fa4338dea58a4b9f1143,baf
BDPRISON.BCS,35,0,8f8e93f42d7ad9bc474f5d75fb6bc721748218842d912947807985313966a7a7,baf
BDPRITCH.BCS,105,0,2d9f79764529fba29c932d6a249572c8746051760aa16aa97007b54f09594735,baf
BDPROX.BCS,9,0,a795bb79d658b618487619146e68bc0b06a9a069ade08e042ccc990b4ed613c0,baf
BDPUDDBL.BCS,15,1,9eab15a7449751c74bcc487489d26b89c2576d2ad38b8533d7d1f93991fbd8ad,baf
BDPWATER.BCS,21,0,506efd037d9d47ec670d5243e9c452142bd41437032b98777bfef9674bf1af88,baf
BDQING.BCS,27,0,0ec83abeab724accb331bd49d5088bb43947d3d7a95c3cd7dd0fba57de11c1ba,baf
BDQUALEC.BCS,4295,0,85c7f9e1feb059562fbbd9024d9caffa61c0f604e12827b561da198248578d69,baf
BDQUEUE.BCS,21,0,fdb7dd2dd56e4f7bf4e98b7acf0cbbfa4481a01b8af32b8177bae87e9d91c241,baf
BDRAEANN.BCS,56,0,3a0b7f34a695ac96322f771dfb31b8d58c66b773c60a4e8cf990ba6080453b21,baf
BDRAKS01.BCS,1145,0,922d3ca8502e6b6035f4ce8ec79642ead29f661d3ae086de8434f289f13b91ff,baf
BDRASAAC.BCS,810,0,a32aae40439e97c5e4717c235d4f60be5ae1946593a4454a6a3a0f49e2b4884d,baf
BDRASAAD.BCS,980,0,f728dca134f17c63453ba083288491a1690485def32c228360bb27f1fc6a4797,baf
BDRAT.BCS,55,0,29d8d33ecfacea34e32c832f33b78e753841d8ea39c25fc32f71634c44e3ff7e,baf
BDRAYLER.BCS,12,0,2b6b7dbdd28603273001757da344c3121bb0ffae53f79bffc0498326bd918705,baf
BDREDX.BCS,55,0,d1665d8b57d3d0fd558e4dfc026049e205493e9836dc69d6141d47ec1cc0a011,baf
BDREFBF.BCS,86,0,1e4faeaff594f9fbf0278f760f4bd4d3705b2df98563e7d07e2a4a958053a0fa,baf
BDREFG.BCS,112,0,80ba1333209d792ca37c61884303906454b515008e07e17c58192373f202e364,baf
BDRHONDA.BCS,34,0,4cfa08182584fce5522b1a10b58254eb94d854fd0a261c74306623c2bd9848da,baf
BDRIGAH.BCS,25,0,f0eb47fde060a40d9a7b174b1abb31002f6567b137fa0e61dabd16e3c7eb0584,baf
BDRIGGS.BCS,58,0,f4597748f33dd52562212eb2a946d0c1537777332ac7370341a1bf91b610c50d,baf
BDROARK.BCS,74,0,f7d6546fa05aa9367e403bd85574f90e3a5e17239aabeba6c42c31da1e2fcb49,baf
BDROBEL.BCS,27,0,8793c0ade2a8c2140f60fb9be87b70dbadeaf2e0398f6e29020cff6ee1799a88,baf
BDROLFF.BCS,166,0,d112b8d551063a2604e7b21f196cd824468f2943cf63dd0f2b3902c808fb3827,baf
BDROM01.BCS,44,0,ee05111fea461d1cc719d960eb3d1f9cf924657b2bffc5189f587989755a39d1,baf
BDROM02.BCS,46,0,de3b4c8876c40708579ff035722ee1bb1af3435870cc89d47dea0ed30e0ac82a,baf
BDROM03.BCS,23,0,46b328cc0e67ae244b0d70b1ad54334e9c9fbf539489e2d1321b3fe2eb9e74e7,baf
BDROM04.BCS,23,0,df4f15cfd740c8c90ca743b50447484368f0aad96eaba9273e41215462ec7931,baf
BDROM05.BCS,46,0,5b02d6901241903f6f32395e01c5594191f2982a79354f192684912150302fdf,baf
BDROM06.BCS,23,0,4c843af0f4dfbd411c367724203f241c65bc7146ed1ebec84360887d52f074aa,baf
BDROM07.BCS,46,0,c0a503ea93ffa0175408d8a6152a3d3949d74a5547188fe13af5e4aee2c51ed5,baf
BDROM08.BCS,22,0,17265c22bccc8f7ceb02d4cf68ddc6a70072325dcf9fd7b0a744e9f302dbf93b,baf
BDROM09.BCS,23,0,fc5aee9fee4a1827a13ac04bf7aa4031602f119ad4799df2752615fe9ba894a0,baf
BDROM10.BCS,46,0,b86e3711bef272d00e6bfddecb3cc46c8e5a235a7ba9587d2e6f3a43d9d7d9dd,baf
BDROM11.BCS,36,0,c9aa88be854af2e3178ca515b1b439fe16b7005eade0cdde11092f0afcb88938,baf
BDROM12.BCS,22,0,423c81203fc230da8887fe9ac205bea92608c411e1c3c2b6eec53081852deaeb,baf
BDROM13.BCS,22,0,2859a712d2b5a3dba1853e9fcf26cf107a760484c520459f91b2aab0425b58cd,baf
BDROM14.BCS,64,0,71b3174b6361f47f55570daeb4ff13f6554e1b95f1bee34f3e745437fc6026f6,baf
BDROM15.BCS,46,0,4ff2a1cb1ec14fb68281a57296f39f0a358c0d63907b30816813a567a75f9a15,baf
BDROM16.BCS,188,0,53b5f76305c0b3ca359f7f707049e56ffa52bc571092ea8ad6cbb3f2f3970312,baf
BDROM17.BCS,178,0,9cd3e903d251ea00e2d3f0230216748fa0e8095bcdce2f035d44427ffc597be4,baf
BDROM18.BCS,47,0,3abc82444c79fac69d9e7f05dc5d77bf11343d444383abb1cf92d4b764e1ca54,baf
BDROM1X.BCS,12,0,63db3a1bd558ffe91063a1441c6176e230dcf9a6a17cce7449cb897797a43fa5,baf
BDROOTS.BCS,39,0,f2290f9bcc5d399845a2813bb43f7ecf221ee5a0a9da86eb9a707f462c1e77fa,baf
BDROPE.BCS,19,0,4f76fe03ab1a95ac9a6e56282a6d39ccedf23d8a36a2d30e97aaf8deff85fabe,baf
BDSAC.BCS,219,0,67e01d46d116550f5573cc64c760cd0c8dc9d3f75d803930a5894461df36ec92,baf
BDSAFANA.BCS,941,0,78bcd1c4c0f833e9c1d6ab18a508131e328fdbf5d40896c4c21a85c5f5f515bf,baf
BDSAFANC.BCS,403,0,ac4acae0b3479987c9f7df53f0723d07f84cb0456693cfb91497b749d5a810e3,baf
BDSAHGD.BCS,262,0,d9692ad5d9386dc75f257b9ffb898ddc349171e234c8172099ce4eaadfa9013a,baf
BDSAILOR.BCS,160,0,caaf421498e8f6f14d26df37ac3bad684f7ea9f518b6a219731d82359711633c,baf
BDSARC01.BCS,27,1,dfc73f456eca41c15fa30f2449a02e79616f227992c50874c3ef9b73e5e1d437,baf
BDSARC02.BCS,29,0,69700724838bb0f3584fa09981cc3ef46264bcd6897c648dc8ffe445b98ce8da,baf
BDSARC03.BCS,486,28,1043bea185fbf2cf090bdf98c0a16c5a9be06c21733326a6ef8ac39502accddd,baf
BDSARC04.BCS,10,1,2b6bea12b44fa069a8d4823876ecfd32156baa0c73665597e9e1cc2f228324f1,baf
BDSARC2T.BCS,25,0,e7f18ca887ed8bc247ae549b7ef06301ce1d81c3b98955164a045ffdd1f50aa0,baf
BDSARC3T.BCS,14,0,9396e1faa4ded461c527dffa6b4e59634bc947ecf2d8e8f5824afd08710d47ae,baf
BDSAREVC.BCS,227,0,18a070e65e12447c9a45c9d6066f5b76505e1c7c46dfac8f7aef92929d6b1ee2,baf
BDSCACHE.BCS,49,0,afa174477ad5f8e4821e0b16d0a4d87aa8cedd0aa790a7f5e70d750715101647,baf
BDSCAGE.BCS,49,0,1bc686cc236839c9f1501812f77ec9e772bf777cda69efd0e02a929cae9e8ce0,baf
BDSCEPT1.BCS,68,0,dbdb986f7525458ace3fbd6a3baca78f73ad8d223d6184d8e1bd9994e5dc9346,baf
BDSCEPT2.BCS,68,0,7343b1a0a5d83e282444308a37659e005c42e54105062d349d2efa604b389bad,baf
BDSCEPT3.BCS,68,0,86b7d332d725d11ec87d351a0fc476df0e2b272944cbee24541421fe7401ed80,baf
BDSCHAE2.BCS,0,0,e3b0c44298fc1c149afbf4c8996fb92427ae41e4649b934ca495991b7852b855,baf
BDSCHAEL.BCS,310,0,8dfa234b93848390c912d02f189bcb735f46f0256cfda66af524c95ceba4a80e,baf
BDSCLANE.BCS,64,0,59a1f9f7fcaadcf05522afff60d2b411f46d4b6953490be8720c0c81b989eff4,baf
BDSCRY01.BCS,72,2,0dd568b99726a1f89ce1284ab6a4dfc4cb135da4deec800aea17d3275ebd12a4,baf
BDSCRY02.BCS,26,0,b04b7257fe37aa8c71b27203a0891372e20a7b93f694cac2764d7c003592dd7a,baf
BDSCRY03.BCS,601,193,26774eff3a07005644c517201b7397abb5f3d5913580519a60357566ae2d96f0,baf
BDSCRY04.BCS,18,0,ed1405e7a6f206ade6850d3a033f94889cfa35f91179ee04e42aaf956dc78f04,baf
BDSCRY05.BCS,71,2,bf57de41e8a3595755c67421348caa22dc11d7bc8a7e3daf967915277fc8b42e,baf
BDSCRY06.BCS,26,0,4c83a67c619f4b70e60ad0cf691c3c4c5c3af84ff241ca08e94d0d886c92fe8b,baf
BDSCRY07.BCS,20,0,cba96f87643c84da6470d24b5cabcd0010097a9e76685cd1559e57dbdb735aff,baf
BDSCRY3A.BCS,94,12,eac3486e47ffaf01ca2e461a5023227e55d3e9fa6c1890a70ae5fe6f9b0df43c,baf
BDSCRY4A.BCS,26,0,9ebf69112c73c4d2159d6581d73b1c3e9e48710136e749f6a5e7d01c5a2c6d03,baf
BDSD302F.BCS,14,1,139fc5cf05e488387acd147c19c80521b18b0d65a79372a7c1379711bfd6bec7,baf
BDSDD118.BCS,28,0,b9113a85ed940e8eb3d9f9ef417e94341c75dfe9dcd99a02825c8965a34d5c47,baf
BDSDD201.BCS,31,0,4bf8edf03ff52747c6eab940624552a0e8c9a5fcc06c4f7b6ffe4aac1fd8896b,baf
BDSDD251.BCS,24,7,d48612085f4673f246735a211304689a4c19f9c975ace11ef1eafd60cf3f1674,baf
BDSDD252.BCS,34,3,758e3d6e4ab122f05200096b9c2a58422e403b35c8af8f8d10c087e8380dd585,baf
BDSDD302.BCS,48,0,adf1920d4155a9861979090e106372b11786041a917109548d11f7c8df809c31,baf
BDSDD304.BCS,444,0,1ad223915883fef51c88b13de50126522edd68cb8ceb6e1551111cdcfa50e4fb,baf
BDSDD315.BCS,23,0,594874cdb0ff8cee793a080c15f089e30566409cf6539cc8d97005737761f122,baf
BDSDD316.BCS,23,0,35a589fd5a5940ed7d5d446368708ba0ee1a4f7783b3d8d0e4251d992d4467e7,baf
BDSDD317.BCS,21,0,6015e2a9d8e110ad4972db4f3c426f951b3b0c9912e5729379a8df866e917987,baf
BDSDD329.BCS,33,0,d78f8fbc16f5ca95cfc1c79d6cb9752b1d844143f2a7ef0d035eb44ca193a4b3,baf
BDSDD350.BCS,28,0,8b07790b5f6ca87b65a490cca498e1342022ec94411349150d35b7cbc47f15dc,baf
BDSDD705.BCS,44,0,6cd84100e5ae167f4c91dcc5fcdfeb80596cb11891d06e174c8bc028ba19e4f0,baf
BDSDDD13.BCS,67,0,0a2c126ca1ba3fc091c5cf7b3634cbbc7fa025fd5d0a5c540b494768c134b919,baf
BDSDDSKI.BCS,37,3,3b2462d3b8415b6883ec55fb9f0e485d7bfab625d2edddfd8835010f344654cc,baf
BDSEAT.BCS,49,0,be4365741c7e89fb6b3899e4cf5774bdae96e57269a613e1fab8a70c1d5a590c,baf
BDSEMAHL.BCS,129,0,44a3de47ae6c9a94f0ad113b5c36fc985f7be1f1a7d47921a3586b5171bb581c,baf
BDSENDER.BCS,54,0,d168ea22cc198496f76a3d354ff5ec5251508f735bd50633b22a7b3394c81b4e,baf
BDSENNA.BCS,18,0,20e1b5ffec998c2eebd5b8a87d0bc032795f22b2857d4419cfbebc94f42c0b7b,baf
BDSEWER.BCS,81,0,6bc240719a1d795713764b2b2e8a746f5dad5209b233495e59fd7b6bdac6841c,baf
BDSHADOW.BCS,201,0,ca58da17f9087931ac4e8cd89f0569dab0c9d2a02b2ea0272309de7348792f9d,baf
BDSHAPUR.BCS,45,0,01d96c356dc6783a39ac3f9fefbd0148ad387978a7242fcce78e82cfd2af6b43,baf
BDSHARTC.BCS,212,0,3a3aadeac33c62b8226c25cee7488c3a3c0baa9d8a707292d578449239701d7f,baf
BDSHBRZ.BCS,104,0,fe35f1a7a921fc3475010c65dd2c8a51a840302a2a3e9a73e461912e2515ab3a,baf
BDSHCUT0.BCS,36,4,b2904872243bbd75e333f2ffdefc605ad4533d9e733964fced3a757e4fdab6c1,baf
BDSHDOR2.BCS,9,0,6d1d80dd1c9ea96added6e82673da91de90961b7926218d3467dd4347bed4460,baf
BDSHFFIS.BCS,2352,0,5f269c5db56ff67feb395808fc649a916fa0b4812b26961ba7d70fe2b67cfdcc,baf
BDSHIMFT.BCS,12,0,c394d71df73a413441d8d33065fa90a3030252817a339a6cdfb72625b450b8af,baf
BDSHIMOE.BCS,268,0,35ed03acaecc87830092b1778ff80b13a2af8ae6ad5840acaa9bf305e458122b,baf
BDSHIS08.BCS,667,0,696c12b700df8128a3484f1dfe15a867c4ceb28aa5476deb6df2395bcb02d285,baf
BDSHKFIN.BCS,50,0,8a8d1b9ab2ce476a0303db2bdc525971691947a020c70a0b03729fbb5fb1dd4f,baf
BDSHKORL.BCS,1820,0,c10786460f0ff30be8ee2d22eda9a63ae6dd96055294b6ebe38ab5420d490550,baf
BDSHM00.BCS,2017,0,97ae5f66ec46f82d80325af5c647d65f9c8113baa3aea4429366b29a05580977,baf
BDSHMMSP.BCS,13,3,66dc6bd813c66aa1062ad9eb19b2e7a47f9a5517deaae1f11d71c6990bee2e07,baf
BDSHOUT.BCS,511,0,96dbef5cf5d6fb250e1e51650194a316994ac3a60d62d40da675dd940280fcfe,baf
BDSHOUTD.BCS,9,0,48e0d090f4bb5d8e43b7c700cdfd136b817638ceaf995a239d3752ca57eff57f,baf
BDSHOUTG.BCS,124,0,2b5e9c36bd51dd4c8d9996c2a216931184afbc17aefea0fa158991a299c544d4,baf
BDSHRIE2.BCS,78,2,523ef2a22b7f3e4fce01a3c4d9f05d9207101a195574d10e8f1441591bc8a3bf,baf
BDSHRIEK.BCS,15,0,95c38aea248e4bd146f1d0b8a466363297e0ff66f03a460b1807bcc8333145f8,baf
BDSHSARS.BCS,32,1,783097fd6156d9c33ead974f2b50940156f70c3a2000420c4735ff1c535e6c0b,baf
BDSHSECR.BCS,9,0,a44b5ded4f3f67fc70dd160c3ccb39d7c8d24dd9b0f013edceab487929424101,baf
BDSHSLIM.BCS,36,2,5f6cf5d4e40c795e47706aec0bc608153fec91f11b6dd50aa5632d56a74b5c6e,baf
BDSHSOUL.BCS,615,0,77e142fb830720781018434396731877f821dfc1ab48313f8fff95695bf98c65,baf
BDSHSURR.BCS,49,0,6bbe46da0253dcd02b1e1b68412603a0d4d1c1c2bd5b63c36c5383d4615ec476,baf
BDSHTAUN.BCS,128,0,ef2ef724f43df5e6b9f9f1560a502b5ee86e6741c36f4ee3711acdead4d505d7,baf
BDSHTORC.BCS,65,0,55601cdcd69092901aa9c9ef8b9f8aa06c3c684c27e041cda754e0ce4ce4b8a8,baf
BDSHUNSU.BCS,74,0,a049e00a8da50d42896cbee92e82395ef8f026d0ce422640be55c529ed09c58a,baf
BDSINDRE.BCS,66,0,c110676efb2fe3d7adc9495054ed4fc99c3db99e52bed0bbd93746a210e55dbd,baf
BDSKGR07.BCS,823,0,287be3aa6b0656d498f7b240fefaa9c04e422306c77fdded7bf9ac70c41c653d,baf
BDSKIE.BCS,157,0,a686d40c4db220884fa5ac17e72bcd9ec5a8ff166102de1f8e8f12ba95e0ba76,baf
BDSKIEC.BCS,243,0,9f2fc5289d564ea676972da1beae2d5b413f842edac271408da44a46c2d847bc,baf
BDSKIEDR.BCS,59,0,b39855ee32b495a99928e2bbf7d58ae5beff8d76e121fde73dba46eb67e13cd7,baf
BDSLUG.BCS,31,0,060f92032824cd23b8f18c4ee7119642f27c1de916280d62d3a131267f531cdd,baf
BDSODIMP.BCS,273,0,fb282b3d517ece705a26ff928a5b54fde0190385b0b0d8453be10784ac6c44e8,baf
BDSODTRN.BCS,47,0,135e8566827b7d678b5427b7caae0bab469ec0012be4f203dc733fb19a2cedb4,baf
BDSOGR.BCS,27,0,9deb7e4d61f01a93bf93168deedea9aeadf79cf0da30476511e008d26ef57d02,baf
BDSOTUK.BCS,308,0,5dc0e679271820cf84a78c33f3ca64b8ba34cd44b83742762a7b3805b91c506f,baf
BDSPAWN.BCS,27,4,fb35011b0f036c9bafdb030ebb48faaca8a3b37fffbb91b526a987d31bc840da,baf
BDSPENSS.BCS,49,0,b9e993b4039038d19732837ed566f2fae2b604d31eb9a66d06c8c59b60fc6829,baf
BDSPIDER.BCS,8,0,c6d1b1f65ea97b97b3e6e2a59b376dee51d7ed04d45dda893f71734daef0c274,baf
BDSPIDGA.BCS,137,0,c62f22761b754d3f5861502139aebff62e765955e52bbb4fd1abb604a1edc69f,baf
BDSPIRIT.BCS,35,3,b0db00c017536bafb6fb13dd4c84199964f712d9f86f72b9d76b69abb9a60075,baf
BDSPSILK.BCS,48,0,adadc4af73d645414aa733f7990e70758e5b17ca96e092719f96be4d4adf61c0,baf
BDSTEAL.BCS,8,0,69eeb54266f4f47ceef3aefb7a8dfa20557900de6e9ec22d27a45be522f1bf51,baf
BDSTINK.BCS,31,0,fd540a1be01eaffa71fc766253b938caf346d98ee9ed47b25c305031fc7be771,baf
BDSTONE.BCS,196,0,a751095b76e5015e6096a919ba858c785ea7ad23467777349210ae88f2f7261f,baf
BDSTONEH.BCS,9,0,22dd569baab37189d7b8baf8170ee07b9a614ed7902ad188059e377d5c4d1f08,baf
BDSTRUNK.BCS,93,0,98a73a4d7203e36f3e7e4f5b2f3569b97fd69b014072a35d290f70364be8df67,baf
BDSUM00.BCS,287,0,edc3d6ff123cf91cbfefdddfd05b40c0d36329c33d57c651e5b70ebc6f83cba7,baf
BDSUMMON.BCS,7,0,3c3e062c68d4ed848e3927497e960cd4d85286b045b178403d4de425c70f14fc,baf
BDTAIELD.BCS,32,0,1ba84ebb9cbc3cf0448791222b9ac5e79e1f095e99a4bd6807c738723e750c76,baf
BDTAKOS.BCS,23,0,6a1ff5a306a9c9988a85c241a8356376da13bfe1a1769ed97ab97fd88f5af2e3,baf
BDTALK01.BCS,9,0,77e88865f7863e38345ba1383f1008d75988bc2a4a9c7accd235339337c6a18e,baf
BDTALK02.BCS,17,0,3639ebe430e3ef88c65044c3d6eb105c9955c7fbb9f22a04ba1d4b3f997f843f,baf
BDTARGET.BCS,856,4,aa647d28fc76eab901c04d1aae4f41651ed8c24b470544acb4ee2b5242617667,baf
BDTBUDDY.BCS,9,0,69500ae6d551d353e96f8a63db5f38d0ec6dcfac247321f2ad2d8048d7e0796d,baf
BDTELEKI.BCS,76,0,5b7fdc5eaea2dafcbeb7c93dc9f5ee21c29a813b5406c7dfe56c5087ac3099de,baf
BDTELERI.BCS,104,1,2f6d9457dfc699967ec877cabc78fa5c7a4c78310022d2d0b5232239702c7764,baf
BDTHARAN.BCS,21,0,2ca6d9cbe9905a9e9eb704035dbf7c8a5b777003354720d9b699e233edd2a1ed,baf
BDTHERLI.BCS,79,0,bc47569ce5ca58840d3d000a35e0ca2d227530f49f9e44d2cfc3f7a8b58309e1,baf
BDTHF00.BCS,1145,0,9d5ddd7f0a74d760bd9bf4556899aa5af01142f25a4e58b955187457e2976c95,baf
BDTHIE01.BCS,401,0,ac00453e92c6b36c1306bf4b8b264db15c6c835fcc1e8f68d32196bc2932b078,baf
BDTHIE10.BCS,173,0,6ae4c4efe6448ac45dd7f3a396dcf367473ab9e77649a8ef02d3ebb1a9cd69fb,baf
BDTHIRRI.BCS,43,0,7eb3f85bc4a870a128d4efc57ccd3cd19aa8bcb3439c600d81aa73a47b59c912,baf
BDTHRIX.BCS,243,54,cdcb26b640a331e75569b29c045a37ec6fdda6accafa72f727965491304dff64,baf
BDTHRUDD.BCS,85,0,8e3d9fb8ea2dc9a5ebd0508bcade57bf948f8e77b0fd2a330a12966436b10905,baf
BDTHUG01.BCS,33,0,ed70d73fe5f210ae82cd12d65da1f4bffbb94fe9ad49cb8e171246eec91e2645,baf
BDTHUG02.BCS,33,0,62dd42b702956219e5a0b65f364a2ebee028f0aee08a30fe2def909f376c7246,baf
BDTIAX.BCS,155,0,5e9f7c0e493527ebee517dc791286a95910776c7b60598411795bf5411486bf2,baf
BDTIAXC.BCS,3105,0,97e9934c2459d976f6536a922559c77030eae9c1334565f8496dd30de7a29f0c,baf
BDTORCH.BCS,69,0,f599824717dbf552680c07b24d17ae17b34e4b2803e689852d17c7f3bc72e838,baf
BDTRADEB.BCS,0,0,e3b0c44298fc1c149afbf4c8996fb92427ae41e4649b934ca495991b7852b855,baf
BDTRAIN1.BCS,167,0,3bd92004cc9068d43920ceacda088619e133996cebe17c507d6a916d147f71f5,baf
BDTRAVEL.BCS,113,0,cc454b72f8ad6a7f84075c45cebcdacfbe834c7e81eaabedbf92ab76d0e2aa1e,baf
BDTRIAL.BCS,149,0,3bc023edbc896fea7565c1f0896c6196111f17c96528d21e66fa7a9c53c287fd,baf
BDTROLL1.BCS,18,0,d84d444298f7ddd80cd6e0ceca853ab0505847b2dd87f0d64d0329bbf3cbf64d,baf
BDTRUST2.BCS,8,0,4238730d1c568009f74c039776a870b9e84f225d699474bcdf83620689e2e2a2,baf
BDTSMESS.BCS,15,0,9a83758f2d60f823e9a144abd31fdf2d9a0841ef8ddf31b009113bd2d8593c53,baf
BDTSOLAK.BCS,31,0,3378992ec5dd548462f108feea6b69aef9ef976efc07a269d1ec639c13c5dde0,baf
BDTURIN.BCS,35,0,e137b433d059e856ce97f4a9792d7695374caeeffbff4151b65f1dc3c93cca3b,baf
BDTURM04.BCS,9,0,d39f1a85561d5bce6d1cecc743649b324007907000e1e717c9d0349eb83c511c,baf
BDTUTOR.BCS,177,0,020212ece3b32cb1f16ed101cb644131581be33b0b5d1137ab086f5c3f242151,baf
BDULORI.BCS,104,0,f3eee9746b493661c6c2a12ef57da1248aa20c32896a75460f8eae33d3d38900,baf
BDUMBER1.BCS,186,0,093402fd3120c8c077b017df8ac07d5df753662c01ad00bec233774f277c1ce3,baf
BDUNMN.BCS,36,0,848ad91a930a773cef1a00524d6170c9db4edfb78ea162f38a1037867a50df41,baf
BDUNMS.BCS,36,0,4b4c7b0e1033a4930dd30231c18b1041db6585e278b878e3240714ec8abe9d40,baf
BDUNSLGU.BCS,495,0,674936bbfaa605fa486f78e8cda2a80018ec82e7d531e99352ee73a1dda1f53a,baf
BDURE10A.BCS,39,0,cf1f7f0630ac0f2f2adc1456c216cca201ca867e5fad44a4e596c9b00183d36e,baf
BDURE10B.BCS,20,0,43d9f785bdefd879cbea6f3db97c30c0d1e81eaca774dff29d0174e42f67b9e2,baf
BDURE2A.BCS,80,0,1fceff0df9bbfbe4325e54d521142934ec75be61294e3a4f75273158fc15f5a4,baf
BDURE3A.BCS,22,0,896fb8e57922b4f7c49b493ab35c8f675fac2b0c7582c7a39c6c68a5e5bc1fd7,baf
BDURE3B.BCS,23,0,143d0cf97a8904592990135a2888a1a97994039aef8f6655033b110b6fc222d6,baf
BDURE4B.BCS,176,0,25cf3cc533be92afc00a65012d4f0f22a8c86e092da1a0e917a10152b8925453,baf
BDURE6.BCS,22,6,3a5bef5225ef1d7c384a47af69cb473a787d88b4cc8ad0e8d22eab6260e26a65,baf
BDURE6A.BCS,39,0,e5982196a8f20bb12c6e5a081db5fe73a4628b34d156ac8c652156714f90c4a6,baf
BDURE6D.BCS,8,0,c09f4e46d1ad4dd53d58f5e6039f2e75dc13fff737bbc51211f899fd26e3f502,baf
BDURE7A.BCS,83,0,2c9bc9716932715a86054bcab23fe1e08784c295d3940751334326c5f6acd986,baf
BDUROLD.BCS,24,0,9768d703f919f6464a29e3cbf40158f3ac2fd857b3747bfe3c525baefdf580d0,baf
BDVALYGC.BCS,383,0,d022dfd614d6d410682eaf480edae251eba435b9492a6452f3ecebc4a737da79,baf
BDVAMP01.BCS,644,0,88aff709d2f0bd54a3c5c0d5bc1e09ea07ac049c8f26e5247258b5d90447b103,baf
BDVAMP02.BCS,178,0,b4164515aabdb110d73ed3f8dd5b49af31b17df24e1c05d1f637447cbbe04801,baf
BDVAULTD.BCS,201,0,a8df21606e5247bdf9686263b120e5ee8b1421dce8b77bcbe98b0965e29123c5,baf
BDVESSAN.BCS,59,0,1cefd63e7d1d67cb978349c7b690b80783810c95bfacdd194a410cb08ae747cf,baf
BDVICHAN.BCS,49,0,c621370422147e8e19cfc1daa978153a7de6902e81e0d670b09b8ad1dcb9c378,baf
BDVICHST.BCS,103,0,349541378095d93edcac21f3a41dca84297966e1c6b1f9abe3dbd2689a97572b,baf
BDVICONC.BCS,3082,0,dec414787042489e8588ca7053f1a20f06bcbac63e66d49a3c08bcd2c8ed89b4,baf
BDVICONI.BCS,729,0,3f0e9b676d4a6ccd6e0aa6c4f998e5270d5b15a1156b37a0058a99a22dd10b73,baf
BDVIDYAD.BCS,67,0,55217190ec397e1a04f6253eeaf83a981f7fdfa6743971fc69180ca23ac2aedb,baf
BDVISIT.BCS,71,0,1454e22110d360c4604b9891f223c19f692b48afae7df70da30b4a27fb7b719a,baf
BDVOGHIC.BCS,2589,0,2e34901c5edf31353dda0d9338e407016403e3b8db1a89f1d12002bb56890807,baf
BDVOGHIL.BCS,677,0,732968937d755e23883278507bd12fe904a4cd2397b93500967846cd996a2bdd,baf
BDWARMAG.BCS,70,0,a01eeefd3a3299025de579d79a8f00b7527af53d3483d5347e49115f19e3df5e,baf
BDWATERF.BCS,103,8,1082026bde77710e543cab40132533f0f64bc73766334bf9e96cfbce18afd441,baf
BDWATERS.BCS,92,2,dd46fd93c0fbb69010712b35ffa4b7d903550ce4d7a2cc71931742040e4f2bb0,baf
BDWE1STR.BCS,65,0,9b85d6646edbcd26bb895f637a2f0623736eb4972699b27ee25a5ac328054f0c,baf
BDWIGHT2.BCS,254,0,c674be40ea74f4f315312191abab9478bcfefb2b8b80d0a46214527e28d8b972,baf
BDWILHEL.BCS,32,0,beffd46055332a11b97d412616b7486f6a32373103db473951d5d9340e567367,baf
BDWILSOC.BCS,257,0,2e9f323858437cc10b58710929bf7eb8284018d5bc23797186e6717c5cfba996,baf
BDWORIS.BCS,167,0,b317f9fb09678bcd5e24e50e2f1202acbd854e04043cbcd5809f606915641251,baf
BDWRETCH.BCS,60,0,59de678612a4228b30a97c15dd8399e159d99e6d906693fcf59e40c0df592a47,baf
BDWTR41.BCS,378,0,8b1b495cc19001a25f6408a4cf3133062a7e4b20626130f428b92ec4f33e334b,baf
BDWTR47.BCS,48,0,c2c8d15cdb840bc69ec5ad474ff1972fc9466001d67a97972d6c93269f8c185c,baf
BDWTR48.BCS,173,0,54cc4203b7e66b355e1fea4deaa818eb5c0da2d868c3a2fe507c30601cc440a0,baf
BDWTR58.BCS,173,0,d0ce5d4b0894d006b5d82e8354ddb6dbe93ce289d03df166e67cf521dd93b162,baf
BDWTR62.BCS,55,0,948074554deba81fd9cda328a1a680674ccf537d43fc6bfcbb8fbeffbaffdac2,baf
BDWTR90.BCS,244,0,7aa5b740bbe6a4e1e270fe26c5235fe7676be5ee4342bb9391236f1b34b19946,baf
BDWYNAN.BCS,105,0,40cd07b7d81ecbe29bddf98ad98aa418f58b7d1496bf157283fe392fc1198c5a,baf
BDWYRMLI.BCS,84,0,cd23c860f714b20d156392a67689de1b1bf87a1c93155b0cf8bfbd43f2f7946d,baf
BDWYVR03.BCS,13,0,72da834387371690defd1d734e9ba9b1abf41476d06e459b6e0d0ede78ff6a33,baf
BDXANC.BCS,1670,0,fb9c7afc99044cede84971a813bac679ec43e6086590aae91339d60cd1db0e14,baf
BDXHOST.BCS,99,0,ad0be1d52cd7569716f48eb1f37f8b4ccfacc3b5efa7e3cad7dd6132e5094d8a,baf
BDXZARC.BCS,2121,0,1d9aa308198d552bd025b262152569e04802bc8d751a43b373522618758772f2,baf
BDYESLIC.BCS,3050,0,26ddba706a412b099f428f1d0ed0d453e4b96dfbcb73809fe0a4a6f367c92725,baf
BDYOSHIC.BCS,257,0,6c8745592a0bba2acc71adcae25ac8aaf4295a1a3cbd5212175f192e6e0aec19,baf
BDZAVIAK.BCS,30,0,558663198f55c174e5a7caac865b9b818fa7be66b131c4f202484feaac2b4e69,baf
BDZELMA.BCS,35,0,6ff36cbd5fb4b93c417dd0016ee74954149826ff095cee9429d820736433f67c,baf
BDZIATAR.BCS,20,0,93d8eda3f003f23940348d333c9494ce9c2869255b6915ecb18ef2fd4970df0d,baf
BD_SAFSU.BCS,28,0,52b5613568e17d23e1221596d494da6070a00eded28dcd580d36ca1d8130785f,baf
BD_SAFSV.BCS,28,0,120255d12f3302f821ac9228fe0a3a57a4d3016306a32a68a5ea0d75247088e4,baf
BD_SAFSX.BCS,28,0,ba654f54f7a0bdfc73871c896a888d98be32c5757d3fc1c10fff3cb457c192ec,baf
BEAR.BCS,84,0,90e5031987d715afc9615a0b568331337d4ef390abfef4b8ae6da5e066cee19c,baf
BPASIGHT.BCS,46,0,c16de472bda2f4dd9ed9f4040b71735d99ed45b93dcfa5556c11852b168fd578,baf
BPSIGHT.BCS,166,0,1667816c1335802b21b3f42f762a376784788ce44ba262fd288050899acd8ce6,baf
C02AKOKO.BCS,89,2,8e6db76d91dfb0a76548b14db85aa1871cc7973f23f441c28a9ef0037ff4f796,baf-created-cre
C02AURA.BCS,1961,1,20f1faae3c9dc07cd99701964d7bc868effc195fea5d5b3d284636519f63dfd5,baf-created-cre
CBEAR.BCS,63,0,fabd394f71d0615d9b4b2c8dc4ed430e5e88912ea14043838254d2f1752a8165,baf
CCRAWLER.BCS,187,0,15b36cf7c434c1f01bb0ca5ca28a8637202fb031be7affe14e4e1ad6def8b93f,baf
CSRFFGX.BCS,16,0,540dc46bec1ade9013c7d6ec3ddef2204756f6396c63c80d889dda1348e79a3b,baf-created-cre
CSRIMOXP.BCS,105,0,e18cf21fd2dd6213b47eb5b3bd05050fd7da4ee4c01a4f7de35e4315e2fd2173,baf-created-cre
CSRKFIN.BCS,48,0,36e47b68af1e1080ca610f62efaca29346811710ad27269ad17809c8d6a9a063,baf-created-cre
CSRKORLS.BCS,22,0,32ca18f5f933b0eaf3bc703275b88b69beeb7bbc6536ef576eb91d28baf82603,baf-created-cre
CSRNOBX.BCS,7,0,64203115686353ca52f6de7effb34495bbd36e6f9eb4ba82ff600b924c067a69,baf-created-cre
CSRVHASB.BCS,13,0,6a97d4eb17fc40f36becdccd537624c211b19439c89b6e129c430923101ae126,baf-created-cre
DIREWOLF.BCS,21,0,de47e1ba434901a4d197ff425e6247de29c00536f2343c26c2abc516faaddc80,baf
DPLAYER.BCS,15,0,02205faf9eb4a31e9db9b18fdf669b64aa39a5b323c6f58039c12523120e311b,baf-created-cre
DW#GPSHM.BCS,947,0,dbcb6319e1d481a06c48d8b7846e398dae4368bc3d72c73fb750afea44870fd1,baf
DW#GPSHT.BCS,947,0,dbcb6319e1d481a06c48d8b7846e398dae4368bc3d72c73fb750afea44870fd1,baf
DW#INNHL.BCS,37,0,910899d6b8603462931f703c929c76b78c612cdd1b522145b510068f2c3447d1,baf
DW#MG13.BCS,7707,0,d6751cee7421b5d4996a5fd80873a5c552a3d9ece1a4b12a3f4e4a04888e707d,baf-created-cre
DW#MG37.BCS,5339,0,d40402a2cdf7e68539aab0180c8a0f6197d12a9057e26ba8a19b4ca6b2fea008,baf-created-cre
DW#MG38.BCS,5166,0,8ed249c90ce2602f47011c8b872e7dd1414162ef5b65b7dc700388c56fcaf181,baf
DW#MG39.BCS,6744,0,41a399afb6187996f8642bba5caeaf62dee2db2dd61f78633fcd8d46870b5951,baf
DW#MG41.BCS,7923,0,a94251f6342119b0d0c9edf9701d908c77739a978cab22a2fa271fffe548a854,baf
DW#MG437.BCS,10347,0,a2ebb02cd7abd36041234f43b19fb1d241622daed711da584ec12ee94a0b5fb1,baf-created-cre
DW#PR19.BCS,5477,0,28cdedbbfbab54f48ae6f9de8ec4c9e69868c2fcfc4a1b950e74dcf33f1000a0,baf
DW#PR303.BCS,7697,0,593e267dbd8a33f62cca27a9a6c9e361175970d0d65355cd2a1c1517ee684dfb,baf-created-cre
DW#SPHLP.BCS,918,0,cc9af66c1ed439b9279bf40c4c4d25762f199e85e02311f62ca264031779b94e,baf
DW#SPIDG.BCS,1361,0,21225776c46974abc7abcccada2a7764b621f7d26a03ca0dc84f536f9c0428fa,baf
DW#SPIDS.BCS,1293,0,d3084d1fb81d725ebb065d22092cdf8d507d2ab370dbcf860cc1d48696a583c4,baf
DW#URBHL.BCS,918,0,27efba8a9162effba8f68bd6ccd4eda15e1f922bfa3395bc1bad85127c41c865,baf-created-cre
DW1MELGE.BCS,3656,0,835b2b74ae80bd4df63b5bcefbcdf8521ecc5fa1fbe7e41ad404e9a41e74910e,baf-created-cre
DW1MELMO.BCS,1191,0,1913141173204ecf91bf590a0ae852102e27910c58ece6b3ddc17fb7af9503df,baf
DW1MELTH.BCS,5091,0,f34b18522c1b31ac9f79a006528a31e56e82651e71208d0461b0f6c04eae00eb,baf-created-cre
DW2MC2BE.BCS,4815,0,d3f039848260047e8733cf16be1f4e32dfbe6a4f409fb9fc9bb4b6b7b6c3c0f9,baf
DW2MC2GE.BCS,4790,0,92d2547b512d3586701ca82447f15e33e8c579349ac7ba940fe901e2556ef15d,baf
DW2MC2MO.BCS,1414,0,0dbc6a32a717a9e8e0e78b66faa2fee7801de132e8047ea61a85078bf224f491,baf
DW2MM2AR.BCS,4815,0,19368c647ba072ab49891ea623451d4ecfc1c682bdf8093b4d134dd4531dd319,baf
DW2MM2GE.BCS,4790,0,275f13d1ae5240dc9296b2456a3041e7ec71200be9978cef9b3b7f54c6275df4,baf
DW2MM2MO.BCS,1414,0,0dbc6a32a717a9e8e0e78b66faa2fee7801de132e8047ea61a85078bf224f491,baf-created-cre
DW2MM2PA.BCS,5436,0,57c1d4877fadb94a71eadc9236882dbecb99a74569b781ef60793d44e46c2527,baf-created-cre
DW2MP2GE.BCS,4790,0,dde1b006af0f6413b56ce52d2d975c41b2b69f8e0eacec21270a8ce65af68d87,baf
DW2MP2MO.BCS,1414,0,0dbc6a32a717a9e8e0e78b66faa2fee7801de132e8047ea61a85078bf224f491,baf
DW2MP2TH.BCS,6745,0,74b7d9db1d74ccde1933db20dea92c22db0d41ef80a9771c368a819bb59ebfca,baf-created-cre
DW2MS2GE.BCS,4790,0,b4df99a1bba13fc00d31dadc4f7e10235925cfe8979ad8817b7591ea0df795b6,baf
DW2MS2MO.BCS,1414,0,0dbc6a32a717a9e8e0e78b66faa2fee7801de132e8047ea61a85078bf224f491,baf
DW2RC2MO.BCS,1245,0,3d09dd696adc2682e394dee02fb617707312b1312a8658a7484b94865c9176be,baf
DW2RM2MO.BCS,1245,0,3d09dd696adc2682e394dee02fb617707312b1312a8658a7484b94865c9176be,baf-created-cre
DW2RP2GE.BCS,5175,0,11301cdb47b863423d560f51c7b907560b52bb8d8ee82890a709fb5d9ce186f0,baf
DW2RP2TH.BCS,6350,0,a7ad59415a47dcf1bdc2158c4b942672a1792da5d46ee8467e41cee285a48d62,baf
DW2RS2GE.BCS,5175,0,1c05d4b1756dab17df2504b9b348028650f7d04b226fb4873be0b154c9ac2550,baf
DW2RS2TH.BCS,6350,0,4458cc45f67cc949f07b3656e51f5da1479a06d38f4fc83c7687826ff7c39530,baf
EFREET01.BCS,6519,0,193fd4895643722454db90b137d88f4f5cf201017683399b12d8dfc722712ce9,baf-created-cre
GAUTH01.BCS,3706,0,a90a2d14ebe0c3f88442a0d842a9376b66e19871cfae9faf244576af792b3b8f,baf
GBASILSK.BCS,205,0,911d5330c4214230bd24992c50da5ce0f74853c110334d08a4817ed27391c84b,baf
GDARTS.BCS,10,0,62f72bd689fc6fb9dc3a74f27083dbe0db1d7566dcc85f36de528a658fe41b43,baf
GENSHT01.BCS,918,0,b15da8f679eb86391fe5a53819c8ad7a0c2f5f004e6fa57077a9318027937a1c,baf
GENSHY.BCS,12,0,daa715a26a4a655cf0f6dba72731cca33a255e43b4f0a8f6be9204634bb4cfb9,baf
GHOUL.BCS,24,0,5d0e11c182d59c79416db13a2d2636c394703e51256ff97407aa9a7115674369,baf
GOLSTO01.BCS,15,0,8bf1c8dfa5666e9654850546909d07b1a1ff527c51f7c1a61e85ba426c39d8e3,baf
GORION.BCS,39,0,7c009ad3b1d9c528ee36bafcd837d12eda16ba9e2170415dbfc61c03a0f09717,baf-created-cre
GSPEAR.BCS,10,0,2d5374110777e08b0509dd2d9efc342234f9f8436761d3dd08dc1baeceb55068,baf
GT004.BCS,10,0,e6ae78a14ef3b0d0deb012655e9ab9bef0ce99b7e4b504b9dc2786958cf03f75,baf
GT023.BCS,10,0,ea276ac45f8a2f5422fbf3ef5d29a23c6a77ebc3149e2ee50d8986669a8523be,baf
GT025.BCS,10,0,63138eb3d2e4a5911dd6fe83bf7471601071cf880311e12335d1dae4e13798af,baf
GT027.BCS,10,0,0ccdb3f6dfb86be51d0f37165616041e8783654aa4b9d3973a3540c8f73994b4,baf
GTAR10.BCS,10,0,cbc19ab13698a849cbd2aa5d4e561611667ca81c3c8d851250433399387e73f2,baf
GTAR5.BCS,8,0,20b1e02c5129a515ebceb109e954b4a0d82f0bb9606854a25cd71a39d8c70a0c,baf
GTAR7.BCS,10,0,97144cb4d98557907d528d10f1269f18225f0f9f0bd8d8d997fc981e0d1c6c84,baf
GTAR8.BCS,10,0,c49898ce16ea235608f1a775fdf13d2d955a07ce4fe2b9f928db3cb20b68c596,baf
GTCK.BCS,10,0,9dca73c8d0a62de40365c5c79625a1e488f49dcb0efbf4ad0946a772c815187f,baf
GTCL.BCS,10,0,e9315b90146fb3ef7fcdd8345a1d6ee2a0f63ea73aa0bee0e717b9d8850609c1,baf
GTCON.BCS,10,0,ade600943a432b552ea8ccd7c0eb411ce89f44f2ea4673d5b317a4214638a862,baf
GTDC.BCS,8,0,a26ef811779776cb5f5a5dcd294ede092dafe4b20cf3574ecf8ef268d7d93610,baf
GTFB.BCS,10,0,6fca45ebad7bf036131efe3e429a26cfc49382b44bf35fcd9d08b0803f207f70,baf
GTFS.BCS,10,0,2f56f5aab5358fe6d639504cf96efe320705b717cc9efbd75646b26a539720f5,baf
GTGW.BCS,10,0,0b30d41ecf70e55fc8dc7d957d2f0607b4c153fbc1b2629bf103aaba11805684,baf
GTHP.BCS,10,0,3b053fafe82c6de7e56468d8a99712c4de72f1328d1d3e4534a9107e24f56025,baf
GTMIS.BCS,9,0,14029ea4c9132eef1767629fcb99d4b1944ae6257e9c3449a06863a8e2e4f3f8,baf
GTMM.BCS,10,0,5804b835bf139280e6d13ec5e5b1d172f0d66634d10af8fcbeab8572882399db,baf
GTST.BCS,10,0,d690609943d5f728c3c0c69504b791548794c3d32c4a18b7c76c2ea2ddacebcf,baf
GTWEB.BCS,10,0,f1ed4a8143d234f8ecc344fb1a3b4dbd2197500f038cdb97c7d207e86c272e55,baf
HUNTER.BCS,10,0,4507b8f85ee45822c56a05eca213aca1f30c1d1e283a2f02e70e8ef02fdf59da,baf
INITDLG.BCS,19,0,6370c4834e7a0e09fea5a5e7de37d869fb10e76554bd5193e35d6c2ad2be3a79,baf-created-cre
INITDLG2.BCS,19,0,f942c9280758c8ff8e8d3e6d7478d7bfa86a2006b9f9045528026cd74a6d33ac,baf
K#TELBGT.BCS,853,0,5fa2a778040c9097d8c5108ba3eb360a04c1d13ff5d8f99960d1bbce8a49b475,baf-created-cre
KHALID.BCS,481,0,8081bc17a207d4c329287ba2f1c4bb8c81cd88763382aa80ce2003991b94d2ab,baf-created-cre
L#2BRIST.BCS,989,0,b6d80ca3e4847934c95b4d9852343d355b9e20aa3f9fa867399530b4f784b9bd,baf-created-cre
L#BRIST.BCS,642,0,1074377e37de59e1238c0c4ef5a7d36ed43824030827fdf520fd5dee78af5fbc,baf-created-cre
LUISGANG.BCS,19,0,c2747609b69eb1d751ef4b9ff44bb8f73708710510bd6f73bea653c3dc2c383b,baf
MEPDUS.BCS,86,0,6cff9dfb9ae4a4c5ca0ee7824c30ceae769e388327d878dc75f0a7e946b5710f,baf
MEPMAG.BCS,146,0,149a5b3e222ac7aaede218078f11b7fc55cfbd2d73381fc952e4e4ed2cdef97a,baf-created-cre
OGRE.BCS,32,0,f509e826c3e7f5e1d721446cc146b85787738f930f42396dd6de51381501e39f,baf-created-cre
PREY.BCS,8,0,de327be6a675d018a5e89f5437e95819e3422b978e43607de87cddcd3c4299cf,baf
PSPIDER.BCS,1580,0,81c4b841f9f7b70bd516035edc805cc3bee7ac05c4c05c5fa6d2691f820daa9c,baf
RANDFLY.BCS,7,0,b56a067d230241dbc3540824e798c59b117ba9a02218900f8df246f725e8d595,baf
RANDWALK.BCS,7,0,817749fd83f03d4cb509b39f7038cc4c3c1577275c2528870ec863e86dd19452,baf
RUNENEMY.BCS,50,0,ac985a9c3edbb41ef035a325e562ad5bea106dbbb4e41cc349f2c9fd7fa91432,baf
SHOUT.BCS,918,0,2f855d8b862d296394a0f9179d9ab2d69f64fb3a88bf7d4dbc594ad5ff50e6bb,baf
SHOUTDL2.BCS,8,0,b72ef64baa36fb826a819e1be9be26ee0c571fc98e4bc0d29767b2d20c126020,baf
SHOUTDLG.BCS,8,0,1ac44f02108171d84de52b8e2bec75c25d3098ec8df31241339e880af874e437,baf
SUMSHT02.BCS,104,0,e1932f8fd9ee1e033f974ea9a67c20879545cfb7ab5c94a8dff90c504fe63a35,baf
TROLL01.BCS,7,0,c756dc6aac8a0e00eb972f799df6f478382585643f2ab3b912df9efe00fcad00,baf
UMBHUL01.BCS,36,0,8bac39df83329e193dc02884e661aaa46b680cfe2702791b29dd4f4fb9e230d9,baf
WDASIGHT.BCS,36,0,0e102e8d2699bfda01508fb40ba86f26e988e113bc655d451b5b7fc77eccaf06,baf
WDRUNSGT.BCS,37,0,ec20fa43d81d05ac703e562b29425a3ac59d27fbba46e97e76676f3ac5382c6c,baf
WOLF.BCS,42,0,2e508adecbd605a8835fed768d18a052a538f43548a2402af86b9e7ae640202f,baf
WTASIGHT.BCS,48,0,a36013b4ad4d204147e4db6e6925fb8e473c9665e8010f2c01f0db54f5b56c85,baf
WTATROLL.BCS,22,0,e883b457b21156725208082a346218c999850193ed948275f233ec7d2b015d3c,baf
WTRUNBE.BCS,31,0,ba4c3f4b519596e83ae5a3f4793a138a65939a9181faf2142f4f3ab23f89594d,baf
WTRUNSGT.BCS,30,0,193b60286c9952387bf4ac9e1456a2f1bb77fb7716d8622d457cf15e923322ce,baf
